Sentence,label
眠い、眠れない。,2
表情筋が衰えてきてる｡まずいな…,2
やばい｡おもろいな?思ってみてみた「シャレードがいっぱい」｡よすぎるやん。,0
おなかすいた…夜ご飯仲間募集｡,3
月末ミーティング終了｡いつものことだが自分のミーティング力のなさに凹む。もう走り出すしかない。バッティングセンターいこうぜ!,2
外反母趾が悪化。なぜ?ヒール止めてるし幅広い靴しか履いてないのに｡本格的に治療すっかな｡,2
待ち人は来ないのではないかという疑念がふとよぎる｡涼しくなったなぁ｡,2
みんな幸せになったらいいなって、なんか普通にそう思う。日曜と月曜と火曜会った人たちありがとう。また明日からがんばろう｡オヤスミナサイ,3
投げかけたものは返ってくるので､なるべく良いものを投げていたいと思う｡しかし時には叶わないことがある｡そういったとき、自分は試されていると感じる｡そしてたいていの場合､私はその試練に敗ける｡,2
肉まん、サーモンロール、茶碗蒸し、納豆、シナモンロール｡暇やからって食べ過ぎた…(●´з｀●),0
次の月曜の19時から落語観たい人???,3
最強の二人、夢売る二人、愛と誠｡観たい映画、メモ…,3
結局映画にも落語にも整体にも行けず、せめて夕飯はと思ったのに怠けグセがついて､出前とってしまった｡全力で安静中♪,2
眠いのに眠れない…,2
今日カラーをしてもらったら鬼太郎ぽくなった｡仕事帰りに会った数名の知人にはいいやん!と言ってもらえて少し安心した｡でもね､ほんまはちょっとちゃうかな?って思ってるねん｡ま、来週まで楽しむか｡,2
鬼太郎ぽい体型の女子って…,2
腰が痛い日々を送っています。色んなことが段々面倒になってきた｡昨日の晩から数えて初めての食事｡エビマヨ!アボカド!サーモン!鶏トマト煮!ふじいちでカロリーを取り戻す!,3
経済ジャーナリスト金子さん(ほんまでっか出演)の訃報にびっくり｡病気みたい｡ご冥福をお祈りいたします｡,2
少し前から毎日のようにつきまとわれている｡姿が見えない日もあって油断してるときっちり現れて､最近では睡眠妨害までしてくる…もういい加減にしてほしい!!!,1
メルヘンに憧れがち｡現実を生きなければな。てか早く寝たい(>_<)!,2
今週も終わった!そして今から休みだ!明日は祝日か?何しよどこいこ!,3
寒いなぁ?鍋いこかな?,3
おなかすいた…orz,2
本が好きだ｡いや､立ち読み､流し読み､本に囲まれているのが好きだ｡standardbookstoreが近所にあったら､住むかもしれない｡,3
恥ずかしくない仕事をしよう。心からそう思います。,3
西田辺は雷雨!!,0
この性格の悪さを何とかしたい…,2
ほぼ毎日、パックのジュースをコンビニで買います。今日、袋の中にはジュースと割り箸が入ってました。眠かったんかな。,0
世の迷える女子に告ぐ。ニーハイの威力は、想像以上だ。,3
結局、わがままなんだな。己の幼さが歯がゆい。,2
観たい映画。新しい靴を買わなくちゃ、終の信託。メモ…,3
食材はその日食べる分しか買わないので、休日は出かけるまでほとんど食べられないことになる。でもこの胃と腸がが空になってく感じが好きだったりする。体が少し浄化されたような？アブナイ人ではないですよ。多分,0
同年代の女子が何を考え、どのように暮らしているか気になる。同い年と聞けばなおさら。最近気になる人。峰なゆかという女（ひと）…,3
旅に出たい…,3
職場でお寿司連れてってもらってお腹パンパン！デザートまで出してもらって大満足。苦しくなるほど食べられるなんて幸せじゃないか。,0
住む家がある、職がある、ちゃんと靴を履いて、毎日食べられる。離れていても家族や友達がいる。なんだ、必要なものは十分にあるじゃないか。,0
噂の壇蜜さんのブログが何となく面白い。,0
今最も胸をはだけさせられベッドやソファに寝転がらされる男、生田斗真。すごいよ生田斗真。てれび戦士だったのに…,0
ハモネプ好き。,0
To be continuedの人、最近キモい人の役多いな…,0
100をゼロにするのは無理ですが、 20くらいにはできます。50くらいのものなら、もうそれはゼロと同じです。,3
水樹奈々っていくつなんやろ？AKBに混ざってもわからなそうな衣装にヘアメイク。,3
はたと気づけば、生まれてこのかた新幹線に乗ったのは多分一度だけ。新幹線の駅めずらしー！新大阪駅探検、なう。,0
とにかく暖まらないと話にならないので、ご飯作ります！久しぶり！,0
あぁあ～小朝師匠！自慢の金髪が！金髪がぁ…！,2
ぼくらの思春期を支えたHEY!HEY!HEY!が最終回だよ！懐かしいな～,0
あと30秒で、HEY!HEY!HEY!が、終わる！,2
はんばーぐたべたい。,3
今日初めてアスリートみたいに腰に注射したんだけど、なかなか痛くて打つまえより痛くなったんだけど大丈夫なんだろーか,2
焼き肉いきたい。,3
オムライスでもいいなぁ～♪,3
後藤の泳げたい焼きくん…ジャズってかブルースぽいような…,0
忙しくて体痛いし眠いしゲームする余裕がない,2
りあるキッズのメガネ久々に見た！前々からきづいてはいたけど、ますますあかん感じに…,2
実家の母は、普段話し相手がいないのか、たまに帰るとむちゃくちゃ喋ってくる。今回、風邪気味で無口だったので、静かな正月となった。二泊三日の最終日、私を送り出す駅のホームで急に喋りだした。え、今？ どうやら風邪は治ったようです。,0
休み明けに「雰囲気変わったな!」てなるの好き。明日からまた頑張ります!!オヤスミナサイ,3
今年初稽古。一時間前からいく気満々だったのに、五分前からめっちゃめんどくなってきた。,2
動物も子供も普通に好きですが、わぁー！って寄っていくのには抵抗があるのです。外から見ててうらやましくて一人でドッグカフェ入ったことあるけど、まっったく盛り上がらんかった。当たり前か…,2
えべっさん行きたい行きたい！いやほんまはそうでもないんやけど、せっかくやし…,3
ミナミで焼き肉か…帰ってから考えるか…,3
誰かからの言葉をまっすぐ聞ける素直さと謙虚さ。あとは、それでも自分はこうなんだと言える強さが必要。,3
んっ！？何かおもろそうなテレビ始まった！ドラマ？,3
やばい、また自堕落な休みを満喫してしまいそうだ。今日は役所にいくんだ！がんばれ！大人への新しい一歩だ！,3
結構ギリギリで役所につき、急いでね～、とフロアを右往左往させられ、5分前に終業のチャイムが鳴った。物凄い勢いで人の波が通りすぎていく。すげぇ,0
【お詫び】お聞き苦しい発言があったことを、お詫びいたします。,2
今週から観たい映画がめじろ押し。ted、ライフオブパイ、つやのよる、ストロベリーナイト… 話題のレ・ミゼラブルも観たいし、２月公開のもいくつか気になるし…休みが足りないな。,3
ほんとにお腹パンパン…,2
お腹いたい…,2
寝込むたび、死について考える私は大袈裟でしょうか,2
仕事をあまり休んだことがないので、すんなり休めるともう明日も明後日もいかなくて大丈夫なんじゃないかと思えてくる。まぁ実際、そーなんだろうけど。,2
部屋の暖房が全然効かなくて寒い。28℃に設定してるのに…省エネの夏か。,2
OGG、KBB おなかゴロゴロ、顔ぶっつぶつ。,2
「ツレがうつになりまして」終わった。目がいたい。,2
誰か、明日の夜、焼き肉いこう。おなか治ってたら…,3
今週の、土、日、月、火のどれかで、19時くらいから暇なひといないかなぁ～…車でニトリ行って送ってくれるひと…,3
月曜か火曜の昼間、IKEAにもいきたい…,3
明日も明後日も、いい日でありますよーに。,3
苦労して育ててくれた親はもちろんのこと、親しくしていた周りの人間も、無力感や罪悪感にさいなまれることになる。,2
映画「ストロベリーナイト」観た。あかーん！あれはあかーん！大沢たかお渋すぎる。彼は私が最近提唱している「男は経年変化」を、今最も体現している人だと思う。,0
朝からの出来事と雨で全く行く気がしないのでお稽古は休んだ。先生にしたらなんとふざけた生徒だろう。せめてもの償いに、普段しないことをしてやろうと思います。,2
念願の「アラサーちゃん」読了。三角座りで一人、「あははっ」と声を出して笑ったりしながら一気読み。なんしか切り口が面白い。あるある～とか思いつつ、なるほどそんな見方が！と開眼させられたり。もしかしたら嫌悪を示す男子もいるかもとか思ったりしたけど、さら～っと皆読んでほしいなぁ。,0
夜中から出掛けようと思って、一から化粧したのに結局出掛けずにそのまま寝てしまった。起きたら顔ぱんっぱんですごい寝癖やのに、眉とチークだけバッチリ決まってるから凄く滑稽。,2
あれ？これ前にも言ったかな？,3
ハイ、反省ターイム。日々、反省材料が多くてへこむ。でも80まで生きるとして、まだ半分も来てないんだから当たり前じゃないか！と、思い直して明日も強く生きます。,2
お店やっても、家族は養えない。今ここにある現実。,2
寝ても寝ても眠いぜちきしょう！,2
眠すぎて傘持つのもダルくて上着のポケットに引っ掛けてズルズル～って目ぇつむって歩いたけど、みっともないからやめなさいなんて言わないでほしい。寝ます。オヤスミナサイ…,2
30分うたた寝したつもりの午前３時半。まさかここで帳尻が合うとは。寝よ。,2
好きな曲をカラオケで歌うときは、歌詞にないところほどしっかり歌いたい。でもハズイから歌わない。でも二人とかだったら歌う。,3
二日酔いです。すごく具合が悪いし、喉が痛い。声がでない。今日は五時からカラオケバトルなのに…,2
花粉症デビューしました。アルコールで顔が赤いのかと思ったら、目をこすりすぎて腫れ上がっている模様,2
昨日遊びすぎたので雑用をこなしまくっています。暖かいので徒歩移動。夕陽が目に染みるぜ。センチメンタルジャーニー♪,0
寝る頃になると、目と鼻がムズムズ…目を閉じてもゴロゴロ… ちきしょう、また、私の睡眠を邪魔する輩が増えたと見える…,2
いつもの店ではよくやることだけど、のっぴきならない状況により、よその店で初めて、小銭だけのお会計で帰った。は、ハズイ！この感覚を忘れないようにしよう。,2
今からカラオケいけるひと、21時に天王寺ジャンカラ集合！,3
二宮君の真似して「プラチナデータ。」って言うのにはまっています。映画はまだ観てないけど。キコちゃん出てるし観たいな～,3
就活用に撮ったぶりに証明写真を撮ったら、自分の顔の歪みっぷりに愕然としたので、左側で噛むことにします。,2
お洒落人達はこれをこんふぃちゅーると云うのですね。good night～♪,0
毎度おなじみ後輩指導。またもきつい言い方をしてしまい、へこむなう。ご飯食べよ。,2
夜中の公園でサッカーして、小腹が減ったのでロールキャベツ食べて寝ます。オヤスミナサイzzz,0
あー高飛びしたい。,2
もうだめだ…私もアラサーちゃん買おう…,3
梅田彩佳可愛いなぁ…！,0
あわわ！今最も脂の乗ってる40代、福山と大沢がガリレオで共演している！,0
こないだからディファインで瞳が大きくなっているのに加えて、暗めに染めたてでツヤツヤの髪と眉ブリーチが相まって、すっぴんの自分が8才児みたいで可愛い。そうか、可愛いって、こういうことか。,0
TSUTAYAの延滞料2400円。何やってんだろ…,2
きっと、私みたいなだらしないヤツのおかげで儲かってるんだろうな。てか、このままだと私は一生儲かんないんだろうな。,2
喉痛い。耳聞こえない。節々いたい…,2
熱い風呂に入り、スウェットを着込み、ヴィックスヴェポラップを鼻と喉にベタベタに塗り込み、タオルとマスクで保湿！枕元には濡れタオルとポカリ2Lで完全武装。なかなか男前な感じで、寝るっ！,3
痛みよ、去れ！いたとん！,3
この歳の風邪は辛い。昔は少々なら気合いでいけたし、仕事してたら紛れた。最近はほんまになんもできんし、長引く。えづきそうやけど、すき焼きとか食べよかな。,2
思い出し笑いならぬ思い出しくしゃみ！家にいたときより悪くなってるじゃないか！,2
明日はちゃんと行くぞ。,3
誰か！誰か！シャンプーしてくださぁい！！,3
どこもかしこも弱ってるんだろな。ネギが目に染みて涙…,2
店の買い出しアップ。週末の梅田をナメてました。めちゃくちゃ疲れた…Orz,2
あーもうなんてゆーかこう…、、出家したい。Orz,2
さー明日からまた働きますよ！爽やかに起きてやる！おやすみなさい！,3
改装後初仕事！いつもより早めに行ったらすでにお客さんが！そして最後のお客さんは、去年衝撃の再開を果たした、初来店の小、中学の友達でした。いやぁありがたやありがたや…,0
今住んでる部屋、ベッドに寝転がって窓を見上げると、ちょうどいい位置に月がきれいに見える。古いし引っ越しを考えることもあるけど、中々手離せない理由のひとつなんだよなぁ。,0
速水もこみちをすごく久しぶりに見たんだけど、何かタイ人ぽくなってる…,0
お昼が遅かったので夜は炭水化物を抜いて冷しゃぶサラダ。…二人前は食べたしおなかパンパンなのに口の中の水分を全部持ってかれる台湾おやつをどんどこ食べてしまう…苦しいのにどんどこ…,2
何か視界がおかしい。そうだ、さっき右目が痛くてコンタクト外したんだ。もう両方はずそう…５分後。あまりにとれないので鏡を見ると、外したはずの右目は黒々とし、まさぐり続けた左目はつぶらにこちらを見ていた。涙が止まらない。,2
物を捨てることで雑念を捨てるでお馴染みの断捨離を実践していますが、 本当はバイクのみならずテレビもPCも掃除機や洗濯機や新しい浴衣とか靴とか素敵なチャリとか、 もう物欲だらけなんだ！,3
自作のコラージュを壁紙にしたら、すごくちょうどよく設定できたのでにんまりしています。,0
うわぁ！たまたまスッキリ見てたらMIYAVI！セットアップ素敵～?爽やか～?,0
雅ちゃん、胸開けていいからおなかのボタン留めなさい。セットアップでへそ出しって…笑,0
あかん！寝ても寝ても眠い！,2
アウトデラックス。黒田勇樹が…(゜ロ゜;,3
あぁっもうっ！山Pの歌う｢サマーヌード｣がイライラするっ！ カバーせんでいいやん!!(｀ロ´;),1
ドラマ製作チームの皆さん、 ドラマにおける主題歌、挿入歌の選択は、そのドラマがヒットかする否かを決める上でかなりのウェイトを占めていると思うのです。 タイトルに採用したからって、山Pに歌わせるとは、どういった戦略なのですか… そこに真心はあるのかい!?,1
【速報】 しかも、その目的の店は月に一回の休みでした。 ど、どんくせぇ…(´д｀|||),2
～でなければならない、に、追いかけられている。,2
一昨日から寝不足でめっさ眠いけど明日はテレビの点検の人が来るから大掃除！でも寝不足の原因のゲームが気になってはかどらん！ 約束の時間に起きれないとまずいので諦めて寝て起きてからまた片づけよ… って、寝不足のもうひとつの原因の漫画読んでしまってこんな時間！ 目が痛い…,2
午前中の来客の予定さえなければ、最高の休日前夜なんだけどなぁ。,2
【お詫び】 急にいきがったことをお詫びいたします。 ちなみに先日友人たちの間で、 私は思春期だ、ということで合致したことを、お知らせいたします。 何だかなぁ…,2
久々にはらわたが煮えているのですが、こーゆうとき、どーするんだっけ？ しょーもな過ぎるからガッと怒ってガッと忘れたい。,1
眠すぎるから早めに寝床に入ったのに、全く寝れない。目が痛い。,2
そういや昔乙女系男子に恋したことあったっけ… 今日の子は多分ゲイだけど。,3
誰か、月曜コヤソニいこ！,3
誰か、月曜落語いこ！方正とか三度みにいこ！,3
友達から、6日に地震来るから備えとけ、との連絡。何情報か知らんけど、彼女の言うことにはいつもどことなく説得力があるので、水と缶詰買ってきた。こわいなぁ。,0
【再掲】誰か、月曜コヤソニいこ！ 9時から9時まで、フラフラなろ！,3
うわっ！今日の小倉さん、帽子の位置間違えてる！(゜ロ゜; 誰か教えてあげてー！,0
舘ひろしの声のきれいさに焦る。,0
久々に緊張した。 時間まで気を紛らそうと軽いお酒を飲んだら、動悸がとまらなくなった。 思った以上にノミの心臓。。,2
うぅ…ポメラニアン…,2
明日の19時に難波にこれる人、いないかなぁ…,3
今週はほんまにしんどかった。 休みの予定を励みに何とか持ち直すとか、通じませんでしたね。 とにかく眠い…,2
ただいま休憩。初NGKに大キョドりでしたが、こなれてきた！ 雀々さん、さすがの迫力！,0
なんだかこないだから心拍数の上がることが多い。 何かのスイッチが入ってしまったようだ。。,0
三四郎さんからまたもやリプ！ あぁ…幸せ…(´∇｀*),0
からの、ジョージアの新しいCM。 こらー！可愛すぎるやろー！ずるいぞ！永作博美ー！,0
続いてまさかのなゆゆからも返信が！嬉しい～(´∇｀),0
今朝がたのツィート。酔ってたんだろうなぁ。 ｢仕方なく帰宅。｣のまちがいだよね。 しかし、｢盗み見した｣ って…,0
久々に何もない休日。 歯医者いったし、洗濯したし、コンタクト買いたいけどまだあるし。 縛られるものが何もない。 たのしい。,0
今まで寝不足やわぁって思った時の合計分きっちり寝たい,3
じぇいそーるぶらざーずはじめてちゃんとみた。 え、かっこいいやん！,0
るろ剣映画見てアニメ思い出すなう。 るろ剣のテーマソングが名作揃いなのは、もはや常識ですよね！,0
うなぎ食べそびれた。かなしい(・_・`),2
四年前NHK｢龍馬伝｣で福山雅治の幼少期を演じ、めちゃんこ可愛い！ 可愛すぎる！と話題になった濱田龍臣くん。 そのあとからマメピカのCMに出ているのだけれど、最新版では、もうすごく大人になっていて、どーしたらいいかわからない。,0
毎週楽しみにしていた「昼顔」だけど、どんどん修羅場に近づいてきていて、前回くらいからすごいヤダ。 もう見たくないよー,2
ヒロミの今の髪型いいなーっ,0
訳あって朝まで飲んだその2時間後に電車に乗っている。 めっっ ちゃしんどい。あかん。,2
ハイ！ということでね！ この期に及んで初めて、 「買えないかもしれない当日券に並ぶ」というのをやっていますよ！ 折り畳みのイスを持って！,3
わ！僕らの音楽最終回なんや！ 見逃した！,2
大野くんかっこイー！,0
片付けが苦手なせいで、また損をしました…( ´△｀),2
今日は思いがけず久々の友達とお散歩ランチしたり、たまたまミナミの帝王千原ver.観れたり、別の友達ともお互いの予定の合間にお茶飲めたり、 掃除も洗濯もできたし、全てのタイミングがよくて、好きな友達にも会えて、大充実の幸せな一日だった。 あとはゲームして寝よ。 おやすみなさい,0
すごく残念なことがあって、分かりやすく落胆してる。 残念だよぉぉぉー！とか、叫んだり。,2
晩御飯仲間が誰も捕まらず、一人ごはんもピンと来ず、 はじめての一人おうち焼き肉なう。 けむい…,2
トータス松本は永遠に、不滅です！,3
と、叫び出したくなったけど電車の中なのでやめました。 いつかライブいきたいなー…,3
みんな！今からフジテレビでかわいこちゃんの方言が聞けるぞー！ 方言女子(男子も)大好物です。,3
いま、最もしゃべってみたいひと。 古市憲寿という男(ひと)…。,3
外飲みが好きな友達のために久々に訪れようと調べたら、大好きだったお店が閉店してた。 むかーし昔の彼とよくいった店。 そろそろ当時の私の魂も成仏しただろうからまた行きたかったのに。 さみしいな。,2
よみたい本がありすぎる。 ここへ来てマジで、kindle買うか悩んでる…,3
めちゃくちゃ眠いのに眠れないっていう、謎な状況…,2
『仕事』『社会不満足』『聞く力』 よみたい本。メモ…,3
明日、当たる気満々でガッチリ外れたライブ。 いきたすぎたので、潜入にチャレンジしようかと思っている。 仕事終わるかなぁ…,2
変な持ち方をしたり、そもそも量が多すぎたり、 抱えきれないほど持ってはいるけれど、何を持っているか、どれが大切か、なんて把握してなくて、 何か足りない気がして、でもそれが何かわからない。そんな状態。 一度すべて手放したい。 手ぶらで歩いて、一番先に手に取るのは何か、それが知りたい,3
人見知り治したい…(T_T),2
つきがきれい。,0
インフルエンザ。 両ハナから鼻水ダラダラ体験。,2
もうひとつは忘れてしまった。 久々に眠れたら11時間も寝た。 からだがいたい,2
インフルエンザこわい。 四日間きっちりのたうち回った。 今朝になってやっと、人間の体温になった。 あと１日は出歩くなと言われてるけど、明日から仕事なんだがどうしよう,2
お裁縫…,2
部屋を片付け始めると、必ず途中から紙類とか引き出しの中の整理とかにはまってしまって、 かなり時間かけたあとにふと辺りを見回しても、やる前と変わってないし何なら余計に散らかってる印象。 ざっくり全体を料理する能力がほしい。色々な場面で。,2
恋愛がなくてもあってもダメになる。 そんなわたしはダメ人間です,2
802つけたらペニシリンが！懐かし過ぎる！！きゃあきゃあ！,0
好きなものを好きといって何が悪いの,1
スキップして帰ってく若いお客さんの背中を見ながら、良い仕事だなと思う。 うまく笑う自信がない日もあるけれど、仕事に生かされてると感じることは多い。,0
別れたあとも自分と付き合ってた頃の写真をSNSのアイコンにしてた相手が、ある日違うアイコンに変えてるのに気づいたときはなんかショック。 別にいいけど…,2
つかれた…もういやだ。 八時以降は家でくつろぐ時間でしょうが。,2
長時間働かないと稼げないシステムから早く抜け出したい,2
なんとなく忙しくて、忙しすぎて、眉毛つながりそう。,2
おなかいたい。食べ過ぎたかな…,2
いまどうしてる？ ブレてます。,2
もうさぁ、いい加減、まともな大人になりたい。 口の聞き方も知らないチンピラです…私は。,2
かささすの苦手。 重いし、投げたくなる,1
そんな今日のテーマソングは なぜかROSIA,2
ネイル、ちゃんと教わると自分は何にもできないってわかる。 そーいやカット教わった時も、着付け教わった時もそうだったな。 無知の知、体感中。,2
多分指おれてるっぽい,2
ポンバシ先生に激しく同意。 物を生み出す人は、心身ともに健康でなければ。 紛いなりにも作り手の端くれとして、日々そう思う,3
書き物がしたくてめったに来ないスタバなう。 決められなくてドリンクとスイーツを時間差でオーダー。 可愛いお姉さんが色々勧めてくれたので、ケーキと、持ち帰り用のドーナツまで購入。 感じよすぎて変な汗かいた。美人に弱い…,0
明けましておめでとうございます。 元旦の朝から、不要品の仕分けをしています。 今日手放したもの 紙製書類収納ラック、バインダー二個。,0
ものすごいリアルで怖い夢みた。 コンパかなんかで知り合ったインテリ男にストーカーされる夢。 見たこともない男やのに顔つきや服装、行動のディテールがリアルすぎてほんまに怖い。,2
学校の先生の質がゴミとかなんとか言っちゃう感じがものすごく癪にさわるので反面教師にさせていただくことにした。 最近勉強を少しサボっていたけど本気でやらなきゃこいつと同じ、いわゆる「ワーホリちゃん」になってしまう。それだけは本当に嫌だ。原動力をくれてありがとう。,1
オーストラリア4ヶ月目。同じ家にいる若い日本男子が電話で誰かと話してる。「ここほんとつまんねえ早く帰りたいわ」ってさっきから聞いてりゃそらあんた程度の英語力でコミュ力もやる気もないやつにはつまんねえだろうよ ってかつまんなくしてるのは自分だって早く気づくか明日日本帰れ。,1
平均寿命女性の方が７年長い、ということは７つ下の相棒を見つければいいのか。。,3
ええ感じにちょっと歳いってでも体めっちゃ仕上がってんのも、髪型も何もかも、無理してなくてほんまにかっこいい。。,0
役に立たない画数の多い語彙はたくさんあるのに、他人と繋がるためのやさしい言葉はスムーズに出てこない。 言葉は三角どころか角だらけだよ。,2
そう考えると、もう私のメンタルなんて60に近いだろうから、少なくない頻度でおばあちゃんみたい、と言われるのは強ち間違いでもなかったのか。。,0
脚立でおもいっきり頭ぶつけて目が回っておる。,2
今さらゴシップガールにはまっておる。,0
思い出が押し寄せてくる。 それを処理できる歳になったということか。,0
10年間話してなかった元彼の悩み相談を受けたり、別の元彼の晴れの日の知らせを聞いたり。 いやまじで、思い出が押し寄せてきてる。,0
人が、自分に興味がなくなる瞬間を見るのは辛いもんだ。ゆっくりと覚めていく様がわかるのも同じく。,2
新しい服を自分のためだけに買ったり、翌日が仕事でも、ちょっとでもピント来たことには乗っかってみたり。 そろそろ行動指針を「自分を喜ばせる」にシフトしてもいい時期が来たような気配を感じてる。,3
と、思う私と、 相手が自分を愛していればいるほど置いていくのはかわいそうだと思った私はどちらが大人だろうか,2
願えば叶うときくので、言います。 GLAYのライブに行きたい！あとメジャーデビューからyukihiro参加前後の曲のみで構成されたラルク!あと、B'z!,3
生きてるだけで丸儲け。どんな生き方でも今日も明日も生きようとしてるだけでとりあえずオッケー,0
新しい環境に立つことは、新しい自分を築くチャンスでもあるけれど、どうしても追いかけてくる自分の本質を直視するチャンスなのかもしれない,3
先月からたまに手伝いに来てるお店。40代?男性スタイリストのBGM 選曲が毎回いちいちツボ。Allyスター誕生のサントラ、policeのベスト、今日はMadonnaのMadam X。立場が違えばちょっと好きになりそうなレベル。エモい,0
昔なじみのお客さんをカット後ちょっと付き合わない？と初めての三軒茶屋。気のいいマスターの作るちょうどいいうまい料理とその安さに驚き、イマドキ会社員目線からのビジネスアイデアをもらい、雑居ビルの屋上で音楽と風に吹かれた。 昔住んでた街の居心地のよさを思い出した夜。,0
ティッシュひと家族ひとつまでなのに2つ買ってるご老人………………………………お前みたいなののせいでな…………………………………………………………… ,1
これすごい。4ロールで238円。もしかしてシルクでできてる？ ,1
いいぞ??????????！！！！！！！！！！！！転売野郎破産しろ！！！！！！！！！！！！！！！！！！バーーーー?ーーーーーーーーーーーーーーーーーーーーーーーーーーーーーカ！！！！！！！！！！！人の尻なんだと思ってやがんだ一生下痢の時に限ってトイレットペーパー切れる呪いに苦しめ ,1
トイぺデマクソ野郎の処分しっかりやって ,1
ミヤネ屋がやったんか???????クソすぎ ,1
シャンプー買い忘れ ,2
納豆ひとつも売ってなくて草 ,2
これどうせジジババやんやろな(偏見) ,1
結構子連れ女もこういう支離滅裂クレーム付けてきたりするけど ,1
覚えたての単語で医師と議論しようとする人々、もうちょっとなんかこう……意味をしっかり調べようとしないのかな…まとめサイトや情報サイトの非医療人にも分かりやすく簡略化された説明や素人が適当な妄想で語っている内容だけで戦えると思っているようで見ているだけで恥ずかしい… ,2
県民全員から頭シバかれてほしい ,1
クッソョンハハァンデほしいな ,3
バカだなあ、バカは勝手にしんでくれればいいけどバカのせいで怪我したりしぬのは本当に嫌 ,1
バカのためにコンプレッサー本体に「肛門に空気を注入しないでください。最悪の場合死に至ります」とデカデカド派手な注意書きが必要になるでしょ ,1
もうなんか好きにしてくださいって感じ…… ,1
複数のバカなジジイのせいで多くの医療従事者の努力が水泡に帰すかもしれない 医療崩壊が起きれば救えるはずだったコロナ以外の患者も救えなくなるかもしれない はァ??? ,1
当たり前っちゃ当たり前なんだけどまとめサイトとかで新コロ記事取り上げられていると医療の医の字も知らん素人が専門家は信用出来ないとかヤバイヤバイ騒いでいてイライラする 迷惑 ,1
群馬県太田市長が新コロ患者の特定可能なレベルの個人情報をツイートしてる　おわっとる ,1
イタリアさすがにヤバいな ,0
自己中の塊かよ マスクの前にタバコやめろや ,1
マックのポテイト食いて ,3
バリも行きたいっすね… ,3
スプリングやしスプリングなコートほしい ,3
高級牛乳買ってから寝る前に牛乳を1杯飲むようにしてるんですけど、体調がまるで違いますね こんな元気になる？牛乳って ,0
これがあった広めのガチャガチャコーナー、私がガチャガチャするまでみんな通り過ぎるだけだったのに私が熱心に回し始めたら何人か大人集まってきて何か面白いやつあるかな?って見てまわってた みんな本当はやりたいけど恥ずかしくて出来ないのかな ,3
コナンの最新作事変歌っとるやん！！！！！！！！！！！！ ,0
神様擁護のリプくっそ頭悪そうでイライラしてくる ,1
うわあああん豆柴カホィいきたい ,3
というか実際現場で働いていたらそんな余力ないこと分かるはずなので察しって感じ… ,1
単色シャドウほしいな ,3
きょうさむくね ,2
暇人によるトイレットペーパー買い占めっていつになったら終わるの？一生棚空なんだけど ,1
関電へのヘイトを高めていく ,3
ドラッグストア行くと消毒液ティッシュトイペ売り切れですって貼り紙あるにもかかわらず絶対に「すいませーん！消毒液ある？？！」「トイレットペーパーないの？」ってわざわざクソデカボイスで店員さんに聞きに行く年配女性いるんだけど確定イベントなんこれは ,1
ウワ～～～～～～～～～ン　朝からそれ正解とかにたまに出てほしい ,2
でも夢に出てくるのはいつも伊沢TAXI ,0
1万円ちょっとじゃなんも出来ないよあべちゃん！！！！ ,1
新型コロナウイルスによって日本人のバカさが浮き彫りになっているので毎日失望している 日本人こんなにバカだったの？知らなかった ,2
こんなキレのあるツイートもう出来ないんだが ,2
年齢を重ねる毎につまらない人間になっていくってn度目 ,2
店員さん呼びましょうか？と聞いてもいやいいですって言われてどーーーしよってかんじ ,2
ドブ鬱の森 ,2
ラーメソ食いたい ,3
お出かけしたさある ,3
こんなん前からそうだけど本当に許せないよね メディアの医療デマ発信で割食うのは医療従事者と患者 ,1
お喋りで飛ぶ唾での飛沫感染があるなら感染しているものの無症候性である状態の若年層がマスクするのメチャメチャ意味があると思って職場のマスク使うようにしている ,3
ツイフェミの味方をするつもりは毛頭ないんだけど、こういう仮想の女性案内員に対してセクハラ質問する奴はどう逆立ちしようがクソキモいことに変わりはないので、うまくいなすような返答を準備するのではなくグロや心霊系のショッキングな画像でも返すように設定しておけばよかったのにとは思います。 ,1
可愛いねくらいは別にいいと思うけど結婚してるの？はちょっとキモいしスリーサイズ聞いてんのはキモさがカンストしてる ,1
ワニ本当に死んだやん ,2
バイオおもしろいわ ,0
どうぶつの森初プレイ夫「これローン返さなかったらどうなるの？地下労働施設に送られたりしない？」 ,0
ネトゲ出会い厨の定義は出会い目的にネトゲをやっているとか相手が嫌がってるのに言いよるとかだと思います ,1
真っ当な理由で受給している人もまとめて生保という言葉を使って差別する医療従事者ヤバすぎん？病気や怪我で働けなくなっても自分が生きるために人の稼いだ税金で生きながらえる後ろめたさを感じながら生保一括りに批判される苦しみを是非味わってみてほしいな ,1
あのねこれ個人だけの問題じゃなくて親が働けなくなって生保受けないといけなくなった子供に対しても言えんの？って感じなんすよね ,1
不正受給者を指して批判したいのは分かるよ けどそれならきちんと正確な言葉を使わないと ,1
コントロール良好な喘息患者が重症化してえくも使ってるって聞いてドキッとするなどしている ,0
入院てなって負担される公費分考えるとこれメッチャいい案な気がするな ,3
もうすごいな 意味不明なんだけどなんで2Lペットボトル大量購入してる人いるんだろう ,0
今差し迫っているのは感染者拡大による医療崩壊の危機でしょ ,1
別にウイルス単体の毒性が高まった訳でもないのにデマ撒いたり過剰に騒ぎまくってた某大型保守垢をマンセーする人々…… ,1
トイペと違って食品は腐るから買い占めそんなに長引きはしないだろうというのが救いよな ,3
ロッカー開けたらアイテムあるかと思いきやゾンビが倒れてきた時はマジでちびった ,2
引きこもりま?????ス ,0
来週自宅待機になった??????????????? ,0
自分が感染していると思え、本当にそう。職場でもご飯食べる時以外マスクしてる私えらい。褒めて欲しい ,1
東京から逃げ出すバカ増える前にとっとと封鎖してほしい 他県に迷惑かけんな ,1
買って職場に持っていこうかな? 日持ちするし ,3
ラクレット美味そうだけどたかーい… ,2
タレに漬けたジンギスカンくいて? ,3
俺はコロナだ男さんも愛知なのwww ,0
不死身のデカブツの正体が分からない。自分でウイルス取り込んだ人かな？ ,0
リッカーやタイラント(？)よりゾンビの方が余程怖い…… ,0
亡くなってしまったか ,2
医療従事者が淡々と現場での危機感を発信するのはいいと思うけど本人が個人的にパニってんのをツイートすんのは良くないと思うわ ,1
いやそれで花見してるパリピやパチ並び1億年やってる人達が家にひきこもってくれんならいいと思うけど ,3
バイオre2、レオン編だけで6時間くらいで終わってボリューム足りないみたいなレビュー見たんだけど全然終わらんのやが ,2
夫テレワークで私は自宅待機ニートなのでコーヒー淹れたりお昼ご飯作ってる。私ってば優秀? ,0
咳から血の匂いしてやっとアレなんか流石におかしい？みたいになって受診するという ,2
まあそういうこと分からない人のために薬機法があるわけだけれども… ,0
アッヒョヒョ！！！ファ????????！！！！！！！！！！！！！みたいな鳴き声しとる ,0
下の階のパリピ男女の笑い声いっつもうるさいからトロンボーン買って重低音を床に向かってお見舞したい ,1
反ワクがどういう反応するか見たいから早く新コロワクチン出来上がって欲しい ,3
薬屋のひとりごと、アニメ化するんじゃないかなあと思っている 面白いもんね ,3
バイオre2はもうやりたくない………怖すぎるし初見殺し多すぎた……re4待ってます……………… ,2
ちょめいなかたがたがにおいやあじがわからないというしょうじょうだけでぽりめらーぜれんさはんのうほうによるけんさをうけられているの、じょうきゅうこくみんだからどうとかではなく、かんせんけいろがおおっぴらにいえないからそういうことにしているといっているひとがいて、ああ??なるほどって ,0
多分こういうことではあるんだろうけどこれでDgSのマスク買い占め抑制に効果があるかは…… ,0
今日だけ出社って先週言われてたんだけど方針変わって今週全休だったの連絡来てなくて出社したら誰もいなかったんだよ 腹立つからたぴ買って帰るわ ,1
いやたぴやめとこか… ,2
なんか最近結核ちょいちょい見るな… ,0
バイオ6よくわからない………勝手に進んでいく……マップ探索の楽しみがない……謎解きもない…… ,2
勝ち戦の恋愛しかしてないと負け戦の攻略方法わからないのかな…だからキモいアプローチになっちゃうのかな…（あいのり） ,2
ベッキーが視聴者の気持ち全部ズバズバ言ってくれるからな?????? ,3
うーじーはハスキーと付き合ってバチバチに調教された方がいい ,3
コロナ離婚か………在宅勤務になったり飲み会自粛になった夫の会社は現状にきちんと対応出来ている企業だなって思うし不満要素がない 本人は外出られなくてしんどそうだけど ,0
そういえば来週も自宅待機になりました ,0
でも東京の中心地とかマジで人多すぎてカッペにはキツいんよな 行くだけで疲れる ,2
うわ緊急事態宣言出す流れになってるからスーパー激混みしそう……… ,2
中華料理作る時にいっつも料理酒使ってたんだけど、紹興酒にするだけで全然違うよ！と言われて騙されたと思って使ってみたらもう紹興酒しか使えなくなってしまった ,0
これは愛知可哀想すぎて ,2
ヒカキン嘘字幕でヒカキンに興味が出たならヒカキンの普通の動画みたら期待外れかもしれない…… ,3
青森の友人、新コロ持ち込んだ人間の情報すぐ拡声器おばちゃんが広めて村八分になってるって言ってたな ,0
スーパーのレジでバイトしてた時、袋にお入れしますか？って聞こうとしてお風呂に入れますか？って聞いたことがある（お風呂に入れるわけがない） ,0
5月まで自宅待機かねこれは ,2
街中にN95マスクつけてるマンおるのマジか…… ,0
あとやっぱりパウダリーはぽるじょがきになる ,3
X落とせるようになるんかな ,3
おさんぽがてらハミマのいちごみるく探しに行くか ,3
これ上級国民飲料ですわ ,0
これ斗缶で売った方がいいよ ,3
あったまいて ,2
バイオ楽しくなってきちゃった ,0
ここまでお手本通りなのは最早わざとなのではとか思っちゃう ,3
精度の高い抗体検査があるなら受けたいかなあ ,3
寝取り女さんていだぶ戻ってきてて垢でも売って中身変わってんのかなって思ってたけどどうやら変わっていないことを確認した まる ,3
生活リズムガタガタだったのが昨日普通に23時に眠くなって6時に目覚めるという。仕事もないからアラームかけてないのに。メチコ飲んでた時より余程効果ある牛乳 ,0
目盛り合わせるのもチップ外すのもかたいんだよなあ エッペンがあればエッペン使ってしまう ,2
バイトre2 ,3
テラハは少しは恋愛のお手本になりうる スタジオの反応でこれをやっていいのかやっちゃダメなのか客観的に理解することが出来るため(社長アンチ並感) ,0
バカなことやってねえで 働け！の画像 ,1
今こういうとこ行くとアカンですよと言われている場所に色々な人の期待を背負っている人が特攻してる方が責められるべきなのでは ,1
TWのapparitionのオーケストラ版、ピッチ悪かったりリードミスがあるのが気になるので自分で録音し直したいという密かな野望があるわけ ,3
おーーーーーいテイルズウィーバー吹奏楽クラスタおらんか？？？？？？？？？？？？ ,3
基本テンポってPercに合わせるもんだと思うんだけどピアノは重いし合流してきたClは走り気味だしお前ら合わせる気あるんか？と ,1
寝れないまま早朝になったから語るね気に食わないポイント ,1
細かく見ればテンポ合わないまくりだけど10年くらいためてた想いは大まかにこんな感じ ,1
あとスコア見ないと分からないけど2:07くらいから何回かあるFlのGとFそんなブツっと切れる？違和感しかない ,1
正直あの音の尻尾の処理がブツ切りというか抜けない加減は中学1年生疑惑はある ,1
コーヒーフィルターをマスクにする方法みたいなの見たけどコーヒーフィルターが無くなると困るからそういうことするのやめて欲しい………………… ,2
Apparitionのスコア金出すから売って欲しい 頼むNEXON ,3
ニューサウンズのもののけ姫メドレーのスコア入手して意のままにサウンドをする操りたい過ぎる ,3
自宅待機言い渡された瞬間から髪の毛とんでもない色に染めるべきだった こんなチャンス滅多にないのに ,3
フォロワーが1月頃に言ってた喉痛い訳じゃない(？)けどなんか痒いというか確実に炎症起きていて変な咳出るのこれかあってなってる 気管支炎とも違う感じ… ,2
イプサの化粧水気になってた ほしい ,3
推しが引っ越すの嫌で起動できなくなるのあるあるすぎるな ,2
流れてくるやつが苦いので出来るだけ点したくなかった ,2
パチ屋って開店前に並ぶといいことあるの？ ,0
間違った知識で殴りかかってんだから素人はこれだからってバカにされんだよな ,1
しかも信頼性のあるソース添えて答えてあげたことを素人向きじゃないことに関してまで文句垂れて面倒くさいなら返答すんなとか言ってんの流石に〇〇様って言われてしまうよ 言われた方はそんなの数え切れないくらい相手してんだろうけど 尊敬するわ ,1
なんかみたシリーズです。 ,0
TOKYOも出前で500円ポ還やって欲しすぎ ,3
OTとカンタ似てるのわかるし同系統の顔だけど確定的にOTの方が好きな顔してる カンタイケメンって言われるのちょっと分からない ,0
個人の感想です ,0
キッチン用のエタノール売ってたから買った 買えてよかった ,0
マスク回収マジ？？？？？？？ ,0
正直買い物行くくらいでディスポ使いたくないんよなもう ,2
まあ日本でも漂白剤飲んだやつおるしな…… ,0
わ????ちょっとつけ麺食いたくなってきたな ゆで卵味玉にしようかな ,3
正味こういうメシが1番人生モチベ上がるので毎食これになりたい ,0
対処療法という言葉に違和感1億%マン ,1
は はゎ……… ,3
開いてると行っちゃうから閉めろって害悪すぎるわ… ,1
ウーン買っちゃおうかな…… ,3
すごくよく分かるんだけどアレは何か言ってるの見ると結局コイツ買春で人生棒に振っとるからなあになってしまうんだよな ,2
ウワーーーーン ,2
ほうじ茶期間限定だったのか！？買うべきだったーーーー ,2
人としての尊厳を保つために非公開にされる調味料気になりすぎる ,3
緊急速報うるさ ,1
これかああああああ まじで迷惑???????? ,1
午前10時ならみんな起きてると思ったか？？？？？？ ,1
緊急速報のアラートの通知が消せなくてウザすぎる ,1
緊急速報はこの期に及んで外出自粛しないアホにだけ永遠に流しておいてほしい ,1
家の近くで出店マスクやってる人がいて、買うか迷ってるフリして別の客との会話聞いてたらどうにも日本の方ではなさそうで察したよね… ,1
ちょっと地震おおすぎんよ?;; ,0
いまこれになってて怒りが止まらない 引っ越したら失効っていつ誰が教えてくれたの ,1
マイナンバー更新しても意味ね?じゃ?んw ,1
署名用電子証明書等々、入籍の時は窓口で言われるがままに更新の手続きさせてくれたんだけどなんで引越しの時はしてくんねーの 失効すんなら更新手続き案内すべきだし案内しないなら失効させんな ,1
ラジオ体操でもやるんか？？？ ,3
家にいたらそうでもなかったけどちょっと外出たら暑くてしにそうになった 夜なのに ,2
真面目に答えてくれるから ,0
貴殿(笑) ,0
まんま飲むフルーツ気になり…セブンに売ってるかな ,3
こんなんされたらさつがいするけど私なら マジで信じられん ,1
子供欲しいと言う割に飼っている猫のトイレ掃除なども全くしないようで、そんなんで子供産まれてオムツ替えとかどうすんの？と訊いたら本人としては兄弟がいてオムツ替えには慣れているみたいに話していたらしいが 技術的に出来るかどうかと習慣的にこなせるかどうかは別なのでは、と思うなどした ,1
こんなん怖すぎて見れねえよ………… ,2
女とは書いてないんだよな………… ,2
にんにくの素揚げ食べなきゃ…………(使命感) ,3
泡ハンドソープ売ってねえキレそう ,1
そんだけでっぱりんはマジで強いんだけどエゴサか何かででっぱりん本人に捕捉されて驚いた 髪の毛どうしたん… ,2
いやしかし化粧に無駄金使って云々言われたらその場でビンタしてしまうな ,1
コンテンツ中(？)にラーメン食ってるの面白すぎる ,0
ラーメン食ってるのでヒールしといてください→はいの返事があまりにも早くてクール ,0
お腹減るけど食べたいものがない…… ,2
2日かけて作ったデータが今朝飛んでて午前中かけて修復してたらそれも飛んだから死にそうになってる ,2
鬱……………………………………………… ,2
てか花ちゃんがSNSでそんな粘着叩きに遭ってるの知らんかったな ,2
う～～～ん何がダメなんだろう　ドライブDに入れてるのがよくないのかな ,2
猫、ちょっと見かけないと思ったら、網戸から入ってくる外の空気を楽しんでいる最中に突如始まった芝刈り機の騒音に大変驚いたらしく、カーテンの裏で硬直してプルプル震えているのを発見した。アホすぎて私が泣いた。,0
ひとつの言い方で複数の意味がある言葉を使う時、自分の意図しない方で受け取られた場合ってそれは想定の範囲内じゃない？すみません自分の言い方が悪かったです、こういう意図ですって説明すれば良いだけだと思うんだけど,1
高級ティッシュかう,3
うちの学校はコンドームを財布に入れてると金が貯まるとかいうジンクスが広まっていて、大抵のイケてる男女は先輩から貰ったなどと言ってゴムを持っているのがひとつのステータスみたいな所があったんだけど、もしかすると避妊を習慣化させる方便だったのかもしれない,3
医師でもないのに治療家って表現は法律的にどうなんだろ……,0
在宅勤務の夫が飯作ってくれている。あまりにもありがたい,0
刺身食べたい。ぴえん。塩マグロやっていいすか？わら,3
塩マグロ 生ハムで検索すると同じように塩マグロが生ハムに似ているとツイートしてる人が沢山いたのでそういうことですね 塩マグロは実質生ハムなんです,0
スタバナナ復活しないかなあ,3
職場変わったからイッヌたぴ最寄りじゃなくなってしまったなだモ……………,2
おんぶ所望,3
だっこ可 肩車不可,2
カラオケいきたーい！,3
水出しコーヒーうますぎんか？,0
久々にパンイチでベッドに寝転がっている。少し開けた窓からはお外の心地良い気温を含んだ風と雀の会話が入ってくる。素敵な朝…,0
コーヒーを趣味にすると高尚な感じがする。単純に好きだから飲むってだけだけど。例え一滴でもコーヒーを飲むことは健康に悪影響を及ぼすとかいう研究結果が世界常識にならない限りは私は豆を買い続ける,0
オタクは一般人にも公にできる趣味をひとつは持っておかなければならない気がする…,3
良さげな電動コーヒーミルと食洗機が欲しいので安倍晋三内閣総理大臣はあと5万円全国民に配ってください。お願いします。,3
200g7000円の豆とかいつか買ってみたいわ,3
風が気持ちよすぎるな,0
勘弁してくれや,2
腹を下している,2
自分はヒゲ生やした方がカッコいいタイプだった,3
性転換アプリ、自分を男性化すると父親そっくりになってなんとも言えない気持ちになる,2
別にヤラセでもええやん………,2
だから自分に好意の欠片みたいなの向けられた時も気が付かないフリするんだよな。その相手が本命でも本命じゃないとしても。悪いやつだなこれ。でも男なら直球投げてくださいみたいな。そういうとこあったんだよな。察する能力はあっても。自分にはそれが合ってたんだよな。,0
首の後ろバカ腫れて痛い,2
直結厨にブロックされててワロタ、勝利の1杯をやりたい,0
直結厨により被害者ばかりが増える構図、基本的に彼らは行動変容を相手に促すばかりで自分自身が魅力的な人間になろうという努力が1ミリもないんですね。だから1人上手くいなかったら次々代理を立てていく。フラストレーション溜まると自分は正しいと思っているから相手にぶつけるんすよ,1
スタバはフラペチーノ屋さんだから,0
ペチコート買おうと思ったのにたぴ買ったら満足しちゃったや,0
キレそうなのだ…w,1
辞めようぜ無意味業務で給料泥棒するの,1
ツカレッティ,2
ハゲそう,2
腹がいてえな,2
躁鬱喜多方ラーメン,2
ガン患っても喫煙止めない人、全麻リスク高すぎるので禁煙してくださいとか言われてんのに誰に何を言われようとそれでもタバコはやめないって、自己負担1割で手術受けておいてタバコ税納税してますとか言われてもなって感じ,1
喘息で病院かかってるのにタバコやめないのはどうしたって矛盾してるからどっちか辞めなよって思うわ,1
ゆで卵は6分半茹でて氷で急冷がマイベスト半熟卵ゆで時間,0
コロナ禍をきっかけに色んな場所に手洗い場が増えて欲しいなあと思う,3
化粧水状のおしろいとな,3
マジョマジョの洗顔後これ一本的なオールインワン下地もいやこれそんなに良いか？ってなったしスノビュの粉は肌に合うからと思って美容液のやつ買ったら荒れるしMAQuillAGEのクチコミ良かったファンデもダメダメね 私には絶望的に合わない,2
クレカ悪用したのオーケーのバイトなのか,0
ずっと口の中辛いなあと思ってたらデカい唐辛子の破片が前歯の裏側にピッタリはりついててそれを舐める度に辛味を感じているだけだった,0
レモネードコシーシふつうにうまそ,3
思ったよりやばい事になってた,0
シワシワのシワチュウになっています,2
乳首もげそうなぐらい痛い,2
耳掃除キモチ?,0
ウーバーイーツ絶対頼まねえわ…,1
うーんどう考えても毎日塩マグロたべたい,3
フジモン離婚してたの知らんかったわ,0
デブが乗降口付近陣取るのは重罪にして欲しい,1
せめてドアの開閉の度に1度降りるなどしてほしい 客がつっかえてます,1
セルフレジで会計したら唐揚げ買ったのに箸取り忘れたので手づかみで食ってる,2
理屈はわかるけど自分の友達にはやらないで欲しいかなってかんじ ピザは耳があって欲しいしあの形で食べたい,3
たらちねの母しか知らんかった,0
今日の猫、アナルがキレイすぎて1分間くらい爆笑した,0
夜おじ好きそう,3
朝っぱらに床濡れてるの気が付かなくて思いっきり転倒したんだけど今更腰に変な痛みが出てきた,2
第二波は来ないとか言ってたけいざいがくしゃの池田何とか、息してんのかな,0
初代プレステでやったときからは想像出来んなこれ…,0
ﾏﾝｺﾞﾗﾁﾁ…吸引。,0
てか我慢しているのは医療従事者だけじゃないしなあ,2
口紅探すの忘れてたわ,2
過剰包装をやめろと言っているだけで個包装をやめろとは言ってない！！！とか過剰包装をやめてもお菓子が割れたりしないようにする企業努力が必要だとか、医療用を開発して保険適用にすれば良いとかもうホント言うだけタダよね,1
タダでさえ国民医療費は圧迫されているんだお菓子まで保険適用なんて無理だね 医療用にしたら需要狭まる上に価格が高騰する,1
アタシは「おばあちゃん懐かしいでしょ?」と言いながらDir en grey流してくれる老人ホームに入りたい,3
おこている,1
全然名前見た事もねえまんさんにブロックされてることあるよね,0
エンディング流れてる時に雑音出したヤツはシバこうかと思った,1
フォロワーの夫、何かと男性器はみ出しがち,0
小樽いきてえな,3
あらあら……………あらあらあらあら…………,2
お茶買ったのに一生持ってくの忘れてる,2
腹減りすぎわろた,2
気の毒すぎるわ,2
岩手陥落したか…,2
ネムスギ オブ シンドニア 布団から出たくなくなるRPG,2
小学生は金ないからポッポの山盛りポテト150円を2人で分け合いながら食べるんだ………プリは百均のプリ撮るんだ………,2
入籍してから2年経ったのを義父に言われて気がつくなど。結婚記念日も義母に言われてああそうだったとなる。本人たちの方が無頓着,0
わたしとしては全ての始まりはお付き合いした日だと思っているのでついつい他の記念日忘れてしまいますね(単純にゴロで覚えやすいってだけ),3
結婚式は最高の思い出だけど日付と関連付けるのが難しいね,0
刺身すごい ご褒美感ハンパないな,0
煽り耐性ないwとかいう奴、オメェのコミュ力が致命的に欠如してるだけだよってハンコ作っておでこに押印してまわりたい,1
いやちょっとまってバカすぎる……………………勘弁して……,1
Control非含嗽じゃ話にならんのでは,1
あつ?い,0
起きたら寝てた,0
おならとまらん,2
お前それやっていいの道明寺司だけだからな,1
自分に好意を寄せるオンナは雑に扱ってもいい(雑に扱う方がカッコイイ)と勘違いしている人いるよね,1
からしもマヨネーズも嫌いなんですけど、ソース焼きそばにからしマヨネーズとかいう禁断の味を知ってしまって大変なことになっている,0
キショい男から貰った化粧品でも使えるくらい神経図太くないとファンミなんてできるレベルのインフルエンサーにはなれないよなとも思う,3
欲しすぎワロタなにこれ,3
3DSを手に入れたのでテイルズオブジアビス初プレイさせて頂きます,3
電車乗り降りする時にスマホいじってチンたらしてる奴殴っていいことにしてほしい,1
バーベキューなんて場数踏んだかどうかじゃない？あんまりやったことないのに何したらいいかわかんないのは当たり前 邪魔になりそうだったら手伝えることあったら言ってと伝えていつでも動けるようにしておけば良い 必ず指示役がいるので,3
n度目だけどどうにも防寒対策とか防犯対策という言葉が嫌い 寒さ対策とか防犯策にしてほしい,3
一番最初とかも最もという言葉が一番という意味なので違和感がある(強調の意味で使っているということはわかる),0
喫煙者は新コロにかかりにくいというデータがあるからおれはタバコを吸うんだ！喫煙者いじめはヤメロ！みたいな頭悪い記事書いてる人いて頭悪いなってなった 世の中の病気は新コロだけじゃないし別の病気かかった時に治療効果が出にくかったり手術の合併症のリスクだって上がるんだぞ,1
おこ,1
おこている,1
風呂に入りにパンイチで廊下に向かった夫が「変身しなきゃ！！！！！」と叫ぶので全裸おじさんに変身するのかと思ったら「(結婚式の招待状を)返信しなきゃ！！！！！」ということでした(玄関のドアに返信用ハガキが貼ってある),0
ちなみにどのような経緯で僕は明日昨日のきみとデートするを見ることになったかと言うと、加藤純一がその映画を見たからであって、夫が加藤純一の信者衛門だからです,0
はゎ…………………,0
はんざわ！,3
寿司屋に入院したい,3
死んだ,2
よりにもよっておたふくくんとはしかくんの抗体価が下がっていたのでmmr打ってきますλ....,2
残暑ざんしょ,2
ミ○○屋で台風の時窓にテープ貼るの紹介してんだけど何周遅れなんだ,0
正味欲しい 大人のランドセル,3
神戸住んでる時に何回か遊びに行ったからな大阪,3
乱れすぎてむしろ正常ダイヤ,0
引っ越したら絶対食洗機買うんだ！！！！、,3
ルンバくん。ルンバくん的な何かは欲しさあるけど,3
ストッキング手当はストッキング着用義務付けるなら出せやって思います本当に 消耗品なんだよ,1
ねむすぎ,2
若い時の織田裕二かわいいね,0
ママに服を買ってもらいながらその帰りに親うざい 早く家出たいとTwitterでつぶやく子だった,0
まあ、そういうことか。結局親に飼われてしまっているのか,0
子供の時から鉛筆などで色を塗りつぶすときに耳の中でポコポコみたいな音が鳴るんですけどこの現象の名前を知りたい,3
スガーーーーーーー！！！！たのむー！！！,3
私が乗る電車、このタイミングで車体が左右に揺れるって所があって、だいたい皆体勢崩すんだけど私は体勢崩さないからよく足踏まれる,2
男絶対謝ってくんないんだよな 安全靴買おうかな 腹立つわ,1
明日も人の金で贅沢をします,3
いや本日モエシャン飲み放題でした 義姉に感謝,0
こンな召しの事ばかりツイートしやがってと思うかもしれませんが、式の半分は泣いていました(自分の式の時より泣いた),0
よい料理を食べる時はね、アルコール飲めてよかったなと思います。料理を作る側は酒とマッチするように作っているので,0
リプ欄興味深かった,0
ローそその辛口ビーフジャーキー辛すぎて食えんからインスタントラーメンに入れてダシにしてやったは、二度とォレに逆らうんぢゃねーぞ、卍卍,1
台風くるんスか、,2
曲めちゃくちゃいいよな……………,0
半沢直樹のサントラが欲しい,3
やべ久々に鼻血でた,2
鼻かんだら50m位のはなくそ出てきて1人で騒いでたら物凄い流血してきたから驚いた 完全に油断してた,2
神田に175°DENOあるじゃん明日いこ,3
わがしょくば、完全にやばそうなあんけんがはっせいしていてとてもわらっている,0
ええ……………芸能界で何が起きているんだ……,2
いやなんかギリギリのところに立っている人が別件の自殺報道で引っ張られるみたいなことはありそうな気がしないでも無いけど,2
ペットボトルのお茶をアマンゾゾで注文しようとしたら時間指定できなかったのでわざわざ宅配ボックスに入るサイズのものを～と思って選んだのに食品なので持ち帰りました、と不在票入ってて、いやこれは私が悪いな、ヤマトしっかりしてるなと思った,0
でもいちいち購入する手間が省けるとか、ペットボトルのラベルはがして洗って捨てる時もゴミ嵩張るのも解消されると思うと悩ましい,3
こ これいつまでやるんだろう いきたい,3
駅の階段とかの昇り降りの方向、厳密に守れとは思わないけど、電車が着いたなら電車乗る側はそちらの範囲にきちんとおさまれやって思う,1
途中まで方向守ってはいたものの最後の最後に急に方向転換して狭い階段封鎖して私と私の後続の進路妨害してきた女さん邪魔すぎてマジではっ倒そうかと思った 急ぎたいのはお前だけじゃありません,1
急に無理な方向転換してくるの女性に多い気がしますね,1
台湾グルメパン11末までか 間に合う！,3
ルーローパンうまそ,3
さむくね？,2
なんかケツの痙攣が止まらんな……と思ったら猫に掘られてるだけだった,0
吐瀉物が落ちている、TOKYO,2
木曜に175°DENO行くか,3
先週から異常に抹茶を摂取したいのに自分の行動範囲のコンビニに飲料としてどこにも置いてないから気が狂いそう,2
タピオカをブームとしか考えていない奴は何なの？これらはもう日本の定番商品として定着しました。恥を知りなさい。次々と店舗がなくなっているのはブームが去ったのではなくクソマズタピオカで儲けようとしたバカが淘汰されていっているだけなので,1
タピオカと一口に言ったってどこも一緒じゃあないんですよ。ラーメン屋も「ここのラーメンがやたら食いたくなるんだよな」と感じるのと一緒。タピオカはドリンクというよりかはラーメンに近いです,3
先日の吐瀉物の残骸がまだ存在しているのでいっちょ洗い流してほしい,0
これから毎日何事もないように祈ります,3
ええまっておすごとおわらんくない？ゎら ,2
ギリギリ終わるように調整してたら余計な仕事振られて本格的にケツが大炎上しとる ,2
魔剤なんて今どき誰も使ってねえンだよな(観測範囲内),0
レジ袋有料化で一体誰が幸せになったのか 教えて教えてよその仕組みを,2
おすすめのワイヤレス・イヤンホホおしえて,3
ワイヤレンスウホホイ、あんまりケチると不快指数がカンストし握り潰してしまうウホり手BAD ENDを迎えてしまうかもしれないので慎重にいきたい,3
今日は頑張った………明日は魔剤二段積みで頑張る…………明日も平和に終わりますように……,3
お腹メチャメチャ減るけど食べたいものがない…………………………,2
いやマジでウザい キレそう,1
いやお前さあマジで 家でも仕事あるんやぞ,1
3時間半かけて帰宅した 素敵な人生,2
このシャンプーメチャメチャいい匂いだけど頭皮が活火山になったので活火山になりたい人以外おすすめ出来ない(n=1) ,0
現在の私、シワシワのジジイになっている ,2
帰り寄り道したかったけど荷物多すぎて諦めた ,2
左手親指火傷したー   今日もうなにもしたくない,2
何度も言ってる気がするけど、なんでノックせんの,1
鍵開いてる思ったけど一応ノックしてみたら入ってた。鍵が古すぎて赤と青が逆になってたっていうね。ほら、やっぱりノックしなきゃいけないじゃん。,1
体力つけなきゃ,3
何をやってもうまくいかない日ってある,2
明日は買い出しだ,3
葛藤しかない,2
本人たちよりプランナーさんの方が大変だっただろうな,0
え、フロントガラス割れたんですけど,2
暑すぎて何もしたくない,2
ほんと昔から知らない人によく話しかけられる,0
激安な服でも好きなデザインあると衝動買いするけど、1、2回着たらすぐにダメになるんだよね,2
つら,2
あーまたこんな時間に起きてしまった,2
封筒の中身いれずに投函してしまった件,2
まにあうかな,3
試合に胴着忘れるんやありえんだろ、と思っていたけど、今そのありえんことをやってしまっている私,2
いっそ全部捨てたいとも思うけどビンボー症のが勝る,2
郷についた,0
あーかかとカサカサじゃん,2
価値が見出だせない,2
時間があるときってなに,1
クレイジーソルト買おうかなー 調味料の方 笑,3
あー楽しみ,0
去年式挙げた組に結婚式場からの招待やけどやっぱ、妊婦さんと子どもいっぱいじゃー。あせるわー笑,0
コーラ早飲みとか,3
口癖直なおさなきゃ,2
熱出たときに布団いっぱいかぶって汗かいて熱下げるのすごくすっきりするし、なにより落ち着く でも、今ではあまりお勧めされない方法らしい,0
県飛び越えて同じ時期に同じ症状になってる人いるけど、なんか流行ってんのか,0
3歩引いて歩くようなんが理想像,3
でも、そんな人ってすごい心強いと思うわ,3
コンビニの店員さん、マスクせずにしゃべってごめんなさい,2
食欲がー止まらないー,0
否定されても決めるのは自分,3
あー寝坊した お弁当ごめんなさい,2
3年住んでるけど、まだ地理が覚えれん,2
最近変な夢見るなー。,2
食欲より眠欲のほうが勝る,0
来週の服決めな。,3
そこら辺で売ってるもので良いシャンプーないかな。痛みすぎて櫛が通らない。,2
みんなすごく頭が回る,3
自分の方向音痴さに参った,2
夢のようだった,0
スタバの店員さんかわいい,0
どこでも寝れるのは特技だけど、周りの人間が後ろ指差されるから気を付けないと。,2
団体戦の緊張感,3
眠すぎ,2
メラミンスポンジ1キロってどれくらいだろ,3
TPO難しいよ,2
服屋の店員さん苦手だから服はほとんどしまむらだし,2
もっと恐ろしい存在だった気がするのはきのせいかな。,0
私の頭の話し,2
やめてって言ってエスカレートするのほんとなんなん,1
予定が狂うとなにもできなくなるから嫌だわ。賢い頭がほしい。,2
許されるならやりたいこと全部したい,3
体が弱いのか、心が弱いのか、両方か知らんが、なにかイベント事の前にはかなりの割合で体調崩すなー笑,2
トイレの鏡で気づいたけど、今日の格好、進撃の巨人じゃん笑,2
あ、洗顔忘れた,2
今日は嫌な人間やったなー笑 適当なこと言うのやめないかん,2
せっかく大台(私の中の)切ったのに、また戻ってきたー ストレスのせいにしておこうか,2
何事も訓練,3
まじなんなん,1
悪い方にしか考えれん,2
明日、筋肉痛確定やな,2
うちの犬っころがなんかツイートしてる,0
からだがふわふわする 感覚,0
キュウリの塩もみ美味しいよね,0
肩甲骨のあたり痒い。手届かんからしゃんこらクリーム塗れんのよね。,2
詳しい訳じゃないけど、高校野球はおもしろい,0
家帰るとぐでたまのティッシュカバーが送られてた。しかも、ティッシュ抜く度にぐでたまがしゃべるらしい。なんてシュールな。でも、私の好み、ストライクだったりするよね。,0
考えすぎて頭火ぃふきそう,2
ひとりコメダしに来たけど、満席,2
席譲るにしても、もっとスマートに譲れたらな,3
今日はオレンジジュースの気分。なので、コンビニのオレンジジュース飲んでるけど、やっぱりえひめのみかんジュースが好み。,0
苦手な裁縫しなくちゃ。,2
あー、失敗した。決済日勘違いしてた。予約取れたからよかったけど、つら(笑),2
2日間、充実した,0
むくみなんてほとんど悩んだことなかったのに(笑),2
運転疲れた、てことでお昼休憩中。嫌いだったはずのコンビニ弁当が美味しい。,0
声がいい人ってズルい。それに加えて対応がいい人はなおズルい。常連になりそうになる。,0
間食もしてないしそれなりに動いてるつもりなんじゃけど、体重が増えるのはなぜ。,2
人生で数回目の飛行機。,3
久々の試合観戦。勝ってくれると良いけれど(笑),3
結局、単身赴任してから月一で会ってるからすごい,0
いつも笑顔で流すけど(笑),0
配食サービスええんだろうかな。悩む。大人やからごはんくらい勝手にしとけとは思うけどやっぱり心配だわ(笑),3
スケジュール帳買わねば。まだ2017年半年もあるのにバラバラになってしまった。,2
ここ最近、ローソンのフローズンにハマってる。こういうの好みじゃなかったのになー。,0
お発プロのトリミング連れていきよったら犬たち合唱(笑)不安なん分かるけど、やかましい(笑)もうちょい頑張ってわが子達。,3
ソファに座っただけなのに2時間も寝てたわ。,0
汗がとまらない,2
台風怪しいから今日帰るか,2
隣の家に行きたいけど、この雨風はあかんわー。玄関閉めてるのに隙間から雨入ってくるし。,2
この2日で顔がでかくなってる,2
東京にかぶれてこよ,3
あーくしゃみもとまらん,2
マンガ形式が多いけど、本読むこと増えたな(笑),0
ヨガってきた,0
待つなら本でも持ってきたらよかったかな,2
歩くだけで歯が痛い,2
TV画面止まるのってどこに連絡したらいん,2
スクワット20回2セットでダウン,2
虫歯だよ。見つかっちまった。再々歯磨きしてんのに。あと2回も通わんといかんとは。,2
最近、手がゆるい。ついに今朝、皿割ったよ。,2
うわー寝てた。雨降ってるやん。洗濯物アウトー。,2
小中学校の給食、学校で作られてたからな。幸せだったんだな。,0
眼鏡男子好きだけど、身近にいる眼鏡男子たちには萌えないんだよな,2
これはハズレか。,2
私の6時間後くらいに来た人、スタスタ歩いてて驚きなんですけど。なんか、ショックだわ(笑),2
水滴は敵。最近、今田さんの気持ちわかるわ。,0
良い知らせが聞けた,0
タブレット買おかなぁ,3
夏目漱石アンドロイド、リアルやし流暢に喋るやん,0
好きなものとかやりたいこととかに理由を聞かれることがあるけど、説明できない,0
どんどんテレビの画質が良くなっていって気持ち悪い。少し前くらいのがちょうど良い気がする。ブラウン管でもいい。,2
1、2回飲ませて安心してほったらかしにしとったんがあかんかった。哺乳瓶で飲まん。,2
まだ復帰まで3ヶ月ちょっとあるし気長にトレーニング,3
ここ2、3日幸せなお知らせがいっぱい,0
面接終わったー3月の通知までドキドキやな,3
大事なものってなんでなくなるかなー,2
ここ1ヶ月、友達が妊娠出産する夢をよくみる,0
あー麻酔が切れてきた。痛いと言うより歯がゆい感じが気持ち悪い。,0
最終グループ、ここまでみんなミスないやん。メンタル強すぎる。,0
え、大杉漣さん,2
車運転するの怖くなってきたけど、車が無いと生活できんのよね,2
待って。調理セット買って、説明書通りに作ったのに失敗って何(笑),2
おんぶすればいいじゃん,3
つくしんぼが生えてるの初めて見た気がする,0
願掛け,3
アレしたらダメコレしたらダメて、なんもできんやん(笑)結局親が大丈夫と思わなあかんのだろうけど、にしても情報が多すぎるわ。ほんで、どこまでが揺さぶられっこ症候群なんよ(笑),1
写真撮ってもらって見てみたら、私、がたいのいいあんちゃんだった,2
今日のアンパンマン、ちびまる子ちゃん回や(笑),0
スマホで浴槽の栓して湯はりができたら良いのにな,3
やっぱり文字に書き出さんと整理ができん,0
慣れないことするとすぐやらかす。,2
OK Googleで遊んでる,0
ネックレス引っ張るのやめて(笑),0
いつも、イベントごとの前後は駄目やな。バカなのかな(笑),2
髪の毛引っ張る、お腹に踵おとし、目に裏拳。酷い(笑),2
最近まで『濱』のうかんむり(実際はうかんむりとは言わないんだろうけど)の中は一に少だと思ってた,0
執行されてもただの節目になるだけで終わりではないよな,0
なんか、もう迷惑かけまくりでつらい(笑),2
低アレルゲンメニューとかあるやん。COCO'Sお気に入りになりそう。,0
台風前の買い出し。みんな考えることは一緒やな。レジが大行列。,2
前髪パッツンにしようと思ったけど、ブルゾンになりそうだから止めようかな(笑),3
運動会、ほぼほぼ競技せずに泣いて終了(笑)まあ、可愛かったからいいや(笑),0
周りのみんなが美しすぎて,0
人に会うと自分のボキャブラリーの少なさとか無知さとか所作言動のガサツさとか思い知らされる,2
コスモス畑にぽっちゃりめの猫が一匹。,0
くららが立った！って感じだろうか。歩いた。,0
右京さんが「なるはや」？！,0
なんの渋滞な,1
ライダースジャケットに落書きされてるやん。手がとどくとこに置いとんがあかんかったけどもよ、、,2
母の日に届く振り込み用紙よ(笑),2
うに食べたい。寿司食べたい。馬刺し食べたい。,3
山芋擦ったから手痒い。歳関係あるんかな。こどもの頃は痒くなった記憶ないんやけど。,2
動物園着いて30分。姫様まだ寝てるよ。,2
サイズ通り腰上げしたはずなのに、パッと見膝丈くらいまでしかないんだが(笑)帰ってきたらすぐに合わせんと、タイムリミットが。,2
片付け終わったから一息つこうと思ったら、ハンガーラック壊れてラックの部品と服が散乱してた。,2
風に吹かれた葉っぱを見たこどもが「葉っぱさんが寒いって言いよる」やって。私にはそんな言葉出てこんわ。,0
人生100年時代。ただ生きるだけでなくてどう生きるかよね(笑),3
急激に写真減るやつ。あるある。,0
お風呂の入れ方が根本から変わってた,0
なんか話題になってるらしい、コーンフレークで松ぼっくり。超簡単だから作ってみたけど、まあ、コーンフレークぶっ刺すだけで簡単なんやけど、なんか、センスが無さすぎて得体の知れんものになった。,2
「見て、グランメゾン東京に感化されてママが木村拓哉ばりに料理始めたよ」パパさんしばいたろか思たわ(笑),1
感情のコントロールは難しい,2
ここ一週間、揺れをよく感じるけど私だけみたい,2
ものをなくすの直したい。財布とか鍵とか重要なものに限ってなくすんよな。,2
人指し指がホッチキスの針で釣られた,2
お肉のパックに敷いてある吸水シートって言うの？気づかんと肉と白菜と一緒に蒸してしまった。あー。,2
アライブはひとりじゃないと見れん。毎話ティッシュの山。,2
包丁で手の甲切るって器用すぎるだろ、私。,2
公園来たは良いけど、昨日の雨で遊具濡れてるから遊べない。そよの父娘はシャボン玉とかフリスビー持ってきて楽しそう。うちの公園行き慣れてない感じ。,2
変な夢で目が覚めてから寝れん,2
黒色錦糸卵になった,2
電気、ガス、ネット、クレカ、その他諸々…料金確認とか契約変更とか、アプリがないときに比べたら便利になったけど、せっかくできたマイナンバーで一括管理(任意)できたら良いのに。,3
帰ってきたら家の中にツバメさん。ありがたいけどお外に出てもらった。我が家の軒に巣を作りかけてて、入ってきてしまったらしい。,0
今日は3羽おいでくださった,0
ごはん作ってるうちに寝てるし,2
公園になりつつある我が家,0
今日ずっとねむい,0
「未完成品売るな」って言ってるハースプレイヤーは。パッチが当たるまでまともに動かないことがよくあるエロゲ業界を経験してくれ。,1
イリダン党の大会登録したけど、今東京に行きたくないな・・・,2
覚える気のないことは2秒も記憶がもたない。脳のスペックの低さを使い方で補ってる感じがする。,0
鳥取がついに堕ちて、岩手優勝,0
味噌汁を手前におくメリットってなんや？スープだから先に飲んでねってこと？,0
岩手県のコロナウイルス対策を全国で真似するべきなのでわ,3
国民全員に100万配って、外でたら没収にするってどうよ？だいぶ外出減るやろ,3
レジェンドが多すぎるなら、グランドレジェンドを作ればいいじゃない。,3
他の人のツイートみてて思ったんだけど、昨日レジェンドなった瞬間1200位っていうのは、まぁまぁいい勝率だったのかな？,0
どうしても論文書いてたころの感覚で、「100文字で表現できるものを5000文字にする意味あんのか？」って思っちゃうけど、コンテンツってそんなもんなんだろうな。,0
さすがに岩手だけはずしてもよかっただろ。感染者いない地域で警戒することって他の地域に行かないことだけじゃん。,1
今日は夕方に仕事入るの確定してるから、そこまでにどのくらい余力を残すかの押し引き,3
ひさびさに真面目にデッキ考えてる,3
そりゃミラーだったら50%になるやろとしか・・,1
ブリザードはyoutubeに移行するかと思ったけど、ツイッチと両方なのね,0
いろんな職場が在宅ワークになってる。じゃあ今まで出来なかったのやる気がなかっただけじゃんという気持ち,1
コロナ長引きそうだから、多分勝ち組は流行り始めたころに、さっさと見切りつけて、会社解散とか事業撤退の判断したところになりそう。,0
自粛要請されてる業界って、とりあえず全従業員解雇して、コロナがおさまったころにまた求人じゃあかんの？やっぱ質落ちるかな？,3
がんばってデッキ考えたけど、今週末しか使えないんだよな。,2
200枚のマスクのイラスト書くのめんどいくさいから、「200枚のマスク」って題名の詩でも詠んで、表紙だけマスクの絵にした方が楽な気がする,3
コロナが治る薬見つかったんだったら、もう普通に生活して、感染したら薬飲むじゃいかんのか？,3
自分の意思に関わらず金玉取られるって怖いよな,2
病気で子宮の一部を切除して悲しんでた女の人が、飼い猫に去勢手術受けさせてるの闇が深い。,0
米崎さんの教室ってスカイプ個通できるんかな,3
元性犯罪者がつけるGPS発信器を全国民に義務付ければ「感染経路不明」をかなり減らせると思うけど、どうだろう？,3
馬にも義足つけてあげて、足なくなっても生き続けられるようにできないんかなぁ,3
ASMRってほとんどが効果音かささやきなんだけど、読み聞かせ好きなんだよね。寝る前にMasaruさんのごんぎつね聞いたりしたいじゃん。,3
ポーカーも麻雀もたまに復帰したいなと思うことあるけど、現役に追いつけるように勉強する時間が取れないんだよね,2
負けるのはしょうがないけどら明らかに知識が足りない状態で、ただ負けてもいみないしな,2
今の6maxってオープンサイズどれくらい？ってとこからスタートだからな？,2
見た目も普段の振る舞いも清楚だけど、2人きりのときだけめちゃくちゃエッチな子が好きです,3
おまえビッチに引っかかってばっかりじゃんという批判は受け付けません,2
最近寝すぎて仕事がはかどらない,2
何時にナーフくるんかねー,3
親に取られたくない子供はさっさとオンラインで申請するんやで,3
CBDオイルって飲むとキマるの？？,3
宇宙の真理が見えた気になるくらいぶっ飛ぶなら欲しいんだけど,3
石油は無くなるって言われてたけど、無くなる前に価値が無くなったな。,2
アンダインはナーフがやっぱきついな,2
バトルフィーンド弱くなったんやが、シャドウフーフスレイヤーと入れ替えるか難しい。バトルメイジの方がバトルフィーンドより強いのは間違いなさそう,3
HSreplayは細かくランクごとに分けてみれるのはいいことなんだ。でもそれとは別に昔みたいにALLも作ってほしい。使用数が少ないけど強いデッキを拾えないよね。,3
本当にランク上げやすくなったんだなぁ。全ランク帯の中でレジェが一番人数多いぞ,0
バリューカードって過大評価されがち。サメの精霊とかサメの精霊とかサメの精霊とか,2
10万辞退するって人は偉いと思うけど、人に10万辞退しろっていうやつはゴミ,1
スマホでMasaruさん配信聞きながらコンビニ行ってこようかな,3
スぺダメで勝つ感じなのか？？,0
経済を止めて半分くらいに日本国民を選別したほうが、国の運営は多分うまくいく。ソースはシムシティ,3
ぶん回ったらめっちゃつよいけど、事故りやすいデッキをピーキーなデッキっていうのはおかしい？？,0
いやあんた専業主婦なんだからASAPINさんが麻雀以外のこと考えないでいいように、他のこと全部やれよと思う。羽生さんの奥さんみたいな人と結婚できれば実力維持できただろうにもったいない。,1
マンガ実写化はあんまりすきじゃないけど、手品先輩やサタノファニを実写化してくれたら見るんだけどな。,3
スパイミストレスは秘策ローグにシナジー０であっても入れた方がいい気がする。そのくらいのパワーカード,3
なんか秘策ローグに強さを感じないな,2
キャンベラやぞ,0
岡江久美子の息子を名乗るってこういうことやろ？,0
委員長もAV出せばいいのに,3
2月の時点でバーの経営やめるって人の話読んだけど、あの人は先見えてる人だったんだろうな。終息するまで耐え切れれば一番いいんだけど、粘って倒産するより、赤字垂れ流す前にさっさと手仕舞いする方がいい経営判断だわ。,0
パチンコする人って頭悪い人多いんだろうなとは思ってたけど、予想以上なことがコロナで判明してる。,1
田舎はコロナになったら周りからいじめられるというニュースを見た。,2
船長はバブル経験してそう。あとあんまり言われないけど羊畜生も結構な年だと思う（選曲的に,3
さすがにバトルメイジの方がバトルフィーンドよりつよくなっただろと思って発言しました。そんなことはなかったです。ごめんなさい,2
わんこそばか冷麺が実はコロナウイルスに効いたとかいう展開はないのかな,3
月末は仕事そんなに忙しくなさそうなんでラダーする予定。,3
10万円の配布を世帯じゃなくて個人にしろって言ってるアカウントが、昭恵夫人の行動について安倍総理を責めてるのダブスタじゃないか？,1
普通のカードゲームはどんどんインフレするけど、MTGはインフレせずに最初にでたころのカードが最強だから、どんどん値段上がってるね,3
一緒にデッキ作ったり、大会情報を共有する仲間がほしい。チーム竜崎はまだですか？,3
地元にtornedoってポーカーできるとこあって行きたい。基本的なスポットのGTOだけどっかで調べて覚えて行こうかな・・・でもなんやねんそのベット額とか思われたらやだしなー,3
雑に書いた文章がクライアントに気に入られると、やたら厳しかった大学時代の教授に感謝しかない。あの頃から企業向けにプレゼンして金もらえてたからな。,0
実際、市の好意で猶予期間があるのに滞納太郎でキレるのひどくないか,1
県内感染者の三分の二がわいが住んでる市町村なんやが・・・,2
単年契約なら実際にお金かけて打ってるようなもんなんだけど、Mリーグの契約は推定金額すら表にでてこないからなー,0
自粛無視ってなんか日本語として違和感あるけど、用法として合ってるのかな。,0
このタイミングで保健所に行く用事が入ったんだけど、めっちゃ混んでそうだし、感染リスク高そうでいやだ。。郵送で申請させてくれよ。。,2
データはクラウドやらなんやらにバックアップあるからいいけど、仕事できないから新しいやつ注文した,2
冷静に考えて麻雀もポーカーも、もっかいやり始めても気力が持たなそうだから、見る専止まりやな。ハースストーンはまだやる気があるので続けます。,3
麻雀は何からやればいいのかよくわからんし、ポーカーはGTO解析に使うリソースが大きすぎて、絶対やめないつもりじゃないとできないわ,3
今でも仕事とハースだけで、手一杯だもんな,2
麻雀とポーカーをやってわかったこと,3
デモハンかハイハンが今使うといいデッキだと思う。どっちの方がいいかはわからん,0
カンする時のポイントは先手が取れそう・自分の手が高くなるメリットが大きい・親かぶりのメリットが大きいの３つだと思てる,3
秘策ローグ・たまごウォリは強いんだけど、デッキ自由度が低い分、伸びしろがなさそう,2
1枚フェルウイングはもしかしたら強いのかも,3
シルフィンちゃんと日常会話がしたい,3
Mリーグは天鳳でやって対局者はwebカメラ付けて表情見えるようにしとけばええやん。,3
「生活に困窮する人が増えたから激務だけど収入のよい仕事に就くひとが増える」,3
たとて楽でも毎日やる系の業務はなんか病むから今受けてるのを最後にしよう,3
麻雀打ちたいと思うのはわかるけど、天鳳か雀魂しとけよと思う。,1
坂本プロは厳重注意の上、謹慎くらいじゃないかな。どうせリーグ戦も開催できないんだから今なら謹慎なってもいたくないし,3
ソシャゲのサービス開始くらいマイナポータルがメンテしそう,3
卵ウォリアーは強いけど普通のtier1ってくらい。今流行ってるデッキに有利だからいいけど、苦手デッキも結構多い,2
ルーンテラはロープマンしてると賞金首の掲示板ってとこに名前がのるらしい。ハースもそのシステムやってくれ,3
Masaruさんって都内に住んでなくないｗ？？,3
引っ越した時にマイナンバーカードの電子証明書っていうのが失効してて再申請しないといけないらしい。自動で切り替わるようにしとけよ、まじで使えないカードだな・・・　しかも申請は窓口まで行かないとダメとかクソ過ぎる。,1
麻雀するならamazonの読み放題のやつそのままでよかったな・・・あれ麻雀本かなりあった,2
3位じゃだめなのね,2
卵ウォリにグロマッシュは多分入れたほうがいい。その分はコルクロンの精鋭を減らしてるレシピがよく使われてるけど、狂瀾怒涛を1枚にする方がいい気がする,3
いやコルクロン1枚でいいかー。難しい,3
なんか変なデッキしか当たらなくなったな,2
コロナが広まってからニートやめて働きだしたので、コロナのせいで仕事が少ないと言われても、比較ができない。,2
カードゲームを批判するのに他のカードゲームを例にだすのは別にいいと思うんだけど、例にだされたゲームの情報があきらかに間違ってると、お前やったことねーだろと思う。,1
隣の蒲田さんって京急川崎の次が急行だと京急蒲田だからなのかな？？,3
雀魂は課金要素多いな。。。続けるか悩むレベルや,2
転売のニュース見るたびに、メーカーが価格上げて儲けてくれた方が世の中のためなのになと思う,3
日本もいい加減コロナウイルスじゃなくてCOVID19って呼ぼうよ,3
神戸市民4万人の記事はおかしい。ちゃんと外来患者と一般市民はわけるべきってインタビューでは言ってるのに、見出しに4万人感染って、書いて人頭悪すぎる。,1
布マスク　バター　小麦粉　　は普通に売ってた。ホットケーキミックスはないけど、他のミックスは売ってるからお菓子自体は作れる,3
宮迫が謹慎なのになんで中田カウスは何も処分されないの？,2
長そではもうしまってもいいかな,3
みちるちゃん世界19位なのかー。逆にいうとMTGって世界19位でもVtuberやらないと食べてけないんやな。テニスで世界19位ならかなり豪華な暮らしできそうなんだけど、カードゲームはきついね,2
別に隣の家の人がコロナになってもいじめないけどと思う。そりゃ流行してから東京旅行してきましたとかでうつされたらむかつくけど、いじめて治るわけでもないじゃん。賠償請求起こして金もらえるならやるけど、いじめて何が得られるというのか,1
セクハラがどうこうよりlolのプロが月収10万しかもらえないってことが衝撃だ。麻雀のプロは年収400万が下限やぞ,0
ウォリアーに対して強いデッキはそれなりにあるけど、そいつらは他のデッキに弱すぎて使えないから、結局ウォリアーが強い。,0
プリはもっと強くなっても許すから7ターンで終わるデッキ作ってくれ,3
ただでさえターン数多いのにプリ使うやつ長考多いのなんとかしろ,1
午後のお仕事おわったら散歩したい。体を動かしたい・・,3
4/5終了　ちょっと一休み,0
さーあと1つがんばるか・・・,3
vtuber界隈で麻雀流行ってるのは嬉しいけど、あんまり強い人いないんよね,2
焼肉画像で「彼女とデートなうに使っていいよ」ってやつ見ると、彼女のハツやレバーなのかなとおもってしまう。,3
昔、後ろ見してた人に「その鳴きは何？」って聞かれて、「三色同刻と清一色の両天秤」って答えたら「そんな両天秤は無い」って言われた,2
全然モテない人が「女運ない」って言ってたけど、お前はくじを引いてないのにくじ運が悪いって言うんか？,1
有名雑誌でモデルやってるクラスの女の子が自分と同じ趣味・同じ職場だったら好きになる気持ちはわかる。,3
ワンポイントリリーフの禁止の問題は、試合時間の短縮が目的→時間短縮効果が僅かしかないのがわかった→でも実施っていうくそムーブなんだよなぁ・・・,2
ひぐみんってガン治ったのかな？,3
アイドル部は楠栞桜ちゃんとコラボすれば人気回復するぞ,3
フェミニストに対しては、男女平等を目指すなら、男性のみ徴兵制の国に対して、女性も徴兵しろって主張しろよと思う。平等ってのは利益だけ得るもんじゃないぞ,1
ガチ勢とエンジョイ勢が対立項として語られるけど、本当のエンジョイはガチでやった先にあると思うんだよね。軽くやる人はうわべのエンジョイしかエンジョイできてない。,0
批判してる女は自分が初音ミクよりいい女だとでも思ってるのか？,1
攻略本っていうほど必要か？なんかおまけでもついてるんかな,0
転売を防ぐ一番いい方法は値段設定時に転売しても利益がでない値段にすることだと思う。今日問題になってるあつ森の攻略本なら最初から3000円で売ればいい。そうすれば転売しにくいし、販売元は儲かる,3
転売されるようなものは需要があるってことなんだから、元の販売元が価格を上げればいい。需要と供給に応じた価格設定をしていけば、転売ヤーが活動できる環境じゃなくなる。需要が上がってるのに価格を据え置くから転売できる余地が生まれる。,3
卵と激怒はどっちがいいのかな,3
やっぱ強者のほうがハースストーンもおにゃのこに頼られるよなー。天鳳と同じだ。がんばるほかにない,3
何の競技に限らないけど、弱いやつはするなって言うやつは頭おかしい,1
弱い人が入ってくれないと強者しかいないレッドオーシャンになる。カモれる新規がガンガン入ってくれてこそ、そのコンテンツにいるうま味が増すんやぞ,3
基本的に女の子っぽい女の子が好きなんよなぁ。アンジュよりとこちゃんどんどん好きになる,0
不倫してる彼女の上司を激詰めして、会社首にしたことあるけど、彼女は帰ってこなかったから、ティランダもイリダンのとこにはこないと思う,2
朝ココ燃えてるんか？,0
今週だけで3回あった出来事,0
チューハイはほぼ間違いなく品薄になると思うけど、単価と大きさを考えると送料の割合が大きくなり過ぎて、転売するには微妙だな,2
1時間5000円くらいで個別ビデオ通話で酒飲んでくれるサービス　,3
ルーンテラは何も見ずにオリジナルデッキ作ろうか悩んでる。課金する気ないからシェードも大事なんよなー,3
虫めっちゃ嫌いだからコオロギは食べれないな,0
ICカードリーダーが高騰ってなんでやねん。AndroidでもiOSでも、めっちゃ古い機種以外対応しとるんやからスマホでええやろ,1
他の土地から岡山に来た人は治安良くないって言う人もいるけど、平塚・川崎に住んでから岡山戻ると、めっちゃ治安良く感じる,0
シュラスコ食べたいけど、田舎だからシュラスコ食べれるお店まで遠い,2
ま、わいもさぼってるからランク全然あがってないんですけどね,2
やり切るって言ってるのに1日で終わるやつ送った間違いに気付いて消した,2
給付金15回申請通った人って150万もらえるの？,3
スウェーデンのコロナ対策は失敗って言われてるけど、財政負担になる高齢者を効率的に減らして、経済活動はできるだけ維持したのってどこよりも上手いと思う,0
TVショッピングの再放送で本日限りっていいながら同じセールしてるのシュールやな,0
日本三大砂丘って日本最大の砂丘が含まれてないクソ選出やぞ,1
マスク配ったら給付金の対応だったりが、こんな遅いんだったら、今ひまな人いっぱいいるんだから短期バイトで1万人くらい雇えばいいのに,3
本当のこと言うと思うからむかつくわけで、しょこたんと高田純次は一緒と思えばむかつかないよ,1
ルーンテラがログイン障害起こしてるせいでハースストーンしてる,2
すごくデッキが組めることってことはワイルド勢なのかな。,3
ルーンテラのことでサポートに問い合わせするためにLOLのアカウントがないと無理ってクソ仕様やめろ,1
なぜ海外のカードゲームは女の子をかわいくしようとしないのか,2
かっこいい男のカードがあっても男はクレームいれないのに、かわいい女のカードに女はクレーム入れる。,2
別に色んな思想があってもいいんだけど、人に押し付けようとしてくるのが大体その2つなんだよね。勝手に自分が実行してるだけなら自由だからいいと思,1
SEEDは面白いけど、前の話の振り返りが多すぎてだるかった,0
給付金支給に6年かかるってさすがにデマやろ？？,0
よくわかんないけどチンイツは難しい,2
そういえばまだ役満も3倍満も上がってないな。みんな上がっててすごいね。,2
わりと大事な場面と小説読んでる時は人の気持ち考えてる,0
ボビーが逮捕されたことより、ボビーの苗字が近田ってことの方が衝撃,0
イヤミな圧かけてくるって評判の悪い人がいて、わいのことにもイヤミメール来た。でもわざと単文にして3分おきに計20通、それってあなたが悪いんじゃないですか？みたいなの送り続けたら謝られて、それ以降普通だから接し方次第なんだと思う,3
新環境予想　ハイランダーハンターが覇権,3
浅草で鬼にされた人は自我を取り戻してたから、無惨が死んでもそのまま生き続けたのかな？,3
賭け麻雀と競輪の差がわかんないのは麻雀界に染まり過ぎ。単純に違法か合法か違うでしょ,1
2マナ2点ダメージがトップクラスに優秀なカードゲームってあんまりないよね,2
ケミパンロッカーとかいうクモ駆除業者,3
今日もう少し作業しとけばよかったなー,2
やっぱゲーム3つやろうとすると全部中途半端になる,2
ぶんぶんチョッパーが気になる,3
あれ？今日は朝ココなかったの？,2
ちゃぐりーさんは配信見るとわちゃわちゃしてるけど、写真からは美人そうな雰囲気がでてる。,3
解き放たれしイセラいらなそう,2
プロの有象無象ならともかくトップクラスは九段までは普通に行くやろと思ってたけど、そんなことないんか？,3
職場にアットホームさ求めるくらいなら、勤務時間短い仕事選んで、早く家帰った方がよくない？,3
生活困窮者が全員死んでも税負担が減るからむしろいいまである。教育に金かけないと国が滅ぶ。,3
人間は害悪ってはっきりしてんだね,2
麻雀の速度って守備の次くらいに大事なんだから、どんなルールでも速い方が強そうやけどな,3
あっさじーんさんの頭の中の消しゴム,0
とりあえず最強っぽいデッキ作ってみたかったけど、こないだクモデッキやりたくてシャード使ったから無理だ,2
だれかハースストーン雀魂部つくってくれ,3
好きなアニメはたくさんあるけど、１つ選べと言われたらアニメ版エヴァンゲリオン,0
パチンコは色々言われながらもギリギリ法解釈の問題で議論になるけど、賭け麻雀なんてどうしたって違法なんだよな。,2
給付金振り込まれないけど、なんか間違えてたかな？と思って問い合わせたら「申請したのが遅いから」とのこと。「なるほど」しか言うことがなかった。もっと早めに申請しとけばよかったなー。,2
もうちょっとキャラごとに染め手に強いとか、配牌がいいとか特徴だせば戦いに戦略性が出ると思う,3
捕まらないからとか、人に迷惑かけてるかけてないなんてのは些末な問題に思う。,1
二酸化炭素は7%削減できたし、渋滞も満員電車もなくなった。テレワークも推進した。,0
わいはそこそこ日本好きやけとね。世界に200カ国ちょっとあって、一人当たりGDP25位だから、生まれる国ガチャの中では大当たりではないけど、当たりの部類だよ。,0
1番ひどい神奈川と隣接してるから東京はまだダメそう,2
北海道もそろそろええやろ。25日の判断で神奈川と東京以外解除してくれ,3
あと200シャードほしい,3
zooの接客がひどいって話はあるけど、薄給で多分ゲーム代バックもそんなになさそうって考えるとあの労働量が妥当でしょ。,0
あーなんだかさみしいね,2
スペフリさんが知ってる山を1時間千円くらいで教えてほしい,3
咲だったらタコスと咲姉の能力は違うじゃん。でも天牌だと黒沢と入星の能力差がわこりにくい。そこが人気の差になってると思う,0
データサイエンティストは人数も増えてるし質も上がってるはずなのに、全然活かせてない業種あるよね。,2
明日から学校開始。また早起きしないと。,3
半額で買ってきたエビフライをカレーにのせてエビフライカレーにしてみます。,3
スーパーで買ったエビフライは衣が厚くて残念でした。,2
ひと休憩。あれれ、高校の寮生が集団でノロウイルス感染。コロナの手洗い励行で、今は感染性胃腸炎も封じ込められているかと思ったのに・・・。,2
あらら、163人のうち79人が発症は厳しいね。６日から５日間の営業停止処分て、その間の寮生の過ごし方、食事のお世話はどうなるのだろうかな？,2
外を見たらGWよりも車の量が増えています。GW終わって平日に戻ったからでしょうか。観光地が近い当地では、例年と真逆の現象です。,2
おやつチャージで疲れスッキリ。低カロリーの夕張メロン風味ゼリー。,0
新しいスマホの人工知能が今日は脂肪を5g燃焼したと教えてくれた。歩数計の結果から。5g…,2
昨日から登校しているのは全国で三県だけだったのか。,0
ごみ捨て場のプラスチックごみの袋、量が半端ない！いつもの三倍くらいはある。やはり、弁当や惣菜の空き容器がとても多かった。扉開かないくらい袋がぎゅうぎゅう詰め。,0
昨日ZIP!で紹介していたエア縄跳びを本日も開始。ちょっと飽きそうなのでエア二重縄跳びを取り入れてみたけど、本気出してる感じがして恥ずかしくなったので3回でやめた。血行良くなったところで、さてお仕事にとりかかろう。,3
母の日ギフトを急いで買いに行かなければ。コロナの影響で花業界が打撃を受けているから今年は花を買おうかな。,3
ついでに鶏のから揚げを作って渡すとしよう。,3
テイクアウトした食べ物は速やかに食べましょうね。テイクアウトに限りませんが、時間が経過すると食中毒のリスクが。,3
お昼に、母の日のプレゼントも買い物に行ったけど、イオンモールがしまっているので選択肢が花になる。スタバでコーヒーも買おうかと思うも。,2
もう少しでイオン開くんだな。楽しみにしておこう。,3
唐揚げを揚げます。上湯、にんにく、しょうが、酒、こしょうで漬け込んでおいた鶏むね肉に片栗粉を付けて揚げます。この味付けは初めてだけど、たぶん塩唐揚げの味になるだろう。,3
あ、でも恵みの雨も必要だね。農作物にとっては。,3
私の中では最上級な入浴剤「きき湯」のお湯に入ったので、なおさら風呂上りが気持良い。,0
朝食にもらったいちごを大量に食べた。キシリトールが多く含まれるので…たぶん穏やかな緩下作用があるよ！,3
英語で来る迷惑メールのほとんどがバイアグラかサングラスの宣伝、中国から来るのが偽ブランドの宣伝、どっかの外国のドメインで来るのが読解できないかサイバー脅迫系。さばくのも飽きてきた。,1
そうだホームページを更新しよう。ソースがぐだぐだだから。,3
だから自分も10年以上、田舎でテレワークを利用し、東京、大阪、名古屋の仕事を鳥取で続けている。最低賃金や物価が安く自然に恵まれた「地方在住」だと可能なことかなと思うよ。,0
お昼。誰もいないので適当に余った食パンに目玉焼きとマヨネーズをのせ、塩、こしょうをかけてオーブントースターで焼いて食べました。いつ食べても安定のおいしさ。,0
しかし、目玉焼きon thaトーストは、序盤で半熟卵がでろんとずれ落ち、まるごと黄身を落っことしてしまった。黄身喪失…これはとても残念。そして掃除の面でも厄介なパターン。,2
そして、自サイトの汚れたHTMLタグをクリーニングしようと思います。,3
先週ZIP!で紹介していたエア縄跳びを続けていたところ、あきらかに脚力が強化されました。,0
エア縄跳びをしていたら、毎日、ふくらはぎから足首にかけてパンパンに張る感じ（軽い筋肉痛？）がしていたので、いい感じに鍛えられていたようです。これは良い運動です。,0
「夜と霧」は本当に面白かった。最初にわかりやすく訳された本を借りたらさっぱりわからなかったので、そうではない堅い本を借りたら、そちらのほうがよく伝わってきて読みやすかった。歯を磨かなくても意外に大丈夫なんだなみたいなのは面白かった。,0
早めに寝よう。来週は良い1週間になりますように。,3
えっ　鬼滅の刃もう最終回になるの？まだ1話しか読んだことないのに…乗り遅れた。,2
朝5時30分に起床したので眠いなあ、舟をこぎだしたので寝ます。,0
テイクアウトや宅配のチラシが来たけど、そろそろお店に行って店内で食事することもできそう。,3
することがたくさんありますね。ひとつずつこなしていこう。,3
私はヘアドネーション（医療用ウィッグに使う人毛の寄付）をしたことがあり、すぐ髪が伸びるから、もう1回挑戦しようか迷っています。,3
御岳百草丸は1回に20粒数えて飲むのが面倒くさい。適当にざっと出して飲んでるからぱっと見は15粒くらいのような。でも腹痛治るからいいや。,2
御岳百草丸は苦味健胃薬と呼ばれる薬になるらしい。この特有（強烈）なにおいと苦味はセンブリによるものなのかな？,0
そして就活はこの前まで「売り手市場だね」とか言ってたけど、今年から求人率が下がってしまった。うわーどうしよう…就活もいまだあまりできないし,2
去年食べたホットエアーさんのラーメン食べたいなあ。開いていたら、思い切って食べに行っちゃおうかなあ。,3
胃薬が効いたのかお腹がすいている。今晩のおかずは酢豚ならぬ酢鶏を作る予定。豚肉を鶏むね肉に替えるよー。,3
そういえばプチプチの正式名称は気泡緩衝材、コロコロは粘着カーペットクリーナー、ガチャガチャはトイカプセル…でしたね,0
正式名称知らない物けっこうあるけど、コロコロとかプチプチとか通称のほうがみんながわかるよね。ちなみにカラビナはカラビナとしか言いようがないけど、名前がなかなか覚えられないな。,2
今朝はスマホのアラーム5:30に起こされた。自力で起きられなかったのが珍しい。,0
JR山陰本線の青谷～泊間で線路確認中とのことで運転見合わせてる。汽車乗れず駅から帰ってきた家族によるとトンネルがどうこうと言っていたけど、いつ終わるかなあ…,2
あっ山陰本線が運転を再開したと更新が。マイカーで送りに行くか、最悪今日は休まなければならない所だった。,0
ああー駅に行ったらJR運転が取りやめになっていました…。公欠。,2
結局、ヒルナンデス見ながら昼ごはん食べた。それはそれで、ちょっとまったり。,0
青谷～泊間の線路、いつ復旧するのかな…明日はJR利用できるのだろうかちょっと不安。,2
あと、ヒルナンデス見ていたら和牛の川西さんが吉本イケメンランキング2位ってことがわかったのだけど、今どきの1位は誰なのか気になった。2位が川西さんてことは…と。,3
とりあえず、食後はとっておきのハワイ産コナコーヒーでコーヒーを淹れ、気を取り直すことにした。いつものコーヒーとは違う、甘い濃厚な、良い香り。,0
吉本のイケメンランキングが気になって、調べてみたら1位はEXITの兼近さんだった。そしてあいかたのりんたろうさんはイケメンランキングにもブサイクランキングにもランクインしていた。最近はそんな感じか…。,0
吉本のぶさいくランキング（最新）も見たけど、1位のアインシュタイン稲田さんは、殿堂入りするのだろうか。植毛中の髪の毛、豊かになってきましたね。,3
5月に買い換えたスマホ、充電すると人工知能が「そこそこお腹いっぱいですが、僕のことを気に掛けてくださりありがとうございます。」としゃべってきた。恥ずかしい。この機能、もう少し目立たないように設定し直さなきゃ。,0
スマホの通知ドットがアクションで消えるものと何をしても消えない物があり、呼び出したくせに通知ドットがずっと表示されているものにイライラ。ついている理由を教えてくれないのは不親切ですー。,1
5月に機種変したスマホからいろいろな通知音が鳴るんだけど、さっき聞いたたこと通知音が2回鳴ったので、なんで鳴ったのか気持ちがざわざわしている。びっくりするし、なんかの緊急事態かと思う。,2
今晩はカレーライスを食べよう。カレーは普通のにして、サラダをちょっと贅沢にしようかな。,3
少し前は淡色野菜がお高かったけど、少し安くなってきたので、新鮮ななま野菜をたくさん食べたいです。,3
お菓子が無性に食べたいときの欲求は、お菓子でお腹を満たしたいというより、噛みたい、飲み込みたいという感覚があります。食べると疲れが取れてすっきりするみたいな。,0
仕事が忙しくてお菓子は食べない、というのがベストなんだけど、仕事も自力で復旧できるよう頑張っていきたいですね。,3
カレーにルーを投入。ハウス「プライムカロリー50％オフ」のバーモントカレー甘口とジャワカレー中辛を程よくブレンド。。ジャワカレー辛いなあ…。,3
ルーを投入したカレーをしばし弱火で煮込み、家族が風呂から出てきたら、夕食開始となります。,3
久しぶりの自宅カレーライスは美味しかったなあ。,0
でもカレーライスは同じメーカーのを使うより、タイプの違うのを組み合わせて作るほうがなんとなくおいしいかな。,3
マスクは普通に販売されるようになりましたが、お値段はまだひと箱2500円程度と高いです。,2
気温が下がったためか、ずっと肌寒いなと思っていながら過ごしていた。こういう時はもう少し厚着するべきだった。,2
肌寒いなあ,2
「砕けた敬語」なんとなくわかるけど、正解がなさげで「失礼」と「フレンドリー」の境界がどこなのか、モヤモヤします,0
そういえばベトナムのサンドイッチみたいなパンはバインミーという名前だけど、バインフラン、バインミー…「バイン」ってどういう意味だろう,3
ベトナムのバインの意味を調べたら「粉もの」という意味があるらしかった。お好み焼きぽいもの、ライスペーパーを使ったもの、麺…など、みな「バイン○○」がつくようだよ。,0
衣類をしまってから気温が下がるの困るー。,2
おひるごはんを調達してこよう　お腹が減ってフラフラ,3
空腹のときに買いに行くと思考がはたらかず、延々メニューが決まらない,2
お昼は餃子。だけ。,3
バインフラン、スプーンですくってもでろーんって脇から全部落ちていく。食べにくいなあ。味は良いのに。,2
ベトナムのコーヒーは、嵐にしやがれで相場ちゃんがべと波でツーリングのたびをしたとき、お土産に買っていて、興味を示しました。,3
眠い。毎日この時間帯が激しく眠いです。夜の睡眠が4～5時間に固定されていて、昼間に眠いので夜にもっと寝ておきたいんだけど…,2
ネルノダの味は、ショウガがきいていて私にはけっこうきつかったので、もう少しやさしい味だと嬉しいんだけどー。,3
昔、家族に、朝ナイトミルクをこっそり飲ませたら（普通の牛乳が切れていたので）帰ってきたときに「今日やらや眠かったわー」と言っていたので、もしかすると今は売っていないナイトミルクは睡眠に何らかの作用があったのかもしれない。すごい。,3
鳥取県は、中止になった高校スポーツの代替大会を都道府県レベルで支援するらしい（全国初）。このように、都道府県によっては、完全に中止するのではなく、県内でできる取り組みもいろいろありそうですね。,3
そういえば資格試験、検定試験も中止になったものが多いだろう。社会人はじめ、受験に関連する資格の取得、学生の皆さんはどうするのだろうか。,2
うちの家族、この前の簿記検定〇級に落ちてた。次に受けられるのいつになるのか…合格点にちょっと惜しかったそうだから、この前合格していればよかったのになあ…,2
日本語検定受験のため、オジンオズボーンの人が監修した 漢字ドリルを買おうかと真剣に思っているよ。檸檬とか薔薇とかさくっと書けるようになっちゃうんでしょ。,3
私はテレワークなので布マスクでいいけど、家族は仕事やバイトで不織布のマスクがいります。できればコロナが夏ごろにはきっちり収束してくれるのが一番。,3
自分の手の爪も1週間に2回は切らないといけないんだけど、ここ1年で急に手の爪の成長が早まった。それまでは1か月に1回着る程度で良かったのに、なんでかな。,0
もう少ししたら500円くらいで買ってあったストックのマスクも切れるだろう。今マスクはひと箱2300円くらいでたくさん売っているけど、もう少し安くなると嬉しいな。,3
早く元通りの日々がもどりますように,3
まだクラスターが発生してるのか(宇都宮),2
風邪気味だったけど、昨晩に葛根湯飲んで寝たら、今朝は久々に体が軽い。安定のプラシボ効果。今朝も飲んどきました。,0
週末は鳥取砂丘に梨ソフト食べに行きたい ドライブスルーで色々販売するみたい。,3
白バラ牛乳、白いか、ラッキョウ、鳥取砂丘…鳥取の定番オブ定番を紹介してたなあ。カニミソバーニャカウダは全国に知ってほしいわー。,3
10円単位でせこせこして生きているので、退職金7000万とか次元が違う。,2
「また機会がありましたらよろしくお願いいたします」がなく「ありがとうございました」だけよりは今後が続いている感じがするし…うーん。,3
イオン内のセリアに行けるようになったのがありがたいです。100円ショップしまると意外に不便。,0
しかしながらスマホの人工知能さんの声がだいぶ自然なのは感心しました。,0
合成音声もそのうち、生身の人間と話すのと変わらないくらいになるのでしょうね。それはそれで楽しみです。,3
私が高齢者になる頃は、たぶんロボットに介護されるようになるんじゃないかなー？？と思います。,3
介護職の人が足りませんよね。,0
漢方薬を2回飲んだだけで風邪がすっかり治るとは思えませんが、ひき初めのうちに対処したのがよかったのかもしれません。,0
毎日飲むヤクルトは、ついているストローを使わないので、いつも捨ててきましたがもったいない気がして前回のヤクルトから取っておいてみることにしています。,3
今引き出しの中に、未使用のヤクルト専用極細ストローが10本たまっているのですが、取っておいてもやっぱり使い道ないような…,2
使わない付属のストローや割りばしとかって集めろけば、家に小学生とかいた際、夏休みの工作とかに使えそうなのに。,3
あっ　ピカチュウ見るの忘れた！,2
同じことを毎日思うけど、それも何年も実現できていません。もう少し時間の使い方を工夫しなくては。,3
今日もいい天気だなー　まだ梅雨入りしませんように,0
鳥取市からも中小企業者経営持続化給付金のお知らせが来ていた。昨年同月より30～50％売り上げ減で30万円上限に給付金もらえるとのこと。,3
４月以降の売り上げが明らかに減るので、中小企業者経営持続化給付金は申請する予定です。もしかすると50％以上減かもしれません。,2
飲食店の営業とそれに伴う事業の再開があれば、こちらの仕事も再開できるんだろうけど、アフターコロナに飲食店業界の状況が変わってその事業が縮小するのではないか、と少し不安。,2
鳥取砂丘のドライブスルー、道が混んでいたら嫌だな…それともあんまりお客さん来ないのだろうか？お昼ご飯を買いに行ってみたいと思う。,3
鳥取砂丘のドライブスルーは、家族の体調が悪いようなので本日は見送り。毎週実施されるようなので、食欲あって美味しく食べられるときに挑戦してみよう。,3
明日に販売されるだいぜんの鯖カレーは食べてみたいです。,3
ファストフードのネット注文は待ち時間がなくて便利だけど、作り置きぽくてポテトがちょっと「ふにゃっ」てなってるのが惜しい。Mスのほう。,2
フライドポテトはMスのがおいしいな。Ｍドは安くてクーポン使えてカリカリでよい。Ｍスはほくほくしていも感があって、少し上質な感じ。,0
結局昼は何食べようか…体調悪そうな人がいるから、栄養があるものを。いかにも消化悪そうなジャンクとかは避けないと。でも昼はさっと食べたい感じだなあ。,3
いろいろなまちの地図や地域情報をじっくり見ていると、その地域に住んでみたくなりますー。目移り。,3
いつになったら県外ナンバーでお出かけして良くなるんだろう？高速道路のサービスエリアに行きたいです。,3
道が混んでる やっぱり砂丘方面にいくのはやめよう…,2
テレビ東京の盗聴調査のテレビ、ついつい見続けちゃう 時間が…,3
南向きのリビングの窓際に寝ころんで毛布かけてゴロゴロしたらめっちゃ気持ちがいいだろうなあ。,3
ん？五葷（ごくん）を抜いた「グリーンバーガー」って何？モスからほぼ毎日メルマガ来るけど、そんなのきいてないよ？,3
鳥取のモスでもグリーンバーガーって売ってるんだよね？玉ねぎはさんだのや天麩羅のっけたのしかお知らせ来てなかったけど…そんなこじゃれたバーガー今日から売ってるなんて知らなかった,3
五葷ってショウガ、ラッキョウ、ねぎ、タマネギ、ニンニク…とか健康に良いと言われているものが多いのに、宗教上の理由で禁じるのはもったいないね。口臭予防にはいいけど。,2
なんだか今見ているサイトには、藤子不二雄(A) や小籔千豊も菜食主義って書いてあるぞ,3
５月には行ってからくしゃみがよくでる アレルギーかなあ,2
厳しいときでもぶれずに真面目に精進しなきゃ,3
テレビに出ている人の中で、髪が伸びているのが気になる人が2～3人います。美容院…自粛なのかな,0
最後に行ったときは、１月か2月の初めだったと思うけど、美容師さんはそろそろマスクを着用し始めていました。まさかコロナがこんなに猛威を振るうとは思っていなかった頃です。,2
テ○ハといえば、ようさんとか出てるときには見てた。そのあとは濃いキャラがいなくて見るのやめた。ようさんもあの頃亡くなったんだ。,2
要はマイペットとかジョイとかでいつも通りに家事すればいいということね。界面活性剤で消毒できるなら、普段から家事している人の手指はもともとコロナウイルスも少なかったのだろう。,3
今日は30度近くまで気温が上昇しそう。マスクしていると熱中症になりやすそうだから、意識して過ごしたほうが良さそう。,0
ただでさえ、例年は暑熱の環境で熱中症が多発しているので、マスクで熱がこもったり、水分こまめにとれなかったりするのを意識して避けないといけないな。人前だと特にマスク外しにくそうだからちょっと心配。,2
マスクなど、近くにスーパーとかもなく通販とかも使わず足のない高齢者の方などは、かわりに買ってなんぼでも届けてあげたいけどね、転売とか有料サービスとかじゃなくて、出かけるついでとかに。親類同士でやったらいいね,3
食パンにホイップクリームとフルーツを挟んだサンドイッチって美味しいのかな。サンドイッチは好きだけど、甘い系はいまだ食べたことがない。コンビニとかですたれないなら美味しいということか。,3
前に食べて、中のフィリングが熱くて舌をやけどした記憶があるのでそれから注文しないけど、安いしたまには食べてみようかなと思ったりする。,3
大江戸温泉物語 箕面温泉スパーガーデンに行ってみたいなあ。気軽に温泉が楽しめそう。,3
気心が知れていない人に対して匿名の人が辛口な突っ込みをするのは、誤解されることが多いと思うので、避けたほうがいいように思います。,0
ガーゼマスク2枚が届きましたが、家族誰も「不要」とのことですー。私も水着素材のマスクを4月に5枚買ったので、ガーゼマスクは不要ですー。どうしよう。,2
効率よく鉄を補給したいと思い、鉄を取るための牛肉と鉄の吸収を高めるビタミンCが豊富なパプリカ、ピーマンを夕食に選びました。,3
牛肉は、コロナの不況で購買意欲が低下している中、思い切ってヒレステーキを。半額になっているのを、一人あたり500円くらいの買いました。これはお得だった―。,0
鉄と言えばだんとつレバー、あさりやひじきなんかだけど、みんなの好き嫌いが少ないのは牛肉や卵かな。かなり吸収されにくいそうなのでビタミンCでお手伝い。,3
ユニクロも夏向けのマスクを作るそうです。「エアリズムのTシャツの古くなったものを切って手作りマスクを作れば…」と考えたこともあるけど。,3
いろいろなメーカーがマスク販売に乗り出しているのですね。コロナ対策のマスクはいつまで必要になるんだろうか…。,3
街には活気が戻ってきたみたい。コロナのせいで失ったものも多いけど明るい世の中になるといいな。,3
ZIP！でやっている偉人の名前作るアナログゲーム面白そう やってみたい,3
今日はプリンの日とのこと。ちょっといいプリンたべようかな。,3
これから、自宅にこもってメディアやゲームで時間をつぶしていた人達の意識が、次第にほかへ移っていく。世の中の雰囲気も変わっていくのでしょうね。,3
コロナの2波３波が来ず、終息してくれたら、自粛警察てきなものやSNSで荒れる人もだいぶ減るんだろうけど。,3
スパムメール。ゆうちょに登録していないアドレスに、【ゆうちょ銀行】 <information@jp-bank.japanpost.jp>から口座を更新するようメールが来ています。,1
プリンのフリー素材をツイッターに投稿したものの、拡大されるけれど、7コマあるからこのサイズに作り直すのは面倒…GIFアニメはコマの数だけ手がかかるです…1個30～2時間かかるです。,2
大腸菌の日和見菌の話を聞いたとき、人間に似ているなと思った。真の善人、悪人はほぼおらず、大半が似たり寄ったりの一般人で、環境によって良い人になったり悪い人になったり、処世のため有利な方にくっついていく集団心理みたいな感じ…,0
人に、完全な善人もいないと思うので「ちょい悪～良い行いをする人」の間を揺らぐくらいの人でいたいです。,3
だけども、ヤクルトを毎晩・数年飲み続けても腸の調子は向上しているとも思えず…最近食生活を変えてみて「乳酸菌を投与することにこだわらず、悪玉菌を増やさない食生活と生活習慣を維持する」ことのほうが、整腸作用がある気がしてきた。,3
あらっ　今年もチョコミントの季節がやってきたみたい？去年夏だけのブームかと思っていたけど、チョコチョコ出だした。好き嫌いはっきり分かれるよね。,3
あと、チョコミントはいくら美味しくても、あまり食が進まない。やはりスース―感とハーブの香り、見た目のミントブルーが、違和感をかもし出す？ダイエット中のおやつにはいいかも？,3
クラスターとかもう発生しないでね！,3
そろそろ外食したいなあと思いつつ、収入減で財布のひもは締めないといけないから、お店にあまり貢献できないかも…,2
正式に緊急事態宣言を全国で解除したのですね。地域差があるから、ちょっとピンとこない。,0
学生や外国人留学生がコロナの影響で学業を断念することのないよう、どうにか補償してほしいなあ。将来が変わってしまう。,3
昨日は0時半に就寝して4時半に目が覚め、4時間しか寝てないので午前中は眠くてだるかった。昨日の20分ほどの昼寝が原因と思い、今日はコーヒーで目を覚まし昼寝は我慢。それで日付が変わるまでに就寝すれば変なリズムがリセットできそうな気がする。,3
テラハ見てないからよくわからないけど、木村花さんはヒール演じていたのかな,2
テレワークに切り替えていた人の半分以上が、解除後もテレワークを続けたいと思っているそうですね。身支度や通勤な省けますもんね。,3
駅にいったら、パトカー2台と警察官4～5人、男性1人が囲まれて尋問されてた。爽やかな朝、行き交う人のかたわらで違和感。なんだか穏やかでない。,0
仕事もするけど、合間にウェブサイトのちょっとしたタグの修復もおこないます。あけてみると、タグは汚いからな～…。,2
ウサギを飼うと飼い主は制圧されて家を乗っ取られてしまうー。犬のようなしつけはほとんどきかないし、（多少は空気を呼んで守るところのルールは守れる）見た目の可愛さにだまされて甘やかしてしまう…ウサギおそるべし。,0
先代のうさぎは早くなくなったけど、子どもだからかやたらあちことにおしっこして回っていた。（放し飼いではなく、時々部屋で遊ばせる）「わーい、記念にしっこしとこ。」みたいに思え、なんとなく人間の「いいね」「SNS投稿」に似てる気がして、それからはそそうも腹が立たなくなった。,0
でも3代目のうさはトイレがきっちりしていて、清潔好きで、草食だからかけもの臭も全くないので、ペットさんとして、本当に助かっている。縄張り意識は一番すごいけど。,0
手越さんの芸能活動全て自粛というのは、けっこう重いやつ？酒席てなんなのー　もやっとする。,0
ああー、雨の中探し回ったのに収穫ゼロ…ムダに時間使っちゃった…,2
そういえば田中貴金属でプラチナ買ってたわ。放置している間にけっこう安くなっちゃって…かれこれ、金のほうが逆転するってどういうことー？,2
今日って朝から夕方まで、市内ではパトカー見る機会が多かった。たまたま、かな？いつも思うけど、空腹時に日本のパトカー見ると海苔を巻いた梅干しのおにぎりが食べたくなる。,3
ピルクル、アマー。ピルクル味と思われる、ほろ酔いのハピクルはおいしかったけどな。,0
あーあ。朝の8時台とか、夜の9時過ぎに、固定電話のほうにセールスの電話かけてくるのやめてほしいな。出ないけど、同じ電話番号2か所が2日1回の割合でかけてくる。,1
朝の9時前、夜の9時以降に、固定電話に電話がかかってくると、大事な電話かと思ってドキッとするんだよね、この時間ならと思ってセールス電話しつこくかけないでほしいわー。電話番号をネットで調べたらあやしい会社だったので。,1
関ジャニには解散しないでずっと活躍してほしいなー。,3
コロナの2波3波が来ませんように。,3
私は普段は校正の下請けをしている。コロナの影響で事業が一時的にお休みになり、その企業の校正は今はないけど、2～月はやはり皆さんの言動がピリピリし始め、パンデミックに関する校正のマニュアルもなかったので、難しさを感じていた。,2
誤字脱字はもちろん、上から目線、主観的な評価なども校正させていただいている。また他の企業のお仕事では、気になる言い回しをこっそり直させていただいた。知らない人から「いいですかみなさん」「筆者の若いころなんてのは」と言われたらイラッと来るのではないかと思い…。,0
あと、長文の読みやすさは文のうまい下手ではなく、最後にきちんと読み返して直す「思いやり」にあると思う。理解しにくい章は、ねじれて誤字脱字があって、最後に見直してないことがわかるので、知的な内容であってもぐっとこない。,0
逆にベテラン層は文章がうまく安定感があるけど「自分より年上だから気を遣う」って。つまり企業の都合から言えば「自分より若くて文章のうまいライター求む」ということのようです。,0
映画やドラマで俳優が悪役を演じるのと違って、Tラスハウスのようなバラエティは、出演者が素で振る舞っているのか演出なのか茶の間にはわからない。タレントにテレビで見るイメージが定着するのは気の毒。,0
そんなわけでアニメを見ない私も、東京アニメーションとFree!には特別な思いを持つようになっていただけど、悲しい事件が起き、言葉に出せないくらいショックを受けた。,2
ちょっとまだ状況がのみ込めない。言うとしたら「なかったことにして」「タイムマシーンであの日以前に戻して」としか言葉が浮かばない。,2
せっかくユーフォやチューバという、存在もマイナーで重くて座るポジションも隠れがちな楽器に、スポットライトが当たって喜んでいたのに、なんということ…,2
アベノマスクの配布、賛否両論だけども、実際にガーゼマスクをしている人はまだ2回しか見たことがないので、使いづらい。以前の職場では、毎日ガーゼマスクで働いていたのですが。,2
ああローソンのおうちカフェ食べたくなっちゃった。家族を迎えに行く際、駅前のローソンで買って帰ろうかな！次々色々なの出してくれて、ありがたいね。,3
東京駅なう,0
さてもう寝ようか,3
今からアキバいくぜ,3
今からコミケ向かうなう,0
コミケ帰り勢と電車に乗り合わせ。まだいたのかw,0
SPに向けてコス衣装を準備中。,3
とある時からテレビみなくなったね,0
夕御飯なう,0
さてホテル予約取らないとな,0
今度はキャリーケース絶対買う,3
電車涼しいなう,0
次回からはイベ前の前泊は止めよう。コストパフォーマンスが悪すぎる,2
今日音盤夜行行きたかったけど台風で諦めた。,2
停電長いな,0
生放送やめようかと最近思う,2
電車すいてるー,0
ついに枠内でコス画像晒してもーたww,0
漸く溜め込んでいた厄が浄化されそうだわ♪,0
今日はリアル障害物走をするはめになったw,0
今週末の準備をしないとな,0
まさかあの方が紅楼夢前日オフに来てくれるとは！　テンションが上がってどうしようもない。,0
もう枠内ではコスの話はしないほうがいいのかな？SP直後の枠でメッチャ凹んだわ,2
決めた！コスはmixiかアーカイブだけで活動しよう。SP2でマイミクさんと一緒にコス写真とれたときはメッチャ嬉しかったわ///,0
自分は黒いキャラ（服の色）がに合っているのかもしれないなルナサとかいいかもしれないね,3
紅楼夢でコスプレの勉強してきます,3
いまから京都に向かって出発します。,3
さてまずは橋姫神社に行こう,3
京都駅到着、そのまま宇治に向かいます,3
新快速で三ノ宮むかってるなう,3
いま難波でカラオケオフ。,0
せいがにゃん本ゲットだぜー,0
名刺持ってきて良かった。,0
前の席のおっさんが紅楼夢といったような。聞き違いかな,0
しかし大阪にいるのにテレビで石川の観光番組をやってるとは。これは帰省フラグですかw,0
掛川通過やね,0
雛ちゃんのスケブゲットしたえ,0
常磐線快速ナウ,0
僕と契約して年賀状交換しようよ！,3
いまからペンタブ見に行くんだもん,3
ガチで雛コスしようかしら,3
電話機買ってきた。やっとひかり電話の恩恵を受けられる。なにげに市外局番が2ケタなんだがなw,3
東方北陸祭、雛コスの方が多いらしいドラえも～ん、どこでもドア出してよ～,3
今日だけは関東に住んでいることが悔やまれる,2
会社の女の子がコスしているらしい。東方キャラだったらと思うと胸熱やねん。,3
これは…本気で雛様に恋してるみたい,0
最近人妻もいいかなーと思えるようになった。変わったね私。,0
東方日記mixiに上げたら東方知らない友人から楽しそうだねって言われた。,0
大好きなあの娘のコスプレしようかしら？,3
量子力学の講義はいい睡眠薬でしたw,0
来月買うペンタブ決めたよ！,3
片山津温泉は父親所縁の場所だ。今度旅行に行こうかな？,3
かえってきたー,0
おはよう,0
久々に都内出るか,3
コスのリベンジだってあるし、お絵かき放送もしたいし、友達もいっぱい作りたいのだ～,3
マジで雛ちゃんコスしたいわ～　予算がかさむけど,3
コスプレをするにはヒゲイベを攻略せねばならぬ,2
やるからにはガチでやります！生半可な気持ちではぜったいやらない！,3
昨日蘇我回りで帰った。意外と所要時間がかわらないのだった,0
臨時収入がほしい。使い道はコs…じゃなかったペンタブ買うの,3
先生の仰せのままに一つの絵に全力を尽くします。,3
Twitterの魅力にとりつかれた,0
おやすみなさい,0
おはようございます。昨日は寝落ちしてしまいました・・・,2
全く絵を描いてない僕が１ヶ月で年賀状のイラストを描くことに挑戦します。,3
テレビで諏訪湖の特集やってた。行きたいなー諏訪湖。,3
最近現金払い主義になってる,0
やっと美鈴さんで１位とれたー,0
せいよし本を探しにいざアキバへGO!,3
今日放送できたら奇跡です,3
来年４月までに新しい仕事を始めたい。何やろうかなぁ,3
年賀状１枚分のイラストにどれだけ時間掛かるかな？,3
今日の私は冬コミ直前の同人作家の心境です。,3
魔理沙ちゃん描いてみた。初めてのカラー絵にしてはマシかな？だがまだお見せできる状況ではないです。,0
『情熱と呼べるほどの強い思いさえあれば、まず何でもやり遂げることができます。自分自身の成功への情熱と呼べるほどの強い思いが、成功への鍵なのです』（京セラ創業者　稲盛和夫）　今まさに当てはまってます。,3
ちなみに目は私が一番好きなサークルさんのイラストを参考にした。,0
仕事おわりー,0
いつペンタブ買いに行こうかな？,3
携帯の無料通話使い切れないー(>_<),2
イラスト描きの経験値が若干上がった。,0
今からペンタブ買いにいきます。,3
浅草の定食屋さんでランチなう,0
あと20分で最寄り駅,0
おはようございます！,0
ルート変えて正解だったな,0
今年は節目の年。何か新しい仕事を始めたい。仕事にはしないけどイラストも練習しておこう,3
おはようございます。,0
スペルカードってペルソナにもあるんだけど検索するとほぼ東方で埋め尽くされている悲しさ,2
電気ポット壊れたからもうすぐ買おう,3
来年もSP開催してほしいな,3
今日改めて自分の運動不足を思い知らされた。,2
ついに自分を投げたしてしまった←mixiに東方大好きーを晒した,0
スタンドマイクをみにいざいかん,3
リア充のはっきりとした定義を教えてください。,3
ホワキャンいってきたけど入り口にコスプレした人がいたくらいで中はガランガランだった。,2
無理やり告白してもいいことなんてなかったんや。以上,2
年賀状ご希望の方はリプ下さいな♪,3
やばいっ！ 来年３月に雛フィギュアが発売とな！,0
お休みなさいー 寝ないけど,0
皆さん、おはようございます。,0
年賀状送付ご希望の方は本日中にskype「kogasanalove」あるいはツイッターDMをください。本日で締め切ります,3
おはようございます。今日で仕事納めです。,0
新木場なう,0
石動駅通過。あと15分くらいかな,0
実家なう,0
東方をほとんど知らない友人からコミケ２日目の夕方にコミケお疲れ様メールが来た。,0
さてついにボカロに着手する時が来たか！,3
いま描くならゆるゆりかな。東方以外だと。,3
ちょっとだけイラスト描いて寝よう,3
正月休みに帰省してある話を聞いてから正直呆れた(-_-;),0
サークル活動するための課題。１.画力アップ。2.サークル名を決める。3.相方を募集する。4.人脈を広げる。5.コテハン変える必要あるかしら？kogasanaのままでもいいのん？,3
まずは小規模オンリーから始めていこう♪,3
せっかくintuos4を買ったのだからフル活用しないとね！,3
しかし腹へった,2
その時は自宅にいる、もしくは都内にいると誤魔化す私。,0
瀟洒な翻訳者になりたい,3
そして瀟洒なイラストレーターに（ぉぃ）,3
お風呂から帰還～,0
最近市販の鏡餅は中に切り餅が入ってるのね。便利だけど味気ない…,2
mixiボイスに転送できない・・・,2
にゃんにゃんかわいい,0
仮装祭、名刺持って行って大成功！今度から絶対持って行こうっと,0
3月12日の生放送のコメントが痛々しい・・・,2
また勤務場所が変更になった・・・でもちょっと歩けばアキバが定期でいけるというお得ですっ！,0
アクセス特急のってもーた,0
高砂から戻りなう,0
町屋辺りに住みたい。,3
あ、競馬でもいうか。,0
今週で船橋ともお別れかー,2
お風呂行ってきま～す,0
お蕎麦おいしかった,0
しかし山手線で通勤とはすっかり都会的になったもんだ,0
今日は眠いので寝ます。おやすみ～,0
台所の排水が詰まってひどい状態だったので業者さんを呼んで直してもらった。さすがプロだね！30分で直っちゃった！,0
都心は経路によって定期代が変わるから大変だー,0
久しぶりにアキバ寄って帰ろうっと♪,0
技術翻訳しかやったことなかったけど文芸翻訳（ほぼ東方Projectの翻訳)もやってみたい。,3
いまから物件見に行く,3
実家帰らなあかん,2
お金があるのに下ろせないこのつらさ,2
例大祭SP2のリベンジを果たさねばならぬ！,3
バレンタインなんて(ry)枠やるかなー。14日には帰れそうだし,3
昨日の凸お絵描き放送はたのしかったー,0
おはよーございます。ちょっと喉がいたい,2
そしてわざわざモノレールに乗りに行ったなあ(遠目),0
田町まで京浜東北線で行こう,3
神主様、ご結婚おめでとうございます！,0
上野で常磐快速発車まちー,0
しかし裸眼が故にとある人に気づいて貰えなかったというw,2
あとは梱包資材の片付けだな。,3
初めての都内運転でしたが実家から貰ったお守りと雛ちゃんのおかげで無事終わりました♪,0
中央線に乗るのは久しぶり,3
悪友と別れてから早３年か…,2
今日は吉祥寺に寄り道してみる。,3
ブッキー☆、じゃなかった艦これアニメは劇場版ならびに2期を全て見てから最終的な判断をしたいと思います。さて2期や劇場版では1期の挽回ができるのか？まあ同じ製作陣だからね仕方ないね,3
【冬コミゲスト原稿を寄稿いただいた一部の方へ】DMをお送りしていますのでお時間のあるときに確認お願いいたします。,3
先ほどの自動ツイートの件ですが、サイトにログインして売り子募集のツイートを停止するように設定しました。これであとは安心してコミケ当日を過ごせるように願うばかりです。,3
艦これの法人アニメはどうなることやら。。今度雑な作品つくったら本当に怒るからな！,1
イラスト描きたいよぉ？？「kogasanaくん、(wiiUを買うために)ここは残業しよう！」,2
おやすみです,0
まだ会社です。。,2
[ゆる募]明日コミケ会場来る人会場で会いませんか？,3
昨日はローアングル撮影者の方々（おもに◯ッサン達）を直に見てドン引きしてしまいました。レイヤーさんはもちろん◯風コスでした。,1
数えたら今回で11回目のコミケ(連続参加)参加でした。今回はサークルさんとの交流を第一に行動。普段買わないオリジナル本も買っちゃいました！文字通り11(いい)コミケでした！,0
17日のほうらいげきせんに一般参加します！今回の冬コミでコスできなかったのでリベンジです。あのゆきちゃんコスの方をみたらなんかやる気が！,3
休日出勤がキャンセルになったので原稿に専念できるの！,0
引っ越すなら今住んでいる市外に住みたい！,3
1年ぶりにヤフオクのお世話になりました。,3
今日は機嫌が悪いのですぐ寝てしまおう,1
毎日とあるクリアファイルを眺めているだけで幸せです！,0
さて退去の立ち会い行くか！,3
有楽町線は電車によって混み具合がめちゃくちゃ違うのが困る。。,2
噂のFライナー乗った！,0
上司でもないのに上から目線の人ってなんなの？,1
某社みたいに会社から徒○分以内のところに住んだら手当て5万くらい出してくれるとこないかなぁ。徒歩か自転車通勤したい,3
超会議、みんないくのかな？行くひとが多いならいってみたい,3
前のアパートならこのまま帰れるんだけどなぁ,2
住む部屋を決めるときに必須条件にしてるのが最寄りが2路線以上使えることです。,3
舞浜で座れてよかった,0
ミルクスネーク用の餌買いすぎた。。,2
土日に出勤しないように今日は他の人の仕事もやったから、絶対休むぞ,3
年末以外連休は帰省できないのが辛い。おもにクッソ混雑するから,2
ちなみに今週末の休日出勤については無事回避しましたw,0
明日時間があったらイラスト枠とろう！もっと素敵なイラスト描きたいもんね！,3
面接の前に今日の運を使いきってしまったようです。,2
今日から選挙終わるまで埼玉県民になりたい,3
うちの部署の勘違いおばさんなんとかしてくれ,1
和光や朝霞あたりでいい仕事ないかなぁ？,3
今のうちに転職決めてしまおう,3
いつ辞めるかそれが問題だ,3
森林公園行きでも大丈夫か。,3
今年初めてゲーセンでお金を使った。しかも1000円も。,2
昨日医者に行ってもらってきたビタミン剤の効き目があまりないような。。,2
体が凄くだるい。。もうすぐ定時だが残業確定だわ。。この3連休はおとなしく家で寝ていよう。。,2
ポケモンGOやるくらいなら艦これアーケードやりにいく,3
誕生日になるまでに転職先決めたい！,3
明日起きられるか心配。前泊できないのが辛い,2
こち亀はじまた！,0
社員のモチベをあげるにはボーナスをあげるのがベストですよ社長！,3
もし将来、会社を設立するなら絶対後株にする。,3
昨日コンビニに酒とつまみを買いにいったついでにおでんを買おうとしたら賞味期限？切れで全部廃棄すると言われてその場で捨ててるところを見てしまった。。,2
お出かけできなくなって残念。,2
今日で退屈なニート生活もおわり,0
明日は早めに家を出ないとな,3
そしてやりたい仕事はもう決まってます。今の仕事はお金を貯めるだけの仮のしごと,3
アパホテルの予約とりづらくなったら嫌だな。。,2
帰ったら潮見のアパホテル電話予約するか,3
わーい！残業代稼ぎ放題だ（涙,2
来月の給料がいくらになるか考えると怖い(現時点で残業50時間越えです)。残業代金は全額出ます,3
このままでいくと残業代だけで例大祭近くには液タブ買えるんじゃね？,3
今月はネット環境が21日までなかったので2回も追加オプションを申し込んだ。,2
テレビ局のアニメ30分枠っていくらかかるのか。,3
関東に車持ってきたいけど、駐車場が安いのは松戸の馬橋駅あたりか,3
実家に新幹線で帰るやつ,0
車通勤になったら11時半以降はお酒のめない,2
北陸新幹線に乗ると東日本と西日本の情報誌が両方おいてあってお得感があるね！,0
プリンスホテル可哀想。,2
なんか馬刺しが食べたくなった。,3
花丸2期、BSでもやってほしい,3
今日車が納車されました！写真はのちほど。。,0
多分来月まで電車に乗ることはないな,0
もしかしたらインフルかもしれないので、念のためお医者さんに行こう。昨日の夜はほぼ何も食べてない。。,2
今日は風邪をひいて家で寝込んでいたのでバレンタインどころではありませんでした。。（涙）,2
もしドラえもんの鉄人兵団みたいに鏡の街があったら電車を運転してみたい,3
けものフレンズみたいな職場だったら毎日ウキウキで出勤できるのに。,3
いろいろと買うものがあって地元のデパートにきてます,3
先週ドコモショップで今使ってる端末を新しいのに変えてもらった(カメラが使えない&通話不良の為)けど、下取りしてiphoneに変えようかな？と思ってた。でも、新しいandroidが使いやすくなってたのでこのまま使おう,3
はじめてのきゅうじつしゅっきんなう,2
本人の呟きだけをフィルタリングできる機能を強く求む,3
明日退職願(退職届ではないを会社に郵送します。,3
もう会社員という働き方が自分に合わないかとか思ってしまう,2
僕が入社してから部署内で3人辞め、今年中に2人が辞める予定。30人もいない部署なのに,2
なんで今の社会はけものフレンズみたいにお互いを尊重し合えないのかねぇ？,2
早く仕事したーい！（今月いっぱい休職しろと診断書が出てる）,3
早くビールのみたい！(車運転するので今夜までお預け),3
来週仕事で福岡行きます！生まれて初めての九州だー！,3
屋台はいっぱいあったけど、一人では入りづらいなぁ,2
九州には行ったので、次は北海道だな！,3
初めて金沢駅の自動改札(在来線)通った,0
みさき公園って南海が運営してるのか。,0
デレステでお目当ての娘が出なくて辛い,2
疲れたのでスーパー銭湯にいく。お酒を飲んだので電車でね！,3
埼京線のラッシュとは無縁なちほーに移住してはや1週間,0
今回の夏はリハビリも兼ねての参加なので、温かく見守って下さい(>_<),3
新八柱から船橋法典に行くよりは近いがめんどくさいなぁ,0
明日こそ会社にシャチハタ印をもっていかんと！,3
車にほとんど乗らなくなったのでエンジンをたまにかけてます,0
某ゲームに5000円課金するか真剣に悩んでおります,3
ついに禁断の課金に手を出してしまった。。,3
米が無くなりました,2
朝からご飯を4杯おかわりしてしまうほど美味しいと評判のつや姫買ってきた。,3
ジェットコースターに乗れたら絶対1億円くれるならのります。ええじゃないか！,3
ペンギンカードを既に持ってるんですが、カモノハシカード買った方がいいかな？,3
ただいまブログのお引越し中。めんどいので今日中に終わらせてしまおう,3
あと二時間！誕生日イラスト描いてくれてもいいのよ？少しくらいおくれたって・ry,3
ブログでアニメ会社をひたすら連呼してますが、前の会社の同僚の美女がアニメ会社に酷使されているのが許せなくて思いの丈をぶつけています。,1
花のほころびは渋谷駅(品川方面ホーム)の発車メロディーです。何回も聞いていると渋谷にいる気分になれます,0
BSでNew Game見ようと思ったらやってない。。1日間違えてたー,2
今度イオンモールにあるしゃぶしゃぶ食べ放題行ってみよう。2500円で国産牛食べ放題なんて安すぎる。。誕生日前に知っていればそっちにいったのに・・,3
ぼくはケーキの上にのっているラズベリーのゼリーみたいなやつが大好きなので赤くなってるのはそれですw,0
うわーん！もう時間がない！,2
冬のボーナス(もらえれば)でイカセット買いたい思てるからはよ品薄解消すればえーなぁ,3
うちの近くには電気屋がないので最寄りのヨドバシまでいかんといかん,2
ぼくにお金がいっぱいあったらたつき監督に好きなだけアニメを作らせてあげたい,3
大阪にはちょうど3時に着きます,0
ダイハツはディーラーに行った時に挨拶一つなかったので絶対に買わない,1
そうなるとやはり家族揃ってマツダにするか,3
いいかげんあのラッピングやめろよ。。,1
なんであれの評価が高いのかさっぱりわからん,1
来年は4月下旬と5月上旬に2回東京にいかねばっ！,3
この教師絶対に許さん！(ヘビをペットとして飼ってる),1
ひらがな男子って「ひらがなの擬人化」なのね。てっきり名前がひらがなのキャラを集めたのかと思った,3
もし来月臨時収入があったらスイッチ買っちゃおうかな？,3
もしぼくがニンテンドースイッチを買ったら一緒にイカちゃんやってくれる人！,3
ポケモンの新しいやつは買わないことにしました。だってまだ前のサンが。。,2
今日はガルパンの劇場版やってたのか。ずっとイカやっててすっかり忘れてたわ,0
炊飯器を買いにヨドバシへ,3
ところできららさんのメンテはいつまでつづくのでしょうか？,0
フエール銀行の利率は1時間で10% 但し貸し出しの利率は。。(元ネタはドラえもん),0
ワシも半年だけその会社の開発部門にいたが、下請けに無茶なことを押し付けることだけは一人前でしたよ。,1
明日から仕事始めだ・・・,2
このお店確か秋葉にもあるよ。飲み会の〆にぴったり！,3
インフルに一度もかかったことがない。,0
将来結婚したとすると今よりも食費が減るかもしれないね(週末は毎日外食だもん。,3
誰か1日液タブ貸してくれんかな？やはり僕は下書きをアナログにした方がいいみたいだ,3
ポプテピピック、今回はクレヨンしんちゃんの声優さんなんだね。,0
描きにくいキャラはみつあみとメガネをかけた女の子,2
昨日の夜最寄りのゲーセンに行ったら艦これアーケードがいつもより混んでた。5台のうち2台も埋まってたからね(いつもは全部空いてる)。,2
やっぱりミラーレスほしい。スマホやといい写真とれへん,3
クレジットカードを解約した,0
飲み会の後ホテルついたら原稿しよう,3
近くに大戸屋か八番ラーメンがあればなにも文句はないが近くには居酒屋かマクドしかないため、電車で片道15分かけて駅ビル行くか、車てま20分かけてショッピングモールのレストランに行くしかない。,2
明日はお土産を買いに京都までいかんといかん,3
インフルエンサーになりたい,3
毎日残業コースでございます。。,2
経験者なのに新卒以下で働かされるブラックさ,2
ということは京都ってそんなに。。,3
来月、ミラーレスを買いたいのだが、ファインダーがついているタイプがいいなと思っている（というかそうアドバイスをもらった）,3
はてなブログの分は全部SSL対応に変更した。,0
秋口に琵琶湖一周やろうかなぁ,3
年内か年度末までにいまのところ会社辞める。,3
もうあの人に二度とサークルチケットあげない！,1
ならばいっそう徳島と高知に。。,3
なのでコミケを先行入場券と勘違いしている人は今一度意識を変えて欲しいと思います。好意を踏み路にらないでください,1
ワールドカップ決勝はぜひフランスに勝って欲しい！,3
ペンギンエリアへの旅行はしばらくおあずけです。。,2
ヨドバシでお目当てのミラーレス見に行ったけどポイント分が価格に上乗せされているからつらい,2
神戸牛食べたかったけどお店が開いてないので回転寿司にしました,2
三宮から1時間半のりっぱなしはつかれる,2
また3週間後に例のいいねがつくのだろうか,3
カタバミのとあるシーンを見たオキザリスが「カタバミお姉ちゃん」と呼ぶようになるまでのお話を描きたい,3
10日から一滴もお酒を飲んでいません,2
こっちにいるうちに京都のありとあらゆる名所を回りまくろう！,3
ダリアの種を買ってきたはずだったのに。。,2
でも、コンビニの傘は高いしすぐ壊れるし、ついでにお酒とおつまみをついつい買ってしまうから。。,2
じゃぶマイ6撤収しました！うちのスペースに来てくださった方、本当にありがとうございました！これから飲み会に参加してから帰ります！,0
以外にもアブラナの方がツンデレ度が高い？,3
冬場は風邪を引かないように24時間エアコンをつけっぱなしにしています。,3
ちなみに歴史は暗記科目じゃないよ？ 関連性を覚えてひとまとまりで理解するものです。大学を卒業してから初めてわかった,3
ウェルスナビがテレビCMやってる。早く始めたい！,3
いつ退職届を出そうかなぁ。今のところ来年の2月頭を予定しています。,3
明日も京都に行きます。どうしてもいかなければならない場所があるんだ！,3
競合サイトのクオリティが高くてびっくりしてる。こっちも負けていられないな！,3
増税前に買いだめするならビールなどのお酒、シャンプーや歯磨きなどの日持ちする消耗品だけにすることをおすすめします。賞味期限が短いものを買いだめしても腐らせたらなんにもなりません,3
来週から転職活動スタートします。今よりも収入を増やせるように頑張ります！,3
何故かアフィリエイト関係のアカウントからのフォローがたまにある。今はアフィリエイトはやってないのに何でだろう？,0
これから大日にいって住環境をしらべてくる,3
免許更新は新住所で絶対にやりたい！そうなるとどんなに遅くても9月末がリミットだな！,3
俺がなんでも積極的にやるからって押し付けやがって。まあ8月末で辞めるからせいぜい頑張ってね！,1
この前の連休に大阪に日帰りで遊びに行った時にスパワールドに行って、お昼にお寿司、夜に河豚料理を食べて帰りに京阪のプレミアムカーに乗っても9000円で済みました。,0
今日会社の人と話をして今の会社をしばらくは辞めないことになりました。なのでなので東京行きもなくなりました！,0
お寿司の出前がエリア外なのが一番つらい。。楽天のネットスーパーもエリア外だし。。,2
しばらくこっちに留まることになりそうなので広島や山口や九州にも行きたい。あと徳島のフォロワーさんにも挨拶に行きたい！,3
あくまでも私のジンクスですが、ガチャを引く前におトイレを済ませて手をかなり綺麗に洗って、その後に祈りながらガチャを引くと当たるかもしれません。,3
JR東日本に課金したくなってきた！やっぱり会社辞めよう！,3
最初はこんな寒いとこ嫌だと流す涙。2回目は食べ物も美味しい意外と暮らしやすい環境から離れるのが嫌だという涙！,0
webライティングとwebマーケ ティングのスキルをゲットしたら、web会社の正社員になれるのだろうか？(自分で会社をやるならアルバイトでもいいから経験積みたい),3
会社の給料に不満があるとある人から言われた時に、転職しないのかと尋ねた。答えは「(転職活動を全くしていないのに)俺の年齢（アラフィフ）で受かるわけないだろう」と言われた。コイツに何言っても無駄だと思ったのでそれ以降は距離を置いてます。,1
新居の近くには飲食店や映画館などがいっぱいあるので、日常生活を送る上で何ら不自由しない。遠征も便利だし会社まで電車通勤になること以外は文句なしです。,0
今週の金曜日に法律相談に行ってきます。そのための資料を用意しないと。。,3
ユリカ様の髪型描くの難しかったけど、資料をしっかり見れば意外と描けるものですね！,0
cコミティアには出張編集部があるけど持ち込みは誰でもできるのかな？それともプロ限定？,3
楽天証券で小額をコツコツ積み立てていたらいつの間にか前に住んでいたアパートの家賃1ヶ月分くらいになりました。ガチャに課金するのもいいけど資産運用もやってみましょう！,0
お絵かきベタ褒め企画についてアンケートをとった。その結果、私かベタ褒め企画の次の段階で考えていた「褒めると同時に改善点を指摘する」事も同時にやったほうがいいという意見があったので意外だった。,3
次のポルタのポイント10倍キャンペーンはいつかな？出来ればコミケに行く前日の28日より前にあるとありがたい。,3
2014年の紅楼夢にサークル参加した時に自信のなさから新刊の頒布価格を100円にしてしまいました。その結果、頒布数が若干減ってしまった経験があるので、新刊の頒布価格は無闇に下げてはいけない。、,2
同担拒否をする人は自分でオリジナルキャラを作ってそのキャラのコスプレでもしてたら？そうすれば絶対キャラ被りはなくなるよ！まあ盛り上がることもなくなるけどね。,1
A型インフルエンザに感染してしまい、今週いっぱいは自宅療養です。インフルエンザにかかった事がなかったので油断してました。。やはり予防接種は必須ですね。,2
連休前に注文した牛肉1kgよ、早く我が家においで！※5/12までに到着予定,3
【地方移住を考えている方へ】移住するなら政令指定都市か県庁所在地か中核市のいずれかにしましょう。私の出身地は都会と田舎の雰囲気が程よい感じで味わえます。近所のしがらみもそこまで強くありませんでした。,3
1～2年前に書いたブログの記事を見返していると、いかに文章力や構成が下手だったかを思い知らされる。,2
6月に緊急事態宣言が明けたら焼肉とお寿司の食べ放題に行こうと考えています。焼肉は牛角の食べ放題コースお寿司は雛鮨の高級寿司食べ放題コースどっちもかなりお高い（4000円）くらいですが、金額に見合った価値はあると思う。,3
自粛期間中の自炊レパートリー・枝豆ごはん・枝豆チャーハン・エビチャーハン・お好み焼き・肉炒めこのレパートリーの少なさよ※煮物がいっさいない,2
まだメニューが限定されていて、お目当のメニューはまだのようでした。。,2
バレンタインオンシちゃんは進化前の方が好き,0
ニチアサって寝坊しがちな日曜日でも早起きの習慣をつけたために始めたコンテンツなのだろうか？全国エリアをカバーしていないのが難点だが。,0
昨日は鬼滅の刃の二次創作マンガを見まくっていたので寝るのが朝の5時になってしまいました。,2
今回のイラストは描き方を少し変えてみました。・髪を一緒くたに描かず、前髪・横髪・後髪に分ける。・目と口の線画を別レイヤーにまとめる。・参考にしたイラストの色をそのまま使う（もちろん色だけ）。,3
前々からほしいと思っていたKindle paperwhiteをついに購入しました！,0
お絵かきをしている方にお聞きしたいです。キャライラストを描く時に髪や顔のレイヤーと目や口のレイヤーを分けていますか？,3
やっぱりそうか。。ボクはなんて無駄な時間を過ごしてしまったんだー！,2
この時間の地下鉄余裕で座れるの嬉しいけどかなり不安今日は引っ越しの荷物受け取りのために新居に行きます。,0
感染拡大地域の飲み会を控えるべきという記事がありますが、サシ飲み（2人での飲み）も控えるべきだと思いますか？,3
液タブを買いたいと思っているが、姿勢が悪くなって身体を壊すという話を聞くと尻込みしてしまう。,0
思い切ってハイスペックパソコンを購入しました！これでイラストや動画編集の仕事ができる！,0
せっかく東京に引っ越してきたのに誰ともほとんど会えていないのは本当にツライです・・・,2
過去に描いた漫画を動画にしてYoutubeにアップしていく予定です。せっかく22万のパソコンを買ったのでフル活用していきます。,3
そういえば昨年の11月くらいにオリキャラ３人描いたっきりだったからそろそろ続編を描いてみよう。,3
今週末から自分がいいなと思ったイラストや漫画を引用リツイートで「陰褒め」していきます。他人の作品を褒めるにはその作品をじっくりと見る必要があるので観察眼を磨く練習にもなります。,3
にーちゃん,0
帰ってもいいかな,3
けっこう行きたみがある,3
つかれた！会津の夜は暗い！,0
コウペンちゃんカフェ行きたいんだけどな,3
これ欲しいわ,3
横浜行きたい。綺麗な街並みを写真バシャバシャ撮りたい,3
コーヒーの店舗くらいググッてくれよ。話が進まないしなんでこっちが一方的に教えなきゃあかんのや。,1
さて、ごはんどうしよう,0
キレそうというより心の中でずっとキレてる。クズよりグズが嫌いかもしれん。,1
笑顔と八重歯が可愛いねー！,0
夏の新潟ってけっこう過ごしやすい方だったのにな。,2
oh......なんか最近多くない？,2
コウペンちゃんカフェ、土曜日空いてる…,3
9月は前半がつめつめだな。がんばるんば。,3
こんなにも何もしたくない日曜日は久々だ?でも服と靴買って支払い行かないとだし、柔軟剤も買わなきゃ。,2
仕事行く前にも後にも寄れるな…,3
マイナンバー活用が進んでないからってポイントカードにするのって今やるべき事じゃないよね?,0
戻東京,0
未来のこと決めるのめんどくさいって！！！！！日々そんな場当たり的に生きてるの？？？？,1
基地局って結局電気ないと動かないから今回みたいに電力確保が難しい時結果的にすぐ動けないって事なのかな？自家発電にしても病院並みの設備を整えないと行けないんだろうし。車型で数千万、運用費はこの際置いといても電気ないと何にもできないのは辛いな。,2
郵便局めっちゃ暑い。局員さん暑くないのかな…,2
エンタの前に伊沢くんの出番終わる？終わらないと困る,3
ルンファクがなかなか進まないからFEも手をつけれなくて、未だに1部終わってないのだが、むしろFEを先にクリアする方がいいのかしら。次ドラクエあるし、その次は牧場物語だし、ポケモンあるし、時間が足りなすぎる。,2
秋の陽射しがとても良いけど日焼け止め塗らないと後日大変。,0
え！マスカット食べたい！,3
そうだ酒飲みに行こう。,3
昼夜逆転生活してしまってやばい,2
いかにんじんをご飯に乗せたことは無いわ。何故よりによっていかにんじん…会津天宝ねぎ味噌で良くない？,1
新宿に行こう,3
ゴンチャの新作の感想は、トッピングいらん,0
この後上のチケホル2つ落ちたので設置し直しました。,2
線、まだ死んでる,2
そして死霊館見なきゃ,3
かみやはほんとかみやだよね,0
鬼滅舞台化するのか?1回くらい見てみたい気はする?,3
あいちの補助金交付が無くなったのは正当な理由からすればなんの疑問もないけど、タイミングと官僚の言い方だと誤解与えるからよろしくないね。でも個人的にはあんなのに7800万も税金使われてるとか無駄以外の何物でもない。ちゃんと条件満たしてたら無駄でも補助金交付されるのが筋だからあれだけど。,1
まぁみんなが思ってる通りだよね。派閥が表面化されてから夢見れないからなあ。,0
どっちを選べばいいのやら。だれか恋じゃない恋バナしよ。,3
ランブロどうしようかな…,0
ブロマイド交換あんまでてないな？てか客席もけっこう空いてたのも…そんなにキャパあるわけじゃないのに…普通に楽しいし面白かったんだけどな?,2
券売機が長蛇の列でなんだろと思ったら定期券か。,0
温野菜が安い,0
間に合うけど間に合わないという難しい日本語,0
ランブロ推し出無さすぎて泣くんだけど。枚数はともかくあと2種?,2
あと集合だけだな?,3
やたら樹状細胞が集まる?,0
物販けっこう人いるのにブロマイド交換あんまでてなくて、みんなランブロはそんなに買ってないのかな。てか、集合少なすぎないか？,0
充電がないので最低限になります…,2
すみません、DMはほんとに夜中または明日になります。,2
医学部だから研修かな？,0
ミュシャにそれとなくようくんまぜる所業をしようかな。,3
仕事で1つ忘れてて指摘受けてるけど、月曜でいいらしい…明日やりうと思ったけど逆にやらない方がいい奴になってしまった…,0
人身事故ってなんでこんな時に?,2
分かってるけどかとさんだと本物の輪投げに思えてしまう,0
安全と異文化どちらをとるなんて火を見るより明らかでしょ…安全第一。てか郷に入っては郷に従え。,1
まじでキモすぎる。こういう人って何考えて生きてんだろ,1
週末引き込もれるように木金はお買い物しなきゃかな。白菜とキノコと肉あれば生きれるな。,3
喉痛い。でも加湿器たきたくない。でも喉痛い。,2
布団と鬼滅全巻買うのって無謀かな…しかも退勤ラッシュ…,3
家族内インフルエンザ予防接種した方がいい人ランク1なんだがしたくない,0
補助金出てもな?でもほんとかかるんだよなー,2
うーん、公式Twitterあるのに情報発信してないとこ意外とある。直営なのに。一部店舗だとしてもツイートした方がよくないか…なんなら情報発信できるとこ全てでやるべき?,3
浸水ハザードマップ見る限り浸水には強いみたいだけど、今回の台風はレベルが違うからな?てか電車を地下にするより電線を地下にしろよ。,1
高層マンションの上の方に住んでる友達が欲しい。,3
風がすごい,0
いわきやば。会津って災害あっても程々にしかならないの何の力が働いてんだろ,0
会社の週末バイトの日当が12000円交通費で可もなく不可もなくだけどパンツスーツ指定なのがな?,0
1月舞台多すぎ。3つもあるよ。チケット代がパンパン,2
その後よていあるー？?特にない?何時に終わる？?16時には終わってると思う?俺17時には終わるけど場所遠いから集合するの遅いかもなんで会うこと前提なの?主語と述語どっちもはっきりしないのはなんなん？述語すらはっきりしないって文が成り立たない。,1
スタライと日程被って泣く,2
新幹線が恐ろしいくらいに混んでる。自由席は指定席に走ってる。,0
帰り結局取れてないのよね? グリーン取ろうかな。,3
やっと東京！引き出物豪華すぎる。,0
試験は受けることに意義がある(むりぽ),3
落ち着いたら昨日の写真やらなんやらLINEしますね,0
串揚げ食べたい,3
期間が被りまくりでわろりん?,2
キャパって700くらいだっけ？けっこう狭き門かな…チケ取り全く読めない。今回のチケット高めなんだがそれでもそんなに篩にかからないだろうし…,3
だから下げてくれたら息吸えるの。顎をめーいっぱい上げて大きく息を吸うって無理な体勢で出来ないだろ,1
竈門炭治郎役：小林亮太 20歳ボイメンﾎﾞｸｱｶ爆轟役竈門禰豆子役：高石あかり02生まれ？松ｽﾃ3にゃーちゃん我妻善逸役：植田圭輔30歳松ｽﾃ1ﾁｮﾛ王室教師ハイネハイネ役他多数嘴平伊之助役：佐藤祐吾25歳ﾃﾆﾐｭ双子役ナルトﾛｯｸﾘｰ役など,0
冨岡義勇役：本田礼生27歳ﾃﾆﾐｭ3菊丸A3鱗滝左近次役：高木トモユキ42歳刀ミュ土方錆兎役：星璃ｼｮｳﾘ25歳劇団Patch真菰役：其原有沙18歳,0
そんなに作品数見てないからあれだけど、経験者とそうじゃない人の差が割とあるように見える。,0
急にめんどうになる。帰りたい。,2
再ミネ、エラー多くない？毎回夕方くらいだから1日無駄になる,1
だ！か！ら！1月に何でもかんでも詰めないで！！！,1
明日のためにネイル新しくしたいけど眠い,2
舞台の物販は別にすべきだよ…,2
まってwブロマイド全然出てない?公式はようpして！,2
また席変わるのかなー,2
しかし歌舞伎町でやるのはちょっとな…,0
パンフまだ届いてないってどんだけギリギリなのー！笑,0
10列以降が座席振替かな…？,3
26日頑張ろうかな…,3
本日は会場離れました。後日都内手渡し、郵送可,0
成田空港、孤島になりすぎ…まぁ国際空港だから広さ必要なのは分かるけど、そこにこそ地下走らないと行けないのでは…,0
スタスカ前後編で行くのはいいけど、どうやってチケット入手しようかな…あんまり持ってても今回ははけなさそうだし…,3
MステBiSH出たのか。ちょっと見たかった,2
おぐさん、舞台キンプリ観る？,3
四十七大戦って東北が出ないからずっとスルーしてたんだけど最新刊だと青森が出るの？東北って宮城ダントツ、秋田美人、津軽弁、岩手わんこそば、米沢牛、原発って知名度のような気がするから我が県は出番益々なさそうで進まないのよね…うつくしまふくしま、ハッピーアイランドとかネタの宝庫なのに,3
今日池ハロか。,0
明日は渋谷で昼飯食おう,3
圧倒的まいどくんなんだよな,0
河野さんの雨男の謝罪会見は別にいらんだろ。野党もそんなとこ突っ込む前にやとうとしての機能して欲しい。メディアも単語で拾うなよ。国民をそんなにバカに育てたいのか？,1
早くあがりたいのにメール待ちで上がれないってバカなの？メールの意味?,1
新宿は今日までなんだけど、せヴィンチ8のカップと鞄が欲しいけど、部屋に合わないの辛すぎる?一角だけコーナー作るべきか…,2
プレミアム会員でみれるかなと思ったら、up会員でも750円で購入って感じらしく、会員とは？って感じ。別に会員でなくても新規入会と変わらん。,1
とりあえず森は大人しく隠居生活して欲しいってみんな思うよね。,3
マレフィセントレンタルしようかな,3
子供がどこまで育つかわからんから一旦ルンファクに戻るか、ドラクエに戻るか、むしろスタデューバレーにするか。ルンファクまじで結婚出来ない。イベント回収何が終わってないんだかわからん?,2
今日は何しようか。,3
デザフェスどうすっかな,0
健気で身を引く受に気づかず好き勝手する攻めからのどんでん返しハピエンが好きすぎて、読んでる途中で受に感情移入しすぎて泣きそうになり、攻めにはとんでもない憎しみを感じるが、ハピエンだから何度でも読んでしまう。そしてピがいなくても充実してるなと思う。,0
ローソンが近くにないのほんと辛い? 駅近いローソンはどこだ??！ いっそ買い物のために渋谷まで行くか…でも休みの渋谷しんどい?,2
来週旅行だからあんスタ見れないじゃん！大変！,0
ビジュアル完璧じゃん？え、きめつの舞台みんなビジュアル神ってない？,0
支部の評価システム亡くなったの本当にクソ,1
終わってないけど帰る！ 納期なんぞ知らんぞ?！,1
一発あたり?今日来てるかも?でもとなりの男子中学生うぜ?座らなかったから座ったら「お前が早く座れば?」で揉め始めてうざい。あとなんでこの時間に乗ってるんだ？遅刻か？なんか集合なのか？とにかくうざい。となりのお前、そわそわしすぎ。大人しくしてくれ。,1
朝食食べていい気分だったけど、香水忘れた,2
なんで同じデータから切り取ったのに揃ってないの！意味わからん！,1
そんな人見た事ないな? てか地元だと捨てるとこ外だしそもそも洗って出してって書いてあるしな?,0
ぎゆうが4点で8000ってきめつも闇が深い,0
昨日の夜からずっと腹が痛いんだがなんなんだろうか。,2
やっぱこの時間の電車は死だな,2
いつも通りの結果やん。今回のビジュアルってどれもイマイチなんだけどね。てか初代が最強に可愛いです、はい。,2
おっふ,0
早く帰ってポケモンしようと思ったのに！！！,2
そちらさんが急いでって言ったから急いでるのに、お返事くれないのね。帰るぞ。,1
電車でてんとう虫が降ってきたんだけど,0
名古屋まで1万円ちょっとか…ふむ,3
いや、むりみがすぎょい,2
高速バスでも往復1万で行けなくはないけど来月は出費ばり多い。ボーナス前の出費だからあうあう,2
お金出すから名古屋の人代行して…,3
あー！！！！1月は舞台?！！！きめつ初日！でも外れたらワンチャン…？島根は是非とも行きたいのだが！！ワンチャン！,3
あんスタのグッズはほとんど実家なのこれ程後悔したことないよねー,2
物販列が思ったほどではないのはポーチの売り切れとジャンフェスにいったからかしら。まぁ待つのは嫌だけど。,3
スタライの物販の代行必要な方はいないかな？,3
完売情報無いけどタオル無いって言われちゃったよ。,2
あかつきのおんなはいいな。はかまがかわゆい,0
あんスタ スタライの銀テお譲りしてくださるかた、買取らせていただける方おりませんか！会場いましたが届かないところでしたのでお譲り頂きたいです！,3
ピカチュウ出るけどイーブイまじで出ない。剣はピカチュウ、盾はイーブイ出やすいとかあるのかな？謎すぎ。,2
さて、大遅刻かましてるけど、今日ワンチャン怪しいのよね…,0
まぁ多少の遅刻は多めに見られるし傾向的に11時以降に来ると思うからな。,3
あー！！！！！！時間間違えた！ 白衣！素敵！,0
え、子安ってオリヴィエなの？オリヴィエって名前あってるかも覚えてないが。,0
ご機嫌で帰ってきたのにカーテンにGのようなそうじゃないような奴がいてもう最悪。てかこいつなんなんだ。,2
とりあえず自分のは全日ぶっこむけど、当たらない時はほんとに当たらないからな…今回有料ってじゃんぷらだけだったのかしら…きゃすせんなかったのかな…,0
とんでもねぇコラボだ！,0
マジカル交換でコイキング送るやつまじでイラつくんだけど馬鹿なの？,1
鬼滅本誌のネタバレ見えてしまった…,2
らくてんてなんで予備ないんだろ。データセンターひとつじゃあまずいでしょ,1
あー！！！？？！！？！！！？ ランダムとか死ぬしかないじゃん。しかも当たりがあるとかまじしんどい。,2
めりのの発酵しゃぶしゃぶ美味しいのかな… 想像がつかない…,3
ソーセージと言えばジョンソンウィル,3
てかプリンス・オブ・ウェールズ買ったけど、家になんの菓子もなかったからしょんぼり。でもお外寒いから出たくない。安いウインナーしかない。,2
ノリタケやっぱちょっとするのよね? ナルミにするか、普通にFrancfrancにするか。茶器って一生悩む！,3
しゅうしょくひょうがきのニュースはちょっと無理過ぎない？国とか自治体に役に立たない人間送り込んで無駄に税金使う方がやめて欲しいし、政策のせいにして資格取るとか努力してないやつは努力すればいいじゃん。30代で正社員なったこと無くても資格あれば雇ってくれるとこあるし。40代はわからん。,1
製薬会社で働いてる人のコメントで安定して働けない、いつ君の居場所ないと言われるか分からないって民間で働いてるなら安定とか考える前に会社に利益もたらすこと考えろよ。自分のことしか考えてないから不安になるんじゃん。生きてる限りどこで死ぬかわからんから安定なんて霞みたいなもんじゃん。,1
どういうことだってばよ,0
定期的にくる新うちは一家愛でたい波のおかげで寝れない,0
東武東上線のおかげでこっちの線までバカ混んでる。というかホームが溢れてる。,2
私の周りヴァPしかおらんな,0
無事急行乗れたけど、おっさん近い。まだそんなに混んでないからそんな近くなくてええよ！,1
やば！集合サインげと！,0
アニメイトチャレンジするだけど、大丈夫かな…,3
ポケモン歴代全て一覧で印刷して、推しキャラと会うのどれだろな暴露大会したい。どっかにポケモン一覧落ちてないかな?,3
なんでサスサクだろって考えた結果、その時推しが辛いめにあってる時ほどサスサクという公式にも安定した確たるものだから、安心感を覚えてサスサクにのめり込んでるんだといことが熟考の結果分かった。エレンや飛雄ちゃんのときもそうだったからな…,0
でも持つべきものは田舎の姉,0
額は中小企業だから妥当だし、勉強して資格取ればプラスあるから多くもなく少なくもないんだけど、物欲マンだからやっぱ副業した方がいいなーって感じで世の無常さを感じる。,2
銀だこ外まで並んでる…,2
クリスタ月額100円とか買うしかないじゃん。でも今タブレット無いから2020年の目標だな。,3
銀だこが3列以上折り返してる。,0
18かんよんだ。本誌組からすれば序の口もいいとこなんだけど、しんどい。,2
直前で閉められたんだけど?,2
あんスタ最終話見れなかったのどこで見ようかな?,3
坪倉くんは舞台俳優路線なのかな,3
電車遅れすぎて行き先が変更されたの初めて見た,0
クリスマスは楽しく過ごしましましました。,0
ガラルサニーゴほひい。個体値なんてどうでもいいからガラルサニーゴほひい,3
焼肉食べたい,3
配布いしへんじんにしようかな,3
シュシュプきゃわわ,0
いつも心配になるくらい空いてる美容室が待ち1人いてフル回転でびびる。これが年末か。,0
久々の前髪,0
東京戻る時、普通の電車で時間かけて戻るのも悪くないな,3
写真上げて気づいたけど同じ色2つない…？,0
メンバーシップ2日連続ってメイン上がらないから余計に嬉しい,0
今日は年末のせいか車両が倍になってる,3
帰宅。寒すぎ。,2
あけおめことよろ,3
2019年最後の晩餐はすき焼きでした。高い肉はうめぇ。来年は資格も取って糸川くんももっと見て、充実した日々を過ごしたいですね。,3
図鑑埋めまでまだけっこう残ってる?通信交換系がしんどい。あとレベル上げはあめでやればいいのになぜ無駄にワイルドエリア周回してるのか。そういう性格?,2
もうちょい進化させたいぞよ,3
しまった。やらかした?,2
欲しかった本は軒並み無いのでやっぱりネットが1番です。,2
ホワイ,0
いや、文句はないけど、え、え、えーーーーー,0
やっと着いた,0
やっぱ魔法科好きすぎる?,0
魔法科のソシャゲは終わっちゃうけど、あれはなんだろな。課金した者勝ちには違わないけど、元々純粋なカードバトル物じゃないからついていけないことも多々あったし、ボイス付きでもないし、イベントが面白いわけでも無いし、なんか残念だったんだよな。,2
モリアーティけっこう面白いかもしれない,3
いい加減起きなきゃ,2
頭働かなすぎて無駄に手こずったので、明日も休みたい。,2
ステーキ食べたいと思ったら今日雨なのかーい,2
3万円くらいのどデカいテディベアが欲しい,3
キメステ当日券ある？近いからよるのも手かな…,3
ルイス難しいよね…漫画読んでても真の役割が見えてこない,2
未完成品っておこな人いるの？まぁ一般ウケするやり込み要素もストーリーも軽いし数ヵ月後に追加コンテツ有料あるよーって言われたら後出しずるいってなるのは分かるけど、7000円という価格だとボリューム的には文句無いけどなぁ。あとゲーム作るのにどれ程の人と予算割かなきゃか想像しろ。,1
ガブリアスくる？,3
ポフィンと、あのボールデコるやつはじっそうされないの？？？金ならだすよ？,3
ゴーン劇場は思ったほどの効果なかったって感じ？ てか、日本で起こした罪ってレバノンの裁判で裁くって可能なの？,0
やっば?提供物エラー出てるって?しんど?,2
電車間に合った?,0
スタスカ、物販行く時間ないじゃん…,2
は？,1
デパートには馬鹿なエレベーター設置しないでください,1
特典コンプ,0
明日中華だから今日は大人しくすべきなんだろうが作りたくな?い,3
モリステ、増えるアドリブ。まさかの手錠や発煙筒が用意されてないハプニング。きたむーつなぐもけっこう大変なパプだった。カーテンコールの一発芸、夕刻のモリアーティ、糸川くんからの就職のモリアーティと言うお題。長男からの締めのモリアーティと言うお題。,0
なるちゃんは？,3
これだけは伏字しないけど、伊之助の筋肉はちゃんとすごい。,0
元はと言えば新しい環境にしたせい。,2
全てが詰みすぎてお仕事進まない。でも今日ヘルプすると明日休めないから金曜日ヘルプ出すけどその間(今日)何してたのって聞かれるとなんも言えない?全てにおいて詰んでる。リセットしたい。,2
可哀想,2
正直ステ程ではないんだろうけど母数の問題,2
見れば見るほど冷めてしまうな。やめよ,2
みらのちゃんのお手紙忘れた?,2
初日より人いるけどうーん。満席にはならないなこれ…一応後半公演初日なのに…,2
客席参加型って好きじゃないけど楽しかった。,0
巻き込みがすごい,0
高田馬場の牛乳プリンまた食べたいな,3
次の羊くんは坪倉くんなのかな。Wキャストで耀くんもやってくれるととても嬉しい。,3
まホイップにむげんだいな持ってくるやつばか？,1
え、スタスカ3やるの？ひょえー,0
夢イーブイ(ドリボ)の孵化余り(V45)けっこう溜まってきたから他の夢特性孵化余りと交換したいな。。。できればオシャボで。。。,3
むんぼだいすきまんだから嬉しい,0
あすま、おいかわさんしか知らんかったな。陰陽師も出てたのか。けっこう役に恵まれてるな。,0
そもそも公道をカートで走る方がどうにかしてる。めっちゃ危ない。今後モビリティで電動カートとか考えられてるけど、それは専用道路作らないと、今の自動車と同じ道路は万が一の時危険すぎる。,1
みんな道路標識通りの速度、教習所で習ったコーナリングしているという性善説を元に危険性は低いと言うなら何故こんなにも自動車事故が多いのか解いてもらう必要があるからな。,1
左利きには今以上にタッチしづらくね…？,2
え、jo1すごない？,0
あらまきはん、、、,0
ストーリーとしてのひぷが気になってきたところですが、コミカライズはあれなのでとなるとにじそうさくでほかんするしかないのでしょうかどらまとらっくだけですべてがわかる日はくるのか…,3
さばかんがドラマ出てる,0
さばかんで覚えてたけど、めっちゃご立派なお名前だった,0
え、このドラマ平田も出てんじゃん。平田ってテレビ俳優になりたかったの？けっこういい感じに見れる(何様),0
何年社会人やってんのか知らんが1万歩譲って再起動は分かる。なんで待ってる人いるのわかっててシャットダウンand更新プログラムを掛けたんだ。馬鹿なのか？更新プログラムが止められなかったら一声あっても良くないか？馬鹿なの？てかサインアウトするだけでいいだろ。アホなの？,1
消費税上がったから賃金上げったじゃなくて賃金上がってれば税もあげる余地があるだけよね。てか賃金上がらなすぎじゃない？,1
いい加減帰りたいけど明日どうすれば良いのか。,2
進展なく帰ったけど、明日どうすんだろ,2
ジョイコンめっちゃいい。こういう色が欲しかったよ。どぎつい色は疲れる,0
快速でひと駅越してしまったw,2
烈火の炎ほど好きなキャラを聞かれて困るものないな。,0
プリライもアベイルも商売下手かよ,2
やっぱり紅麗がいいね。最後が途端に丸くなるけどいいね。,0
あー！やっぱポケモンは両方買うが正解なのかな…シールド買おうかな…,3
オタク部屋をシェアするくらいの予備費を毎月稼ぐためにはどうしたらいいものか。,3
そんな広くなくていいから沿線沿いに防音の部屋を4万くらいで4人くらいでシェアしたいのよね。オタク部屋というかアトリエに近い感じ。アトリエ兼オタク部屋かな。大きいモニターと収納ラックがあればいいし。WiFi、光熱水費で月15000くらいに抑えたい?,3
フォロワー各位夢きょだいまっくすあーまーがぁ欲しい人います？？,3
なんで飲み会今日にしてしまったのか?コナン見れなかった?,2
ポケ垢作ろうかな,3
今日程休みたい日はない(毎日),2
明日ローソンに行かないとじゃん…お外にでるのか…,2
フォロワ各位ｷｮﾀﾞｲﾏｯｸｽりざーどんのレイド行きたい人います？夜になりますけど…,3
地震あった？,0
サンムンやったことないんだよな…これを機に…？ハード実家だしな…,3
スマブラ売ろうかな,3
ポケモン国際孵化しなきゃだしとうらぶしなきゃだし勉強しなきゃだし土曜日会社だし、体と時間が足りない,2
ミラクルボックスって動いてないよね？,2
運営がルール提示したくせにそのルール守らないってなんなん？馬鹿なの？それなのに大企業だと許されるの？？,1
なんも調べてないけど政府はこれに関して抗議してないの？けんからの要請がしないと動かなかったの？既に動いていたの？なんなん？,1
前も逮捕されてなかったっけ？,1
ライトなスイッチ欲しい,3
3階席でもいちまんか…,2
データ投入するだけだからすぐ帰れるかと思ったのに全然投入出来なくてむしゃくしゃしてる。久々にラーメン食べたい。帰りたい。,1
会社から脱出しよ。もう知らん。,1
あ、あつ森買います。パッケージで。,0
会社に確認しないとカナー,0
ピカブイクリア直前なんだけどズルくない？お前1回も主人公に勝てたことないじゃん。お前負けたくせに先に行かせてくれとか勝手にダッシュしただけやん。卑怯者?。,1
アホなのか…中央区がTokyoとは限らんだろ…Tokyoはほかの地方の中央区を知らないのか…？なんなら前職は中央区住みだったわ…,1
馬鹿みたいなデータ寄こしたやつ殴りたい,1
人間は業が深い,2
やたら免疫力押すけど、このストレス社会で免疫力がどうのこうのって言ってる場合なのか？気合いでどうにかしろってくらいに聞こえる。,1
プライドオブ山口好き笑,0
パーティ見れるのか…ちょっと見たい,3
鍛刀キャンペーンでもう第三弾なのに数珠丸で、いや、第一弾の時めっちゃ回してやっと1つでたのに、もう…大典太光世ください,3
新しいMVのアヴちゃん、一瞬アメリカン・エキスプレスのＣＭかと思った,0
明日タワレコチャレンジ出来るかしら…,3
TOEICも中止か,2
退勤チャレンジ,3
激しい頭痛と空腹による吐き気で死にそうだったが何とかなった,2
え？キャス先行ないの？？？？,2
うーん、明日見ようかな…,3
そこは別々で貰いたかった笑,3
赤飯さんまじで何してんのw,0
何となく調子よくなってきてタワレコに取りに行きたいけどそうすると準備しないとだしマスク消費するし、でもちょっと動きたいし。,3
牡蠣食べたい。焼肉食べたい。,3
なんか前もこの手のヤツで花崗岩あったよね？,0
みんな５部が好きなのわかる気がする,3
上旬って月額プラン入るのに最適じゃないの?,0
最近のトレンド見てるとどこぞの国のように感情論ばっかでやべぇなって思うし、自分の語彙力が1番やべぇなって感じる,2
仮面病棟も見たいのよ,3
やっぱライターの質って重要だな,3
発想が可愛い,0
まじまじ。即落ち二コマみたいだから入間くん見て欲しい,3
久々に陰キャの集いを見てしまってすごいダメージ受けたのが3日くらい前なんだけど未だにフラッシュバックする。つらい。いや、陰キャをdisってる訳じゃないんです。,2
デモうるさすぎて手につかないと思ったら10分もせず終わった。そんなんなら初めからやるなよ。迷惑。それともでもってそんな感じなん？,1
やっぱ孫さんはもう歳なのかな…(歳のせいにすればええってもんじゃない)昔は先見の明が?って感じだったらしいけど最近はさっぱりですね。,2
ログインしないと無意味なWiFiは有罪にしてくれ,1
ご飯何食べよ,3
スマブラは売る,3
コンビニの干し芋…セブンに普通に美味しいのがあるんだけど、こっちに来てから見つからない。てか干し芋売ってるのローソンしか見当たらない。ローソンのは甘みが少ないの。ローソンのはるか干し芋は甘味はあるけど味が薄い。セブンの角切りのは繊維だらけの不味いほうしか無い。美味しい方どこ,2
プレイ自体まだだけど、入口が一条シンで世界観はデレマス的な感じがする,3
うーん、開花前よりしんどそう,2
なんか全てがめんどくさいぞ,0
難しいね?役者のことを考えると延期中止がいいって一方的に言っても契約上わからんやん。延期中止で役者もおまんま食べてけるならまぁって感じだけど、そうじゃない場合もある。飯食えんのはウイルスだけの問題じゃなくなる。SNSでコメントするのは勝手だけど、企業の場合は考慮しなきゃだから諸刃,2
ギネス飲んでフィッシュアンドチップス食いたい,3
んー？加入してないからな…,2
もしかしてあつもりって明後日？そして祝日？映画も初日？忙しい?,3
てかLight予約してない,2
最近RTA流行りすぎじゃない？別に個人の自由だから誰に向かっても言わないけど。でも隅々は難しくてもサブ話もちょっとはやって欲しいという謎の開発者視点。まぁ2週目とかなら全く話は違ってくる。,3
リドル難しすぎ?というかこのこのセリフ既視感あり過ぎのありすなんだけど、いつから私はこういうキャラ好きになったんだ笑,0
スッキリにワニの人出てる,0
ぶじにあつもり届いたので、今日はあつもりと映画で、三連休はとりあえずあつもり合宿かな,3
1時間くらいやったけど本体の日付戻してなくて気になるので厳選やり直しだお,2
東京ドームとかすご,0
刀ミュ初代ぶりに見たんだけど、アイドル衣装と振付がものすごい進化してるように感じた。前はアイドル色強かったけど、今回のはミュを感じた。,0
深入りができないゲームになってしまった。,2
うわ…見れてよかった…,0
ひぷ、カード情報出てなくて、普通はそうだよなって気づいた。あんスタが細やかすぎなんだよな。システムは別話。,0
スーパーで米から無くなって、シリアルがまだ残ってるってすごく日本。,0
ジュラルドンとダイオウドウほちい,3
滑り込みセーフ(その10秒後に発車),0
4がすごく重要,3
そろそろワンピースも読まないと大変な巻数になるよな…レンタルコミックがいいかもだけど目が疲れるんだよな。,3
ピースが足りなすぎる,2
帰ってきてからゲーム消化してたら5時間以上経ってる。これから4/8まで続くのか?い,2
カブ価大暴落,2
100ベル以上のカブ価の島ありませんか,3
2時間寝るつもりが5時間寝たせいでご飯逃した,2
ピザとかたこ焼きとか肌に悪い食べ物でパーチーしたい,3
うーん、刀ミュは仙台も無理そうよね。ヒプがレッドラインに入りつつある…,2
ラーメンが食べたい,3
出勤を命じられてしまった,2
ひさしぶりに出社したらものすごく疲れた。いや、帰りの駅構内1週が疲れただけだけど。1週間お外に出なかっただけでHPが１００くらい減ってる。,2
さくらのレシピって今日までなのかーい笑イースター後までだと勝手に思ってたからまだ半分くらいしか集まってない?今日出社してるからもうどうにも出来ない?,2
さりー！竹のベンチじゃない！さくらのレシピが欲しいんだ！,3
イースターはこんなにボロボロあるのに?,2
さくらのレシピあと3つ…,3
アズール…お前は多分無理,2
釣り大会共闘したい,3
開けたのできてくれださい,3
島に来たい人は一声貰えれば…いま、やりくり中なんでスキマ時間になるけど…,3
この時期に電車に乗ってる自分もあれだけど、あまたある席でわざわざ隣に座る奴はなんなん？？？？？？？？？？？,1
ついすてのガチャ渋いってレビュー見るけど、今までどんなお幸せなガチャ回してたのか聞きたい。,3
レンジよりパソコンかな？MacBookほちい,3
ケーブルが足りない,2
やっぱテレビを犠牲にするしかないのか,2
めっちゃ美味しいやつ。新潟に住んでるのに岩手の実家に帰った時手土産にするやつね。,3
風花雪月はどのエンド見ても発狂しかしない。てかこれエンド回収地獄だね。,2
なんでそんなにみんな期間かぶるの…24日からずっと起き続けるのむりよ…,2
20時から面談とか微妙な時間?,2
りぷとんのアールグレイティーラテ恐ろしく不味く感じるんだけど、去年より劣化してる？それとも私が日々飲んでるアールグレイのおかげで舌肥えた？,0
しんどみがすぎる,2
ありがとう刀ミュ。。,0
しかし印象操作と思える記事書く奴は良心というものをどこに捨ててきたんだろうか,1
外出たくないならおつまみ作るしかないし、アルコールはワインになるんだけどめんどいな。でも外出たくないな。,3
間に合わなかった。,2
夜更かし見るんであと20分くらいで閉める,3
無事にアムネシアもヘタも見た,0
テレビモード外したからもうちょい開けとくー。今ならジェシカがヒヤシンスのランプ作ってるからレシピ貰えるよ,3
言ったそばから流れた,0
30分に1回ペースなのかな,0
ツイステ豆イベの授業報酬どうなってんだろ…1箱目は豆確定だけどたまに豆プラス3箱来る時ある。3回くらいやったけど見逃し込み獲得箱2かつみんな☆持ってる時。でもならない時もあった。わけわかめ,3
クマちゃんかわいいな…,0
むりだ…あんスタお休みする…,2
クマのダイちゃんどこ…,2
そんなにいっぱいデータは要らなくて1～2枚で十分なんだよ。,0
中央公会堂で撮りたかった！（10万円はしてた）,3
ほんと色んな方向から撮るのおすすめだよ！,3
マイプロテインで圧倒的にまずかったのは赤リンゴ味。あれだけは本当に自信をもって止めとけって言える！,2
マウンテンクライマー、たまに連続でできずに休んでたら、自分では動いてないはずなのにカウントされてたw,0
そして今日こそトイストーリー２だ！,3
コルセット的なものがもし言われたら元鈴木さんのでもいけるんだろうか。,3
3は見てたけど2は見てなかったみたい。面白かった。眠い。,0
一ヶ月私もドキドキしながら過ごさせてもらったわ…,2
またトイレのドアと廊下のドア間違えてリビングに来たよ！,2
グッズを買わせて！！お布施させて！！,3
4月になったら払い戻し、4月になったら払い戻し。(手帳とリマインダー完了),3
4月から普通に新学期が始まりますように。,3
兵庫大阪往来自粛かー。尼崎はどうなるんだ。,2
大阪から奈良とか京都とか和歌山は良いの？,3
今年は一人で4号食べるんだ！,3
5万貰ったらお肉食べて、ドレス撮影をスタジオじゃなくてロケ撮影にする。10万貰ったらどっか旅行に行きたい。1万2000円は気付いたら消える。,3
100万くらい貰ったら、お風呂のリフォーム(壁がタイルで目地にすぐカビが生える)とか床の一部張り替え(椅子がよくコロコロするとこが剥がれてる)とかしたい。,3
寝起きで鼻血が止まらん(自分),2
トイレの後で夫が自室に戻らず私らが寝ている布団で寝てしまい私の寝場所が無い。(2枚で3人で寝てる),2
スペースもだけど夫のいびきうるさいんよ…,2
試着するだけで楽しい。胸カッポカポやったわw,0
あと友達同士でも撮れる(料金は一人ずつかかる)らしいので、仕上がり良かったらいつか誰か一緒に撮って！w,3
梅田お昼時でも人少なかった。,0
お給料貰ったのは出勤してすぐで、その時は『しばらく一人でやろうと思ってて…』と言ってたので、あーまたパート休みが続くのねと思っていたんだけれど、帰る時に『一旦退職ということで…、3年間ありがとうございました』って言われて、そっち！？ってなった。,2
次の仕事が見つかるまででもし忙しい日があれば声かけても良いですか？って聞かれて、大丈夫ですよーと答えたんだけれど、ちょっとそれは調子が良いというか虫が良すぎるんじゃない？(まあもしそうなったら出勤すると思うけどw),1
わからんでもないんだけどじわじわ悔しくなったので、とりあえず新学期が始まるまでは家でできることして、次の仕事が見つかったら、ご近所の奥様にこういうことがあったんですﾖﾖﾖってマヤっておこうと思います。徒歩3分の位置の人を雇うとはそういうことだ！w,1
次探すなら、フィットネスジムの受付とか良いな。無いかな。,3
二時間くらいふて寝したw,1
あーお尻が筋肉痛！,0
ビリー隊長や谷本准教授やリングのテンションに慣れていると、森拓郎さんDVDの淡々とした穏やかさには逆にびっくりするw,3
魔女宅見るよ。,3
なんか色んなことが一気に起こりすぎて現実感が無いわ。映画とか漫画の中にいるみたい。,0
本好きのSSも読み終わった。本編からがーっと飛んだので再読しよう。,3
寝よ。,3
リズムゲームマリオの超上級がやっとC-まできた！,0
チケットの払い戻し、最初届いてたメールでは発券前のもマイページから手続きできるって書いてたけどできんやん！って思ってたら、さっき来たメールには発券する必要があるって書いてるわ。まずは発券、そして翌日以降払い戻し…,2
今日は初級コースでS+を目指してました。,3
発券してしか！そこそこ良い入場順だっただけに残念…。早くまたライブに行けますように。,2
あー、土日回数券４月末までだ…　金券ショップで売れるんかな…,2
今月はもう無観客だろうしな…　売りに行く時間と手間考えたら諦めるしかないか…　7回分も残ってたのに！,2
いったいいつになったら丁寧な字を書くようになるんだ。,2
名前の田ですら甲とか由とか申になってるんですよ。雑。,2
教科書だけ再開までにくれないかなw,3
あらーコナンも延期かそらそうか。,2
マーニーはどうしよう。そんな小学生受けする内容ではないよなぁ。,2
図書館、5月6日まで休館だって！わ！,2
市のHPはまだ学校については出てないな。学校施設の貸し出しは5/6まで中止になってるけど。,0
今日はズボンから。黄緑のところ。,3
来週の数検が中止になった。ヒューマン虎ストは直前だから補償あり。,2
万代は週明けから営業時間短縮って書いてあった,0
うちも体育会を見てる。,0
スタディサプリ入れました。実際子がやるかはしらんけど、一ヶ月無料だったから。,3
穴開き服が無くなったので、不要不急の刺し子をします。無職！,2
さっぱり画像が読み込めない。,2
始業式の日、10時下校ってメールきた。早いw,0
夫の会社は席と席の間にプレートが立つようになったらしい。製造業だからプレートめちゃでかいって。,0
レイバン把握w,0
また牛乳買ってこないと。一日1.5本くらいのペースでなくなっていく…,2
実家は府でもまだ休校にもなってないぽいからこのまま逃げ切ってほしいな。私も今年は帰れないくらいの気持ちでいるよ…,3
称号が欲しくて、初めて5日連続アドベンチャーした。,3
筋肉のこと考えるとそろそろ休みたいんだけど、称号は欲しいジレンマ。,3
市民体育館もGW明けまで全館休館きた。,2
森拓郎さんのストレッチDVD30日全身コース。,3
JUDY AND MARYはドキドキ(曲名)。,0
おはようございます。,0
あっ、パーソナルトレーニング行ってるところはガラガラで、他の人いないからおしゃべりもすることないし、ドア全開だから換気もしてるし、トレーナーさん他スタッフもマスクしてるし、客ごとに拭いてるし、私もトレーニング前に手洗いしてから始めてます。(予防線),0
おやつも普段の買い物の時に一緒にささっと買ってるし、発売日と販売店を事前にチェックの上で狙い打ちで買ってますので、ふらふら出歩いてるわけじゃないのですよ。(予防線),0
おやつ系でフォローしてる人が買い物を煽るなって言われて自粛しますってなったのを見て、並んで買うわけでもないし自宅で食べてはるのになあと思いました。,2
ポスティング(二週間に一度)してると、飲食を中心にぽつぽつ店が閉店やら休業していってるのが分かる…,2
教科書も届いたので、安心して午後から残りのポス行ってこよう。,0
今年度から運動会は昼食なし12時過ぎ終了だって。弁当無くなるのは楽で良いわ。,0
春の遠足と、参観日と懇談とPTA総会と、家庭訪問は中止！,0
森拓郎さんのストレッチDVD30日全身コース。,3
個人のとこは色々ゆるゆるガバガバで給料手渡しで休みもどうにでも取れたけど、こういう非常時には容赦無いw,2
黒の組織っていっぱいいるのね。,0
息子『こんなところで喧嘩せんでも』,0
キュラソーかっこいいな！,0
相変わらずスケールでかい。,0
キュラソーかっこよかった。,0
娘が打つときまでに承認されてると良いな。,3
ここ数日レッグレイズとバタバタレッグをメインで攻撃してたら、筋肉痛来てる。,3
来週の婦人科検診、中止の連絡来た。,2
こんだけtkbスケスケな網網シャツ着ててもなんかかっこいいからすごいw,0
ほんとだ歌ってるSMAPだ,0
森拓郎さんのストレッチDVD30日全身コース。3週目に入って動きが難しくなった。,3
また牛乳買ってこなくちゃ。すぐ無くなる。,2
タオル5500円はなかなかの強気！お布施したいけど5500円は悩む！,0
しょうこおねえさんのおえかきだ。,3
今ちょうどブラックサンダーの苺のミルフィーユ食べてるからかな…,0
ちなみに私のアイコンは実写版卵です。背景は子供の赤いトレーナー。,0
森拓郎さんのストレッチDVD30日全身コース。,3
二度寝から起きたら鼻血が出たので布団に戻る。一回休み。,2
森拓郎さんのストレッチDVD30日全身コース。,3
さてコナンに向けて追い込んでもらおうか。今日は娘がコナンで一番好きなキッド。,3
コナン待機。,3
坊っちゃん団子は扱いなくて、マドンナだけだったw,2
森拓郎さんのストレッチDVD。,3
投票率40%いかなかったかー。,2
トレンドにバイト激減ってあるけどほんと激減。この2か月外で働いてないw,2
がんこちゃんも休校中って言ってたぞ？,0
起きた。,0
森拓郎さんのストレッチDVD30日全身コース。,3
食べ終わった夫にお皿を水に浸けておくように言ったら、勢い余って床をびしゃびしゃにしたにも関わらず、そのまま自室に戻ろうとしたので、せめて謝って拭くぐらいはしようやと言ったところ、気になった方が自分でやれや俺は気にならんと言いやがったので、まずは(夫の皿も私が洗ってるとはいえ)→,1
→そもそも誰のお皿なんだと言うところから頑張ってきた。途中仕事がどうだとか自分のフィールドに持ち込もうとしたり、水に浸けろと言うお前の指示が悪いと言ったりとかすったもんだあったけど、最終的に水をこぼしたのは自分が悪かったと認めたので負けはしなかった。(床は私が拭いた),1
ストロングゼロ2缶のバーカバーカ！！！！,1
森拓郎さんのストレッチDVD30日全身コース。,3
アトピーの薬貰ってきた。ちょっと悪化してるところがあったから、もうちょっと早く来てねって言われた。無くなるギリギリまで粘ってたからなぁ。,2
もう昼ご飯食べ終わった。昨日はまだ朝ごはん食べてたのにw,0
昨夜は21時から寝てた。まだ眠いけど、生活戻せた感ある。,0
(ブルボン家の中ではあまり食べたことが無い),0
ブルボンのアイス、いつも北陸から先行発売してて、そういうところが好きです。,0
岡江さん！？,0
息子は既にリングフィットをしています。(マリオメーカーする前に、Z会とリングフィットしときと言ってる。),0
追加分の教科書やらドリルやら受け取ってきた。先生もお元気そうで良かった。,0
夫、俺はえらい人とか国に従わないｷﾘｯみたいなとこがまあまああって、そういうのは若いうちに卒業してほしかったなと思う今日この頃。むしろ年齢的にはえらい人側やであなた。,2
GWに能登半島に旅に行きたいってたわけたこと言ってるのを、思い留めようと頑張ってる。,1
義母にも相談してる。あんまり言うとムキになるタイプでもあるからめんどくさい。しらふの時に話さないといけないし。自分の夫だけど、ばーかばーか。,1
美女と野獣待機。,3
あーガストンこにくたらしい！,1
CMきたかー,2
夜中鼻血が出て目覚めたので眠い。,2
仕立てるのはまた後で。,3
森拓郎さんのストレッチDVD30日全身コース。4週間完走した！,0
そういや万代は客の集中を避けるため、水土のポイント3倍デーは当分取り止めとなってた。,2
寝よう。,0
今日はストレッチDVDを先にしてみたんだけど、リングフィットとどっちが先が良いんだろう。,3
今日はLIVE-GYM 2013。ギリギリチョップでタオルの代わりにフラフープを回してみた。息が切れた。,3
それか我が家のPS2現役だから中古買えば良いのか。,3
ラクマでPS2の桃鉄11ポチってきたわ。貧乏神のいないモードがあるらしいから、少しは険悪にならずにすむんじゃなかろうか。,3
ぼよよん絶対見るわ。,3
TL更新されてない？,0
ぼよよん,0
先月発売のお菓子だから、パッケージがちょっと切ない。,2
ひたすらフレンチノットしてる。粒粒してる。,0
最近はマウンテンクライマーで全体攻撃したあと、レッグレイズとバタバタレッグで個別撃破するのが定番。,3
今日はラプンツェル観る。好きなんだけど、自分も毒親になってないか怖くなる。だけど観る。,3
子の顔の水いぼっぽいやつが増えてる気がする。皮膚科は今日の予約が取れなかったから、後ではと麦茶を買ってこよう。,2
夫はまじめに家にいますが、スイッチを占領して子から不満が出ています。,1
ただ夫も家にいるストレスが溜まってて、イライラの沸点が下がってる。,1
給付金のオンライン申請は今日からしてるけど、書類の場合の書類発送は5月下旬予定だって。,3
桃鉄届いてた！夜やる！,3
森拓郎さんのストレッチDVD30日全身コース。,3
夫婦で、次からは貧乏神いないモードに戻って、すごろくとして楽しもうという結論になったw,3
貧乏神いないモードで桃鉄してきた。2002年のゲームなので、役職に娘。とかモニとかあゆとかあるw,0
刺し子の途中で糸が無くなりそうなんだけれど、単色でやってるから色変えたくないし買わねば…　実店舗で手芸屋開いてない、送料の方が高くなるやつw,2
届くまで別のキットするわ。,3
昨日眠すぎて21時半から寝たら今朝7時にすっきり起きられたので睡眠すごい！,0
子供が二人ともしんみりしてる。,0
あーCM－！,0
うおおおお(私だけ泣いてる),2
前も泣いたけどまた泣いたわ。知ってても泣くわ。,2
最寄りの庶民派百貨店、今日は和歌山産の新キャベツが1/2カット108円で買えました。,0
糸来ないなーと思ったらもうポスト入ってたわ。固定資産税も入ってたわ…,2
森拓郎さんのストレッチDVD眠くて上半身のみ。寝る。,2
結婚を前向きに検討されていた人が、ついにプロポーズされたらしいよ！,0
専業主婦は暇で良いよねとか、(他の友人に)子連れだと気が散って一緒に遊んでも楽しくないとか、友達付き合いより彼氏が大事な人は嫌いな人種とか、色々言ってくれてたもんなー！,1
私、かなり根に持つタイプだから…　元友人になっても、定期的にヲチし続けるよ…w,1
くるみのクッキーの残った粉糖はどうするのが正解ですか？吸う？,3
680円×32を平気で2176円のままにすな！見直し！(てそのまま言うと逆ギレされる),1
趣味だからぼちぼち堅実にしておくのみ。,0
水いぼっぽいなどうかなと思ってたポツポツがどうにも増えてるので、明日皮膚科に予約入れた。,2
懐かしのクックルン、あんまり覚えてない。,0
もうそんなに時間経ってることに驚き、ついこないだな気がする。,0
7年前とか娘がまだ4か月…,0
例年ならGWは夫が一人で旅行に出てたことを思えばね、必要経費だよね。当たると良いな。,3
サイズアウトも出たけど、まだいっぱい服がある。,0
衣替えしてきました。,0
皮膚科行って、そのまま近くの美容院で前髪カットして、さらに私だけ買い物してきた。水いぼかなって思ってた広がっていくぶつぶつは、マスク着用による肌環境の変化で常在菌の普段は何もせんやつが悪さしてるんでしょうってことだった。,0
外行く機会もないし、マスク付けてる時間もしれてたと思うけど元々肌が弱めだからなあ。,2
今日行ったセリアは15時閉店で、他のスーパー併設のとこは19時か20時閉店。同じ市内でもかなり違う。,0
森拓郎さんのストレッチDVD30日全身コース。,3
網網シャツの乳首とか、ピチピチ革パンとか、ショーパンとか、面白セクシーw,0
そういや小学生用布マスクと、図書カードも持って帰ってきたよ。図書カードはQRコードが書かれたプリントだった。2032年まで有効。,0
さて晩御飯の仕上げ。(昨日の残りを温める),3
娘の発表会が終わるまで2日間寝かせます。,3
では桃飲んできます。苺はスルーしたから4か月ぶりですね。,3
太ももよりもハムストリングス、お尻よりも大臀筋、等で検索した方が詳しい説明がヒットするよ！,3
ほう長瀬君,0
ドラゴ倒したらまたディスクヒットミッション出てきた。残念ながら今日はノーダメージクリアはできなかった…,2
娘の島の初期住民はマッスルさんとちょいさんだそうです。,0
PVより田舎感がある。,0
ミレービスケットしあわせバター風味食べてる。止まらない。全部食べると531kcal。,0
子供にもあげようと思って止めて、代わりにご飯と鶏ハムときゅうりの漬物食べた。,0
森は、私はたまに横から眺める程度なので、フレンドはひとまず娘本人が面識のある方に申請させてもらうことにした。(ひたすら喋りながらやってるので見てなくても様子は分かるw),3
スティッキートフィープディングはデーツの蒸しケーキだそうですよ。,0
肩凝ったからリングフィットしてこよう。,3
娘明日の給食楽しみにしてたのにね…,2
給食食べたら下校やで児童クラブもないでって、お勤めの人大変なんじゃ…,0
フルネーム＋子の名前かつ家族写真アイコンの私、かなり分かりやすい方だわ。みいこって誰だよ！w,1
なし崩しで今日から夏休みに入りましたー！,0
昨日の夕方に牛乳3本買ったのに、もう最後の1本に入っている…,2
さすがにご当地銘菓コーナーにあるやつは結構選ばれてた。私は陣太鼓が食べたい。(置いてない),2
森拓郎さんのストレッチDVD30日全身コース。,0
夫の作業服にボタン付けた。えらい。,0
PTAの学級委員の初回会議が無くなって、ライングループが作成されて、さっき多分全員参加したんだけど、ちょろちょろ自己紹介する人が続いててこれ30人弱続くの…？？,0
(それなら登録名かステータスのとこにでも名前とクラス入れといてよ…),1
今まで自分の名前＋子供の名前に家族写真アイコンだったものに、さっきさらにステータスのとこにクラス名入れといたのでもう良いでしょう。,3
毎年夏休みに学級委員が教室のカーテンを洗ってたのは今年はなくなったよー！！,0
マッチングアプリの漫画の人読んでて、ずっとあのテンションだったから疲れて途中で読むの止めた…,0
トレーナーさんが先月？くらいにマイプロ頼んだ時は、一か月半届かなくて詫びクーポン1500円分が来たそうです。(ちゃんと届いたのは届いたそう),3
ミルク風味チョコチップ入り頼んだんだけど、本当にチョコチップがごろごろ入ってる！チョコチップは甘さ控えめでちょっぴりほろ苦。割引クーポン使って1kg1900円ちょっと。そして何と言っても送料無料！,0
濃厚接触者陰性で新たな接触者も現時点ではいないそうなので休校解除(でももう夏休み),0
足音がバッタンバッタンうるさいからもうちょっと静かにしてと夫に言ったら、いちいち細かいこと言うな俺やってお前の細かいこと大目に見てやってるんやからお前のことも毎回細かく言うたろかと言ってきたので、私が今言ってるのは足音だけだから一個だけ今言って気を付けると返した。ちょっと考えて→,1
→ごみ捨ては出勤時(ゴミ収集車が来るかどうかの時間帯)に俺が出すんじゃなくて、前日に私が出しといてそれはお前の仕事やろとのことだったので、まあ了承。大目に見てやってるとか、ごみ捨てはお前の仕事とか、微妙にカチンとくるけど、週2こちらがやることで、静かになるなら得るものの方が多い！,1
マンションの階段を上ってくるときも二階くらい下でもう夫だって分かるし、会社でも結構離れたとこからでも夫だと分かるって言われたことあるらしいから、普通に足音はでかいと思う。酔うとますますドッタンバッタンだし。,1
アルプロンのプロテイン、送料無料でクーポン使用1kg1900円ちょっとだったので、プロテイン処女の人には良いかもしれません。,3
明日朝10時から新宝島。,3
食べるのは良いの、ただもうちょっと匂い対策をしてほしいの…,2
たーまやー,0
花火大会0時までなのね、良かった。,0
ビビりなのでほとんど全滅しない。,0
守護の魔力を忍ばせるみたいなイメージですな。もしくは呪い。,0
寝よう。,0
さて歯医者に行ってこよう。,0
宿題無いのかなと思ってたらやっぱりあった。(ポストに普通郵便で何日か前に入ってた模様),2
チロルチョコ黒糖ドーナツ味気になってたけど、イズミ九州・広島先行らしくいつか食べられるのを待つ。チロルの地域限定は本当にピンポイントに限定してくる。,3
毎年一人で10何万か使って旅に出てたけど、今年はどこにも行かないみたい。聞いてないけど。(聞いたら藪蛇な気がするから話題にしない),0
多少凡ミスあっても、所詮一日限りの集まりなのでそこは気が楽！,0
18時半くらいに帰ってきて、娘にお腹空いたーって言われてちょっと待っててと言いながら準備してたら、夫に『(楽しく車窓の動画見てたのに)お前が帰ってきたらお前の声で一気に現実に戻されたわ』とかなんとか言われて、くそ腹立った。その時点でストロング3缶目。,1
適切な量を楽しく飲んでいる人が大半なのは重々承知していますが、ストロングゼロは販売許可制にでもしてほしい。,1
お盆の過ごし方については絶対揉めるからこちらからは話題には絶対にしないようにしてたんだけどな。私の声聞いて現実に戻ったから、火水木で静岡に行く！って息巻いていて、散々怒鳴ったりなんなりして今寝た。,2
45億年も火星も生命の始まりも戦争もその他諸々てんこ盛りで疲れた。火水木で行くなら、私も日月でどっか行ってこようかなって言ったら、良いよって言った割に、子供のご飯とか大丈夫って聞いたら一日くらい例え何も食べんでも大丈夫とかふざけたこと言うしなぁ。そういうとこ！,1
一人でふらっと旅出来て良いですよね！！,1
うちの夫もコロナなんてただの風邪とかよく言うし、マスクも付けるの嫌がるし、お前も世間も俺の邪魔ばかりするとか俺はうつらないとかテンプレな事ばっか言う。うつさないようにするんだよって私もよく抑えてると思うんだわ。,1
フェスの人と夫の言ってること似てるわーやばいわーと思ったけど、夫はフェスには行かないし、過疎路線とか山奥とか好きだから、その中でもちょっと系統が違うかな。,0
案の定夫昨夜の暴言について覚えてなくてくそ腹立つ。,1
お昼に子に先ラーメン作って出してたら、夫が俺の分もあるの？って聞いてきて、私自分の分もまだ食べてないのに？→俺の分は今日はもう作らんってこと？→具と麺はまだあるけど私が作るってこと？→作ってくれたら助かるとの会話があった。最後に夫が若干下手に出たのは、昨日私が全てをボイコット→,1
→してた時に、子に三食一度も何も作らなかったことを一応は覚えてたんだろうな。(子は冷蔵庫や冷凍庫の物を温めて食べてた)　しかも、自分一人で昼御飯食べに行ってたし、夜は一人でペヤング食べてたし。,1
怒濤の愚痴ツイでTL汚しちゃってごめんね！！,2
HBに羽付け忘れたのを途中で気づいて(発酵中)、付けてちょっちょっと混ぜといたんだけど、仕上がりどうなるかなぁ。,3
PCで作業したいのに夫がずっと使ってるのでできません。,1
ピアノの迎えも夫が行ってくれた。今日は良い方の夫。,0
続き待ってるんだけど一時間音無でw,0
9日間、皿の一枚も洗わないしゴミ出しもしないし、本当に何もしないんだけれど、荒れないならもうそれで良いよ…てなってる。あまりに酷かった土曜以外は、憑き物が落ちたかのようにまあ穏やか。,2
昨夜は2の途中で寝落ちしてたから、夫の適正量はそんなもんだと思う。(それでもまだ多い)　いつまでも学生と同じ気分で飲まれたら困りますー,1
ちょっと前に起きて、子に宿題したか聞いたらまああんまりせずにゲームしてたんだけど、私がその話をしだしたくらいで、便乗？して夫が注意しだすのわけわからん。夫、同じ部屋にいたのに声かけとか何もしてないやん？？,1
でもほとんど何も家の事しないでゲームばっかで、普段仕事してるから家事育児はしなくて良いって思ってるのが透けて見える。定年退職したら家事する必要ないやんと言いたいけど、その時には生涯賃金が～とか言いそう。きっと言うw,0
あと一日あー疲れた！って言ったら、夫がなにがそんなに疲れるんですって。あなた！あなたですよ！！主にあなた！！,1
これで、母さんはかぼちゃの皮が好きなんだって言って成人した子が老母に皮だけあげるホラー。,2
エアコンのある部屋で寝てた夫が、玄関のドアやら夫の部屋のドアやらガチャガチャしてうろうろしてるなと思ってたら、しばらく行き来したあとでようやくトイレにたどり着いてたw エアコン部屋で寝てるから、自室からの時と感覚が違うんやろなw,0
直近の9月のTOEICも関西3ヶ所だけだし、いつもよりキャパ小さいからバも入れるか怪しい。,2
部屋の片付けも壊滅的に苦手だし、任天堂さんには片付けゲームを開発してほしい。,3
昨日ミシンで爪に針貫通しちゃったとこがまだちょっと痛い。あれ久々にやらかしたけど、一瞬何が起こったかわからんくなる。,2
今日から新学期＆給食！,0
高校の時の友人は帰省したら会う。中学の時の友人は、元友人も来るなら私は遠慮するってしてたら会うのが隔年になった。,2
森拓郎さんのストレッチDVD30日全身コース。,0
夫がまたトイレの場所を間違えてる。,0
体操教室に出発したけど、雷が怖いから帰るって泣き出したから戻ってきた…　音は遠いから行けたけどもうしゃあないな…,2
これ飛行機作る話だと思って見てたんだけど、いつまで経っても出てこんなと思って調べたら違ったわ。,0
アリエッティは息子妊娠中に夫と観に行った…　10年前…,0
娘『好きって言った。すごーい』,0
スムージー使わないことにしてるから、絞って終わりw,0
分岐で柿スムージーのレシピを取りそびれてた。,2
今度こそ寝る。,3
お風呂中に、手についてきた抜け毛を数えたら84本ありました。(数えるまでは浴槽の縁に張り付けてた),2
今の時点で長いものだと35cm。気の長い話だけど、そのうちヘアドネーションできそうね。,3
英検受検のコツなんですけど、今年度の英検はｺﾛｺﾛ対策で入口でも非接触の体温計で体温を計っております。自宅検温で平熱でも、この暑さで会場にたどり着いた時に体温が基準値超えてる子が続出してたので、日傘やマスクを適宜外すなどして上がりすぎないようにしてほしいと思います…,3
次は10月だから、気温はましだと思うけど…,3
パプリカ！,0
来週はスクワットバージョンらしい。娘も谷本先生に大ウケ。,0
あー！横腹が痛い！筋肉痛！,2
14ひきのねずみのあさごはんのやつとか、からすのパンやさんの見開きパンどーんのページとか、ノンタンのたんじょうびの表紙めくったとこのクッキーの作り方とか好きだったよ。食い意地w,0
ポスティング1回目終了。途中どしゃ降りになってずぶぬれになって、帰宅してシャワった。,2
そしておけけは伐採して焼いてきた。,0
そうなんだびっくり！お大事に…,0
ｱﾍﾞｶﾞｰの人は次はなんて言い出すのかな。突然辞めるなんて無責任だーとかかな。,0
安倍さんの任期、2012年の12月26日からだそうで、娘の産まれた時とかなり近かった。新生児が二年生にもなるわけだ。,0
寝ようとしたら、台所にお茶こぼれてて、ちょっとだけティッシュで拭いてあったけど、全部拭いてないし拭いた後のティッシュはその場に置き去りだし、夫のそういうとこにイラッとくるんだよなぁ。,1
ずっとそういう後始末を誰かがしてくれたんだろうね。こういうの注意したら、細かいとか、気づいた人がやればいいとか、そういうことを言うんだろうなと思いつつ今日は私が拭いておく。,1
仕事行こうとしたら人身…,2
これ受験者の人もたどり着けない人出てきそう。,0
帰宅！一時間弱遅刻になったけど、時間そのままで良いって言ってくれたのでありがたい。,0
クラウドワークス見てたら、漫画の最終回の感想書くやつでNANAのがあった。まだ終わってないよね？,0
一枚くらい私の写真混ぜておいてもばれないと思う。,3
採点止まってるんだけど、こっちが悪いのかあっちが悪いのかよく分からん。,0
ワールド16のスキル限定タウンミッションと美脚ジムでへろへろ。マウンテンクライマー計60×4はしんどいわ…,2
きんにくはうらぎらない,3
子供が書写に行ったのでアイスを食べます。,0
今日の採点終了約18000問。,0
秋冬の食べ物が好きなんで、どれから食べようか迷うー！,3
今日結構涼しい。,0
3人不味いと言ったので、不味いと確定しても良いと思います。マイプロテインのインパクトホエイプロテイン、ダークチョコレート＆塩キャラメルです。,2
ちょっと前から飲んでるプロテインが久々に不味くって、これは私の好みの問題なのかなと先週スタッフさんにお裾分けしたんだけど、Aさん『こんなに不味い食べ物久しぶりに摂りました。飲みきれませんでした。』Bさん『飲み切れたけど塩水でした。』,2
なお、今回のより赤リンゴ味の方がやばかったとも3人で意見が一致しました。不味いのだけではなと思って一緒に渡したアルプロンのミルク＋チョコチップは美味しいしこんなにいっぱいチョコチップが入っているんだ！高評価でした。,0
ただ姿勢が悪いからな…、不意打ちでも綺麗になれるようにストレッチ頑張る。,3
私もリングフィットの攻撃スキルのスクワットは使わないな。フィールドで必須の時はしょうがないけど。,0
【募】4年生のミッキーの漢字ドリルの13ページの画像,3
全員フェイスシールド付けてる。強豪私立はお金があるんだな。,0
ジムでモモアケコンボ初めてした。,0
3日ほど前から、『月見パイ　温め方』で1年前の記事に結構なアクセスが来ている。,0
森拓郎さんのストレッチDVD30日全身コース。,0
気付かないふりして煽る嫁。,0
if…だ,0
毎日の菅さんのおやつが気になる。色々食べてみたくなる。,3
世の中バカばっかとか酔っぱらいには言われたくねえわ,1
ナイスナイス！ってリプするのもはや癖なんだけれども、空気を読まずにこれからもナイスナイスしていきます。,0
ポスティング終了。,0
でも三人とも緊縮派なんでしょう？野党はそこを(政策で)攻めたら良いと思います。,3
すけ兄とDAIGOは、すくすく子育て来ると思う,3
娘、新一とキッドが好きだから新一いっぱいで喜んでいる。,0
これは小松未歩もくるのか…？？,3
午前中息子だけ行かせた塾から、水筒忘れてるよって電話きた。後で買い物ついでに取りに行くかー…,2
森拓郎さんのストレッチDVD30日全身コース。,0
帰宅してしばらくしたら夫が買い物に行った。お昼に用意してたお弁当がほとんど手つかずだったので(3人とも食べずにゲームしてた)、お昼御飯が夜ご飯です。私は餃子食べる。,3
仕事行ってる間にどうやら夫がトイレットペーパー交換してくれてたんだけど、芯がかぶせのとこに放置したままだったから私も放置するわ。,1
朝ごはんのお皿が机に置きっぱなしだったのはさっき運んできたし、昨夜の空き缶とつまみのゴミもようやくなくなってた。つい片付けたり小言言ったりしがちだけど、ぐっと堪えて放置の方が良いのかな。(41歳),3
ほんとユニクロは袖が短い。,2
森拓郎さんのストレッチDVD30日全身コース。,0
まだ前に頼んだのが結構残ってるから、90日ギリギリかつ忘れないくらいのタイミングを狙っていこう。,3
ワールド17まで終わってレベル187です。,0
トイレットペーパーの芯はそのままw,0
今年中に次の仕事見つけたいな…,3
可愛い！絶対買う！,0
あらあら、マイプロは対応失敗してますます炎上しちゃってるのか。,0
粉のプロテインは大丈夫なのかしら。,0
眠い。,2
いつも放置されてた食べ終わった刺身のパックが、今日はこの時点で既にちゃんと処理されています！！！！,0
お小言言わずにぐっと堪えて放置作戦、机の上に刺身のパック1個、マグカップ2個、床に靴下2足溜まってきました。,2
涼しくなったしリビングうるさいからって、寝てた夫が自室に移動しました。夏の間エアコンの付いてる部屋で寝てたから酔うと距離が近くて揉める元だったんだ。これでちょっとはましになるに違いない。,3
マグカップ運ばないのに新しいマグカップ使うの何なんだろうなーと思う。,1
ほどほどで止められへんから病気なんやでって返されたので、うんそんな感じで行ってほしいと思う。,3
森拓郎さんのストレッチDVD30日全身コース。,0
夫がちょっとでも読めば良いなと思って、義母さんから貰った依存症の漫画をずっと机の上に置きっぱなしにしてるんだけど、今日息子が読んでた。ふりがな振ってなくても結構ちゃんと読めてた。,0
めっちゃ雨降ってきた,2
お小言言わずにぐっと堪えて放置作戦、8日間放置されてたトイレットペーパーの芯が今日ついに捨てられました！,0
夫の靴下は床に転がってるけど、洗濯機を回している。,0
タウンミッションでパラシュート全部輪っか通れと言われて無理ゲー。パラシュートも苦手。ミニゲーム大体苦手。,2
これで後でスーパー行かなくてよくなったw,0
史緒ちゃんがRTした漫画、義母がくれてから我が家の食卓にずっと置かれてるやつ。(夫が全部読んだのかは不明)　私は読んで、責めない小言言わないお酒に付随する後始末や世話はしない辺りを実践中。,3
今週のアイスは好みのが続いていて嬉しい。まあ何食べても大抵のものは美味しいんだけれど。,0
今日は最高の運動会日和ですな。,0
奇数学年偶数学年別、各学年走りと演技のみ、弁当無し、給食、午後も授業受けて帰ってくる。,0
学級委員で、奇数学年の方の手伝いにちょっと行くけど、それでもずいぶん楽だわ。,0
6年生の演技は、今までピラミッドも含む組体操だったのが、一人組体操＆縄跳びとダブルダッチとかのちょっとアクロバティックな縄跳びになってた。アクロバティックな方はほとんどひっかかってる感じだったけど、なんかピラミッドとかじゃなくても十分頑張ってるからずっとこれで良いと思ったw,0
雨止んでるからポスの残り配ってくるー。,3
バザー用に置いてた未使用の不用品、今年はバザーないからもう捨てちゃおう。,2
プロに任せたら、ほとんどの物が要らないもの判定されそうな気がする。,0
auの支払い、先月末にauペイカードでの支払いに替えたんだけど、さっき請求書見たらリボ払いになってて焦ったわ。楽payとかいうので自動リボ払いになってたみたい。速攻で解除してきたから11月請求分からは大丈夫だと思うけど、10月分は確定しちゃってるから11月で繰り上げ返済できるか確認せねば。,2
すぐに気づいて良かった。怖い怖い。今日の問い合わせ時間過ぎてるから明日以降。,0
帰ったら、娘の友達が来ててかくれんぼしてた。,0
帰宅！,0
若干気は休まらないけど、バイト仕様だった私を見て、髪も顔も全部可愛いって言ってくれたから良しとする。(単純),0
チャド（CV.小野大輔）という字面に草,0
東京ダイナマイトが好き,0
昨日の夢はしもんぬと有吉でした,0
岡崎体育の顔とせいじの顔似てるよね。。。？,3
ふふってなった,0
でも神谷さんのときはショック受けなかったよねむしろ、おいおい娘のオムツ代の分まで貢がなきゃなんないだろって燃えたけどね,0
去年の５月から全然呟いてなかったけどTwitterは毎日見てるんだよね怖いよね,0
坂本教授のセクシーさにも気付いたんだよね最近年取ったらYMOのCD集めて、その合間に和牛の漫才見てる,3
草とか言ってる場合じゃないんだけど何かの間違いであって新妻さんよ,2
サンド富澤アルピー平子どちらも、これ以上好きになってはいけない。。。って自制心が働くぐらい好き,0
昔のローソンのＣＭ細野＆森高の夫婦役のやつ見てて胸が苦しくなったつらい,2
ちばぎん入籍ってナタリーで見たから何年かぶりにちばぎんて検索したわ,3
チャライダーの服欲しい欲しい欲しい欲しい,3
はい起きた起きた,0
友達オリンピック観覧当選したてすごいじゃん！そんでもう詐欺電話かかってきたて,2
今日は焼き肉なんだけど、焼き肉のタレで肉を炒めて生卵つけて食べるやつなんだなんていう料理なのこれは？,3
うらみちお兄さん大好きだからやばい,0
はぁ。進撃の巨人の来月号が早く見たくてたまらん。,3
別冊マガジンでは進撃の巨人と荒ぶる乙女を楽しみにしてるんだけど、荒ぶる乙女は面白い反面、感情移入し過ぎて毎回読後具合悪くなる。ものすごいこっちの感情揺さぶってくる。,0
わからんけどかわいいハシヤスメ。,0
やさすぃ,0
EXITテレビ出過ぎで録画したのかどうか記憶が危うくて何回も録画確認して1日の録画確認時間が多過ぎでやばい,0
泣いた,2
ワイドナショー録画,3
自分が好きな芸人を酷評してるツイ見かけて悲しいなって思うけど、一応どんな人なのか過去ツイをちょっと見ると、だいたい、芸人だけじゃなくていろんなことに批判的な人だったりする。その生き方はつらくないですか。。。？,2
相方の不祥事についての十字架を背負う時期はもう終わったでしょう。不祥事のことを軽々しく口に出してはいけないっていう発言は、自分に対してではなくて、元相方がいつまでも「不祥事を起こしたやつ」と言われることを庇っての発言じゃないですかね。,0
と、思ったんだけど、こんなのは私の勝手な想像だから真実は分からんけどね。ファンだから、「そうあってほしい」っていう想像をしただけ。,3
最高の夫婦かよ！,0
紡ぎ出される言葉に勢いがあって思わずイイネ,0
うなぎの日なので。,3
主催王。,0
うどん,0
女の子たちが今をときめくお笑い芸人にキャーキャーいってる様子に対して冷めた意見を言う人がいるいつの時代もそうよねずっと前からそうでも、キャーキャー言われている人たちがのちにテレビで活躍してる人気者になればなるほどアンチも増えるそれは変わらないね,0
「面白くないくせに売れてる」って、ほんと何十年も前から使われてる言葉ねだけど、テレビを見てる大半の層にウケているとしたら、もうそれは「面白い」んだと思うよ。どのお笑い芸人を支持しているから偉いとか、謎のマウンティングは必要ない。,1
きっと物申している人だって、もっと年を取ったら意見が変わるよ。全てが面白くて、全てが尊敬の対象になるよ。EXIT面白いじゃん。「すぎ杉田玄白解体新書出版しといてー！」で1週間腹筋崩壊だよ。ですよ。とか面白いじゃん。存在自体で腹筋崩壊じゃん。まじ尊敬しかないじゃん。,0
ぴゃー！きゃわー！,0
そういえば昔、業務のやりとりのメールで、何回かに1回カピバラの画像を添付してくる人がいたなぁ。。。「今月は仕様が変更になっていますのでご確認ください。（温泉でくつろぐカピバラさんです）」って、文末に添付画像の説明が書いてあるの。あれはなんだったのかな。。。,0
力強い,0
はぁ～メガネなし平子っちかっこいいその路線でずっといって丸メガネいらないメガネなしの平子っちがかっこいいの素敵平子っちはぁぁぁぁ,3
最後パラパラなんぞ,2
サンジャポちんたろーのアンケートやってるね！,0
RGつえぇ,0
テレビ制作サイドが絶対的権力を持って出演者の意思に反する番組づくりをして成り立っていたのはもう過去の話。もうそんな番組づくりは古いわ。,1
いじめで命を捨ててほしくないのはほんとに同意。追い詰められてもう精神的にも疲れ切って、もう人生終わりにしようと思っている人にそこから逃げ出せと言っても逃げ出す方法を考える気力すらないかもしれないけど、なんとか逃げてほしい。,2
その弱り切った心に、「親が頑張って生んでくれたんだから」って言葉はつらいわ。どういう気持ちで言ってるんだろうって思うわ。きっとそんなふうに言う人は、自分が親に感謝してるからなんだろうね。だけど、世の中にはいろんな親がいるってことを想像してほしい。一生会いたくない親だっているよ。,2
私はこの心の中にいる小さな自分を成仏させたい。母が、大人になった私に、高い化粧品をプレゼントしてくれたり、いいところで食事をさせてくれたりするようになったんだけど、そのたびに、「このお金を少しでも10代の私にあげられたら、お腹いっぱいご飯を食べさせてあげられるのに」とか,2
正直、もうこんな考え方するの嫌だな。いろいろ本を読んでみてる。毒親っていうのはわりといるみたいで、悩んでる人はほかにもいるみたい。抜け出して、解放されたい。,2
はああたおかＴシャツ欲しいけど着て歩く勇気なくて買えない,2
かねちがブリーチの箱の人みたいって言われたやつ、ずっと前にウチのガヤで出たとき言われたやつよな？あれがあの笑いに昇華されたのすごい,0
泣いた,2
チャランネルのコメ欄閉じられてるは,1
かねちいぃぃぃ,0
あああああ,0
伝われ伝われ,3
弱っているのだな。。。,2
兼近巡査うれしすぎて召されそう,0
今日EXITはこれやってたんだなぁ,0
納言のみゆきさん乳爆揺れで走るのつらそうてか乳しか目がいかねえ,0
やたらに謝罪を要求してくる人、罪を償えと言う人、その他文句を言う人。ただ目の前に叩ける口実ができたから叩いているだけなので、もうこれ以上のレス返はやめてほしいどんなに心を込めて言葉を伝えても言葉の通じない人間たちはいるのよ見ているのが辛すぎる,2
かねちが魂削って書いたサイン入りのチェキ売るやつ絶許,1
でも停電するかもだからめっちゃ仕事進めないとやばいとにかく今日は忙しいやばい,2
あ、ほんと。、、誰かに似てると思ったらかたまりさんは宝生舞似だったのか,0
裏表のない芸人天下取れる説,3
空気階段の単独レポを読んでまさか涙が出てしまうとは思わなかった,2
かねちで検索したらみんなスーツEXITの色気で昇天しててかわいい,0
私仔牛ちゃんだったから川西さん2位って見てちょっと心ぐらついたけど、やっぱり明日からもかねちに入れる。。。かねちにトップになってほしい！！,3
ですよ。兄さんかあいい,0
平子っちの太ももパツパツでそこに挟まれた過ぎる,3
EXIT、3回戦通過を、何卒。,3
でも今までの人生振り返るとウシジマくんの世界はすぐ近くにあったし、そんなに遠いファンタジーでもない私にとっては顔の綺麗な男女が明日の飯の心配もせず恋愛ばかりしている話のほうがずっとファンタジーだしホラー,0
あ、ファービー欲しい,3
漫才見たうえで、「キャラ頼りで今のことしか考えてないほんとにただチャラチャラした中身のない漫才」だって思うのやばない？素人がそう思うのは勝手だとして、プロの先輩漫才師がそんなこというのやばない？,1
もともと出るつもりのなかったかねちが男前ランキング1位取ったらほんと漫画の主人公み増すのでほんと取ってほしいのよ、1位,3
かねち捕まって即復活くる？？,3
中川家凄すぎて草,0
実写の天湖森夜見たい,3
ブーン系小説ってあったなあ懐かしいって検索してみたらまだあって驚愕ブーン系小説のリンク集辿って、夢中で見てたよ、たぶん10～15年くらい前まだあるんだ……っていうかリンク集って懐かしいな当時、ケータイサイトには全てが詰まってると思ってたよ,0
芸人交換日記、昨日Amazonでポチりました！,3
かねち世界各国で輝く気がする,3
えっ木多先生が？！すごいまじすごい,0
昔の同人誌は作者の住所書いてあった。友達はそれでファンレター届いてたな。懐かしい。。。いにしえの文化よ。。。,0
EXITのDVDオープニングからノンラビの流れまで見た時点でもうだめでした良過ぎでした！！,0
お兄ちゃんかっこよー！！！,0
りんたろーさんの「とてつも～」で2020年が明けたと言っても過言ではないな,0
今日生もぐらと生ですよ。も見られるのかと思うと興奮してきた,3
推しと推しが同じ画面にいる。。。！,0
EXITが見られることはうれしいんだけど、人がいっぱいいるとこ行くの久々で手汗がすごい。。。あと動悸。。。,0
売れてないバンドマンとか芸人さんに牛丼の券とかタバコのカートンとか缶詰めとかアイスの引換券とか、そういう消え物を送る人の気持ちは分かる。お母さんの仕送りみたいなそして、その仕送りみたいな贈り物を「いらないんだよな、こういうの」って思うぐらいまで早く売れてほしいなと思ってる,3
小山町初めて行く！夜の246の運転だけが怖い！でも行く！,3
ダンボ君も懐かしい千原兄弟めっちゃ好き好きだった,0
ジェラードン西本さんの絵好き好き,0
ボディクリーム塗ったから自分からいい匂いするこんな数百円のお徳用ボディクリームだっていい匂いすんだから、りんさんの使ってるボディクリーム塗ったら召されるな,3
おざのストーリー和む。。。ていうかおざは立ってるだけで面白い,0
おざのインスタライブほとんど見れなかった。。。あの時間帯は無理。。。,2
ウンナンのコントでしか101回目のプロポーズ知らないけど好きだったあと、CHAGE&ASKAもウンナンがやってたのしか知らないマッキーもウッチャンのモノマネからあの頃の文化はウンナンを通してしか知らない,0
モッチーめちゃ垢抜けたねぇ～,0
泥ススの動画息が詰まるほどかわいんだけど……！！ルームシェアーズかわいいんだけど……！！,0
スキー教室のときにイキってスノボ持ってくる人たちいたいたｗｗ私も雪国出身だから、体育でスキーとかよくあったよスノボー持ってきちゃう人たちってみんなカッコイイ＆かわいい人たちみたいな、目立つ華やかな人たちだったなぁかねちもさぞ目立っていたんだろうなぁ,3
ラフム語というものの読み方についてなぜか馴染みあるな～と思ったら、アルベド語だ！あれ？アルベド語は何個ずらすんだったかな？,0
刃物を持ってたあの子は今生きてるのだろうか。なんやかやうまいことやって、誰かと一緒に生きてるのかしら。今はすっかりおじさんになって定職に就いてたりするのかしら。,3
ほんとに今、テレビでお笑いを見て「かっこいい」って思うことにも罪悪感がすごい特にEXITなんて見た目が良すぎるから好きなことが旦那にバレたらどうなるか分かんない、怖い旦那は若いイケメンの存在を許さないからな,2
錦鯉はいいらしい,0
みんながいいねしたツイートは見たい派なんだけど見られない公式アプリじゃないと見られないのかなぁ？課金したけど結局公式アプリがいいわ。。。,2
私の箸の持ち方は異次元レベルでおかしいので、もういっそ利き手と逆の手で覚え直そうかなと。。。,2
おお。。。とうとう好きが振り切れて憎しみに変わりかけてる人が出てきてる。。。,0
EXITに会えてめちゃ喜んでる人がいたら、ただただ「良かったねぇ」と自分もうれしくなるだけよ,0
介護りんたろでハート鷲掴みされて今Twitterに戻ってきたら爆イケソロりんたろ！！,0
スーダラ節のアンサーソング刺さった,0
誰かお箸を！！,3
想像しただけで絶望してしまったイグジがいなくなったら人生の支えが消えます,2
大阪チャンネルで一通りEXITが出てるの見たので、ほかになんか見るのないかな～って探してたら、「詩05TOUR」あってめっちゃ興奮した！！千原ジュニアかっこいいな。。。ほんとこのDVDが出たときは毎日見てた好き過ぎてDVD持ち歩いてたもう15年も前になるなんて（絶望）,0
顔、頭の回転の良さ、思いやり中居君とかねちは似てると思う,3
ユニクロでりぼんって聞いて真っ先に岡田あーみんのやつ期待したのになんだよ！なんだよ…,2
そしてかねちのピンネタ、いろんな感情が沸き上がってきて手に汗握って見守ってしまったEXITになってよかった。。。,0
おざの配信はじまた,3
もぐら刺繍素敵…欲しい…,3
本人あんまり似てない説好きww,0
もう3か月ぐらいずっと夕方になると37度ちょいぐらいの熱が出るからやばい病気かと思ったら「疲労」ですっていっぱい寝たらいいんですってそれが一番難しいわ,2
私の過去の最愛の推しである千原ジュニア（ちなみに以前は「J」と呼んでいた）とかねちが並んで話しているのを拝めたうえに「AVを見ない」という共通点まであったのでこれはもう運命,0
下品なお笑いネタをリツイートするとフォロワーの気分を害するから、もうプロフィールにEXITって書いておくのやめといたほうがいいと思ったEXITはもちろん大好きだけど、同じくらい下品なお笑いが好きだから。熱湯、裸、おでん、虫、ガヤの集団芸、ブリーフみたいな昭和のお笑いが好きだから。,2
野田クリスタルの上げる画像画質悪くて好き,0
やてちゃんの弟は化物語3回読む,3
「だいじょうぶだあ」でも確か、記憶が曖昧なんだけど、笑いが一切ない、父親が1人で娘育ててるようなミニドラマやってた片手鍋でラーメンつくって、それを娘と２人で食べてで、父親は酒ばっかり飲んで、最期は吐血して倒れるのいろんなコントあったけど、これが一番忘れられないのよな,2
こりゃあ学校しばらく再開ないかなぁ……1日1日状況が変わってるし、1週間も先のことなんて全く分からんな子どもたちに毎日何やらせるかもう計画立てないといけないな,2
マーケティングの人…？,0
おざのインスタライブで癒されてきた仕事しよ,0
初恋タローさんのストーリーでもっちーのものまねしてるwww もっちーものまねブーム来てるww,0
ふいに、159cmのボナセーラという単語がツボに入って頭から離れなくて困った…なんのきっかけもないのに…なんか単語の組み合わせが好き,0
にんげんっていいなって、すごいテクノポップじゃん,0
タグがトレンドに入るためだったり、ツイートのいいね数を増やすためだったり、フォロワー数を増やすためのただの駒として存在していたい駒として存在することに無性に喜びを感じるタイプの人間です,3
りーもこちゃんつよい。。。,0
ホログラムで劇場を楽しめる時代はよきて,3
メルカリで買った3DSが初期化されてなかったんだけどこれ普通のことなの。。。？,2
流行りに乗っかりたい友達のおかげでいつも流行を知る,0
ししゃもを演奏したいというので初めて曲を聴かせてもらったんだけど、今聴いてる極端がサビにきたところで「え？えっ？？？」ってなったんだけど何に対して何を感じているのか説明もできない勉強しよ,2
私は「何が何でも絶対不倫はあかんぞ派」だけどなぁやっぱり結婚は契約だから、次にいくならその契約を終わらせてからにしないとな,1
もっちーもお寿司！みんな一緒にお寿司かあいい,0
何回見ても有吉の壁の友近のクオリティ最高過ぎだしキレキレだし尊敬する,0
コウノドリどのシーン見ても涙ボロボロなって心がしぬから見てられない見たい、でも見てられない,2
大さんがnoteにあげてた紅茶豚のレシピがなんか気になるので豚かたまりロース買ってきたんでつくります！！,3
三浦さんの料理みんなお皿おっしゃれ,0
テレビから11月のリサとか聞こえてきたらビビるよ！あーもう終わっちゃった,2
息子何回も何回もリンカーン大運動会見てる運動会いいなぁ、やりたかったなぁってだなぁ。。。,2
タブレットで文字打つのむずい。。。。,2
朝起きたけどちょっと動いてまた寝てさっき起きた。仕事しすぎた次の日は廃人。洗濯物も干してない。イスに座ってから１時間経った。,2
素晴らしい能力には有名無名問わず課金していくタイプ,3
気の合う友達っていうのもやっぱり同じ境遇の人が多いし、中卒が多くて、次が高卒。大卒の友達は最近まで皆無だったね。勉強したい人が高校行くんだと思ってたからさ。。。まさか、その先の大学に行く人が世の中にこんなにたくさんいるなんて、ほんとに知らなかったよ,2
だからさ、ほんと知らないの。毎日ご飯のことと直近の明日あさってのことしか考えてないんだから。たった1年後でもとんでもなく先のことで、先のことなんて考えられないから、勉強がなんの役に立つかなんて想像もできないの。今日のご飯が食べられるかどうかが一番の問題なのよ,2
だから、大人になって生活してみて、世間を知って、初めて、自分が無知であるということを知ったわけ。　だから兼近氏は私の希望。全然自分は努力が足りないし、まだまだ勉強できるはずって思わされる。,3
今日はビール3本、缶チューハイ1本やっつけているのでかなり飲んでます！！,0
鬼越トマホークのオールナイト日本絶対聞く,3
Janetterってもう新規受け付けてないのね難民。,2
うちの旦那は私が好きなもの（主に芸人、アーティスト）は全ディスリのスタンスだからテレビに推しが出るときはさりげなくチャンネルを変えるわけ。映ったときじゃなくその時間帯にそのチャンネルにならないようにあらかじめ変えておくわけ、ここポイント。,2
とくに、「イケメン」、「チャラい」、「若い」人間をものすごく嫌がるから、いぐじなんて絶対うちのテレビに映せないのよ。そりゃもう最大限の気を遣って見ないようにしてるのよ。,2
どうも会社で部署が変わったりなんだりがあって新しい人間関係に疲れているみたいで。家では基本オラついてる旦那なんだけど、心が弱ってきたからなのか、いつもと感じ方が変わってるみたい。,0
踊り場110話まできたぞこら,0
メレブ。。。？,0
なんでbotしぬんですかいい加減にしてください,1
オラつきかねち好きwwキックの脚きれい好きwww,0
メレンゲにルームシェアーズ出てんの興奮する！！,0
タッキー真横向いて喋ってるから顔カメラ向けて！ いやカメラがタッキーを正面で撮ってやって！,3
かねちの細ツルツル脚,0
今から約15年ぐらい前。 ネット上で実名出されて、ないことないこと誹謗中傷されたので、こんなに自由にこちらの情報をばらまかれては困るということで警察に相談に行ったら、 「見なければいいんじゃないですか？」 と言われました。 まだネットと現実が結び付けられてない時代でしたね,2
料理覚えたてのときに、「小麦粉はちょっとずつ出して使え！もったいない！」とか、「ジャガイモの皮厚く剥きすぎだろ！」とか、料理名言っただけで「こんなの○○とは言えない」とかめちゃくちゃ言われて完全にやる気削がれたので、料理覚えてる過程の人には出来上がった料理だけ褒めることにしてんの,2
出来上がった料理めちゃくちゃ褒めてたら、「次はもっとおいしく作ろう」とか、「野菜もっと綺麗に切ろう」とか、どんどん勝手にステップアップするよね 褒めて伸ばしていきたいタイプ,3
仕事が終わった後の！！ビールと！！鮭とばは！！！たまんねーな！！！,0
明日も6時に！！起きる！！のに！！今から飲んでどうする！！！の！！！,1
美しいは正義 スージーＱ嬢とかねちは美しいねん,0
ご勘弁！！,2
○○○○○ランド はっじまっるよー！！,0
とにかくフォロワーが増えそうな名前とプロフを雰囲気だけ真似するっていう宣伝アカはよくあるけど、そっくりそのままコピーは完全にアウト,1
アマプラで東京マグニチュード8.0全話あるというので見てみた 1～3話まで見たけどすでに心臓もぎ取られるような思い 親目線で見たらきつすぎる,2
東京マグニチュードを見ながら家事しようと思ったけど、泣きすぎて手が止まって全然進まなかった,2
たぶっちゃん出たねww,0
イグジ美しいよぉ,0
きちんとタカさんのYouTube定時に見ようとしてる有吉真面目で勤勉って感じで好き好き,0
コンタクト用帽子とは,0
「田辺さん」っていうワード出てくるだけでもう笑えるようになってきたな,0
せいやかわいいやん好き,0
ご飯炊くもっちー好きぃ,0
マイミク整理しますとかフォロワー整理しますってめちゃ残酷な響きで怖くて昔から恐怖しか感じない,2
かねこ悪い女でめちゃ好きwww,0
岡野さんwww,0
なんの宿題それ,0
好きだったねぇいしだ壱成 ドラマ出ても何してもカッコ良くて、この世にこんな顔のいい男がいるのかよって思ってたね,0
CQCQ、CQ2メーター こちらJN7なんとかなんとか うちの家族はJA7とJL7がいますね,3
ぬっるいビールを3本飲んでいます。,2
TVerでの視聴もカウントされるというのにこんなにバズってて視聴率爆死とか嘘も大概にせえよこら,1
フォロワー整理します！ とか宣言したら、言われたほうは「私は大丈夫？」とか「切らないで～」って命乞いしなきゃいけなくなるでしょ？ そんな関係悲しすぎる。,2
たいむらいんにプリンプリンとBOOMER出てくるとほっこりするな,0
ナダルwwww,0
インプレッション18万……！！,0
きっと若い頃ならなにもかもぶん投げて夜の街に飛び出したんだろうけど、そうもいかない今は、ただ歯を食いしばって寝るしかない,2
コップに焼酎をだばだば入れて、水道水をシャーって入れてただ腹に流し込む。 味も何も分からないけど、飲み終わったら寝れる。 こんなふうに、アルコールを効率よく体に回してやることだけを考えて摂取するようになったら終わりですよ。,2
サブカルくそ女上等だよって思ってたけど、気付けば、全然……… サブカルにも振り切れてないし、ただの空っぽのダサい女だったわ。,2
鉄槌推しになりそう,3
あぁスージー嬢狂おしく好き,0
かねちか氏の偽物YouTuberがなんかやらかしたみたいなんですけど 有名人の名を語って特定の政治家の活動を支援すること、 それによってその有名人に被害が及ぶと考えられる場合って何らかの罪じゃないですかね？,1
あの政治家の方は本当に間違えていた可能性があるので、もしかねちか氏と間違えられても否定をしなかったor自分からかねちか氏を名乗ったのならば、責められるべきはあのYouTuber。 誰もあれを本物だと思いませんように。 なんせマスク無しでみんなで山手線乗るデモしてた人らなので。,1
推しが人助けしてるぅ～,0
空気階段決勝きたわぁぁ！！,0
おわ！ 今日忘れてたけど泥ススの日じゃん？,0
ハンジ、。。。,2
「KOUGU維新」だ。なんか違和感あると思った。工具維新はそのまま過ぎるわ。,0
地元にはしばらく帰ってないし、お団子屋ははるか昔に潰れてしまった。 夢の中でいいから、あのお団子を家族に買って帰りたかったな……,2
録画の水曜のダウンタウン消化。 いつものやつの説出てきた全員やばくてめっちゃ笑った 優柔不断を演出するためにジャイアンツの帽子に阪神のシャツ着るという発想好きすぎる からあげ偏愛タンクトップマッチョも実際店に来たら怖すぎて草,0
鬼いそがし,2
レジェンドたちが続々とYouTube始めたりTwitter始めるから見るのに大忙しですわ,0
DGSが公式でラジオをYouTubeに上げてくれるようになってるんですわ！！ おかげでまた神谷小野沼に引きずり戻されかけてますわ！！！,0
効率良くアルコールを摂取するという考えめちゃ共感してしまう。 酒の美味しさとか、家で飲むときはそんなこと考えない。 日中は緑茶を急須で淹れては飲みを繰り返して、濃いお茶に酔ってよく気持ち悪くなってる。 何かしらをずっと飲んでないと生活できないんだよな。,0
はぁ～EXITかっこよすぎてしぬ,0
がんばれ空気階段……！！,3
空気階段良かったよ… ほんと最高だった 2本目終わった時点でもう泣いてしまったわ,0
うーわヘッドホンぶん投げたら耳のとこ割れた。。。最悪だ。。。,2
パラビって1000円するの！ かたまり見たさにとりあえず無料期間使ってみます。,3
火薬田ドンwwww,0
まーたこんな時間から飲酒だ。鬼仕事ラッシュでしにそう。明日の私は果たして無事なのか。,2
寝姿がブス！！,2
あー終わんない終わんないいつまでも終わんない仕事仕事仕事仕事,2
ゆうきゃんまじか,2
生活はグジャグジャだけどお掃除ロボのおかげで床はきれい。ロボが掃除しやすいように床に物を置かないようにするからあまり散らからない。お掃除ロボは救いの神なのだ。。。,0
有吉の壁の録画流して作業してたら「すわりひろし」って聞こえたからビクッとして慌てて画面見たら確かにすわりひろしだったけど小澤ではなかったわ。 まあそりゃそうだ。 けどちょっとびびった。,3
もっちーパーマかけてんな！！ いいな！！,0
オールスター感謝祭あとで録画でみる 楽しみ～,3
KOUGU維新に敵役こい！ （インパクトもぐら希望）,3
あ～早く今日の仕事終わらせて飲酒キメたいよ～！！！ イライライライラ そんで感謝祭の録画とチャランネル見たいんだよ！早く解放して！！！,1
あ～ 自分の好きなものを自分の言葉でどこが好きか説明できる人って素晴らしいな,0
い、イグナッツの放送地域外だって今日気付いたわ。。。,2
なんか人が集まっててガヤガヤしてるっていうのに飢えてるのかもね。 家で飲むのもいいけどなんか違うんだよなぁ。 どんなにおいしいあてがあっても違うんだよなぁ。,2
え？絶対アマゾンから注文したと思ったんだけど？なんで？,2
今日読めると思ったのに……！！！,2
今日のホンマでっかおもしろ！！,0
粗末に扱うwwwwwwwww,0
はあ？ものすごい音で旦那がドア閉めてる音が聞こえるんだが,1
怒ってますアピールすなよ腹立つな,1
きもいけどスタイルよき,0
公園でみっちりストライダーとサッカーを1時間半！これ以上やるには、俺の体力がもっといる！,0
iOS13にしたせいか、日本語入力のときのスペースが全角になる。半角にしたい。,0
お。あっさり半角スペース、元に戻せた。,0
船の上で他の人に邪魔をされながら寿司を食う夢を見てたら、トイレに行きたくなりすぎて起きた。むくり。,0
タクシーの運転手に話しかけてみるライフハック。東京の道覚えるのに10年はかかる。30年でも完璧ではないとのこと。,3
乗り過ごしたぁぁ。起きてたのに、読み物聞き物してたらば。,2
便利なものは不可逆。普及のためなら身を呈する。インターネット黎明期のネットスケープ、ブロードバンド黎明期のYahoo!BB、キャッシュレス黎明期のPayPay or LINE Payなど。,3
マネジメントに100点なんかないので、誰かの恨みは買うし、恨むなら正面切って来いやというね。,3
無性に天下一品が食べたい。近くに欲しい。,3
夜、炭水化物をなるべく抜くダイエットを開始して1週間くらい。はっきり言ってやっぱ効果あるわ。飲んだ日が2日あったので、減りは1kgだけど、下がる予感しかない。,3
坂本勇人さまは世界一のショートや。がんばれ、坂本。お前が立つその場所は熱気の渦が巻く！坂本！炎となれ！,3
98回目。当たり前だけど、あと2回で100回だ。,3
めちゃくちゃダルい。寝たの3時。その間喉と鼻の奥が痛すぎて、3回起きた。今日は気合だけで乗り切る。,2
しちゃかちゃって書いてた2011年の俺の文章に、女性の先輩がしちゃかちゃって何？と聞いてきたのが今日のハイライト。熊本弁、博多弁らしい、しちゃかちゃ。マジか。,0
もっと食感を楽しみたい。,3
撤退戦を戦いたいけど、最前線で戦ってる感じ。,2
人と比べない。自分と比べる。ありのままでいい、と感じられる。否定されない。自己開示ができる。挑戦できる。,3
2020年も忙しいことが確定した。ピンチでこそ笑おう。,3
トゥントゥトゥントゥントゥトゥン♪,3
今日はどうにもこうにも疲れている。声のトーンを1段階高くして対応中。やるだけ。,3
反省ポイントは、・もっとケツを絞ることで、より単位時間あたりの生産性を上げる。結果として以下を狙う。・家族との時間を増やす。・新しいこと楽しいことをやる時間を増やす。,3
終電で薄れゆく意識の中で、確かに目の前の女性は切腹本を読んでいた…と思う。,0
トイレ産業展に向かう。移動力。,3
コントロールしたい範囲は自分の思う理想の結果に対してであって、それ以上でもそれ以下でもない、ということが改めてわかった。,0
具体なきやつ、俺よりやってないやつのことなんて、1mmも聞く意味ないな的な発想はやめたい。だけど、より人に興味なくする以外の解決策が俺には浮かばない。,0
いい学びを他部署の方から得た。・仲間を集めよう。・減点法ではなく加点法で接しよう。,3
筋通してこないアホがおったんで、電話で久々にブチ切れた。誰であろうと筋を遠さねぇやつは筋通してもらうぜ。,1
無事を確認したので寝るか。,3
執着心を捨てたい。捨てるには、で考えたアクション。何か趣味に没頭する。モノを断捨離する。自分と向き合う。素直に生きる。興味を持つ。移動しまくる。,3
もはや何個トラブルが来ても大丈夫。剣先の流れがゆっくりに見えるイメージ。研ぎ澄まされてるから、冷静に収まるか見極められる。明日はわからん。,3
んふんふ言ってる息子くん。なめこ思い出した。んふんふ。,0
浦和散りそう！がんばれ！3点取れ！,3
ある意味社会全体を巻き込んだ実験で、うまくギガホ、ギガホライトに流れて専用サイトから申し込みの負担が大きくなければ、1年後も継続するんじゃないだろうか、このキャンペーン。,3
行動の「透明性」を高めるべし。個人のアカウンタビリティが求められる。生きててそう思う。自分ごととして捉えた上での説明責任。,3
余裕があれば人に優しくなれる。自分にも優しくなれるし、自分を信じられる。自己と対話するためにも「持たない」。,3
インプットとアウトプットの黄金比は3:7。アウトプットでこそ進歩する。やれ、出せ、垂れ流せ。,3
トイレの未来について考えているけど、トイレはSDGsの6番ばかりだと思っていたが、トイレ協会の人に話を聞かせてもらったり、トイレをサービスとして提供する事業者側の人に聞いたりすると、12番も対象かもという気がしてきた。,3
トイレは点ではなく、面で考えるべし。一事業者が全ての利用者を納得させるトイレを供給できるわけではないため、街全体でデザインしていく必要がある。,3
徳島は2点目を取りに行かなかったのが敗因だなぁ。最後は徳島を応援してしまった。一歩及ばず。来年は福岡上がろう。,2
娘ちゃんがゲボっててんやわんや。ごめんよ、今日たくさん連れ回したせいかなぁ。臨機応変に対応する妻よ、サンクス。,2
流石に職場では買い取ってないが…課題を挙げた人へのインセンティブ設計を考えないとな。,3
他者には、人間以外も含まれる。ペット、無機物。以前で言えば、ぬいぐるみ。現在から近未来で言えば、ロボット。孤独を癒す存在が無機物になったとき、昔から見たときの孤独な状況に見えるのだが、孤独と見られた本人からしたら、孤独ではないのかもしれない。,3
ヒラメもらった！捌く！,0
ドクターシェティ。インドの心臓の神様。経営者としても優秀。全ての命は平等。お金にかかわらず手術を受けられる。日本からの医者も。,0
ミルクボーイにはコーンフレーク業界からの熱い視線が注がれるだろうな。ずっと、煩悩の塊を食べることになるだろう。,3
無目的にやれると価値の源泉があって良いのだが、目的を持った途端に単なる機能というか、いわゆる人間らしさがなくなり、面白くなくなる。無目的に、ってのはキーワードだ。,3
冬休み2日目。今日は中山競馬場に行くぞ。,3
今の自分は、5年前の自分が下した意思決定の結果。間違いない。,0
コンプライアンスを気にしているとディスカッションがうまくできない。結論を出そうとするとそれが目的化して本質的ではない方向性に走る。時代はオープンダイアログ。,0
フェイタスZに頼らんといかんほどの腰になったな。治そう。,2
あけましておめでとうございます。2020年もよろしくお願いします。動いて、変化する。積み重ねて、変化する。そんな1年にしたい。,3
むくり。毎日この時間(5時)くらいに起きたいところだ。22時から23時の間に寝れば、起きれる。理想としては、21時半には寝たい。,3
友達が地元に家建てたらしい。うらやま。自分で設計して建てたい欲が爆発するな。,3
2020年もやるよ。電話のご対応。1回目。2回目。,3
10連休のうち、8連休終了。よく寝れてて体調がすこぶる良い。腰以外は。,0
西岡！理詰めのテニス！クエバスに勝てるぞ！,3
昨日今日でうんちオムツ4回替えた。だいぶうんちの回数が少なくなってきて楽だ。,0
忘却して良い。再現性のある腹落ち方さえしていれば。,3
noteで人生の教科書を紡げばいいんだなって気づいた。,3
悔やまれる。分かっていても、トコトン事態を脱却してあげられなきゃ意味がない。健康が1番。復活を祈念。,2
あしたは人間ドックの日。胃カメラ…胃カメラ…,2
なんだいまのバックパスの反応！おーい！,0
たぶん、ずっとアウトプットしてるくらいでちょうどいい。止まらないことが大切。,3
認知症にはリコード法。オーダメイドで原因特定していくことが重要なんだな、と感じさせられる。,3
ただひたすらに感謝。,0
業務連絡。妻腰痛。飲み会不参加。腰痛一家になってきてる。ほんとどうしよう。,2
アイカ・ザ・スパイ的な名前を自分につけたい。イコウ・ヤ・コンドーオアズカリ・ノ・コンドーチェンジ・オブ・コンドーあたりかな。,3
6回目。ほんとクソみたいな電話にイラついた。作業を依頼した我々の依頼の仕方もダメだし、依頼された方のスキルも低すぎて論外。深夜話す内容じゃねぇんだよ。,1
アルトコインが強いので、ビットコインのドミナンスが低下。ボラティリティが大きいこともあるし、ある程度ポートフォリオを見直した方が良さげ。,3
XRPは引き上げた。,3
7回目。3コールくらいで出てて、褒めて欲しい。,3
9回目、10回目。,1
さっき、近くのコンビニでおにぎり1つと500mlのお茶を買った時の話。レジで外国人の店員さんに、「お袋いりますか？」と言われ、「お袋？Your mother？」と聞いてしまった。どんなかーちゃん出てくるんやろか。,0
素直さ、プラス思考、勉強好きの三要素があれば、若手は伸びます。,3
さぁて、今から人生2度目のMRIへ。腰の痛みの理由を特定する！,3
ぶーぶーぶーぶーだっだっだっだっがたがたがかたがたMRI、終始こんな感じの音がした。ヘッドフォンの音楽が松任谷由美の「やさしさに包まれたなら」だった。ずっと、磁力に包まれてたけどな。,0
やる気がしないときの起こし方は、やる気が出るまで動くスタイル。待つスタイルだとやる気が出ないままなので。やる気スイッチどこいった。,3
新iPhoneXSMaxに移行中。ソフトウェア・アップデートはよ終われー。わくてか。,3
iPhoneXSMaxで512GBの人で交換したい場合は、ビックカメラなどの小さな店舗ではなく、Appleストアに行ったほうがいい。在庫がないため。故障修理対応となると、在庫が届くまで、iPhoneを取り上げられる。,0
地震だ…,0
こないだのジムでやったプローンレッグカールが効きまくってて、ハムストリングスが最高にきてる。いちゃー。,0
センター試験1日目を受ける夢を見た。感触的には7～8割。名前書いたか不安。,0
噂のdocomoショップ市川インター店きた。入口に警備員がいる。しかも警備員2名体制。物騒。,3
焼肉キング行きたい！すき焼きカルビ食べたい！,3
さすがにそろそろ結果を出しにいくフェーズなんだなを感じる1日だった。焦りたくもなるけど、一歩一歩、やるべきことをね、黙々淡々とやるに限る。,3
風呂掃除めちゃくちゃに真剣にして、めちゃくちゃ綺麗になった。嬉しい。,0
新しい技術軸で価値提供したい。,3
説得したいなら、まずは、数字、ロジック、ファクトだろう。その上で、熱意、情熱、パッション。,3
坂東2億円事件ww,0
銀座ルノアール行きたくなった。作業するにはもってこい。広いし、電源あるし。,3
あんなPK外しまくる、止められまくる試合初めて見た。山口蛍さすが。ヴィッセル神戸おめでとう。,0
アビスパ福岡とかサガン鳥栖も早くあの境地へ！,3
しまった、AirPods Proを会社に忘れてきた。水曜日の出勤が泣ける。,2
期待しすぎないようにしてるが、それにしてももっとクオリティを出して欲しい。レベルの差が激しすぎる。中間もいないから、なかなかに教えるのがコスト。まぁもう教える必要すらないというか、自ら来ない限り、教える必要ないだろ。,1
どうにかしてイライラしないライフハックを身につけとかないと、仕事もプライベートも持たんな。,3
シンプルに絞り込む。,3
何かを捨てることで、真に得たいものを得る。,3
本当に大切にしたいこと以外は手放す。,3
ささいな流量で輻輳すんなよ。まじで。,1
途中経過(20200215時点実績/2020年末目標) ・腕立て伏せ 981回/10000回 ・腹筋 919回/10000回 ・スクワット 1131回/10000回 ・ランニング 34.16㎞/500㎞ ・1日平均 9976歩/10000歩もっとがんばりましょう。,3
うまかっちゃん。久留米にいた時によく食べていた。食べ方にオリジナリティを出せるのが魅力。俺はゴマを大量に入れつつ、シンプルにネギとチャーシューと煮卵というパタンが多い。東京では買えない。滅多に売っていない。そんなことを言うと箱で送られてきた。30袋。それは今度多すぎ。飽きる。,0
今これに参加中。事業開発の成功って何だろうな。,3
ひと段落。明日からまたコツコツと積み上げる。今を全力で生きる。,3
拠点内の引越し。もうダメ。腰痛すぎる。,2
積極ハ如何ニ努メテモ猶ホ神ノ線ヨリ遠シ！,0
槙野智章控えかぁ。鈴木大輔が結構今日はイマイチだったから、次節先発復帰あるかもな。槙野を観たい。,3
本八幡のなりたけ、この時間でも満席だわ。さすが。,0
鼻がムズムズする。花粉症によるアレルギー性鼻炎やな。集中できない、人生に。,2
ジョーダンのマスクしてる人がいた。冗談だろ？口の上で跳躍してるんだぜ？,0
Netflix、Amazon Primeあたりは加入者数が増えそうだな。あとUber Eatsとかも。,3
久留米のドラモリにも当然のように、マスクやアルコール除菌できるシートはなかった。全国共通事象なんやな。,2
久々にバトルした壮絶な1日。罵詈雑言浴びたので、全力で守った。統合失調症とか不安障害とか調べてみとこう。,1
大迫がんばれ！大迫がんばれ！1秒でも削れ！！,3
半端ない、大迫！大迫！がんばれー！,3
ばいばい福岡、またねー。,3
思考停止になるな。書け書け。,3
マジか、日本株。ボラティリティが大きく、結局トントン。リスクは回避されていないし、経済へのダメージは大きいことをみんな理解してるんだなぁ。,2
Windows10の音声認識をテステス中。メール送るところまでは音声でできた。スタンドアロンのというか、ネットに繋がってない環境でも使いたいんだが、そこはうまくいかぬ。サーバ側で音声認識してるから、ネット繋がってる前提なのかな。,3
ここぞ、というポイントだけいればいいのに、そこに限っていない人は信用ならぬ。,0
10時間くらい寝たぞ。寝すぎて少し疲れてる。,0
コロナウィルスを機に働き方が変わりそうで嬉しい。外圧も捨てたもんじゃない。自ら変われないことは残念だけど、変われればいいか。,0
プロ野球も延期、サッカーも中断で2020の楽しみ方を見いだせていない。違うアプローチ取らんとな。グルメツーリズムでもやろかいな。,2
悲観せず、笑いながら足掻くべし。ひゃっはー。,3
フトン巻きのジローで、敷布団洗いたい。,3
本田圭佑の5大陸のプロリーグで得点した初のプロサッカー選手ってすごいな。南アフリカW杯で得点決めてるし、それも入れると6大陸。本人は南極大陸でも決めたいとな。恐るべし、本田圭佑。,3
ところでサガン鳥栖の胸スポンサーは、当面の間、としていたけども決まったんかいな。大口スポンサーいずこへ。,0
眠すぎて、たぶん電車で両隣にゆらゆらしてた。ごめんなさい。,2
過去を後悔するでもなく、未来を心配するでもなく、今を生きるのだ。ワニさんありがとう。,3
マスクそろそろないな。限界。,2
今を生きる。限りある人生を懸命に生きる。ノムさんからも学んだ。ワニさんからも学んだ。,3
あれ、寝るまえにツイートしたつもりが出来てなかった。,2
激務すぎる。過負荷。課題が山積みでどこから手をつけて良いやら。1つ1つやる他ない。退社った。,2
手放して、爆発した方が結果良い気はしている。必要以上に爆発することを恐れているのかもしれない。※爆発…大規模トラブル、トラブル頻発,3
24回目。やっぱり1年間に100回ペースなんだなぁ。,2
無性に円盤が食べたい。すき家のあれ。,3
よくおごってくれる綺麗なお姉さん。ただただありがたいやん。,0
ぎ、ぎっくり腰になった…！上野駅交差点で前を歩いてた小さな女の子が、アンパンマンのぬいぐるみを落として、それを拾おうとかがんだらやっちまった。ちゃんとアンパンマンは拾えたし、渡せたから良かった。いやぁ、しかし動けん。,2
職場まで残り200m地点で完全停止。1mmも動けなくなった。1時間ほど呻きながら耐え続け、動けなくなる直前に購入したロキソニンがほんのり効き始めて、なんとか動けるようになったのでタクシー乗った。家に帰る。高速乗った(イマココ)。,2
問題はここからだった。降りられないのだ。タクシーの運ちゃんが介抱してくれるも相性が悪くうまく立ち上がれない。呻く俺。ちょうどマンションの水回りの清掃で来てたと思われるおっちゃんとマンションの管理人さんが手伝ってくれて、20分ほどかけてタクシーから脱出成功。,2
タクシーの後部座席ってふかっとしてるから、両手を後部座席に添えて体重をかけると沈んで辛すぎた。あと摩擦が凄くて尻が思うようにずらせず、腕プルプルだし、尻はジリジリ痺れるし、腰はピキピキくるしで三重苦であった。,2
家に帰ってからも一苦労。ちょうど奥さんや子供たちは実家だったので誰もいない。まずはズボンを脱いだはいいけど、履くことができぬ。これは継続中。正直寒い。上も着替えられてないけど、これはワイシャツにセーターで暖かい。,2
トイレが困る。家に帰ってまずトイレの蓋が閉まってて、屈めず困った。もう出そう。…頑張ってリビングまで歩いて、運よく目についた楽天の細長いメガホン(ちなみに楽天ファンではない)を見つけたので、それでトイレの蓋開封の儀。めでたくできた。,2
何か押し付けられたように腰が重い。寝てるところから起き上がるソリューションを考えなければ。,2
やばい、詰んだ。これは1人では何もできぬ。動けない。痺れる。動かす。痛い。地獄。,2
結局、救急車で運ばれた。人生2度目の救急車は、またもやぎっくり腰。,2
正午ごろ、トイレに行きたく、妻の手を借りて立ち上がろうとしたら、激痛と痺れで動けなくなり、救急車で緊急搬送された。痛み止めの下剤と注射、ロキソニン、お尻付近のブロック注射の四十奏。腰を支えてもらいながらだったら、なんとかなんとか動けるように。,2
26(木)の12時にぎっくり腰発症。飯もトイレも耐えた。翌日27(木)20時まで飯食えず。32時間何も食べなかった。トイレは26(木)16時頃から翌日27(木)19時までできず、27時間耐えた。,2
25分かけてトイレに行き、10分でトイレし、25分かけて戻ってきた。トイレ1時間問題。しかも1人では行けぬ。ただ、大きな一歩だ！,2
10分くらい椅子に座った(肘に体重乗せてはいた)だけで、腰から悲鳴が。動けなくなって、介抱してもらいながらベッドへ。うーむ。,2
見るもの全ての姿勢や体勢から、ぎっくり腰の状況でやったら死ねるな判定してる。,2
あぶね、急にくしゃみしたくなって、くしゃみしたら、腰に雷撃が…！悶絶……！ぎっくり腰の余波が続く…,2
想像以上に歩けねぇ。マジで所要時間が3倍かかる。,2
ルールを変え、仕組みを整えれば絶対にテレワークできるだけに辛い。繰り返すが、テレワークはよ。,3
いろんなビジネス上の数字を追う前に大切なことがある。自分や家族や周りの人の命であり、健康や。優先順位は常に間違えないようにしよう。,3
完全に元に戻ることはなく、ウィズコロナの世界観になるわけだ。少なくとも治療法が確立するまではそう。また以前と同じようにというわけにはいかない。2021年のオリンピックだって怪しいよなぁ、実際問題。,2
もういつ誰が感染してもおかしくない。やれることはやるけど、それでもかかるときはかかるし、広げてしまうかもしれない。,2
コロナが落ち着いたら、って言ってる人の時間軸が割と喫緊で驚くばかりだ。バッファ含めても1年くらいは終息宣言までかかると予想してるんだけども。,2
遠慮し合って曖昧なままで終わらそうとしてる限り、永遠にスピード感のある意思決定はできんぞ。,1
今週全部どこかに出社とかマジで狂ってるわ。命にかかわるのに狂ってる。やるべきことはやるけどさ、危機感なさすぎないか？,1
変化に敏感に。これはおかしいと言えるように。これは間違っていると言えるように。リーダシップはこれだろ。,3
捨てることで飛躍できる。,3
何か察してくれって感じを出して、察したところで何か変わるのかって感じ。最初から行動して、最終的に共感を集めた方がいいと思うけどな。何なんだろう。,1
腕立て伏せ、腹筋、スクワットを100回ずつ。大満足。,0
今後の業務計画は、すでに感染しているメンバが存在する、という前提で進めるべき。何か開発を進めるにしても、先手を打って一定の延伸等を申し入れるなり、必要不可欠な対応に絞るなりした上で稼働調整させて欲しい。こちとら人間だぞ。,1
経済と人の命や健康なので、正直バランスもクソもないだろ。前者は取り戻せるけど、後者は取り戻せないんやぞ。,1
昨日今日と夜になると頭が痛いので、メモしておく。さっき熱測ったら、36.3℃で良かったけど。なんだか怖い。,0
29回目。ちくしょう、子どもが起きた。,2
ファシリテーションしてくれた子に感謝！盛り上げてくれた子にも感謝！,0
左脚のしびれが凄まじい。リフティングしてると崩れ落ちそうになる。,2
おじいちゃんと孫、孫を自分の子供に当てはめてみても、とても仲が良いから、最後の別れのシーンで声を押し殺して泣いたってところだけで感情が強く揺さぶられる。,2
【マスクの裏表】マスクは基本的にプリーツのひだが下を向くのが表。上向きだと、プリーツの段差部分にホコリが溜まる。マスクによって異なるけど、紐の接着部分が外についているほうが表であることが多い。顔とマスクの接着具合が増し、ホコリやウイルスの侵入を防ぐため。,3
今日のリフティング記録。30回。50回いきたい。,3
家にいる時間が長いと、エントロピー増大の法則により、着実に部屋の中が散らかっていく。,0
縄が重たい縄跳び、風に負けない縄跳びが欲しい。,3
Zoom飲み最高すぎた。3人ちょうど良い。,0
このツイートも消えるのか？,0
仮想通貨が久しぶりにバブリー。世界中で有り余ったお金が少しずつ流れてきてるのかな。,0
子どもたちの寝息を聞きながらのTwitterはチルい。ぴえん。やばたにえん。最後2つは言いたいだけ。,0
あと2人とも英語を2、3時間は毎日勉強してるってことだった。プログリットでしっかりマネジメントしてやってるんやなぁ。,3
緊急地震速報で寝かしつけ失敗！仕方ない…今日は暑いな。,2
現場へ足を運び、現物を見て、現実を知る。三現主義。ソフトウェアの品質報告を見ていると裏にある一つ一つのバグのストーリーが見えづらい。設計者、試験観点、項目エビデンスを確認し、現場の人の声を聞くことで初めてチームとしてのプロセスの問題点が浮かび上がってくる。あるがままを見る。,3
平凡な日常をストレスなく過ごせる家族の存在はありがたい。いや、時にストレスはもちろん感じるのだが、それ以上に自然体でいれることのありがたみが上回るというか。感謝。,0
東京都知事選は6月18日に告示、7月5日に投開票。小池百合子都知事は、再選出馬するだろう。さらに注目は選挙のやり方。具体的にどう投開票するのかに興味あり。,3
テレワークになって、教えるのが困難になると、よりできる人とできない人との格差が広がりそう。,0
知り合いの話だと、福岡博多天神は緊急事態宣言の解除もあって、だいぶ活気がもどってきたらしい。第二波が来ないことを祈る。経済活動蘇れ。,3
テレワークになり、周りから見られないし、話しかけられることも減るし、仕事量減るんじゃないか説が負けた。テレワークでも、全然電話やMattermostで連絡はくるし、ZoomでのMTGばかりで話すこと多いし、仕事量全然減らない。それどころか、生産性が下がっていないことの証明で、余計仕事増える説。,2
リアルに求めていたものや対面でやっていた価値は何だったんだろうと解像度を高くして考えることで、相手の本当の満足度に繋がる。,3
メルカリで財布が売れた。一気にいいねが5件ついたので、1時間以内だった。もう少し値付け上げておいても良かったかも。断捨離が進む上、お小遣いになるからありがたい。,0
もう少し自分で解決しようとする、自分ごと感のあるリーダはおらんもんか。,1
ポケモンGo、レベル40まで残り5万Expだ。たまごを使って残り50体進化すれば…！,3
30分働いて30分休憩の繰り返し、楽だけど暇(´-ε-｀),2
甘いもの食べたくなってきた,3
妹に下着の干し方で怒られたんだけど知らんがな,1
7人掛けの席を6人はまだ許せるけど5人で座ってるのは許せん,1
研究室に虫が増えてきた??,0
時間が過ぎるのが早い,0
今日は早く帰るぞー(やることないけど),3
ブラックサンダーの大袋ないとか家の近所無能かよ…,2
ライブ、学祭、飲み会、イベントがとりあえず死んだ,2
この時間に唐揚げ揚げるのやめてくれよ妹よ…,2
V研究室、フットサルにてまさかの2敗,2
全然まさかではなかったわ,2
足が動かん…,2
もう疲れたし勉強したくないー,2
傘盗まれたんだけど！！,1
誰か間違えて俺の口座に100万くらい振り込んでくれないかな,3
発表練習40分かかるし普通にめんどいw,0
2ヶ月ぶりの就活,3
セミナーいやだぁぁぁああ,2
忘れた頃にやってくるカード支払い嫌すぎ,2
とりあえず名大祭のセトリ予習しとけばいいのか？,3
全曲覚えるのキツいし、宮川あたりサビを編集して渡してくれないかな←,3
南山ドル研の親切さとても素晴らしい,0
名大祭、最初から最後まで楽しかった,0
よく分からんおっさんの話を20分も聞いてた,2
早起きつらい,2
電車を急に使うことが多くなってチャリの居場所を見失った,2
はいったーー,0
勝った！！,0
スキーサークルのバレーとかいう矛盾(多分今日行きます),0
やっと洗濯ができたぁぁぁああ,0
やーワールドカップおもしろい,0
はっっや(笑),0
ゴールとか惜しいゴールとかつい叫んでしまう,0
もうなんかかわいそうだ…,2
あちゃー,2
終わった…,2
ダメだこれは笑ってしまったww,0
明日の日本戦はスポーツバーで見るぞぉぉおお,3
ジメジメ暑いのいっちゃん嫌いだわ,2
Apple純正のイヤホンマイク、持ってるけど使ってないよって方いたらご連絡ください????,3
すばらしい,0
くっっっっそいい試合だった！！,0
泣いた、でも楽しかった,0
鴨川の氾濫がやばい京都に行ってきます,0
まさかの鴨川を超えなきゃ行けないという事案,0
これ入っちゃうんだ！,0
体力と時間との勝負,3
竜巻、地震、大雨。名古屋に帰れない(笑),2
全アカウントにサッカーの通知来るのやめてほしい,0
朝からなんも食ってないや,2
や、今のうますぎん？？？,0
エムバペ今のはあかんわ…,2
USAゲームやりたい,3
ご飯を炊いてワールドカップみるか、朝まで寝て洗濯をするのかどうしよう,0
冷蔵庫とか困るんだけど…全然つかないし……,2
大学院入試受験者のみんな頑張れ,3
4時間ほど間が空いたが何をしようか(アイテム、土日エコキップ),3
今日は終電で帰れるから快挙,0
妹がtiktokの音楽流したからついつい踊ってしまった,0
毎回毎回不穏だなぁ,2
これが決勝かーー,0
ダメ押し(笑),0
これはwww,0
暑すぎて死ぬ,2
ご飯いつも作りすぎるんだよねー,2
サンプルが粉々になったまーん,2
バイナリーオプションやってみようかなと思ってる、多分向いてないけど,3
この気温の中でチャリ漕ぐのか…正気か俺？？,2
研究室でよくあがる話題だけどそうだったのか…,0
意外と字がうまいってよく褒められるんだけど、意外ってなんだ意外って,0
妹曰く、俺はそろそろ死ぬらしい,2
自分の性格からして絶対定位置に置くと思うんだけどな…,2
今日は何作ろう,3
【ゆるぼ】明日の夜暇なHotdog民,3
信玄袋がなくなった…,2
研究室に高校生が来てる間は早起き頑張ろう,3
モーニングコールが優秀すぎた,0
チャリ漕いでたら豪雨,2
台風マジで死ね,1
あれ、台風ちょっと弱まってることない？？,3
ave140～150くらいだったし確実にボウリング下手になってるやん…,2
予想以上に洗濯に時間かかってやばい,2
私服でOK！はほぼ全員スーツなんだよなぁ,2
セルフのガソリン、代金が4000円ぴったりになるようにちょびちょびガソリン入れたら結局4001円になってキレそう,1
早く研究室に行こう計画は大体二度寝で崩れる,2
雨がすごすぎて帰れない,2
意外と安くなったし夏休み生き残れる可能性が見えてきた,3
今の心理状態を的確に表してる夢をみたなぁ,0
服装頑張らなきゃなと思いました,3
ワイヤレスにしてみたいけど充電がめんどいよなぁ,3
今月の電気代バカ高くて笑ってる,0
PUBG向いてねえ…操作全然慣れねえ…,2
なんで内定式でTOEICなんてやるんだよぉぉおお,2
明日は5代目PREX合宿なのだ,3
太らないとやばいなぁ,0
塩釜口の鳥貴族初めて来た,0
自己評価映画ランキングが増えていく～,0
親戚のキャラがすごかったな,0
さすがにもう半袖だと寒いかな…？,0
200は結構出るようなシステムになるんだな,3
さすがに寝よう,0
とりあえず今日内定式やってるとこはブラックなのでは？,0
風邪で寝込んでてゲームするか料理するか寝るかの3択しかなかった,2
下宿2年目にしてついにGが出てしまった,2
最近寝坊(午後起き)しがち,2
なんかLINEの通知こないこと多いんだけど、しかも通知がほしいときに限って,1
身体中が痛いw,2
3月に家電いる人おらんかな,3
iPhone6じゃダメだわ,2
明日はコナン読んで一日が潰れそうな気がするな…,3
PUBGいっぱいやるにつれいい端末がほしくなる,3
事故のせいで金と時間を無駄にした,2
塩釜口のカラオケ、月一の半額日が土日に設定されてるの好感めっちゃ持てる,0
眠たすぎ,2
PUBGでめっちゃうまく立ち回れたときあって満足してる,0
起きるの苦手だからずっと眠ってたい??,0
そんなバカな,0
たくたべとのDUOでランク2つ上がった,0
今日届くと思ったんだけどな～来なかったな～,2
なんかめっちゃ溜まってた(笑)続きはあとで,3
中国経由してくのはいやだからもうちょっと飛行機出て,3
今日の予定が決まらない,2
PUBGぶっ続けで3時間もやってたのか,0
もう土日終わるの…,2
先月分のお金振り込まれてないぞ？？,0
エースはやりこみタイプだしすぐ俺よりうまくなりそう,3
最後のマッチはいい感じだった,0
ごみ捨て忘れたああ,2
この時間に研究室から帰ってきて、帰ってきた瞬間に風呂入り始めた妹まじて許すまじ,1
やっぱCashShow終わったか～、完全に衰退してたけど収入がなくなって残念,2
PUBGやってる暇ないな,2
らぼりだ,0
今日は人生トップ3くらいに入る萎えがおきた,2
早く今日終わってくれ,2
3年間の実験全て終わった＼(^o^)／,0
ふたり楽スパに進化した,0
PUBGアジア大会5戦目日本ドン勝しとるやん！,0
めちゃくちゃ寝すぎた、12時間も寝てた,0
うーん、また2位。ドン勝とれないなぁ,2
今日だけで修論15ページ進んだ(グラフ貼っただけ),0
全然朝型になれない,2
彼氏だと180くらいで←,3
勉強週間中この体調不良は死んでる,2
とりあえず１週間ちょいはPUBGやめます,3
12時間も寝たら平熱に戻った,0
最近体調壊しがち、よくないなぁ,2
外寒くて研究室出る気がおきない,2
予想外の雨。。今日の予報雨だったっけ？？,0
PUBGモバイル、サービス停止したら泣くわ,2
死んでも死ななくても3時間後には終わってるはず,3
髪の毛切りすぎた…,2
灼熱カバディ泣いたわ,2
財布に札がなくて不安すぎる,0
定期的にメールもらえるし一期生だし就職するの楽しみになってきた,3
最後の1人が倒せないなぁ、ドン勝出来ないなぁ,2
まあ場数増やせば勝てるようになるだろ,3
学校団地から学校へのKarヘッショ決めれたから今日はいい感じ,0
同じマッチに電子レンジくんがいた！！序盤で負けたから会ってないけど,0
これはかなりやばいな,1
悪寒がやばいな,2
明日あたりはPUBGやりたいなぁ(修論発表の構成考えろ),3
インフル治った判断はどこでするもんなの？,3
今日のエイム、ADSはなかなかよかった,0
久々に朝ごはんを食べたせいでお腹壊した,2
本人からいいねがきたああああ,0
修論発表は完全に本番よりも今週が山場,3
修論発表厳しいなぁ,2
帰宅→寝る→学校行くが帰宅→学校行く→寝るになっただけ,0
修論発表一応合格もらえた！頑張ったかいがあった！,0
起きれなさすぎる,2
初期起きが12時すぎてるからやばいよなぁ,0
海外旅行、ツアー組まないで全部自分で考えると結構めんどいな,0
生活リズムがくそ,2
初乗りまた高くなるのね～,2
PUBGくそラグくて死ぬし、ログイン出来なくなるしくそ,1
朝は寒すぎる,0
iPhoneのデータ30GBもシステムが占領してるのヤバすぎ,0
iPhoneの復元やらiTunesの更新やら死ぬほど時間かかる,2
教授も休みだし研究室行ってもやることないな,2
iPhoneの復元やらiTunesの更新やら死ぬほど時間かかる,2
カイジの鉄筋渡るVRめちゃめちゃむずいww,3
冷蔵庫の電源を切った,0
こんなんで引越し終わるんだろうか,2
動線確保、あとは人手のみ,3
初パセリでくそ気持ち悪くなった,2
明日は筋肉痛だな,2
今日から実家ニート生活,2
ついに指先を買ってしまった,3
でも4対1でやっと倒せるくらいだしやっぱくそ上手いよな,0
未だにESの内容について聞かれるんだけど何書いたかもう覚えてないんだよなあ,2
PUBGめっちゃ下手になってて萎える,2
うーん、まだ未成年に間違えられたな,2
若い証拠だと思っておこう,3
コンタクトデビューした,3
コンタクト外すのに2時間も格闘してる,2
目が充血しまくったので今日はコンタクト諦め,2
過去の自分がアホすぎる,2
さて今日は日本人学校いくぞ,3
めちゃめちゃPUBGやりたい,3
変に英語を学んだせいでドイツ語と英語が混ざった言語になってた今回の旅でした,0
5時起きなのに寝れなさすぎる,2
所持金2.50ユーロのみ,2
スーパーの3倍以上…,2
帰国していきなり花粉がうざい,1
コンタクト無理説あるな,2
さすが企画サークル代表←,3
40分くらいにPUBGできるかな,3
コンタクト無理すぎ,2
メガネ屋の店員がめっちゃ子供を扱うみたいな口調で話してきてちょっとイラッときた,1
今日のコンタクトチャレンジ、30分かけて左目だけ入った,0
今日の集合場所、時間、自分が参加者なのかさえ分からない(笑),0
福岡特にやることもない,2
結局明日何時に行こう,3
入寮初日からPUBGやるぞお,3
データ通信量今月のしくったな、500MBじゃ絶対足りん…,2
交通費がマイナスになるトラップ,2
食堂いけば誰かいるし寮生活も結構いいな,0
ポケットWiFiどれが安いんだ？？オヌヌメあったら教えてください,3
おはよう日本,0
研修期間はPUBGやってる暇がないぞ…,2
圧倒的睡眠不足,2
弊社でPUBGスクワッドするぞ～,3
社会人になってからめちゃめちゃタクシー使ってるな,0
所得税ざっと計算してみたけど高すぎ,2
保険やらお金のことについて勉強してたら一日が終わった,2
昨日から急にヒノキが引っかかった,2
雨が嫌すぎる～,2
どんだけ寝ても朝は眠いなあ(⊃ωｰ`).｡oO,2
ジャンカラのポイント、一定期間で消えちゃうからよくない,2
もう金曜日じゃん！予定ないけど！,0
GW愛知にいるんで誰か遊んでください,3
労働賛歌でモチベ上げてる,3
今日はPUBGやりたいなあ,3
アラサーになりました,0
ポイントにこだわってkyashを始める,3
新幹線めっちゃ混んでるし、在来線も遅れてるし高速も事故多いし全然移動できんな,2
車選び絶対ハイブリッド→別にいいや肘掛けほしい→あとでつければいいや空間狭くてもいいや→広い方がいい実物みると全然違ってくるね,0
車買ってしまった,0
やはり10万はかかってしまう,2
ベッド捨てなきゃよかったなぁ,2
平成最後の日に垢すってきた,0
スプリットカバーはなかなかよかったけどそもそもストライク全然出なかったという反省,2
毎回1.2ピンの間に来てたから踏み込み位置変えるべきだったけど怖いからやめたのがあかんかった,2
新生活買うもの多すぎ,2
電車から立ちションしてるおっさん見えたんだが、、,2
今日はネットショッピングしてたら一日が終わった,2
金曜日が定時退社なの素晴らしいね,0
キッチンが狭いなあ,2
paypay残念,2
腹が死んでる,2
最近飲酒すると普通に次の日気持ち悪くなる,2
まあ定時退社だしな,3
これは楽になる,3
都市ガスと比べて2倍の値段か…これは交渉の価値ありだな,3
ボウリング5ゲームはもう辛いな,2
お金大好きマンだから色々聞きたい,3
なんで就活のデータ全部消しちゃったんだ…,2
ガソリンどこでいれるか迷いまくってる,3
7割くらいのスペース使ってないけど,2
隣の部屋からめっちゃ物音するんだけど,0
ボーナスいつ支給されるんだ？,3
平日に飲んでカラオケするとさすがに次の日つらいな,2
明日名大祭なのか、もう縁がないな,2
安定してave170くらいまでこれたけど200にいかないねえ,2
完全なる集中力不足ですわ,2
今日カバディないのか…,2
明日はネットで見つけた社会人卓球サークルに行ってみます,3
成果上げて褒められた,0
マネーフォワード便利すぎてビビってる,0
18時前に家に着けるのすばらしい,0
仕事疲れではなくバドミントン疲れ,0
浴衣セットがなんやかんやで3000円で買えた,0
バドミントン、手首の使い方変えたら握力が死んだ,2
生乾きの臭いがいやだなあ,2
パソコンが逝ってしまった…6年間よく頑張ったな…,2
株でもやろうとしたタイミングで故障だしもう向いてないのでは,2
携帯はともかくPCは中古でいい気がしてきた,3
あんだけ虫対策してるのに一匹蚊みたいなのでたよ,2
センスいい人、俺の部屋のレイアウト考えてくれ～～,3
タピオカ見に行くかあ,3
やっぱ都市銀行の金利はくそだな,1
これ電車通勤とかかなりしんどそうだな,2
さてさてさてさて,3
今回のボウリングは趣味費なのか交際費なのか,3
保護シート買うの忘れてた…,2
奨学金無事完済です(1円も使ってない),0
咳止まんねえな,2
今日は圧倒的にやる気ない,2
ずっと車通勤だし電車通勤はもう無理だな～,2
大阪電車混みすぎ,2
色々重なってくっっそイライラしてる,1
5時台に起床はさすがにつらい,2
今日誰か夜ご飯@名古屋,3
亀崎駅でテレビ撮影してて、結構有名な人らしいけど全然誰か分からんかった,2
漫喫はいったのにアクタージュなかったクソ萎え,2
まさかの今日仕事15時に終わるらしい,0
やった～！！,0
家計簿とにらめっこする金曜夜,2
4日後にはタイとは思えぬ準備のしてなさ,0
台風に合わせて帰国することになるな,2
インスタ投稿しようって思った時に限ってこれ,2
週休三日を強く希望する,3
ガス・電気代少しは安くなったな,0
わんちゃん1/1200,3
新しい卓球シューズ買ったった(￣∀￣),0
キャッシュレスで10％も浮くのうれしいな,0
今日の練習なくなってしまった,2
物欲ないからボーナスどうしよ,3
あそこから逆転か～～中国強すぎる…,2
防災グッズを買ったった,3
お酒は怖いねえ,0
ボーナスの前借りした,0
あとは体力がな～～,3
布団から出れないマン,0
グアムなしになりそうじゃん,2
さっっっっむ,2
年休申請するとだいたい予定がバレている,2
やっぱ社会人はバック振れないとな～,3
郵便振替とかいう訳分からんサービスを使うな,1
そもそも手数料払うの大嫌いすぎるんだが,1
これ単元株だったらだいぶ儲かってたな～,3
オススメ教えてください,3
オールしたから限界まで寝てみようと思ったけど16時が限界だな,0
やっぱ優待狙いのクロス取引はあんま得しないんだな,2
副業が封じられた,2
来年度は確定申告にチャレンジしよう,3
これはショックすぎるぞ…,2
久々にチャリ乗ったな,0
残業から帰ってきて料理して洗濯もしたし褒めてほしい,3
money tree 楽天系の口座の最新情報にならなくね？,0
マクスウェル方程式がパッと出てこなかったから物理学科でなにを学んできたんだって感じ,2
今週4日来週3日がんばろう,3
今日軽く反発すると思ったのに読み違ったな,2
やっぱり卓球の大会もなくなったかあ,2
教師ブラックだなあ,2
テレワークしてえな,3
とりあえず今日はコナン見よう,3
イオン銀行の預金金利下がるのか～1番良かっただけに残念,2
これは多分16連休になるな,0
うちの工場くそすぎるな,1
下手したら殺人だし警察につきだせよな,1
やっぱSuperflyが歌唱力ナンバーワンだわ,3
全く予定のない16連休の始まりだ,2
歳をひとつとりました,2
エイムは気持ち！確殺は義務教育！,3
久びさに縄跳びしたら死んだ,2
17連休が終わってしまう,2
久びさの早起きだ,3
鴨しゃぶ すぐに食べたい デスク前 ♪,3
田舎のロードサイドそのものですが,2
みんな！いまかけうどん1杯買うともう1杯ついてくるぞ！！れ,0
放置しても冷めないコーヒー欲しいと思ったけど保温機能付いてるもので飲めばいいだけの話であった　おわり。,0
今日も１日が始まるめう,3
今日もメンタルを復活させることしかしたくない,3
ジムたんよりも燃費がいいことを理由に片道2時間ドライブキメるかどうするか,3
キングオブ何もしたくない休日,0
全国のパチンコ屋からパの字を消すバイトしたい,3
スタバのカウンター上メニューが期間限定なのか赤背景の白文字になってて近視には辛すぎるんだけどあれがオシャレというものなの？？,2
天国地獄天国地獄天国地獄天国地獄 地獄??????????ッッ！！,2
とても良い香りじゃ??ホヤヤヤ????,0
あー 心臓血管センター駅に行きたい,3
赤においしいハンバーグ合わせたいね…,3
一度こういうやつだと決めつけたらそうとしか見られない癖やめようね？？？,0
数万年ぶりのまよいアイコン,2
やっぱり利根川から北の空気はうまいな,0
おお゛ん？！,0
は？！？！,0
最近肉くいたい欲求が強いデブ,3
うんこげろげろ,0
語彙がコロコロコミック並,2
ムラカミ゛ィ！,1
最終章みたみ,3
ファック,1
あ゛～～陰キャ～～～～～,0
一人でいそいそ机に鉛筆をこすりつけているような人間とじゃないと会話が成り立たない,2
別にワイ馬鹿なだけでそういうアレじゃないので？？一応？？？？,0
Office 365 Solo　ほしいけど年額１万～は高いんじゃあ・・・,2
幸せは歩いてこないなら走ってきてほしい。,3
３歩進んで２歩下がり更に周りからのダメージで２歩下がり合計４歩下がる。ターンエンド。,2
みらレコ、本人からの決裁降りたのか変数の写真ドバドバ出してくれて最高,0
早寝早起き予防接種?,3
中指何本あっても足んねー,1
本日往々にしてブチ切れている,1
1/206万人だけのサンプルで????県民は日本語通じねーのかなって思っちゃうし1/??だけのサンプルでやっぱバツ付きは人格破綻ばっかだわって思ってしまうし全部が嫌になるネッッ,1
なんで0.00001mmレベルのズレでとやかく言われんといけんのじゃ 言葉の綾だろ 器小さすぎ,1
どーせ教育とか言って正当化するのなんて目に見えとるわヴォケ,1
絶対に他の人には言わないのでワイのこと気に入らんだけってのはもう十分にわかってるので?? はいはいクソクソ,1
周りの人にも同じ態度とってるなら文句言いません??,1
ワイ相当器でかい方だと思うし自分は出来ない人間だと思うけど明らかに理不尽な理由でキレられるのが何回も何回も続いたらこっちも出るとこ出るわ??,1
ハチの毒は２度目３度目が危ないのだ 何で人生のうちで何度もこんな目にあわんきゃいけんのじゃ,1
まあ別に上司は靴は投げてもごはんは投げないし人の心は壊してもテレビは壊さないからいいんじゃん？？,1
こちらが態度変えたらいいのかどうだか知らないけどもう胎児の頃からこんなベースだからどーしよーもねーわ 土台はどんなに努力しても変えられんわ,1
宝くじ当てたいとか贅沢言わないから不労所得を得たい,3
盗んだ私の記憶を返して??,2
ぺっ ぺっ ぺぺろんちーの,0
職場の飲み会でえれえ飲んだ…こんなに飲めたっけ…ってくらいのんだ…べべべ,0
せっかくえるちき当たったのに引き換え忘れたまん,2
忘年会終わったいまなら社員同士の薄い本かけるわー,3
カビゴンとヤドンだけのLINEスタンプ出して欲しぃ,3
最近カビゴンめっちゃかわいくてつら,0
保険契約したのでこれで上司にイス投げられてもメンヘラに包丁で刺されても金の面では大丈夫??ッッ！,0
どちらにせよ寝すぎて午前を無駄にした,2
美容垢氏?? オススメのクレンジング教えてくだされ????,3
PLAZAとかいってあーでもないこーでもないしたい田舎民…,3
揺れ,0
テレビ流しながら掃除してると定期的に樹木希林がインコみたいな声になって ハッピバースデー♪ って言ってる番宣が流れるので恐怖,0
つらたみのその,2
やりきったー！と思った仕事ぜんぜんやりきってなくてやる気が急降下??アッア????,2
抹茶クリームフラペチーノトールエスプレッソショット追加????,0
実家で職場の悪夢を見るのはもはや恒例行事,2
レギュラー142円（衝撃,0
349バイパス快適すぎわろた,0
40代になると物忘れ激しくなるのか…40代になりたくない……,2
某駅、付近にまともな乗降場とコインパーキングもなく近所のスーパーも潰れみどりの窓口とキヨスク閉鎖されるの終わってるな…,2
ぺーぺーのキャッシュバックも終わってたしofficeの割引も終わってた！ボーッと生きてたわ,2
仕事辞めてかまえる時間できたらかおー,3
ホームメイトのCMの桐谷美玲ほんとに桐谷美玲？？？？,0
ねむたいねむたいねむたーい,0
今年も相対性理論は突発年始イベントをするのかなあとドキドキしながら毎日アカウントをチェックしている,3
鮫島事件か…うわあ…久々に思い出してしまった,2
掲示板から画鋲ブチ抜いて授業中耳開けてー,3
休み時間はベランダでタバコ吸いてー,3
まぢこの世の大抵がクソ,1
長野帰ったら去年のチケットの整理やらプヨヨヨミングの勉強やら服の整理やらなんやらやらやらやらねば…,2
すごく疲れているので湯切り前の焼きそばに粉末ソース半分くらい突っ込んだ,2
怒りのあずにゃん,1
GUのニット帽公式サイトで590円のやつ値引きで200円で売ってるのにメルカリでGUのものとは知らずに500円で買ってしまったぜ へええ損した気分,2
休日ＯＬしたい?? 田舎すぎる? 寒いとやることない??,2
暖かくなったらジムニーで爆走するのに??,3
多分食べたかったのは蒙古タンメン中本,2
こんなアホみたいなことに13万個もURLを作成しているのである,0
あなたが転職で叶えたいのはどれ？じゃねーーよ 月収も休みも残業も賞与もぜーーーーんぶだよ！！！！,1
めちゃくちゃ道に迷ってたら目の前で子どもが蛇踏んで噛まれる夢みたけどこれ絶対やばいやつだ??！！,2
おいしい温泉たまごが食べたい…,3
メンタルに全てがついていかないので自律神経がアレのアレのアレ,2
ねるぽ,0
最近セブンのカフェラテ好きおばさん?,0
体温計が10℃以上の室温で測ってくださいとか言う寒冷地をナメた仕様になってる,1
ファーーーーーwwwwwwwwwwwwwwwwwwww,0
ファービーwwwwwwww,0
おぐしゅりいいいいいい,2
ゲレンデが溶けるほど定時で帰りたい,3
うどんうどんうどんうどんうどんうどんうどんうどんうどんうどんうどんうどんうどんうどんうどんうどんうどんうどんうどんうどんうどんうどんうどんうどんうどんうどんうどんうどんうどんうどんうどんうどんうどんうどんうどんうどんうどんうどんうどんうどんうどんうどんうどんうどんうどんうどんうど,3
久しぶりにぺぺよんちーのでも作ろうかと思いきやキッチンでオリーブオイルが凍っている時期であった…,2
えっ、わかんない 次の変数シリーズ沖縄かな（支離滅裂な発言,3
休みだか天気もいいし歩いて出かけようかなと思っても あそこ寄らなきゃあそこも寄らなきゃな と思うと結局車になってしまう中途半端な田舎,2
Javaわかんないーーー！やだーーーーーーー！！！！,2
この時期風呂にダラダラ入りすぎてお湯の温度低くなって結局体が冷える事案発生しまくる,2
でかい仕事の前後でにきびがっがっがっ,2
ハゲハゲハゲハーゲンダッツ,3
休みの日を有意義にーッ 有意義にーーッッッッ！！！！,3
早起きしたのに洗濯機回してコタツに潜り込むだけで終わった,2
いくら電話の相手が誰であろうと休日の職場からの電話と仕事の話は嫌いなんじゃカスうぜえくそ,1
すっっっっごく有意義な休日してたけどとっても気分かグレー,2
いくら仕事中優しくていい人でも休日の電話だけはクソ,1
猫と戯れたし…,3
ッッッツツツ アアアア゛゛゛,3
行こうと思ったカッフェが本日休業だったんんんんんん゛゛,2
最悪チケットあたんなくてもなんとかするので休みください休みくださいまじで休みくださいお願いします,3
なんでもするので休みください（なんでもするとはいっていない）,3
しかしみなさんが言っていた連休中なのでは説見事に当たっている すごい,0
東武キッコーマンライン,0
あいぽんもう3年使ってるし料金プランも見直したいしいろいろと買い替えかな??,3
インスタめっちゃ複垢したいんだけど別垢の人たちに通知行くわ友達かもに出てくるわなのでなかなか手が出ない,2
金麦飲まないからてきとーに差し入れにしよ,0
ガードレール突っ込んでころりんするとこだったし看板突っ込んでジムニー大破するとこだった どっちもギリセーフでふ,0
でかい仕事が終わってどーんと疲れた……………,2
相対性理論はあたりました……,0
超疲労,2
かなしいよのなかだね！,2
写真とかLINEとか一緒に使ってたWILLCOMとか未だに怖くて見返せてない,2
あんこ入りパスタライス！,0
ポディマハッタヤ,0
なっごーや,0
ライビュめちゃくちゃたのしすぎるな…,0
富士急バスなのにコンセントがねええええ かんべんち,2
あああ 四季紅系列行きたい… 茨城帰りたい……,3
高速バスで帰ってきて駅前の謎の中華料理店入ったらお客さんが救急車呼んだ事案が発生した,0
普通に認知症っぽいな…,0
スタバの500円チケット使いかた難しすぎるな…,2
過呼吸はクセになってしまうでござる,2
今更去年のチケット類整理してるけど茨城帰った一週間後に飯田線完乗に行ってるのなかなか気合入ってる,0
しかもこのとき3ヶ月で日本三大稲荷コンプしてるんだよなあ…,0
お、パスポートって本籍地じゃなくても申請できるのな?? なになに戸籍謄本が必要？ オッケーオッケー役所経由で窓口行くか? → 散歩がてら役所まで40分歩く→ 戸籍謄本は本籍地じゃないと取れないですね → 終わり,2
大勢ののパスポートは本籍地じゃなくても取れるよ??！！の言葉を信頼した,2
変数II行きたすぎと仕事カオス過ぎて頭おかしくなって上司に嫌味言われながら休み勝ち取ったのになぜか301で休みとるところ間違って2930で取ってしまい変数IIは弾丸旅になりました…,2
ふぁっきんしゅくちょく ねゆゆ,1
休日,0
頼むからみんな健やかに生きてくれ…,3
物販サコッシュで行こ…,2
駐車場空いてなかったらどうしようと思って早めにきたのに駐車場けっこーあいててバス待ち30分というおひま,2
今までのライブより一層ドキドキしているのはやっぱり平成最後だからですかね… エモエモ…………,3
はやくたまニュー2DKセッションを最高の状態で聴けるようにホームシアター設定しなくては…,3
成功率今んとこ100%のソーシャルレンディングしてるけどほぼ定期預金みたいなもんだからなんも面白くない,0
都会の空気ダァーッ！,0
あと1点で皿がもらえる…,3
ちかくのファミマヤマザキパンない…,2
平成最後のプリクラめっちゃエモ,0
はあ…すき…,0
amazonで予約したけどなんか納得いかないぞ…,1
調べる相対性理論にはぜひ変数分離のFLASH BACK入れて欲しい……… 未だに脳裏に焼き付いている音色……,3
元素紀行元素記号げんそ きごうげん ごう元号？,0
ブルガリアヨーグルトの砂糖地味に好きだったのに久々に買ったら無くてショックがでか過ぎる…,2
んがああ 三時間半ほど運転 いったるぞー,3
ふぁっく！！！,1
こんな時期に寝てる間に唇を刺す蚊がおるかあああああほげええてえええ,1
栃木はクソ,1
やっとパスポート取りに行けるぞーーと思ったら窓口でめちゃくちゃ気合い入れて撮った写真ボツ食らって近くの写真屋に撮りに行かされ太々しいデブ顔目つき最悪職場の制服さらに唇を蚊に刺されているという最悪の黒歴史写真が生まれた,2
こういうクレーマー,0
これで会場予約の人とamazon予約の人で特典違かったらもにょるな…,2
そもそも会場予約出来た人って何人いるのレベル,0
昼に食べたうどん約２杯分,0
長野市にあるかと思ったけどなかった,2
爬虫類と戯れたい・・早くアオダイショウとニホントカゲとっ捕まえたい・・・・,3
今年は2枚分です,0
iPhoneの調子が悪くてキャリアごと変えようかなと思ってるのだけどもう少し待てばワイモバイルのキャッシュバックがTポイントでなくpaypayになるみたいでiPhone壊れるのとどっちが先か…,3
相対性理論の一発目は天地創造SOSだったけど音響めちゃくちゃトラブってた,0
ノリノリでポケモンセンターでピカチュウのパスポートケース買ったのに大ブスが使うのである…,2
パスポート代全額会社負担なだけ傷が浅くて済んでるようなもの,2
月末から海外行く実感がなさすぎるゼッッ,0
サクレの会社栃木だったのか…ショック……,2
唐沢貴洋特集wwww,0
準備物多すぎて注文した物の段ボールやら袋が溜まって部屋がカオス,2
でも１日２回もスポイトでエサやりするのは無理だ…,2
江戸は人が多すぎて動線がわからないんぬ,0
乗り継ぎでロストバゲッジにあわないか不安になってきたrrr スーツケースの中の一番の貴重品は相対性理論のTシャツうううえええうう,0
座席がご用意されない！,2
全然写真撮れてないけどド田舎！佐和くらい何にもない！！,0
ハンバーガーカフェにコーヒーないしマックでもよくわかんないからイエスって言ったらゲロ甘だしホテルにもキャラメルマキアートしかねええええ,2
つかれた… 更にバスと電車と特急と車があるんやな…,2
散々乗り物乗ったのに結局あずさが一番酔うな？？？,2
寒気と眠気とだるけと苦味があるのになぜ平熱なのか,2
キャラメルボックスの演目見てるけど懐かしさがたまらん…,0
でんきつけっぱでねてしまったこうかいがでかい,2
職場のおじちゃんから唐辛子もらったのでペペロンチーノキャンディしよう,3
久々にやりたくなって楽天でやっすいバルーン買ったけどやっぱりメーカー製の方がええやな…,2
急にカメラが必要になったので中古で探してるんだけどPentaxQはすぐ売れちゃってるしOLYMPUSのOM-Dはまだまだ高いしうーん,3
転職 転職 転職 転職 転職,3
デスマーチ,2
【ぬるぼ】Windowsで使える無料のスライドショーソフト（BGMできる動画できる簡単な文字いれられるロゴとか広告出てこない）,3
もうフリーソフトでiPhoneの音楽抜き出せる時代じゃないし動画作れる時代でもないのだ…,2
良い無料ソフト探すのとaviutl使えるようになるのどちらが効率が良いのか……,3
4日間くらい泊まり込みで仕事して疲れて15時まで爆睡してた １日を無駄にしすぎてつらい あしたまたおしごと…,2
なんかタイムライン以外のリプとかが読み込み中みたいになるんだけどなに？？,0
餃子餃子餃子餃子餃子餃子餃子餃子餃子餃子餃子餃子餃子餃子餃子餃子餃子餃子餃子餃子餃子餃子餃子餃子餃子餃子餃子,3
IT系の資格取りたいけど足がかりにDTPエキスパートとか楽しそうかな,3
転職転しょk,0
長期出張前なので野音は見送りの方向です…,2
スタバのサンドイッチおしゃれおいしいけど値段もおしゃれでつらい,2
キャラメルソースでも追加しておくべきだった,2
あーなーたーはかみのけありますかーーー,2
えきねっと割引率クッッッソ下がったし,2
ねるねるねるね,3
なお写真は撮り損ねた,2
最近いよいよスタジオ通わないとマジで太るな・・と思ってるのだけどカーブスはおばばばっかりだしラバは遠いんじゃああ・・・,2
近所のウエルシアまだ辛辛魚売れ残ってるので草,0
仕事辞めたら毛染めて次の職場行くんじゃあ?たのしみ がんばるぞぃ,3
俺、日本に帰ってきたら大好きなカフェでカレー食うんだ…！,3
冷静に考えて近所のスーパー行くような格好で東京にいるので東京は綿半スーパーセンター,0
都内歩いてると全員Youtuberみたいに見える,0
連休くらいみんな家にいるかと思った…,3
ひじき,0
仕事繁忙期すぎて部屋が汚いので映える写真なんてものはありませんね！！！！！,2
お役所オリエンテーリングじゃあ,2
別に急ぎじゃないやつは氏名変更しなくていいよね… 例えば小型船舶,3
PVが西日本あたりの都道府県を突っ走るJKの映像なんだけど長野県がめちゃくちゃマニアックなところ走っててこの選定基準謎すぎる,0
つんだ★むぎ,0
ふぁ,0
ゴロゴロ転がって体うごして疲れて寝る,3
めちゃくちゃ断捨離ってメルカリ売りまくった！おっす！！,0
こたつ机でめちゃくちゃ作業捗らせてたら首と肩の痛みで気持ち悪くなったのでだうん_:(´?`」 ∠):,2
無印のリュックとても良さげなんだけど旧版使ってるからなんか悔しい,2
U-NEXTお試し無料期間中に物語シリーズ観るぞと心に決めて退社したのに帰ってから天井とTwitterしか眺めてないので虚無虚無プリン,2
えっちゃん…えっちゃん……,2
ねくすと 正月,3
最近コンビニでチャイ見かけなくて悲しみしみ…,2
無印良品のチャイがうますぎるのでそこらへんの食品スーパーレベルで無印良品が点在してくれないと困る,3
つかれた… だれかアマギフ100円分で音楽の編集してほしい……,3
デッド寿司とかいう意味のわからない作品を見せられている,2
ひええ千曲川が,0
人口密度に対しローソンが少なすぎて困る,2
肩の痛みが肩の痛みで肩の痛み??ッッッッ！！！,2
松本駅前からロフトをなくした罪はでかい,1
部屋全部ひっくり返してニトリ部屋にしたいゾ,3
CIRCLE行けなかったから行くしかないでしょ,3
鴨川ホルモーの撮影風景シュールすぎでしょ,0
相対性理論ってなんで毎度毎度チケット申し込みサイトちがうんだ…？,0
中学か高校から10年くらい使ってる年季の入ったヘアアイロン買い換えたいので誰かオススメ教えろください…,3
サロニア。覚えましたし。,3
無印で救急箱にしようと思って買った良い感じの箱が絶妙に物が入らなくて悲しみ,2
ずっと真夜中でいいのに。世代だったらはまってた気がする・・・・,3
ヨルシカ好きだなと思ったらウミユリ海底譚の人だったので納得した,0
長野に来て4年目だけど年々乾燥肌がひどくなっていくのでつらい,2
職場が滅びろ????！！！！！！！！１１１１,3
韓国アイドルが一重でもかわいいのは元がかわいいからだから勘違いしないほうがいい,2
冬何着てたか思い出せない,2
とちぎ,0
ニンニクいれましょう,3
小山うどんよりハイマウントの方が有名なのでは？？,3
ぶっ壊れた2ドア冷蔵庫と電子レンジ捨てたいんだけどどうしたらいいの？？？？？？？？？,2
GABA for sleep食ってみたけどどんなもんかの,3
サプリは高いのである…,2
寝る前にチョコ食べるの精神おかしくなる,0
チャイティーラテと抹茶ラテだいすきおばさん,0
ごれんきんつらい… ごれんきんつらいゆとり世代………,2
何度洗濯をしても終わらない 何度脱出を試みてもコタツから出られない そんな季節,2
ジープ欲しいという気持ちを糧に仕事してる,3
今日こそはおしゃれなカフェに行こうと思っていたのにこたつからでられませんでした。,2
韓国アイドルのことはぜんぜんわかんないんだけどニュースめちゃくちゃつらすぎてつらい,2
iPhoneXSいいなっておもったけど128GBがなくて256GBしかなくてじゃあiPhone11の128GB買うのと変わんなくない？って思ってる　最近のiPhoneわからなすぎる,2
学生時代Indesignでちょっとしたもの作ったけどもうすっかり忘れたよね,2
フォトショもイラレもきほんのきはちょっとだけ習った気がするけどすっかり忘れたよね,2
ステーキ宮は栃木県より愛知県の方が店舗数が多い。これってトリビアになりませんか？？？,3
調子悪いからいい加減バックアップとろうでも使用者も体調劇的に悪いから休みの日にやろうとおもってやろうとおもったらこれ,2
イラレフォトショの講座受けたいのに東京行く用事の人全然合わない??ヒーーッッ！！,2
ハイマウント食べたすぎて病気,3
モリサワ…一太郎… でも使いこなせる気がしない…,2
相変わらずここの病院は胸に聴診器当てながら 大きく大きく?? って言うんだけど何が大きいか言ってみろやコラ,1
週末仕事バタバタしすぎてて全く実感無いんだけど今週末？？福岡じゃん？？？？？,3
いやもう無理無理の無理 だって個人用にも楽天カードと楽天銀行欲しいし 事業用にも楽天カードと楽天銀行欲しくない？？みんなランサーズのせいだよ,3
山からの風なのかめちゃくちゃ風が冷たいぞ！,0
旧姓のままだったら今回のTシャツめちゃくそ欲しかった,3
若波すっと甘くてパッと切れるのですき（酔,0
やっと京都で買ったコーチジャケットが陽の目を浴びる時が来たんですよ許して！！！！,0
事前チケットどうしたらいいの？？？わたし何番なの？？？,3
さむなり,2
エッッッはげそう,0
そいやドリンクに獺祭なかったな…,2
お嬢様…リコーダーがお上手になられて…,0
帰りたくないにゃー…,2
今朝は書きたくない年賀状と延々向き合う夢を見てえっちゃんがいない絶望感とともに目覚めたけど今まさに正夢になってます,2
ビジネスライクの年賀状つらい！！！お友達だけに書きたい！！！！！！！！,2
もうだめだ なんでこんなクズのために夜更かししてしまったんだ 寝ようおやすみメリークリスマス,2
狂った汁なし麺が食べたい,3
今日休みで明日が仕事納めだよ！！！！もう納めたい！！！！！,3
パプリカ仕事で何千万回も聞いたのである意味今年いちばんの曲（もう嫌,0
は？？まじ栃木,0
旦那家親戚多くて動物園みたいなので慣れなくて硬直してしまうのだけどいつもどおり酒と飯は多量に摂取してしまうので完全に不思議ちゃんと化してしまった,2
長野帰ってきた　風邪と標高差で耳がおかしい,2
熱は完全にさがりまっっった！,0
旦那氏ベイマックスみたいな体型してるのにベイマックス観たことないっていうから久々に見たら案外良い話で号泣したし見終わったのに旦那がひとっつもベイマックスのマネしてくれなくてさらに泣いた,2
mineo 回線手続き時間制限あるのｯｸﾙﾙﾙﾙﾙ明日電話使いてえよ仕事だよ,1
別にいうことでもないしさ、じゃあこの感情を閉じ込めたままにしろっていうのも難しくてさ、でもあんまり人には言ってなくてさ、でもとても悲しくてさ、何が言いたいかというと今日親友の命日。,2
lemonは最近やっとまともに聴けるようになった,2
あ゛?　せっかくの四連休を無駄にするんじゃああ,2
充電旅→家ついてくやつ→ガイアの夜明けの再放送の流れついついみちゃって土曜の休日を無駄にする,2
明日は茶をすすりながらパタゴニアのフリースに犬用ブラシかけてふわふわに戻す生活するんだ…,3
ちょっといい赤ワインとちょっといいチーズでちょっと優勝してちょっと幸せになりたい,3
隠キャリスト聴きながらフリースの毛玉取る隠キャ,2
レトルトしか食べたことなかったんだけどクレアババアめっちゃおいしい,0
令和時代にwinkがうまれてほしい,3
クッッッソくそみたいな出張,1
申告が要らない程度に雑収入があるんだけど勉強のためにやってみるかと思って青色申告の諸々作ろうとして挫折した,2
ずくが無いもんで慣れない土地でせっかくだからおしゃれなカフェに入ろうと思っても探すのに疲れて結局コメダに落ち着く,2
あずさ遅延してクソ勘弁だけどオザケンの彗星聴いてたら楽しくなった,0
トドを殺すな,1
トドを殺すな！,1
ほぼ日ユーザーとしての糸井重里信者なんだけどMOTHERやってみたい…いまどの本体ならできるの……？,3
しかもこんなにできたてふわふわなのに明日健康診断だから胃に入れられないんですよ？頭おかしくないですか？？？,2
るろうに健診,3
躁鬱喜多方ラーメン希死観念増し増し???ィィィッ,2
1日が30時間になるか仕事しなくても金が入るかどちらかしかない,3
飲み会だと少し飲む女子ってくらい飲めるんだけど家だとほろよいだけでだいぶ良い感じになる雑魚,0
GABA配合のミルク飲んでもひとっつも起きれねぇぞ？！？、,1
ネムミウイルスのせいで麦氏の経済活動が完全に停止している,2
休校云々のニュースでだいぶ事の重大さを知らしめた感はあるよね…,0
旦那氏いないと目覚まし時計がないのと同じなので旦那氏早く退院してくれないと困る,2
いつまでも変数IIIを引きずってたのでやっと外した,3
航空散布だよとかマジレスしてくるガチ田舎民,0
ゴミ出し行きたい　起こして,3
寝るぞ！！！！,3
激辛好きだけど赤い壺とかいうみせはまじで無理だと思う,0
カクノのＥＦもスケルトンもいつの間に出てたの…買うしか……,3
せっかくなのでインクも黒以外買おう　何が良いか,3
自分しかできなさそうな半仕事半プライベートみたいな大きい仕事頼まれたんだけどもう退職だし引越し等々で手ぇ付かないぞ勘弁して…_:(´?`」 ∠):,2
ﾅｧﾝ…,2
引っ越しの片付けが終わりませんが…,2
別役実の訃報まじか… こんな劇場が自粛ムードのご時世の中さらに辛い……,2
いつもSurfaceでﾌﾟﾘﾝﾄｽｸﾘｰﾝどうやるか忘れちゃうから黄色のテプラ直貼りしたい,3
上司ぶっころ??！,1
業者くるまであと2時間とは思えない進捗,2
業者遅めの到着になったので飯食う余裕ができたなり…,0
今日が最終出勤だったけど職場泊まって明日残務する！栃木帰ってもリモートワーク！！しごとおさまらない！！！！！,2
ジムニーにかわいかわいいのアイラインつけてあげたいグリルもいじりたいかなうへへ,3
新しい職場で3日経ったけど頭の中で数億回「労基に言いつけるぞ」を連呼している,1
面接の時と話が違すぎてやばい話どころか書類も違う頭おかしい,1
履歴書に傷もつけたくないが自分の人生にも傷を付けたくない　ウッ…,2
１万円のロジクールマウスをメルカリで安く買ったんだけどこれが１万・・・？ってくらいパッとしない,2
マイナンバーカードに旧姓併記しようと思ったけどめんどくさくてやめた！！！！めんどくさくてやめた！！！！！！！！バーカバーーーーカ！！！！！！！！！！！！！！！！！！！！！！！！！！！バーカ！！！！！！！！！！！！！！！！！！,1
yeah,0
なんでこの病院利用者が使う長椅子にノートPC放置してんの？持ち帰っていいの？？？,1
参考にしてたクッキーの分量のツイートが消えてて危うく過去のあやまちを繰り返すところだった,2
西川貴教太ったな？？？,0
コロナのせいなのか最近のAmazonのせいなのか全然発送される気配がない…,2
プリンターのインクくらい買いに行ってもよかったかな…,2
社会の闇の中の闇の闇みたいなクソ暗い映画が見たい！！！！！！！！！！！！！！！！！！！！！！！！！！！！！！！！！！！！！！！！！！！！！！！！！！！,3
王道家食べたい…王道家食べたい……,3
ツルヤ派の方が多かったけど,3
茨城も割とスーパーどこ行こうかなってなるよね　カスミ高いし,3
ゆれゆれ,0
Photoshopは難しいな??って思ってそのあとIllustratorいじったらもっと難しいな????って思った,2
NHKで東方っぽいけど東方じゃない曲流れてて朝から不思議な気持ちになった,0
社員がパートに対してクソな職場はクソ?早めに見切りをつけたい???,1
ﾌｧｯｷﾝﾎｯﾄ,1
人懐っこいのとチャラいのと軽いのと、どう違うんだろう？人懐っこくなりたい。,3
帰ってお粥食べてお風呂入って寝よう。明日乗り切ればなんとかなる。はず。,3
さっきひさしぶりに縄跳びやったけど、二重跳びが普通にできてちょっと嬉しかった。スタミナすぐ切れたけど。,0
うあぁ…あたまいたい,2
喋りたくなくて、「食事は黙ってするものだというのが自論です」と嘘をついてごめんなさい。,2
カーテンに４万って！翔ちゃんってばセレブなのねー,0
外寒いし明日でいっか。,3
ポーチのファスナーが壊れた。雑誌の付録だったやつなんだけど丁度いい大きさで重宝しました、長い間お世話になりました！明日新しいの買いに行こう。,3
最悪な朝。夢見悪かったし雨だし。,2
いててててててて肩つった！！！,2
地震めっちゃ揺れた,0
ごめんなサンタのやつ、弟も姉も覚えてるって言ってたけど私全く記憶に無い。,2
いいことも悪いことも、真実を隠せば探されるってことがよーくわかった。ので、これを利用していこうと思う。使えるものは何だって使うべき。,2
部屋が明るいっていいね。,0
ある人の過去大好きだった彼女の話を聞いてて、私の一言でいい大人の男性を号泣させてしまった。恋愛で泣くって気持ちがわからなかったんだけど、ああこの人はまだ大好きなんだなって、好きが故に考え過ぎて、好きなのに別れちゃったんだなって解って胸がギュッとなった。,2
想像で何度も死んで、殺して、生まれ変わっているから。細胞分裂と一緒に。 ひとつわかったのは、片付けるの面倒臭いなぁってこと。私ってゴミ袋何枚いるんだろう？,2
最近の出来事でも、夢で見る時はなぜか前の家で起こったことになっている。起きて、そのことに気づいた瞬間猛烈に落ち込む。あの家と死んじゃった犬は私にとっての幸せの象徴なんだろうな。 めっちゃ頑張ってお金貯めて買い戻そうかな。,2
執着も愛着もなくて、特別なこだわりも無くて、ただ与えられて、それが普通の日常だったってだけなのに、今はそれが欲しいんだなんて変だな。別にさ、他に求めればいいんじゃないの？と思うけどね。,2
ポップコーン買いに行って、帰る場所が無い。開ける鍵じゃなくて、潜るドアじゃなくて、靴を脱ぐ玄関じゃなくて、帰る場所が無い。,2
起きて、仕事して、帰って、寝る。これが幸せなのにどうしてこの中に他人を入れなきゃいけないんだ。わたしは幸せを軽く考えているってだけなのに、勿体無いとか言って馬鹿にして、お前の幸せを押し付けんな。,1
逃げるが勝ち,3
考えれば考えるほど、自分がいかに捻くれているかっていうのがわかる。,2
キッチンに置いてたワインがあったかくて美味しいw,0
大潮なのに台風来るのね。大室のばあちゃん家海から徒歩30秒なんだけど、高潮被ったりしないか心配。海には近付かない方がいいよー。,0
干ししいたけ戻し中,3
今日はマスカラ塗ってるから目擦れない,2
目がね、大きい。スポットライト反射してミラーボールみたいだったようななかったような。,0
都合の悪いことを見ようとしないのは卑怯だ,1
あ、終わった,0
なんか嫌な予感がする。マジで医療保険入っとこうかな。,0
飛行機飛んだかな。無事にバリに行けたかな。向こうは晴れてるといいけどな。,3
悲しいんじゃないんだけど悲しいが一番近いから悲しいんだろなきっと。心の動きを誰かに伝える時にはまず要約して、今流通している中で一番近い名前を付けるという面倒で気持ち悪い作業が要る。「悲しい」って言いながら悲しいって何だろうって思って、そんな風に毎日嘘ついて疲れる。黙りたい。,2
「赤を一滴たらそう」で始まるあの曲好きなんだけど曲名わかんない。漢字合ってるかもわからんし。カラオケで歌いたい入ってるかな。,3
全然ホットじゃないお茶を飲みながら電車待ちー。お茶自販機で買えばよかった。,2
うるせーな公共の場で馬鹿騒ぎすんなや,1
一緒に笑った。日曜のこの時間だもんね、忙しそうです。,0
年の瀬ってことで、まず冷蔵庫を掃除した。汚すぎて引いた。ごめんね野菜達。,2
友達や恋人や家族じゃなくて、自分のことを誇れるようになりたいです。私は何も持っていないから、話せることもなくて会話も聞くばかりだし、人の幸せは見たくないし、つまらない感性だからつまらないことしかないし、大好きな人に嫌われるのを想像してばかりで疲れるよー。,2
家から一歩も出ないで暮らせる方法は無いかな,3
昨日眠すぎて21時から10時まで寝てた。覚せい剤の禁断症状って睡眠欲みたいなんでしょ？絶対耐えられない。,0
「メガネ無くしたんだけど知らない？」というLINEが来た。知らん。,0
どうせ明日は大風で定時だろうしー,3
悲劇のヒロインごっこってやつです,0
なんか言ってるけど聞こえなくて、聞き返しても聞こえなくて、「すみませんもう一度お願いします」って言ったら「2回言っても聞き取れんとかお前まじ使えねぇな！やめてしまえ！！」って言ってたけど、あの人下向いてモゴモゴ言ってさ、あの機械の騒音の中で聞こえる人が居たら会ってみたいね。,1
あの人の部署ではよく、言った言ってないって言い合いになるけど、言ったとしても伝わってなかったら言ってないのと一緒だって思うけどなー。,1
「そんな知りたいならお前が計ればいいだろ」って、本当にそうしたらしたで「勝手にするな」でしょ。 「そんなにやりたいなら明日から全部お前がしろ」でしょ。 もし私があんな言い方されたら胃に穴が開く前に速攻辞めるねw,1
結婚するなら穏やかな人がいいなぁ。,3
本持って来ればよかったなぁ,2
口角炎に塩が沁みる痛い,2
もう春になるのに雪…,0
青いコート欲しい。似合う自信はない。,3
摩擦のこと考えてる。そしてバスに酔った。,2
仕事帰り、信号待ちで一緒になった小学生の男の子がライザップのCMの音楽をエンドレスリピートしてた。黄色い傘の中で淡々と。理由は無いけど今日はこれって曲あるよね。,0
嫌い怖い信じられない触んな干渉すんな話しかけんなって思ってる,1
加工場でエビ茹でてやがる,1
シフォンケーキが食べたい！今すぐに！でも深夜だし着替えるの面倒だから明日仕事終わりに食べるのを楽しみに寝るけど、もしオーブン持ってたら今から焼いてたんだろうなぁ…おやすみなさい！,3
何の音？雷？,0
私性格悪いな,2
月6万の仕送りは無理なので住民票移すかな。,2
お昼休みに焼きそば食べながら滝のように弱音を浴びせてしまった。何の話？って思っただろうけどただ相槌打って聞いてくれてちょっと泣きそうになった。第三者にしか話せないことってあるんだなと思った。,2
TVでニュースを伝える時、大抵BGM流れてるけどあれはドラマチックにしたいという意図なのかな。嫌い。,0
やっぱ今日は眠いので家で大人しくしてよう,2
爆睡してた。もう夜じゃないか。,0
カーペットをゴム手袋で撫でて掃除したんだけど手がゴム臭い。,2
痛み止め飲まないで我慢大会やろっかな。明日休みだし。,3
洗濯したはいいが洗剤入れ忘れたっていう,2
雨だなー走れないなーーうう雨雨う,2
走れないので翔ちゃんとデート。雨です。,0
雷！,0
BUMPはずいぶん前に好きになって、ライブに何度か行ったけど、いつ見ても喋るように歌うなぁって思う。,0
一生のうちの勇気の絶対量があるとしたら多分もう、使い果たしてるんですけど…ビビリだから、多分君らの10分の1も持ってないような感じで生まれてきたから,0
好きなことを仕事にするっていうのはきっと、言えない見せられない大変なことが山ほどあるんだろうな。才能も勇気も素直さも持っていなくて薄給で文句言いながら適当に生きてるのが恥ずかしい気持ちになる。,2
という夜中のテンション,0
優しい次女？ふざけんなよクズが。 優しさも声も時間もお金も、あんたには何ひとつ渡したくないんだよ。,1
子ども嫌いだから相手する時は聞き役に徹するんだけど、そうすると何故か好かれる。どんどん寄ってきて困る。,0
あさりの砂抜きを30分眺めてたけど飽きない,0
ご飯食べてたらベテランさんに「なんであの子に手伝わせないの？ってか新人だったら普通言われる前に察していちばんに動くでしょ」って言われてるタイミングでちょうど新人さんが食堂に来た時のベテランさんの変わり身な。女子怖い。,0
片思いしてたはずなのにその人のことがうざいっていう謎の心理,2
以上、どうでもいい近況報告でした,0
左より右の足が若干大きいのでいつも右足だけ靴擦れになる。痛い。,2
もう頑張るなよー,3
呼吸できないほど笑ったり腹痛でトイレに篭ってたり太陽の下で白球追いかけてたり泥まみれでトンネル掘ってたり他人のミスで謝ってたり知らない間に傷つけてたり呼吸できないほど泣いている人が居るってもんです。今日が最低最悪でも、明日は、いや眠っている間だけでも穏やかでいられますように。,3
腹痛で起床。お腹出して寝てたらしく冷え冷えです。,2
風邪はいつも鼻詰まり→喉腫れる→一瞬の高熱→咳止まらんというのがいつものパターンなので、喉が腫れている今のうちにイソジンで治してやるざまあみろ,3
昨日ラウンドワンで遊びすぎて全身筋肉痛というよりこれは炎症です。痛い。,2
いやだ,0
明日は翔ちゃんと鍋！最近翔ちゃんとばっか会うなー,0
なんだか風が秋だなぁと思っただけで心臓がぎゅってなるし気を抜いたら涙してしまうのは老いたからなんだろうか。多分悪いことじゃないから、この現象をセンチメンタル・オータムと名付けて愛でようと思っている。,0
着物の羽織りを買いました。衝動買いですね。,0
彼の歌声はビブラートの幅が不規則だとか倍音が綺麗だとか言われても全くわからんけど、私はそういった知識を全く持っていないし人より聴力が少し弱いけど内臓に響く声っていうのは単純に感動する。音楽は聴く人が聞いたらクソでも、聴く人が聞いたら宝石だっていうところが好きです。,0
朝お風呂入ったから髪パサパサだよね,2
帰るよ,0
明日海行こう。寒いけど。,3
学校へ行こう見たいので19時までには帰るぞ,3
唯一買ったものが倉敷銘菓の藤戸饅頭っていう。,0
風呂敷、着物、蛇の目、練り香水、和菓子、出汁、梅干、南部鉄器 欲しいものや好きなものがどんどん古くなっていく今日この頃。,0
夜間救急って心療内科の医者居ないんかな。夜こそ不安なのに。,2
きっかけはいつも過去にならないと知り得ないものですね,0
誰かが馬鹿をやって、それに対して誰かが眉間の皺を解いて少し息を吐いて、吐いた分を吸って。そうして呼吸を思い出すんだよ。やっぱり馬鹿が世界を救うと思う。,3
さっき「アヒルと鴨のコインロッカー」観たんだけど、原作読んでないし作品の情報も瑛太さん出てるくらいしか知らずに観たんだけど、え、これコメディーちゃうやん。タイトル的に勝手にコメディーの体制で観たら重い重い。でも邦画好きの一個人としては結構好きな映画でした。ふらっと観るのオススメ。,0
ガスコンロ買う時にフライパンも新しくしよう。鉄製のやつにしよう。鉄分摂れるし。継ぎ目がないやつがかっこいいけど高いからネジので妥協する。どっちにしても鉄分摂れるし。鉄分大事。,3
甘ーーーーい梨が食べたい,3
日産スタジアム申し込んだ。もし取れたらひとりで行きますよー！しかし何回行くんだ私。,3
ああああ寒いいいいいいいい,0
漫画読まなきゃ、このままじゃ返せない,3
なんやかんやで利き日本酒イベントに出場しまして、5つ中３つ当たりまして、ちょっとした景品を頂きました。ほろ酔いで帰宅です。これからシュークリーム食べて寝ます。お酒美味しくて調子乗って飲みすぎた。明日遅刻したらどうしよう。,0
ああ、今日お釈迦様の誕生日か。甘茶を飲む日ね、懐かしい。,0
ソフトバンク解約して楽天モバイルにしようかな,3
他人の顔を撫で回したい,3
やたら警察官見るなと思ったら今日海外から偉い人来る日だった。,0
訳あってiPhoneの写真と動画を全部消した結果、3.1GBだった空き容量がキッカリ倍の6.2GBに増えました。,0
親子連れの熊に家の周りをうろつかれる夢をみた。一緒にいた人が銃で撃ち殺したけどその後何故か部屋に寝ていた人(女性)のことも撃ち殺した。どちらも頭に1発で。私は途中で第三者目線になったし夢だから流れ滅茶苦茶だけどひとつ確かなのは今読んでる「ドグラ・マグラ」が色濃く影響しているね。,0
先週末「クリーピー 偽りの隣人」を情報の一切を調べずに観たんですが、内容が胸糞だしホラーの監督さんだしでサイコホラーってこういうものをいうのかなというもので、しかも俳優さんの演技力のせい(おかげともいう)でガッツリ引き込まれて精神的に無茶苦茶疲れるし何人か途中退席してたよ。,0
問ということでサラッと雰囲気だけ読んで先に行こうと思います。いつか暇があったらちゃんと読むから(九分九厘読まない)。,3
五月蝿い五月蝿い五月蝿い五月蝿い五月蝿い五月蝿い五月蝿い五月蝿い,1
家に帰ったら本読もうとか久しぶりに絵を描こうとかシーツ漂白しなきゃとか、仕事中にはいろいろ考えるけど結局どれもしないんだよ。帰宅してご飯作って食べて、エアコンの聞いた部屋で座ったらもうトイレ以外動かない。,2
「ドグラ・マグラ」読み終わった。感想、そうね、簡潔にいうと解んない。クドイぞ夢野久作。しばらく寝かせてもう一回読みたい。,3
点滴で失敗された腕がまあまあの痣になったからせっかくなので今度写真送っとくかな,3
雷こわい彩ちゃん帰すんじゃなかった,0
妄想中に楽しいことを起こそうと思ってもやっぱり出来ないのは、そういう類の記憶がないから。現実もちょっと不幸なくらいがいちばん生きやすくていいかもな、頑張って何かしなくてもいつも何かにイラついて不安で妬ましくて自己嫌悪、思うことがあるってだけで生きてるなって思えるから。ああ惰性。,2
ハッピーターン食べたい！ターン王子！,3
ディズニーこわい,1
おお、倉敷駅の時計台動いてる。やっと直ったんか。,0
ふーんへぇーあーそうヨカッタネ,0
空腹でコーヒー飲みすぎて胃が痛い馬鹿だ,2
餃子の話なんかするからこんな時間にお腹減ったじゃないかあのヤロウ,1
ツナ缶買うの忘れた,2
最近脳みそがはみ出る系の夢ばかりみる。脳が増殖してるのかな。IQ高くなってないか調べてみるか。,3
好きなモノについては割とじっくりしつこく考えるけど、それでも所詮浅瀬をぴちゃぴちゃやってるだけなんだよ。賢い人はもっと奥の奥の方まで理解できるんだろう。好きの度合いが理解に比例するとは言わないけど、生活の中でリンクする時間は理解と比例するからやっぱりひたすら羨ましい。激しく嫉妬。,2
さっき親指の皮がめくれてるのに気付いてなんでかなって思ったけどおととい久しぶりにギターを弾いたんだった。狂ったように素手でダウンストローク(しかできない)したから右手親指がダメージ食らっていた模様。初めてギターに触ったのは高校3年の音楽の授業。未だにコード3つしか覚えていません。,2
30分で目が覚めて怖くて仕方がないのでとりあえずテレビつけてとりあえずワンダーコアの通販番組を見ていたのに放送終わっちゃって心細い。電話すればオペレーターの方と喋れるけどワンダーコアいらん。欲しいのは他人の気配なんだよ分割で売ってくれないだろうか。,2
傷が治るとちょっと残念な気持ちになるのはなんでかな,2
お風呂で流しかけても寝ている間に外れてもサザエの水槽に落としても数日のうちに見つかって戻って来ていたのに今回はどこでどうやって失くしたのか皆目見当もつかなくて探すこともできない。,2
はじめから指輪なんて着けなきゃよかったって思いながらamazonで似たようなピンキーリング検索している。どうしようもないなと思っている。こんな風に人にも依存するんだろうなってどっかで解っているから今こんな感じで生活してるんだろう。なんかいやになる面倒くさっ,2
なんやかんやで今日は節分です。さっき空を見ていて、やけに明るい星があるな、そういえばずっとあるなあれ何やろかとやっと調べました。金星でした。今年の恵方は北北西ですが、もうちょっと西の方に視線を滑らせてみてください。半月の右下あたりです。めっちゃ金色なのでひと目でわかるよ。,3
起こっていないことに勝手に不安になる癖がある限り家族なんて怖くて持てない。相手と子どもを監禁するかもしれない。,2
誰のせいって言ったら自分のせいだし、現実には見ていないことを目を閉じている間に勝手に見ているんだから悪いのは自分以外の何者でもないからぶつけようの無い嘆き怒り文句を紙に書いて燃やす、という対処法しかないよ。夜が怖いとか子どもじゃないんだし。あーあ。,2
みんな怖い夢みることあるのかな。フルカラーで触った感触もちゃんとあってこっちがもう嫌だって叫んでいても無視で淡々と進む怖い夢。,2
右足のスネが痛すぎて接骨院に通い始めました。スネの筋肉が骨みたいに硬いらしい。姿勢を診てもらったら右肩が3センチ以上下がっていると言われました。そら肩掛けカバン右だけずり落ちるわけだよ。全ては右股関節のせい。,2
ずっと前に取れて放置していたカーディガンのボタンを付けた,0
前髪で目が隠れていても、見た目に反して意外と視界良好なんだよね。見た目はウザイけど。,0
今日の晴れ間にゲオでMOZU借りた。さっき最初のやつを思い出しながらみて、内容についてはややこしくてあれだから置いとくとして、とりあえず倉木タバコ吸い過ぎな。,3
自転車で走行中、セミと正面衝突しました。そんなこんなで明日から夏休みです。はやく冬にならないかしらー。,3
職場で漫画の話になって、二十歳くらいの子にオススメの少女漫画を聞いたらなんやかんやで貸してくれて、今日やっと全19巻読み終わった。「青空エール」という吹奏楽部と野球部の高校生ド青春漫画。青春のせの字も知らないけどじわっと泣けたし面白かった。まあ実際、あんな野球部いなかったけどな。,0
ダッフルコートの何が好きかって、あの生地と大きめのポケットと角みたいなボタンと紐みたいなボタンホールと首元をギュッとするあれ(チンストラップというらしい)とフードだよそうだよ全部だよ～,0
今朝は猛烈に二度寝がしたかったのです,0
ある展示物と対峙した人は、その意図を知ろうと忙しく視線を走らせている。傍から見ると少し滑稽な後ろ姿だ。 ほんとうは展示物に意図は無いとしても、きっとその人は何かを見つけ、砂金のようなそれを胸に落として通り過ぎるだろう。 そんな後ろ姿を観察する、という展示は意地悪かな。,3
氷菓の実写観ようか迷う,3
お風呂上がりにキッチンの机に白ネギが置いてあるのに気がついて、あれ?？さっき１束全部刻んで冷凍したはずだよな、１本だけ忘れたかなと思ってよくよく見たら突っ張り棒だったぐらいに視力が悪いです。,0
滑舌やボリュームのせいでうまく聞き取れなかった時は聞き返すけど、何度か聞いても聞き取れなかったらもう面倒だから適当に合わせてそれっぽく相槌をしてそれとなく終わらせる。だから話聞いてないよねって結構言われる。,2
利き手である右手人さし指の先を火傷し、右手中指の逆剥けを引っ張ったら大きくえぐれて出血し、右手薬指の第二関節外側をぶつけて擦りむいた。全て大したことは無いけれど地味に痛くて不便である。,2
眠すぎて気持ち悪い,2
翔ちゃんが良い羽毛布団を買ったけど良いやつすぎて暑いから今年の寒波に期待しているらしいので皆様どうか寒波に合うことがあったらよろしく言っといてください。あんかごたつも準備万端だそうなので是非。,3
結局マック,2
藤原さんに「おやすみ」を言われたのでぐっすり眠れるね,0
何かあったかいものを食したい,3
わかりやすい感動はわざわざ見に行かないけれども触れてみたら簡単に号泣する辺りわたしは至って平均的な人間です。,0
うるさい、それとその声嫌い,1
声自体が嫌いだからあの人も嫌いなのか、あの人が嫌いだからその声も嫌いなのかわからない,2
声になるまでの過程を想像したらたまらない,0
ヒートテック裏返しに着てたことに気がついた夕方,2
美味しい干し芋が食べたい,3
年々母の字に似てきている,0
バナナマンの設楽さんの声は妙に説得力がある,3
約１週間安静の限りを尽くしても良くならなかったのに、渋々病院行って貰った抗生物質を飲んだら半日で快方に向かうんだからペニシリンには驚くよね。そしてわたしはわたしの治癒力を買い被りすぎた。扁桃腺ちぎりたい。,2
朝7時前にラスク2枚食べて、14時にアルフォート3個食べて、16時に煎餅2枚食べて、18時にみかん1個食べて、今電車で飴食べてる。はちみつのやつ。大晦日だけど休憩無しで頑張って働いたよ誰か褒めてください。お腹減った。,3
飲みかけのほうじ茶とか忘れられたクッキーとか落ちた長い髪とかを片づけられないまま、もう数時間後には仕事始めです。今年もよろしく。,2
藤原さん元気になったかな?？メンバーも周りの人もみんな元気かな?？昨日皆既月食見たかな?？もうお昼ごはん食べたかな?？,3
今はあの頃よりライブにも慣れて、ちゃんとはしゃげるし、半袖で行くし、足はつるだろうけど対処法も完璧だ。だから今の状態で聴いてみたいな。12月、翌日は修学旅行じゃなくて仕事だけど、閉め切った四角いあの時間はどこにだって行けるからね。,3
勝手にフォローしまくっているBUMP好きな方のTwitterから得た情報によりますと、埼玉のスーパーなアリーナでスーパー素敵な夜があったようです。そして大好きな人達が「大好き！」と言われまくっているのを見て今とっても幸せな気分です。,0
帰ったらカンガルーのキーホルダーを付けよう。オーストラリアのお土産のやつ。そして合鍵はちゃんと保管する。,3
春の嵐凄まじい、眠いけど風が怖くて眠れない。調べたらこの辺は今がピークらしい。このままの感じで北上するんだとしたら「春の嵐?？大したこと無いやろ」と半笑いで流さず多めに警戒した方が良いよ。,3
昨日はカツオのタタキを食べようと思って冷凍庫から出してたのに眠くて寝ちゃった。ひな祭りだったからケーキも用意してたのに。全部今日食べるけどね。,2
面倒事を断る時の最終手段として「親が調子悪いので」という類の言い訳を今まで何度か使ってきたんだけど、親に断りなく使うと必ず本当に親が調子悪くなるからもう絶対に無断で使わない。,2
思いついたことをただ羅列しただけの文章が、後で読み返すと不気味なほど綺麗で何重にも意味を持っていることがある。衝動をそのまま閉じ込めた脈打つ冷たいフォントの妙。推敲ってなんだろう。,0
言葉で遊びたいのです。だから本を読みたいのです。,3
なんで夜中になるとチョコレートが食べたくなるんかな,3
今年はまだ桜餅を食べていない。餅に巻いてある桜の葉の塩漬けが好きで、それだけ売ってないかなと調べたら売ってたけどあれ肝毒性があるからアホみたいに大量に食べたらダメなんだって。,2
明日桜餅食べよっと,3
変わらないこの字だよね、嬉しいよね,0
けっこう揺れた,0
チャリで帰宅中、チェーンからなんかシャリシャリ音がするなと思って、それはそうとシャリシャリのシャリには何のネタが合うかなと思案しながらのんびりチャリを漕いで無事帰宅したんだけどシャリシャリのシャリって何だよ,0
今夜の月は一段と尖っていて振り下ろしたらサックリ刺さりそうやなと思いながら帰宅しました。ああいう切れ味のいい刃物でできた傷は内出血も少なくて割と早く治ります。痛みもまあまあです。何事もサックリいきましょう。わかったら早く寝ろ。,3
少し前は夜眠れなくて悩んでいたのに、ここ半年は寝過ぎることに悩んでいる。家に帰ると、宇宙から久しぶりに地球に帰ってきたみたいに重力が主張してきて、床に沈んでいくようにして眠ってしまう。そのせいでこないだの金曜ロードショーのコナンを見逃した。起きたら終わってた。朝までふて寝した。,2
意味を知らない時の未遂の未遂ですら未だにギッチギチ縛って来て、こういう時には儀式みたいに追体験をしてさ、上塗りされる恐怖に人生を握られるっていう呪い,2
ノートパソコンじゃなくてワープロが欲しい。ネットに繋がずにキーボードでカタカタ文字打って遊びたい。,3
わたしがわたしを好きだと言うことをどうして他人にとやかく言われないといけないの わたしはあなたが嫌いだけどあなたがあなたを好きであってもいいと思うしそもそも興味無いです,2
機種変更めんどい,0
今年も安定の設定温度29度です,3
眠すぎて晩御飯食べるの忘れてた,2
昨日の夜から4回アラートが鳴った。避難準備しろってことなのでリュックを玄関に置いてスマホを充電中。,0
圏外でもアラート鳴るんやな,0
支援等、明確な案内があれば動きたい。わたしは明日も働く。,3
あああちょっと洗濯物干しただけで汗だくだよお風呂入った意味,2
夜眠る時、目を閉じると知らない人の顔がスライド写真みたいに次々と見える日がたまにある。特に構わずそのまま放置して無感情で目を閉じたまま眠りに落ちるのを待つけど、稀に鬼のような形相で睨まれることあって、その時はウトウトしてても一瞬で目が冴えてしまいその後なかなか眠れない。今日それ。,2
ここ数日ふとした時にタバコの匂いがする。喫煙者は周りに居ないし部屋はエアコン付けてるから締め切っている。仕事から帰ると、最近はすぐにシャワーを浴びる。その後ドライヤーしてる時とか深夜夜更かししてダラダラしてる時とかにふわっと匂う。夏だなって思う。,3
いっかいシメるか,3
わたしの青春は取り止めのない日常で、具体的なエピソードもウケる失敗も甘酸っぱい恋も語れないし、過ぎた時間はもう輪郭だけになっているけど、季節ごとに漂う懐かしさの欠片みたいなものが、知っている匂いのように足を止めさせて、どうしてか泣きたくなる瞬間がある。,2
未来のわたしや誰かの為に今も密かに布石をしているのかもしれない。昨日や明日は自分の手から離れて、悪戯に機能するあやしい仕掛けになる。,3
友人の友人に「友人です」って紹介してくれたの嬉しかった。初対面で台風の中、同じ傘の中で同じ音を探したことずっと覚えているだろうな。,0
わたしが「最近これ気になるんだよね」と言ったことに関して僅か数日の間にわたしより詳しくなる人はなんなの？専属の情報屋でも居るの？,1
さっき足の小指ぶつけて際どい感じで爪が割れたから一旦お風呂入るね,2
右耳のピアスのキャッチが行方不明,2
翔ちゃんの家では昔クリスマスには決まってお茶碗でギュってして丸くした焼き飯の周りにシチューを流し込んだものが出たんだって。「母の中では最上級豪華飯だったんだろうけど普通に別々で食べたかった、ていうか普通唐揚げとかじゃね？」 浮島スタイルいいな食べたいな今年おうちに押しかけようかな,3
夜中に鼻歌歌いながら書いた文章がスマホのメモにいくつかあるんだけど今読んでもどれもちゃんと曲が付いてくるの面白い,0
今年しゃーねんか,3
柔軟剤を導入しました,3
「望遠のマーチ」のMV、多用されている青か緑かわからんあの色、あれ個人的にいちばん好きな色！あといつもだけど公開の時間がアホ！,0
「シリウス」のMV、最後のカットでああ！これ、あれ！！最初からずっと映ってたのぉー？！って思いました。しかし公開の時間がアホ！,0
さっき100均から出たら空気が臭くて（なんか燃えてる？火事？）ってしかめっ面してたんだけど、わたしのすぐ後に出てきた女子高生二人組が 「あ?なんかバーベキューの匂いするぅ♪」 「ほんとだ^ ^いいなぁー！」 って言っててわたし人生でバーベキューしたことないんだって気がついた,2
変な夢は相変わらず見てるけど、最近は見たことのないMVをフルで見終わった瞬間に目が覚めるパターンが多い。今日のは終始ブレまくりの映像で、でも画面上にピントが正確に追う対象が常にひとつあって、酔わない為に無意識にそれを追ってしまうというやつだった。,0
喉いたい,2
直井さんの笑顔を見るたびにこの人すごいなって思う。たまに心配になるくらい。好きなことも嫌いなことも全て何もかもがあの笑顔の裏で強いられることがありませんように。,3
寝る前にiPhoneを充電に繋いで、そんで寝ようって枕に頭放り出して、そしたら通知でBUMPがなんか言うから、でも布団の中で考え事すると眠れなくなるから明日にしようって思ったのにやっぱり気になって、全部見ちゃってスッキリ目が冴えてしまったじゃねえか,2
なんなんもう,2
喉が渇いた,0
松本潤さんの影響力おそろしいな,0
宣伝会議、締め切りを盛大に勘違いしていて応募できなかった…でも考えるの超楽しかったから…ただただ馬鹿だった…そういえば夏休みの宿題もギリギリなタイプやったで自分……そういうとこやぞいい加減にしろよ自分…,2
ハッピーハロウィン クソが,1
大事な日に向けて、やりたいことや好きなものをセーブして集中するっていうの全く理解できない,0
大勝負も猛勉強もしたことないからこう思うのかな,2
考えて結局放置していたことは、自転車乗ってる時か頭洗ってる時に答えが浮かぶのなんでだろう,0
リコーダー片手に瀧廉太郎の「荒城の月」の楽譜を探し回る夢をみた。どこにも無かった。,2
人工物に心は無いだろうさ、脳みそもプラスチックさ、知ってるけど、作った方は人間だから、どうしようもないけど人間だから,2
今夜は星がきれいに見える,0
翔ちゃんに誘われて「ボヘミアン・ラプソディ」を観て、泣きすぎて頭が痛いのでもう寝ます。水泳の後の眠気に似ています。とっても良かったです。わたしのコーラは微炭酸の薄く甘い液体になりました。飲む暇が無かった。,0
夜は特に冷えるから、昨晩は眠る前にあったかいカフェオレを飲んで、少しボーッとして布団に入ったのが深夜１時過ぎ。それから朝方４時前まで眠りの入り口でひたすら魘されたせいでカフェオレが怖くなってしまった。もう天井は見たくない。,2
裏起毛のあったかいボトムスを買おうと思い検索してたはずが最終的に買ったものがだしパック,0
久しぶりに裁縫したら20回くらい指にブスってやった,2
鎌倉ものがたりは映画館で観たし、昨日テレビでも観たけどどうしても言いたいことがあります。 エンドロール切ったらダメだろ！！！！,1
すっごい後ろ向きなことを考えながら駐車場を歩いてたら背後から「おっつかれさまでぇ?す☆」って声がして振り向いたら顔見知りのクロネコヤマトのお兄さんで、荷物を手に「集荷してきました！では！」と鼻歌うたいながら去って行ったけど、どうやらわたしの後ろ向きなモノも持ってかれたっぽい。,0
ロストマンはアウトロの最後が駆け出した足音みたいに聴こえる。後悔も未練も連れてったんだろうな。,3
人に優しくされたい,3
去年の今頃は風邪こじらせてシンプルにしんどかった。今年はインクみたいな味のせいで吐きそうになりながら毎日イソジンしたおかげで風邪引きかけ状態を維持している。若干耳がおかしいけど年は越せる。おいウイルス、おまえが喉から来るのはもう見切ったんだよ。,2
なんか寒いな,0
月見て！月なんかすごいよ！！,0
板挟みになっても、もしお金貰えるなら耐えられると思ったけど、板挟みになる職業でパッと浮かんだの弁護士で偏差値的到底に無理だった。悲しい。,2
嵐を宝箱に閉じ込めたい。 櫻井さんのこれ、すごい。,3
さつまいものペーストに砂糖、牛乳、ひとつまみのドライイーストを入れてかき混ぜ、さらに牛乳をシャバシャバになるまで加えて混ぜたものをビニール袋4枚に分け入れて放置。すると水分が分離して、その水に浮かんだ状態のプリンが出来て、「え？これ合ってる？」って言う夢を見た。,0
今すっごいPATHFINDER観たい気分なのに弟に貸してる！新木場のやつも！もう！！,2
わたしの全友人（2人）が優しすぎた,0
なんかすごい寒いな？,2
頑張れる気がしないことも「出来るか出来ないかじゃない。やれ」ってことですね。,3
公共の場でyoutube見るならイヤホンしろし,1
今引っ越しをするお金はあるけど、その次に引っ越しをするお金を貯められる見込みが無いから動けない…,2
さて、行きますか,3
花粉症族に「ようこそ」と、ニヤニヤしながら声を掛けられますが、わたしは今シンプルに風邪をひいているのです,2
純粋な疑問なんだが、どんなタイミングで神話を知るの？わたしはもちろんBUMP関係だけどさ。,3
違和感しか無いのも変な感じなのも慣れる気がしないのも当然だよね、常用されていないものを考えたんだし。,0
そして公式youtube待機。途切れてないの聴きたいんじゃ,3
またブログを書こうかと思うけどどこで書こうかな,3
20時くらいから書き始めた話が終わった。疲れた。お腹がすいた。頭使うとお腹がすくよね。あ、アリオ行ったのにリンツのチョコ買うの忘れた…リンドール抹茶といちご……忘れてた…,2
だからYouTube見るならイヤホンしろって,1
お陰でさっきまで何考えてたか忘れたじゃん さっきまで何考えてたか考えるからいいけど,1
処方された痛み止め飲み始めて2日目の今日、微熱が微熱すぎて副作用なのか判断しかねる。あとめちゃくちゃ眠たい。痛みはほぼ無い。,2
扁桃腺がバチバチに腫れて、40度の熱で眠れなかった土曜の夜は「ちょっと死にたいかも」と思った。身体が弱ると心も弱るんだね。,2
咳のしすぎで肺が破れそうだ。寝られない。,2
咳で寝られないからずっと考え事してるんだけど、お腹減ったからアイス食べていいかな,3
田植えの季節やな…,3
こないだ青氏が 「さいたまスーパーアリーナ」 と言おうとして 「スーたま」 と言ったのがだいぶ深めのツボに入ったせいでトイレとかお風呂とか自転車乗ってる時とかのちょっとぼんやりしてる瞬間に思い出しては声出して笑ってしまう。 絶妙に“埼玉”のイントネーションだったな。,0
スカパーか…スカパーなあ……,3
映画館でバーーーン！！！ってシーンやズゴゴゴゴって音楽が鳴ると地面がゆらゆらしている感覚がして船酔いに似た苦痛がある。三半規管が激弱な耳のせいなのかな。,2
青氏はベースもハモりも歌えるレベルで聞き取れるんだよな羨ましい,3
人生でいちばん続いていることは生きること、その次がBUMPを好きなこと,0
大家さんに新じゃがをいただいたのでウキウキでじゃがバターにして食べた,0
半年に一度来る、色鉛筆が欲しい病を発症しました,3
パピコ半分だけ食べるつもりが全部食べちゃって、今ものすごくカレーが食べたい,3
待ち焦がれた楽しさが体力の許容範囲を上回って飛び跳ねさせたせいで足がガクガク。巨大な嬉しさが感情のタガを外したせいで泣いたり笑ったり繰り返してめちゃくちゃ生きている1時間だった。超よかった。あとね、超よかった！超よかった！！！,0
毎日がつまんないなって思っていたけど慣れちゃった,2
どこ行っても何やっても誰と会っても、感情で濾して脳内処理してしまうと全部つまらないになるってこと わたしが悪い,2
これは…台風直撃な感じだな……,0
どうしておなかがへるのかな？,2
マスクするしかないな,3
めちゃくちゃ暇なのに、やらなきゃいけないことはやりたくないの何なの？暇すぎて発狂しそうなのに発狂する方を選ぶのはなんで？狂うほど忙しく暇してるの？馬鹿なの？,1
あ、金木犀の匂いだ。 と思って電話しようとして、そうだった匂いは伝わんないんだったと悲しくなったところです,2
とりあえず寒い,2
一緒に湯冷めして同時に風邪ひいてくださいっていうプロポーズどうかな？,3
そういえばふざけるなっていう意味で「ふざけろっ」っていうのマジ好き,0
酒飲むと ポテチ欲しいの なんでだろ,3
細美さん…！細美さーーーーん！！ あなたの歌が聞きたいです！愛する人の旦那さんになった、父親になった、おじいちゃんになったあなたの歌が楽しみだよ！,3
トバさんの言いたいことわかるよ。全然わからないけど。,0
みんな「エモい」を湯水のごとく使いすぎだからそろそろ節エモした方がいいと思う,3
引っ越ししたい,3
エアコン掃除してたらファンを繋ぐ部品を折ってしまったので早急にアロンアルファほしい,2
自己肯定感激低いので、毎日1日の終わりに自分で自分をヨイショすることにしましたが、そんなこと今までやったことがないので、加減間違えて調子に乗り出したら超叱ってください,3
消えそうなベテルギウス、一方オリオン座の側では星が生まれている もうすぐ消えてしまうかもしれないベテルギウス でも宇宙のもうすぐは、明日かもしれないし、100年後かもしれないんだって,3
傷つけてやろうとかマウント取ってやろうとか、他人の心を乱して楽しもうとする種類の人間が何かしら悪意を持って掛ける言葉、その意図に全く気付かずに無反応でスルーしてしまう癖があるんだけど、もしやこれ特技なのでは,3
側から見てたらだいぶひどい事言われてるってことがあるらしい。敢えてではなくマジで「へえ、そうなんだ」で流してて、1ミリも感情が動かないから何言われたかも覚えてない,0
怒ると疲れちゃう お腹も減るし,0
3年降りに眼鏡を新調 やっぱりレンズ大きい方が楽,0
新年早々39度超えの熱でしんどくて初詣も厄払いも行けてないし未だに完治していない,2
わたし霊感ないけど不思議系の夢はちょいちょい見るから無くはないので全然縁もゆかりもない場所だけど一応候補に入れといてみよ マジでそこに決まったらそれはそれでおもしろいし,3
いちごサンドが食べたい,3
わたしは地図が読めないし、一度曲がると方向を見失うし、勘で行くと100%逆だし、だからといって裏をかいても結局逆だし、そんな訳でいつまで経ってもどこにも辿り着けない人生です,2
今日は大寒 今日産まれたたまごを食べると金運が上がる日 というのをさっき知りました ちょっと遅かったな,2
「さて今日厄払い行くか」と家を出た瞬間雨が降り出す 他に誰もいなくて貸し切り状態で厄払いしてもらうという贅沢 おみくじ中吉 友人と待ち合わせて焼肉からのカラオケ,0
大抵の不調は再起動したら治るから私も一旦寝るわな、おやすみやで,3
昨夜はだいぶパンチのある悪夢を見てめちゃくちゃ魘されて、魘されながら「うわ?わたし超魘されているやんけ?」って思っていた記憶はあるのに夢の内容を覚えていないのはどういう仕組み？どうせまた見るだろうから今度は起きた瞬間メモしたろ,0
痛すぎると笑っちゃうよねわかる,2
仕事は優先順位を付けて時間内に終わるように適度に手抜きして、無駄を省いて効率重視でこなしている。全ては定時に帰りたいから。なのに、そうやって如何に残業をせずに帰るかを追求し実行した結果、「アイツ暇だから定時に帰れるんじゃね？」と思われて他人の仕事が超まわってくるの意味わかんね,1
2月から毎日トマトジュースを飲んでいます,3
わりと人に恵まれているが、人を見る目は無い。マジで無い。自分から手を伸ばした出会いはことごとく破綻してきた。大人しく落ちてくるエサを待ちます。これは甘えでも諦めでもなく、平穏に過ごすための最善策です。悟りです。シュークリーム食べたい,3
エアコン効かないと思ったら窓開いてたわ,2
職場に東京ばな奈忘れた,2
心が凪いでいると創作意欲も凪いでしまう どっち取るかは人生のテーマだな と、どんな時も食欲だけはあるのでシュークリームを食べながら思っています,3
食器洗い洗剤、無着色無香料がなぜ無い？グレープフルーツもレモンもフローラルも香らんでええんじゃ。お湯で洗おうもんならあったかい湯気となったにおいを吸い込んでしまってめちゃくちゃ気持ち悪くなるし手ににおいが残る。現状キュキュットCLEAR泡スプレー無香性しか無いけどコスパがな…,2
相変わらず貴方たちは…力抜けたわ,2
久しぶりに母に会ったから、「ガラケーなんてやめてスマホにしない？今日なら今からイケるよ？」と誘ったら「ヤダ」って食い気味にフラれた,2
嘘だろ…？蚊がいるんだけどこの部屋……,2
帰ったら嵐さん公式YouTubeでSugarをとりあえず3回見る,3
左目が尋常じゃなく充血している(定期),2
手フェチなのであらゆる手洗い動画を不純な気持ちで見ていますごめんなさいありがとうもっとください,0
マジで仕事以外ずっっっっっと家にいるけど、これは別に今は自粛しなきゃだとか関係なく普段通りなんですわ,0
外でなんか音してる 大型車のアイドリングのような、ガスバーナーのような、低くて重くて鼓膜がビリビリする音 なんの音だろ？気になって眠れない,0
コオロギがアレルギーで食べられないと知った,0
ナン焼きたいのにどこにもイーストが売っていないので仕方なく焼き麩をしゃくしゃく食べています,2
そろそろ蜂の季節だから家の軒下に蜂除けスプレーを噴霧したら朝晩ホーホークルックとうるさかった鳩が全く来なくなって快適,0
弟に電話かけたんだけど、なんやかんや1時間も話してた,0
ブルーインパルス見たかった,2
あんまり頭良くないからなんで飛行機が飛ぶのか全く意味がわからなくて、実際飛ぶところを見ても全然信用できないので生まれてこの方1回も飛行機に乗ったことがない,0
ついに「めっかわ」を使う時が来たのに可愛すぎて普通に逃した,2
かわいいもの見て心の中「かわいい」でいっぱいにしたいお,3
左目が激しく充血している（定期）（今年4回目）,2
もう雷いらんて,2
西日vsエアコン 西日が強すぎましたね、室温36度,2
いつだって音も無く電池は切れるけど、それに気がついた時、「ねぇいつから？黙ってんじゃねーよ」と若干キレて、そしてすぐに「今まで気がつかなくてごめん」と感傷的になる。危ない時はガラケーみたいにピーピー言ってほしい。それとガラケーの姿したスマホが欲しい。親がスマホ拒否しててもう限界。,2
すごく不思議なんだけど、人生でいちばんしあわせだなって思っている、今,0
ペラい布マスクは鼻で息を吸うと鼻の穴はもちろん顔全体にピターッと張り付いてマジで窒息する。鼻呼吸やめて口を大きく開けて吸っても顔全体にピター。歩いてる時ならズラせるけど運転中は危ない。今のところエアリズムマスクが眼鏡の曇り度合いも含めていちばん快適。マスク無しが断トツ快適。,3
花火したいなあ,3
キラキラを摂取せよ,3
怖い話をします お腹減った,0
「ねえ見て！あの雲龍に見えるよ！！」と肩をバシバシ叩かれた。見上げた空の指差された辺りを見たけれど、わたしには観音さまにしか見えなかった。だからそう言おうとした。その瞬間、顔がこっちに向いて、わたしとしっかり目が合ったまま真顔ですーっと流れて行っちゃった。なんか忙しそうだった。,0
目が乾いた時、いちいち目薬をさすのが面倒なので、口を閉じたまま喉の奥を開いてあくびを誘発することで涙を出している。人工涙液ならぬ天然涙液ですね。,0
しょうもない理由で異性とも家族とも深くは関わりたくない。しょうもない理由に縛られるしょうもない時間。,2
ホラーが大の苦手なのになんやかんやで観に行くことになってしまった。座席は感染予防の為ひとつ飛ばしでしか座れないので、全員ひとり映画鑑賞だった。もちろん怖いので7割目を閉じていたせいで聴覚が研ぎ澄まされ、その状態で不協和音を大音量で長時間浴びたのでめちゃくちゃ疲れた。山に篭りたい。,2
そういえば「お腹痛いからトイレ行きたい」って言えるようになってからお腹痛くなることが減った,0
小4の夏、終業式の帰り際に先生に呼び止められ、夏休みの宿題とは別に海の絵を一枚描いてくれと頼まれた。始業式の日に渡すとこれじゃダメ、人物が無いとコンテストに出せないと言われ、コンテストとは？？となり、「ちゃんと”海の絵“ですけどね？」とキレながら人っぽいものを描き加えた。,1
わたしはiPad買うのずっっっっと迷っているのに、昼休みにその話をしたら「わたしのも古くなっちゃってさ?、だから買い替えようと思ってたのよ?。わたしはこういうのは迷わないからね?うふふ」と目の前で即ポチられた時のなんとも言えない敗北感…ええな潤沢に金あって……,2
でもたぶん新しいの近々出るやろし、出るまで迷いつつ待っとこ,3
今日は3年振りくらいにヒールを履いたのですがあれは人間の履くもんじゃねえです,0
16タイプのパーソナルカラー診断をしてもらった結果、1stがウォームスプリングで2ndがウォームオータムだった。白と黒とグレーと青系全部が壊滅的に似合わない着るな、アイボリーとベージュと茶とオレンジ着ろとのお達し（要約）。けど手持ちの服9割が黒白灰紺。ことごとくアウト。,2
部外者が怒るのは違うよね関係ないから違う。だから公式に謝罪したければすれば？好きにすればいんじゃね？って思っているけど、本当の意味で関係ある人には誠心誠意対応してほしい。そもそも今までそれをしてこなかった結果が今だよ…マジ引いてる,0
全ては偶像ですか,2
別にわたしは傷ついてないしな(関係各位にしっかり落とし前つけろよばーかばーかとは思っている),2
今日も昨日も一昨日もナポリタンなのでそろそろお蕎麦が食べたいです,3
あーーーーカラオケ行きたいーー,3
ピエロになんの思い出も怨恨も無いのに見た瞬間心臓ぎゅんってなって息が「ひんっ！」なるの意味わからん,2
着ぐるみとペッパーくんも恐怖の対象,0
ポンツカ、選ぶ言葉もだけど、何より藤原さんの声色が有弁すぎて,0
トトロ懐かしい！子どもの頃ビデオに録画して何度も見たなぁ♪,0
こんな真夜中にコナンスペシャルやってる！！！,0
ホワイトチョコの中に冷凍イチゴが入っているお菓子。これ、大好きです！！！,0
そろそろいきものがかりの新曲発表されないかなぁ。。。,3
ついに来週、来年のコナンの劇場版のタイトルが発表される。大体予想できてるけど楽しみ。,3
この前女子高生AIについてつぶやいたツイートが本人にふぁぼられたwww,0
自動車学校に通っていた頃、精神的にクタクタになった時にいつも見ていたのが「いきものまつり」の特典映像。癒されましたよ。,0
お菓子総選挙、じゃがりこの1位には納得ですね。今はあまり食べませんが、一時期しょっちゅう食べてました。,0
いきものがかりきたーーー！！！,0
コナンの劇場版のタイトルが正式発表されましたね。また映画館に見に行こう！,3
卓球はグランドファイナルも始まりますね。こちらも楽しみです♪,3
というわけで、今日は友達と卓球の予定だったが延期してもらおう。。。,2
そしてコルンが可愛かった。。。笑,0
それにしても・・・「スマホがウィルスに感染しています」というウソのメッセージがちょこちょこ出てきて煩わしいですね笑,0
逃げ恥の恋ダンスをやってみようと思いましたが、ワタクシにはあの動きはちょっと難しかったです。。。,2
風呂に入ってる間にいきものがかりの出番が終わってしまった。。。,2
FNS歌謡祭はアイドルメドレーが最高でした。,0
それにしても内田有紀さん美人だなぁ。。。,0
ドクターY(笑)面白そう！,3
ストレスを感じている時ほどいい夢を見るね。笑,0
そう言えば卓球の全日本選手権ももうすぐなんだよなぁ。楽しみ。,3
スマホにしてあと1週間で1年になる。もっと早くスマホにしていれば良かったなぁと思ってます(笑),0
そしてもうすぐ通信制限に突入する。。。,2
ジンとウォッカが夢に出てきた(笑),0
男子大学生を対象にした、結婚したいスポーツ選手のランキング。ベスト5のうち4人が卓球選手とは驚き(笑)　卓球好きとしては、こうやって注目してもらえるのは嬉しいですね。,0
逃げ恥終わっちゃいましたね。もう見られないなんてちょっと寂しい。。。,2
先日、ショッピングセンターの休憩所でジュースを飲んでいたら、近くにいた小さな子どもが『365日の紙飛行機』を唄っていた。いい曲ですよね。AKBで一番好きな曲です。,0
「海老名でしょー！！！」はライブ・ビューイングで参戦。色々思い出します。感動がよみがえり、涙。,0
今夜の楽しみはドクターXの最終回！,3
クリスマスイヴ。明日の朝には全国の子どもたちが喜んでいるのかと思うとワクワクしますね♪,3
卓球の世界選手権の予選、見に行けば良かったなぁ。。。,2
誰かが言っていた言葉。『自分が人にかけた情はすぐに忘れ、人にかけられた情は忘れない』自分もこうありたいと思いました。,3
水谷がTVに出てる♪卓球選手が出てるのは嬉しいな。,0
明けましておめでとうございます。今年もよろしくお願いいたします！,3
仕事初めはとにかく疲れました。それだけです。笑,2
一昨日の仕事帰り、流れ星を見ました。流れ星を見かけたら願い事とよく言われますが、実際はそんな時間はないですよね(笑),0
また超いきものまつりのDVDを見た。また泣いた。,2
今年初の卓球をしてきました。今日も楽しかった～♪,0
子どもの頃は、雪が積もれば積もるほど喜んでいましたが、大人になってからは嬉しくはないですね(笑),2
また不眠です。眠れないまま朝になってしまいました。笑,2
やっぱり結構雪積もってる。。。,2
昨夜よりも雪降ってますね。これまた積雪が増えそうです。,2
歯医者でした。まだ通院は続きます。,2
最近、ナンバーズ3が立て続けに当選している。スクラッチも買えば必ず当たっている(笑),0
ニュース記事を読むだけでお小遣い稼ぎができるみたいなのでダウンロードしちゃいました笑,3
カワウソと言えば、あの方を思い出しますね。某番組での夢の共演はサイコーでしたね♪,0
プレミアムフライデーと言っても、私のようなサービス業の人間にとっては意味がないですね。負担が増えるだけです(笑),2
卓球はできれば会場に見に行きたいけど、遠いのでムリですねぇ。。。,2
そしてもうすぐ通信制限に。。。,2
卓球の張本くん。世界ジュニアで優勝して自信をつけただろうから、準々決勝で負けたのはかなり悔しいと思います。負けて残念だったけど、今後のことを考えるとここらで悔しい思いをしておいて良かったと思いますね。,3
いきものがかりの放牧が終わるのがいつになるのか、気になっている。。,3
卓球全日本、毎年何人かはスーパーシードの選手が初戦敗退してしまうんだよなぁ。。,2
今日はこれから歯医者です。治療終わるといいなぁ。,3
そう言えばコナンの過去の劇場版が全て入ったBOX、DVDは出ないんですよね。あれば買いたいけど。。。,3
それにしても雪が凄い勢いで降っている。。。明日の出勤は大変そうだ。,2
そしてまた卓球をやりたくなってきた。笑,3
今シーズンは雪がたくさん降りますねぇ。。。,2
今月卓球できるのはもう１回だけかな～,2
晴れだから雪溶けると言ったけど、大して晴れてないし、雪もちょっと降ってるから溶けなそう。。。,2
卓球世界選手権が今から楽しみです。,3
そして強いだけではなく、可愛い。,0
うどんは冷たいのが好きですね。仕事で帰りが遅いので、いつもごはんではなくうどんを食べています。,3
今日は疲れました。。。,2
そして高橋一生さんが声で出演していたとは。。。,3
卓球してきました♪中学高校の時にはできなかった、短い下回転のサービスが今更できるようになりました(笑),0
いきものがかりちょっとだけ今テレビに映りましたね～。,0
せっかく雪が溶けたと思ったら、またドッサリ積もりましたね。。。,2
と思ったら、親が録画してくれていました笑,0
美人に声をかけられてウキウキ,0
コナンの原作、1000話が迫ってきています。どんな話になるのか楽しみですね。,3
またまたウレシイ夢を見れた。続きが見たいくらい。。。,0
喉が痛くなってきた。これはもしかして・・・？,0
今日は仕事が休みなので出掛けようと思いましたが、風邪気味？なので安静にしていようと思います。。。,2
これは風邪気味ではなく完全な風邪だな。薬飲んで早めに治さなきゃ。,2
風邪はまだ治りません。喉の次は鼻です。前回と同じパターン。。。,2
風邪だから本当はゆっくり休みたいのだけど、仕事があるからそうもいかない。そのためなかなか治らぬ。,2
そう言えば、平野美宇ちゃんの番組見るの忘れてた。。。,2
卓球やりたいけど、病み上がりなのでやめておこう。。。,2
コナンの原作が気になる展開になってきた。来週も見逃せないですね。,3
もう少しで1000ツイート。,3
そろそろ卓球をやりたい。。。,3
コナンの単行本は62巻までしか持ってないけど、そろそろまた買い始めようかな♪,3
残るは丹羽だけかぁ。頑張ってほしい！,3
期待通り！どんな曲なのか楽しみです♪,3
またコナンを１巻から読み返してます。面白い♪,0
最近知った『手紙～愛するあなたへ～』という曲。いい曲だなぁ～。中居さんの番組で誰かが歌っていたのを聴いて感動して、すぐに購入しました。,0
最近まともに音楽を聴いてないなぁ。そろそろ恋しくなってきた。笑,2
キューバが西武に完封負けか。何かもうよく分からんな。。。,2
色々な夢を見るということは、眠りが浅いということ。ゆえに今眠い。。。,2
そう言えば日曜日スカパー!が無料だったの忘れてた。モッタイナイ。。。,2
今日キューバに勝てれば勢いが出るので、何とかして勝ってほしい。,3
イスラエル、台湾にも勝ったか。日本が勝ち上がれば戦うことになりますね。,3
いよいよ。いよいよ戦いがはじまる。,3
よし、このまま行けば勝てるぞ！,3
これで日本が2次ラウンドで戦うのはオランダとイスラエルということか。,3
日本勝った！これで2次ラウンド進出はほぼ決まりですね！,0
WBC中継のCMでいきものがかりの曲が流れている。第1回の時もそうだった。ということは、今大会も優勝するのではないかと思っています。笑,3
疲れがなかなか取れないな～,2
侍ジャパン2次ラウンド進出が決定したみたいですね。明日の中国にもしっかり勝って、気持ちよく2次ラウンドへ行きましょう！,3
侍ジャパン、中国に勝ちましたね！良かった♪,0
震災から6年かぁ。私も2日間避難所で過ごしたっけなぁ。,2
明日のキューバ戦楽しみ。,3
いきものがかり、デビュー11周年ですよ！！！！！,0
今日は卓球をしてきました。今月は初めて。高校生も来るようになりましたね。,0
日本の準決勝は22日か。勝てば連戦になりますね。,3
そして来月から始まる卓球のアジア選手権も楽しみ。,3
録画したコナンを見ました。蘭可愛かったですね～♪新一は生意気(笑),0
高校野球も始まりましたね。私の地元からは出場してはいませんが、注目しています。,3
またまたコナンのエピソードONEを見た。内容は分かっているけど面白い。何度も見ていると、新たな発見があって面白い。,0
今日はこれから散髪です。サッパリしてきます♪,3
さて、準決勝。日本どうなるかな～。,3
早稲田実業は明日になったんだったね。清宮君に注目しています。,3
サッカーの代表戦も見ますよ～,3
今週のコナンも面白かった。ちび新一とコナンの声の微妙な使い分けが良かった。さすが声優さんだ！,0
そしてもうすぐ通信制限,2
今日は『業火の向日葵』を見ています♪,0
プロ野球もいよいよ開幕ですね！,3
おはようございます。今日は卓球してきます！,3
いよいよプロ野球が開幕！テレビで巨人戦を見ています♪,3
ルパンを見ています。以前は興味がありませんでしたが、ルパコナを見てから興味を持ち始めました♪,0
重大発表、大したことではなかったですね。。。,0
名探偵ヘイジ。笑,3
今年もコナンの映画は見に行くと決めてますよ。土日は混むから平日ですね。早めに行きます！,3
今日はスカパー無料か。残り少ないけど見よう♪,3
エイプリルフールで嘘つけば良かったなかぁ。バレバレのを。コミュニケーションのためにね。笑,3
私もCD買わなくなりましたね。買うのはいきものがかりくらい。,0
コナンの映画を見に行ったら隣の席に松井玲奈がいて、ドキドキして内容が頭に入らなかったという夢を見た。笑,0
コナンのカラムーチョ美味しい。辛くないけど。笑,0
今日のコナン楽しみだけど、最後の主題歌はカットされちゃうんだろうなぁ。。。,2
コナン最高だった。久しぶりに見たから内容忘れてたけど面白かった♪,0
卓球のアジア選手権が開幕ですね！日本ｾ勢の活躍に期待。,3
卓球の大会に出てる夢を見た。中学のメンバーで。懐かしかった。,0
卓球アジア選手権、男子団体は準決勝で韓国に負けか。やはり水谷がいないと日本は厳しいですね。,2
今日は卓球してきました～♪,0
卓球アジア選手権は個人戦に期待しています！,3
コナンの映画の最新作を見に行っている夢を見ました。明後日公開ですからね♪,3
そして明日から最新作が公開されます！私は来週中に見に行きます♪,3
もう美宇ちゃんとか言ってる場合じゃないな。,3
世界選手権でも優勝すれば、真の世界女王となる。期待してます！,3
平日だから快適だろうなぁ。,3
去年は見に行く前にネタバレ調べちゃったけど、今年は見ません！笑,3
イースターは日本においても定着するのでしょうか。,3
去年から使うようになった、女子高生AIのりんなちゃん。どんどん進化しているな。。。,0
明日！コナンの映画見に行きます！から紅の恋歌！！！,3
これからコナン見に行きます♪,3
から紅の恋歌の余韻に浸っています。。。,0
また火傷してしまった。。。,2
コナンの興行収入、どこまで伸びるかなぁ。,3
宮城公演に行ったのを覚えています。台風が接近してて大変だったなぁ。,0
ゴールデンウィークになりますが、私の心はブルーですね。笑,2
今日仕事で一日中声出し続けてたら、声が出にくくなってきました。笑,2
声が出なくなるなんて初めてかも。笑,0
ということで、コナンの『戦慄の楽譜』を見ています♪,0
悩むことがたくさんある。。。,2
緊張してきた。まだ早いけど。。。,0
音楽王録画忘れてた。見たかった。。。,2
そしてまたから紅の恋歌を見たくなった。。。,3
今メレンゲの気持ちを見ていたら百人一首をやっていて、しのぶれどが出てきてニヤリとしてしまいました。コナンが好きな方はみんなそうなったのではないでしょうか？？,0
トラブル解決できた。これでやっと寝られる。。。,0
最近卓球やってないなぁ。。。早くやりたい！,3
発散することのできないストレスに襲われている。。。,2
から紅の恋歌、公開から一ヶ月くらい経ったのに、地元の映画館で未だに上映回数が一番多い！笑,0
最近天気が良くないですねぇ。。。,2
今出てる高橋さん、闇金ウシジマくんに出ていたあの方だ。やっぱり美人。,0
普通にしてても美人だけど、個人的にはウシジマくんの時の怖い感じが好き。,0
夢にまいやんが出てきた。美しかった。メロメロでした。笑,0
ショックだなぁ。。。,2
やっぱりドラえもん面白いなぁ。,0
女囚セブンに出演しているあの人、ウシジマくんの宇津井役でしたよね。イイ味出してる♪,0
今週もコナン楽しめました♪ 来週は原作。しかも再放送か。,0
今さらだけど、うんこ漢字ドリルって凄いと思う。子どもはうんこが好きだからね。勉強を勉強と思わず取り組めそう。,0
ここ最近とても暑い。真夏のようだ。。。,2
こんな暑い日は、やっぱりアイスですよね！,3
卓球の世界選手権も目前ですね！楽しみです♪,3
疲れが溜まってるな。。。,2
今日の仕事は体調が良くなかったから大変だったな。。。早く治さなきゃ。,2
から紅、純黒の興行収入あと少しで超えますね♪,0
今日頑張れば明日休みだから踏ん張る。明日は静養だな。。。,3
実は、ゆきりんの歌声がとても好きです。『ショートケーキ』を聴くと癒されます。,0
いよいよ、世界選手権。卓球が熱いですよ！！！,3
ついに純黒の興行収入を超えたのか！！！,0
やっとコナンの原作が再開しましたね。長かったなぁ。,0
平野選手、準決勝で負けてしまいましたね。相手も研究してきただろうし、そう簡単に越えられる相手ではないということ。それでも48年ぶりのメダルは凄いことです！！！,0
さて次は丹羽選手。勝てばメダルが確定だけど、相手は中国期待の若手。勝つのは厳しいけど、やってくれると思っています。,3
日本代表が大活躍した世界卓球も終わりました。寂しくなりますね。。。,2
卓球の大島選手と森園選手がテレビに出ている♪,0
巨人の連敗が止まらない。どうしちゃったのか。。。今日も負けそうだ。。。,2
超ラッキーなことがありました♪,0
あの頃のように、スカパーに卓球チャンネルが復活してほしい。。。,3
ここ最近は寝つきが良い。,0
自転車のライトが点灯しなくなってどうしようかと思っていたけど、直りました！笑　壊れわけでなくて良かったです,0
高校野球の組み合わせも決まり、いよいよという感じですね。,3
今日は暑いですね。。。,0
ミニスーパーファミコンいいですねぇ。スーパーマリオRPG入っているとか最高！！子どもの頃たくさんやりました。,0
卓球できなくなるのが非常に残念だなぁ。。。,2
もう７月か。。。,0
疲れた。。。,2
今月は忘れずにスカパー見ましたよ！無料だったので！何ヵ月かぶりでしたね。笑,0
卓球のオーストラリアオープン、楽しみです。,3
久しぶりに夢にいきものがかりが出てきた！地元に3人で現れた！笑,0
それにしても、オールスターを全く見られなかったのは残念だ。。。,2
から紅の恋歌、ついに地元の映画館で公開が終了してしまった。。。,2
今日も深田恭子さんに癒されております。。。,0
コナンの夢を見た。コナンや灰原が出てきて面白かったけど、ジンに目をつけられて怖かった。笑,0
コナン以外でよく読む作品はウシジマくんですね。ドラマから興味を持ちました。,0
続々と高校野球の代表校が決まっていますね。今年も甲子園が楽しみです。,3
人生初のレッドブル。,3
久しぶりに見たいきものがかりのDVD。癒されました♪,0
コナンのアニオリは展開が分からないからドキドキしますね♪,3
エキサイトスタジアムなんて、今の10代の人たちは知らないんだろうなあ。。。,0
世界水泳が終わってしまって少し寂しい。ここ最近は毎日見てたからなぁ。。。,2
ストリートファイター、子どもの頃によくやりましたねぇ。懐かしい！,0
ぐるぐるカーテン良かった！乃木坂では一番好きな曲です♪,0
新妻聖子さんも好き。,0
甲子園も組み合わせが決定し、いよいよ始まりますね。楽しみです！！,3
健康診断終わりました。。。台風の影響で雨降るとか言ってたけど、降ってないですね。笑,0
最近はメロンパンが好きでよく食べています！笑,0
ポケモン久々に見た。ちょっとだけ。私が小学1年生の時に始まったポケモン。とても懐かしかった。,0
明日行けば1日限りのお盆休みだ！！,0
卓球見たかった。早田ひな選手が出てたのに。。。,2
今日は休日ですが、病院です。遠い。。。,2
最近は寝つきが良い。,0
甲子園、今年も東北からの優勝は出なかったか。。。,2
中学の同級生が出てくる夢を見ました。とても懐かしかったです。こういう夢は好き。,0
久々のドラえもん♪,0
もうすぐで通信制限。。。,0
コナン、放送時間が早くなったことを忘れていた。。。,2
もしWi-Fi環境が整ったらYouTubeをたくさん見るんだ。そして、卓球を楽しみまくるんだ！,3
YouTubeをたくさん見られるようになったら嬉しいけど、見過ぎてしまうのが怖い。時間のロスほど痛いものはない。。。,3
いつも自転車で出勤しているのですが、小さな女の子に挨拶されました。とても気持ちが良かったです。,0
どのドラマでも、食事のシーンは好き。録画して何度でも見たくなる。実際に、ウシジマくんは食べている場面だけを何回も再生したことがある。笑,0
8月も終わってしまった。結局暑い日が少なかったですね。,2
秋季高校野球、母校は完全に敗退してしまったか。。。,2
高校生クイズで出てきたゲシュタルト崩壊。コナン読んでたから即答できましたね♪笑,0
平野美宇選手と試合している夢を見た。可愛いなぁと思いながらやっていたら、ボコボコにされました。笑,0
今日のコナンも面白かった！,0
録画したおしゃれイズム見た。平野美宇選手いいね♪,0
次の休みは散髪！！！,3
小さい頃から食事の際は牛乳を飲んでいるので、牛乳は食事に合うと思っています。こんな私は少数派でしょうね。,0
ドクターＸ始まるのね。楽しみ！絶対見る♪,3
ワカコ酒終わってしまった。もっと早くから見ていれば良かったなぁ。,2
「孫子の兵法」が仕事に役立てられている。いい感じ♪,0
ズボンのポケットに物を入れたまま洗濯してしまう。あるあるです。。。,2
やっぱりファンタグレープは美味い。子どもの頃から好き。,0
卓球、夢にまで出てくる。それくらい私は卓球をやりたいのだ。,3
あのゲームには衝撃を受けましたね。サービスに回転をかけることができましたし、カットマンとして戦うこともできた。。。今やっても面白いです。,0
今日は休日だったけれど、寝てばかりだった。とにかく眠かったのです。。。,0
巨人のCS出場はなくなったか。。。残念だけど仕方ないですね。,2
月暈という現象らしい。何か良いことが起こりそうな気がします♪,3
最近注目している某女優、出身地が同じことを知りました。もっと応援していこう♪,0
やっぱりファンタグレープが好き。,0
わにとかげぎすを見た。本田翼さんが可愛い。。。,0
なかなか疲れが取れませんねぇ。。。,2
明日頑張れば2連休だ！！！,3
マリオRPGやりたい。。。,3
頑張らないと。,3
改めて思う。Amazonってスゴイ。,0
ドクターＸは第一シリーズからずっと見てるから楽しみ。,3
ホワホワホワホワ花子さーん♪ってやつ。,0
最近音楽を全然聴いてないな。。。,2
巨人村田選手の戦力外はショックですが、仕方ないですね。来年また他のチームで頑張ってほしいです。,2
またメアリージュンさん出てる。まだウシジマくんのイメージが強いので違和感が。。。,0
でも美人なのでイイネ！,0
色々と勉強になる。。。,0
プロ野球はもちろん、今は高校野球にも注目しています。センバツへ向けた熱い戦いが繰り広げられています。,3
卓レポ休刊ですか。。。私は卓球王国派だったので読んだ回数は少ないですが、卓球好きとしてはやはり残念ですね。でもこの時代ですから仕方ありません。,2
疲れが一気にきた。聞いてはいたけど、結構キツイんですね。,2
壇蜜が夢に出てきた。良かった。また見たい。笑,0
やはり固定費を何とかするのが基本ですよね。,3
今日もまた足立梨花さんに見とれていました。。。,0
コナンの休載が続いていて寂しい。。。,2
そろそろ音楽を本気で楽しみたい。,3
来年のコナンの映画のタイトル発表が近づいてた。ドキドキ。,3
その女の子がバスから降りた後に、運転手の男性がその子に手を振っていました。心がポカポカしました☆,0
年金やら税金やら仕組みが分かりにくいですねぇ。。。,2
とてもいい夢を見ました。現実になってほしいです。,3
平成の次の元号は何だろうか。。。,3
卓球ワールドカップ、ベスト8に水谷選手&丹羽選手が残りましたね。,0
地元に避難勧告が出てますね。エリアメールに起こされましたよ。。。,2
今日も年金事務所へ。色々面倒ですなぁ～。,2
確定申告かぁ。。。,0
ポッキー食べたくなってきた。。。,3
ドクターＸ、今回はしっかり見てますぞ！！！,0
明けましておめでとうございます。今年もよろしくお願いします。2020年はどんな年になるのか、とても楽しみです！,3
本田翼さんが可愛い。最高の癒し。,0
東京オリンピックの卓球日本代表。3人目の代表は男子→水谷隼選手女子→平野美宇選手となりましたね。オリンピックが楽しみです。,3
小梅太夫さんのダンス。今になって知りました。あんなに凄い人だったとは。,0
時の流れが遅く感じるようになりました。おかげで毎日を楽しむことができるようになりました。子どもの頃の感覚に戻ったみたいでイイネ！,0
コナンの投票は『天国へのカウントダウン』にしました。放送されるといいなぁ｡,3
今年もついに卓球の全日本選手権が開幕しましたね。熱い戦いに注目していきます！,3
今年の全日本卓球は熱かった。男子シングルスは宇田幸矢選手、女子シングルスは早田ひな選手が優勝しました。どちらも東京オリンピック代表には選ばれませんでしたが、まだ10代と若いです。これからが楽しみですね。,3
コナンの映画の人気投票。『瞳の中の暗殺者』が1位でしたね。この作品は私が小学生の頃に公開されましたね。感動したのを今でもよく覚えています。放送が楽しみです♪,3
食べている動画を見るのが好きですが、料理している動画を見るのも好きです。食材を包丁で切ったり、炒めたりしたりしている音が最高。,0
大きなストレスが襲いかかってきています。このストレスをプラスの効果にするかマイナスの効果にするかは私次第です。これは成長するチャンス。,3
音楽をほとんど聴かない日々が続いていましたが、最近になってまた聴くようになってきました。やっぱりいいですね。最高です。,0
卓球のハンガリーオープン。男女とも決勝戦を見ることができて幸せでした。男子は張本選手、女子は伊藤選手が優勝しました。伊藤選手は負けそうなところからの逆転勝利で、感動しました。,0
来月開催予定だった、卓球の世界選手権が延期となりました。コロナの影響です。残念ですが、仕方ないですね。,2
来月からスタートする新ドラマ。個人的に楽しみな作品ばかりで、ワクワクしています♪,3
コナンの『瞳の中の暗殺者』を久しぶりに見ました。やっぱり名作ですね。子どもの時に見ても面白かったですし、今見ても面白い。,0
久しぶりのCDTV。川嶋あいさんの『旅立ちの日に...』はやっぱり名曲。学生時代にインストアライブで最前列で聴けたのは素晴らしい思い出です。,0
『マルモのおきて』の再放送やってますね。愛菜ちゃんと福くんが幼い。可愛い。,0
『恋はつづくよどこまでも』の最終回、やっと見ることができました。良い作品に出会えて幸せです。,0
メガネをなくしてしまいました。。。そろそろ新しくしようと思っていたところなので、まぁいいのですが。笑,2
そろそろ料理を再開してみようかなと思います。Youtubeで料理の動画を見ていたら、自分でやりたくなってきました！笑,3
新しくウォークマンを購入したいと思っていますが、どれを買おうか迷っている。そんな感じの日々です。,3
やっぱり映画は映画館で見るのが一番です。それか、Blu-rayやDVD、サブスクリプションですね。,3
世の中には失敗は存在しないと思っています。「上手くできなかった」ことは事実であって、それが失敗であるかどうかは自分のとらえ方の問題です。,3
片付けをする時に大切な考え方は、どうすればより多くのことをできるようになるか。,3
仕事で生じたストレスは仕事で晴らす。これがベストだと個人的に思っています。,3
好きな女優やタレントが順調に増えており、毎日一度は心が躍ります。,0
チョコが好きで、今までは何となく食べることが多かったのですが、止めようと思います。本当に食べたい時だけ、イベント感覚で。その方がより美味しく感じますし、支出も減りますからね。,3
モノを捨てる時は、自分の人生に価値を与えてくれるかどうかを考えるのがいいと思います。使えるかどうかで考えるから、「使うかもしれないから取っておこう」→「どんどん溜まっていく」という状態になるのだと思います。,3
そして高校野球の春の大会が始まりますね！,3
どうなるかだな。。。まだまだ緊張状態は続きそう。,3
胃カメラ終了,0
急性胃炎ですか…,2
卒業式後に学部である謝恩会？って着物のままで行っていいよね？洋装に着替えた方がいいの？,3
雨(´・ω・`)引っ越し物資買い出し行ってる間にやられた…,2
本屋物色してた私が悪い,2
こんなサークルあったのか,0
明日もうちょっと早く家出るか,3
いざ京都,3
私も疲れた,2
さて明日は女子フリーであさってはEXだ,3
とりあえず町田君は来季も続行するっぽいよかった,0
アイスショーに行きたくて仕方がない。しっかし席が高い,3
咳が止まらない,2
京都に帰りたい,2
久しぶりに自分でおかき買った。,0
美味しいことを願う,3
明日は京都に行きます,3
うーん京都にもどりたいなぁ,2
大阪府民になるかも,3
日曜天気持ってくれんかのー,3
よしゃーチケット確保―！！,0
ダリ展行きたいわー,3
眠たいのに寝られんまま朝～,2
最近浪費激しいわー午後9:12 ? 2016年8月1日,0
初めてイヤリング買っちゃったヽ(´▽｀)/,0
シャネルの赤アイシャドウめっちゃ気になるー,3
残念ですが、病状が安定しないためNFには行けません。行かれる皆様、楽しんできてください。,2
ショックな話。私はまだ京都にいたい。,2
最近の悩み：顔もあだ名もわかるのに本名が出てこない人が多くなった,2
度入りサングラスがほしい…目が痛い…,3
やったぁ！長期的な依頼がきた！,0
うーむまたもや寝れなくなった…,2
ふぅ。ファッションショー終わり。思った以上にオフショルダーは私に似合ってなかった。フリルのついたガンダムやんあれ,2
台風で予定が流れた…ショック(´・ω・`),2
メドベはかわいいなぁ,0
カーニバルオンアイスで号泣するという、確信にも似た予感,3
うーん、早朝覚醒はなかなかなくならないか(´・ω・`),2
肩が痛い(>_<),2
あかん、手首が痛すぎる,2
うーん、やっぱり手がしびれてるなぁ…対策考えんと。,2
それはそうと、新しいジグソーパズルほしい。今あんた右手炒めてるんでしょ、って突っ込みはなしで。花火のジグソーパズルほしい。作る時間はないけど、この夏のうちに1つくらい仕上げたい。,3
文章だけでも今日中には仕上げたいところ。,3
よし！一段落した！ご飯作る！休憩！,0
雷ゴロゴロ怖い,0
B'z特集見ながら自宅ライブ開催。父よすまない。カラオケ行きたい。,3
B'z特集見た。・短パンより肩パッド時代が見ていられない・ultra soulのPV撮影が2月ということを思い出して震える・MOTELいいよねわかるよTAKUROさん・イチブトゼンブが10年前だという事実に気が遠くなる・回りながら歌ってる稲葉さんもすごいがカメラマンさんもすごい,0
なんでそんなに右に寄ってんの笑,0
あだだだ頭痛い,2
「誰が書いたか」なんて重要じゃないでしょうが！,1
雨だけかと思ったら風も出てきた。三重参戦の人たちは大丈夫だろうか,0
これグッズにして！！！！,3
神戸チケット瞬殺！ここまで早いと諦めつくわ,2
いろいろ動揺してメイクの手順を忘れている自分がいる…,2
神戸に向けて出発！,3
影アナ来た！,0
どうってこともありませんが、会場から出たら雨だったことをお伝えします。,2
ブライアンのドラム、私の口から何か出るかと思った。内臓的な何かが。それくらい会場全体がずしんずしん揺れてましたよ。一発一発が強い！,0
そうだ京都行こう（YTさんのインスタ見た）（MY FAVORITE THINGS聴きながら行こう）,3
今日から福井（私は行けないけど）。雨は大丈夫やろか。,3
真面目に英語勉強しててよかった、とサポメン3人にファンレターを書いて思う。,0
松本さんの「まいど！」と「頼むで！」にやられた…関西弁…全体的に関西のイントネーション…いろいろとあかん。いい意味であかん。,0
今日は稲葉さんタンバリン事件に触れるよね？ね？結構皆さんつぶやいてはりましたよ！,3
ネイサンとヴィンス！豪華だねアメリカ。,0
やったー！,0
YTさんからお返事届いた…！ありがとうございます！嬉しくてテンションあがったらメマイ,0
モヒニちゃんが今日もインスタライブしてる！今日はベース弾いてる！かっこいい！,0
たぶん狙ってないけど心に残った一言稲葉さん「クールなクルー」いや真面目な話、スタッフさん本当にありがとう。,0
田舎の映画館、盛り上がってたと思う。歌う人は少ないor歌っても小声だったけど、手拍子は結構鳴ってた。私の隣に座ってた女の人がノリよくて、便乗させてもらった。,0
私が住んでいるところはテレビ大阪映らんのじゃージャパンオープンはBSまでお預け,2
きたあああああああ,0
ボーヤンがステップで魅せるようになるなんて,0
アリエフだばーいこの曲好きなんだあああ,0
スピンのレベルがアレだなあ,2
TES62.96!!!!!ネイサンぶらぼおお,0
3Aお見事,0
あああああコンボがああああ,2
そしてプーである,3
オーサーいないの？,3
ザギトワの件把握ロシアナショナルには出場しない、でも練習は続ける,3
ザギトワが出ないなら、ロシアナショナルとユーロとワールドの選考どうなるか…波乱がなければトゥルシェルコスで決まりだと思ってるんだが、何が起こるかわからんのが試合だからなあ…,3
京都行くよー,3
今すぐフランスに行きたいどこでもドアがほしい,3
学生じゃなくなった今、すごく勉強したいまずロシア語、次点でフランス語,3
パパシゼあっという間に終わってしもた,2
復習というか補習って感じ…今回女子のレベル認定の正答率低すぎた。2割以下じゃないかな、自分とテクニカルのジャッジが合ってたの,2
あれ、もしかしてパソコンじゃインスタライブ見れなかったりする？,2
あーこれは代表選考揉めてるわ,0
無病息災武運長久残りの試合、どの選手も良い状態で臨めますように。私も頑張る。,3
私はMOI見れない地域の住民です,2
出てる選手のメンタルすごいのに、見てるだけの私のメンタルがぼろっぼろ,2
ギニャファブごめん完全に忘れてた,2
あーどうだろうかこれ,3
ユーロのダンスでロシア国歌が流れたヴィカ様が美しい,0
それにしても濃いグループ2だ,3
ヴィンスガンバああああ,3
ヴィンスよかったあああスピンステップはこれから精度上げるんやろなー,0
おおおおトルガシェフ2位にきた！,0
あはははブラーヴァ,0
TES下がっても90ありそうなのがシェルバコワの怖いところ,0
ありゃTES90行かないかー,2
感覚麻痺,2
さあサーシャだばい,3
後半リカバリーに震えるワールドには調子戻ってるといいな,3
3A2本入った,0
SPの差で逃げ切れるかダウングレードあったら厳しそう,3
転倒はシリアスエラーだからPCSもどうか,2
うわああ全米男子ブラウンすごい,0
（私がもしアイビーリーグの大学行けるならブラウン大学がいいです）,3
よーしいい点！クラスノジョン続けー！,3
コレオ最高です！GOE満点ごちそうさまです！3連の加点はいつもの全米って感じです！,0
ルッツ入れてないってことはまだTES伸びるってことで…,3
ジェイソンがんばあああああ続けー！！！！,3
さあ神戸新聞さんは樋渡くんの記事を書くんだ,3
数字にこだわる人ってなんだかなあ,0
友野くん良かったー！最終の皆さんも続けー！,3
キーガントップきたたたたたた,3
ここまですごくいい流れ,0
ババリアン見る体力残ってるかなー…多分無理,2
よし！落ち着いたステップお願い！,3
ジャンプ決まったら締まるわ！,3
あーまたプーさん…,2
次ブラウン？余計なことしなくていいから早くリンクから上がりな‥‥,1
詰まったけどルッツきたああああ,0
あああああああ神　大　会,0
鍵山くん最終グループ！,3
ウンスはゼニガメをもらった,0
よーしSB！良かった良かった,0
私と音楽の趣味が被ってるテネルさんがんばああああ,3
テネルさん美しい,0
コンボは決まった！さあこっから,3
友野くん最高のムーランルージュではああああ,0
樋渡くんがんばーーーーー！！！,3
お疲れ気味だったかなあ最後はDedじゃないよね？,2
ナムくんがんばーーーーー！カナダワールド1枠をかけて…,3
いまさらだけど音が反響しておかしなビートルズになっとる…,2
おおう1A,2
おおおおおおやったあああああ,0
フジテレビは生中継しようよ！日曜真昼間じゃないか！,3
歓声が上がるので誰かが何か成功してるようです,3
やっぱりアクセルの声が変に反響してるううアクセル抜けたああ,2
鍵山くんがんばーーーーー！！！！！,3
ボーヤン加油！！！！！,3
思考回路はショート寸前だけどそれだけ言っときます,3
アリサGOOOOOOO!!!!,3
アメリカ女子は総じてスピンが綺麗な印象,0
花粉到来とワールドの滑走者の多さの相性は最悪…,2
あああううがんばれがんばれ,3
リショーさんっぽいと思ったらリショーさんだったグラッスルくん謎プロ似合うなスピンの人体の不思議ポジションが謎プロを引き立ててる,0
エストニアの人大盛りあがりじゃないか！セレフコがんばあああ！,3
うーん悲しそうだ…でも会場はあったかい,2
あああああ4T転倒はともかく1AはきっついBV7点近く失ってる,2
あああああああううううう,2
トスカの雰囲気は出てたと思うよ！正統派似合うよ！,0
うん、これはあれぽやーっとした頭で聞く講義で教授の声が右から左に抜けていくあれ,2
松本ソロの大阪公演当選してた！,0
クリス、そんな,2
ライブは中止、スケートも見通し立たず、仕事は今後どうなるやら,2
食べ物を放り投げないでおくれやす,2
わらび餅おいしい,0
あーいろいろ変わったね…後で確認する（いつになるか不明）（というか2020-21シーズンは試合できるんだろうか）,2
今日はもうお仕事終わりにする…,2
うう午前10:27 ? ,2
頭痛の気配,2
起きてもた,2
あれこれ更新作業完了～,0
めっちゃ毛量増えて乾かすのだるい,2
座りすぎて太もも痛い,2
晴れた晴れた,0
風が気持ちいい,0
ふいー一旦休憩,3
こうも背中が痛いのは椅子じゃなくて25年物の学習机が問題なのか？,2
姿勢悪いんやろなぁ今日は右肩が痛い,2
あー…過去の自分から思わぬダメージ食らった,2
肩が上がらなくなってきた痛い,2
Androidのタブレット、そろそろ限界かなー…動画見るには問題ないけど、それ以外の動作がもっさりすぎる,2
正直、ワンパンマンのイメソンとキャラソン、どれも微妙なんだよなぁ・・・。,2
今日の渋谷、人多いし、外人めっさいる,0
久々に泡風呂しよっと,3
明日はクアラルンプール市内観光して、夜便で日本帰るで～。,3
さぁさぁ、フィンランド行く準備しよかー,3
マッサージからの体のメンテで、そのあとはどうにかワイン消化したい,3
アニサマ、ワルキューレ呼ぶとしたら、今年しかないやろ。くるやろーくるやろー,3
正直、FOP計算ミスったの地味に嫌やな。あと半年もあるからいいけど、どっかで福岡行かなきゃ,3
そして、帰国なう。明日からのアニサマ楽しみやっ,3
平成最後のアニサマいくぞー,3
アニサマおわったでー。アニサマ、ここ数年で一番のセトリやわを,0
アニサマ、まさかのポプテと幼女戦記でてきたわ。栗の子が、まっくんのアルバム宣伝してた,0
正直JAMファンとして、謝ってもいいことかもな。,2
正直、テイマーズが一番好き,0
今夜カラオケ行こうかしら,3
ええええ,0
なんか体調悪い(*_*),2
雨の強さマチマチやな,0
ただいま、久々にこの時間,0
おーはよ。今日は、旅行だぎゃー,3
最近は積極的に飛行機で寝ちゃってるなぁ。,0
神ライブかよ！,0
しごおわー。まーた、色んな所が呼んできてるわ,0
キンスパ、gela先輩なに歌うんだろ,3
はっ、ライブチケット忘れちゃったよ笑,0
犬フェスほんとやんばいｗｗｗｗｗ　くっそ楽しみや。チケット何としてでも取らなきゃ,3
おぉｗｗｗ　シュタゲ、クッソ最後カッコいいやん！！！！！！！！！！！！！！！！！！！！！！！！！！！！！,0
久々にカレーそば食べたわ。うんまー,0
え？JAM×fhana!?,0
Aさぁさぁヤマトみよかー。,3
ひゃー、ジョジョ面白かったわー。,0
外暑すぎやわ。普通に汗かいちゃったわ,2
てか、みんなJAPAN ANIME MUSIC SHOWCASE行くのかな。,3
正直、眠いし、出張行きたくない,2
あら、マクロスFの新譜売ってる,0
彼女がゲンガーくれたのめちゃくちゃ嬉しいおじさん。オタクってチョロいなぁ,0
マクロス全落フラグ....,2
マクロスまさかのチケット全落でした。こんなん初めて,2
犬フェスだけはおなしゃす,3
そういや、大阪JAM参戦決定しましたー,3
angelaの土曜日は行く方向で調整しよっと。,3
しかし、今日のangela15周年ライブも神セトリなはず,3
やった！立ち見の最前列やわ,0
はい、angelaエレクトリカルパレード流し始めたwwwww,0
塩かけおじさんwwwwwww,0
taigaさんも、早くFIGHTING GOLDうたってー,3
は？rock beats cancerにJam出るの？絶対行かなきゃ,3
はい、神フェス再来！！！！,0
風邪引いたのでお休みなのら。,2
これ、ジョジョにまっくん曲ってあり得るんじゃ,3
なんで、会社の最寄りだけ豪雨なのwwwqq,2
りりくっ！,3
久々に、しょーへーとカラオケ,0
ん？今日、アニサマのJAMのリハとか流れるみたい,3
とりあえず、まだ見てないんだけど。グリッドマンは、合神ゴッドグラヴィオンを流すべき,3
ランティス祭、東京ドームあり得るのかな,3
今日は、疲れたので早く帰る,3
今日は、展示会いくよー。,3
今日はもうしごおわーにしちゃう笑,0
初めてカフェで昼寝した。,0
シャワーに入るゾンビたちｗ,0
最後は、初日メンバーで、Stand by...MUSIC!!!,3
実は今日は、契約のクーリングオフなのら,2
しゃー、スキーいくぞー,3
今年の最終日のアニサマ、セトリ当たりやったな,0
ジョジョみよか,3
えぇ…きょうのひろうえん、会いたかった人いないみたいやん。。。まじかいな,2
今日のRBC、クイーンカバーとかないかなーwkwk,3
六本木が意外と近かった件。,0
そうか、声優さん且つアーティストだと、起きて声がでないのが怖いんだなぁ,0
まぁ、来月は仕事とのバランスをみて出来る限り遊ぶってことでいっか。,3
トリセツ聞くと正直、イライラしてまう,1
内田真礼くじ全然当たらねぇ,2
Shining stormは最近のスパロボだと、古参もホイホイしてくれる曲やよなぁ,0
Goproほしいっちゃほしい,3
今日は、大好きな美容院なうだよー,0
しゃあ、大阪へ向かいますかね,3
Zepp着いた。物販なう,3
in fateは草,3
サルベージ回収,0
departureまできた,3
日本橋なう。やっぱり、オタクはこういうところが落ち着くw,0
アニメイト行く前に、アニメイトカフェきた,0
カラオケいきたみ,3
今年はANA修行なんよ！,3
ただいまー。とりま、ジョジョみる！,3
おーはー,0
しごおわー。今日は、横浜でマッサージいく,3
台湾いってくるんよ,3
これマな！,0
小林太郎、Eat. KILL ALLだけかいな・・・,2
良かった。犬フェス ライブビューイングは当たった。,0
JAMさんここに来て、ゲームのオープニング曲と、映画のエンディング曲追加録音！？映画は牙狼＜GARO＞-月虹の旅人-だろうけど、ゲームのOPとは・・・,3
豊洲の美味しいピザ屋教えてもらったから、明日行こうかな,3
ほぼ体調も治ったから、JAM行きたかったなぁ,2
A-ROCKのTシャツの劣化が激しいんだけど。。。。,2
とりま、THE ORIGIN6章みよう。,3
シャロンアップルかよ！！！,0
今聞くと15周年アルバムの出来、めっさいいな,0
女の子にできておじさんにできないことはない！謎理論ワロタ,0
打ち上げ終わって帰ろうと思ったら、電車止まってる,2
プリキュア出産エンドってすご‥,0
これからfhanaの５周年ライブ！楽しむぞい,3
でもさ。やっぱし普通に考えて設計者として、今の職場最高やわ,0
明日は犬フェス！！！,3
さぁ犬フェスLV向かうかー。,3
さぁ、上野で飲むぞおおおお,3
やっぱしライオン最高やわ,0
ミラーワールド来ましたー,3
おはー。北海道寒そうだから、スノボウェアで行っちゃお笑,3
ロウリュウからのマッサージ。たしかに温泉旅行行くより、安くリラックス出来るんだよなぁ,0
おう。なかのZEROか。俺も昔、吹奏楽であの舞台たったなぁ,0
ええええ。けもフレ、ナショジオからダーウィンが来たまで来た！！！,0
浜田麻里様のライブ申し込むの忘れた,2
この時間からアキバぶらぶら,0
何というか概念でいうと、もっと普通な仕事かもっと特殊な仕事がしたい,3
久々にガンダムカフェ,0
ガンダム00特集なのですよー,3
弟、結婚とかわろりん,0
えっ。ポプテの蒼井翔太なんなんｗ？,0
さぁワンパンマンみよか。,3
ランティス祭り、豪華やなぁ。SOS団まで来たか,0
ランティス祭りに、やっぱりDJKGでるのかよｗ,0
いっぱい遊んだから、実家行く,0
マクロスクロスオーバーライブ、ライブビューイングあたったぜ,0
仙狐さんみよっと,3
本家のマクロスビジュきたああああああああ,0
マクロス7新作はよ。。。丁度、25周年だから！！！！,3
マクロスクロスオーバーライブ、菅野よう子先生くるかなー,3
LiSA×エイルは強い,0
明日か明後日の発表を楽しみにしよう,3
御徒町駅前めっさ面白いやん,0
上野からアキバまで歩くことに,0
え？福ちゃんのライブ、四時間？,0
銀のニーナ読み始めたんだが、よつばと×フィンランド×北軽井沢で最高でしかない,0
アニサマ、そろそろメンバー追加発表はずなんだが,3
Staring styleMVで歌えるのよさみ,0
9/1アニサマ当選うれしみ,0
なぜ、THE BEYONDはmoraで配信しないんじゃー,2
続・終物語みよう。,3
ぐりっめえええええん！,0
おしごとしよかー,3
歌マクロス、無料10連か,3
みのりん15周年、Zeppかー,3
福ちゃん、ヴァージンストーリーおもいっきり歌詞間違えてた笑,0
まめぐのパンツ拝めたので大勝利,0
影さんとピロコ姉さんで日常かよwwww,0
夜更かしの時間です！,3
今週半分頑張ったからスパきた。,0
閣下！！！！！,0
ごはんは楽しく食べるべし！,0
すげぇおなら止まらないんだけど、昨日焼き芋食ったんだわ,2
早く帰って、スキーの板のワックスがけしたい,3
ここにきて、ドイツ出張！？,0
そうか。今日からランティス祭りか。参加される方楽しんで！,3
明日はまめぐのリリイベだよー。,3
アキバいくぞー。飯食って、まめぐイベント,3
デートより帰ってアニメ見たい欲ある,3
グランドジオウとは,0
LAZY、オリ曲入れるとは強い,0
やっぱりRolandの父、松尾御大か。,0
夜の巷、ガンダム回,0
はー。久々にセブエクとかマキシマイザー歌いたい気分,3
そうか、シンカリオン最終回だったか,2
うん。なんか、明日は早く上がって遊びに行こうかな。,3
まくとま見なきゃ,3
とりま、カラオケでもいこっと。,3
てか、アニサマ、ゾンサガ出ないの？,2
今期のロボアニが面白かったようで,3
アニポケみよっと。,3
キングスーパーライブみよっと,3
高木さん可愛い,0
おっ、また、高木さんED、スキマスイッチだわ,0
石川智晶20周年発表か。てか、キャパ小さすぎだよー,2
菅野先生、まじで新曲かいてー。シェリル系の洗脳系がよさみ,3
今日は定時ダッシュきめてJAMのライブに行くんじゃあ………！,3
とりま、お酒でも飲もうかな,0
ロッテリアのチキンめっさうまい,0
今日は新宿で遊ぶー。まずは、ハヤシいくでー,3
泣いちゃうソーナンスかわいい,0
はー。友達の結婚式何しようかな。やっぱり弾き語りでもしようかな,3
福ちゃんすげぇーのやるやん,3
今日は、帰ってゆっくりして、ジョジョ待機しよう,3
ホテルでゆっくりおじさん,0
もう会社にキレて見ようかな。,1
なぜかお腹いたい。夏ってこれが嫌だ,2
飯塚さんと瀧田さんのいないアニサマなんて…,2
富野ほんと老害,1
福ちゃんの単独ライブとfhanaのライブあたった,0
俺も10億あったら、遊びつつ、投資に勤しむわ,3
今日は、歯医者行く,3
今日からアニサマ参加される方、全力で楽しんでください,3
てか、初日motsuさんやと、最終日Altima来るか分からんやーん,2
とりま、初日はランティスとバンナムデーだったんやな,0
初めてアニソンラバーズ見てる。,3
アニサマたのしむぞおおおお,3
アニサマ、JUNNA上手すぎて最高やったわ。,0
ダニーきっつ,2
ガンダム40thライブ酷すぎないか、これ,1
高木さん見よっと,3
JAMの20th box全く売れてないんやろな,2
明日のバサラのライブ楽しみすぎてやばい,3
ダニーと梨香さんとか行きたかったわ,2
まさかの今日のライブ、ドリンクなしらしい,2
禁止教育って、その子の将来の選択肢の禁止と同じだからね。子供も大人も、触れてみて好きなものに進んでいくからね,3
飲み会おわりー。ふぉー。みんな熱いなぁ,0
今日は、昼飯は吉村家行こうかな。,3
ポケモンSMみよっと。ロケット団弱いけど、キテルグマくっそ強い。,3
え？新しい逃げ方だなｗｗｗｗ,0
え？VF19 K40のパイロットだれ？,3
山手線絶望的なのか。,2
武蔵小杉の人漏ゲームとか草,0
おはよー。今日は関西方面へ出張なのら。,3
休憩したら、渋谷行くか。,3
じゃがりこ激辛インドカレー味くっそ辛い,2
事前物販なー。,3
物販買えた！ライブまで飲む,0
整理番号40番で3列目のど真ん中行けたわ。,0
時間的にアウトだから福ちゃんのライブ離脱。ハミングバード最後まで聞きたかったわ,2
福ちゃんのライブ、終電の都合上、ハミングバード最後まで聞けなかったの悲しい。、,2
体力測定あったんだけど、握力落ちすぎててﾜﾛﾀ,2
しごおわりあん,0
ヨドバシでピアノでも弾いて時間潰すか,3
JAMカラ行きたいけど、喉いたいんよなぁ,2
便秘なおた,0
おはよー。東映ｽﾊﾟｲﾀﾞｰﾏｯ、スパイダーバース続編参加公式決定おめです！,0
再来週末は東京行けるように動く！,3
おじさんになりました。子供が生まれるのって、結構ハッピーになれるのね。なんだかウキウキしてきちゃった。なぜかｗ,0
ファフナーファンとしては真矢がまた笑える日が来ることを切に願っています。,3
立上芹ちゃん殿がbeyondに出てると聞いて、また見なきゃいけない,3
オガタメシいってみたい,3
眠いから昼寝すっか。,3
2話いきなりルギア出るのか。てか、レイドバトルなのか！,3
え？椎名町と東長崎間の踏切で、事故ってここマ？,0
正直、はやくJAMPROJECTのライブ行きたい,3
今日は休みにしたんでアナ雪でも見に行く,3
てかさ。JAMさん、今、Rhapsody of fire分裂してるから、シンフォニックメタル市場を独占できるんじゃないか。。。,3
おはよ。ねむい。,2
angelaのミュージック・ワンダー☆大サーカス 2015みよっと。,3
今夜のアニサマまで暇やなぁ,2
口パクすごい,2
高木さん可愛すぎて死んじゃう,0
みのりいいいいいいいいいいいいいいいいいいいいいいいいいい,0
めっさ腹痛い,2
今週は東京いくぞい！,3
アニメイト横浜ビブレ副店長すこ,0
アンフィ着いたわ。fhanaライブ楽しみや,3
fhanaとORESAMAアニメタイアップ発表きたあああああああああ,0
真音ちゃんは、ほんと巧すぎわ。アニソン女性ボーカリストで一番やわ。,0
エイルきったああああ。美人やなぁ。最近はゲーム実況してるんやで,0
EIZO Japan復活はやばいってば,3
なんと、あと二日間いったら今年の仕事終わりになったぜ,0
NHKさん、イブにクリボッチ番組で、岡村隆史の精子検査やるとかつよっwww オナニー10分間とかいちいち出さなくても,0
日本は、パッケージ売りはやめて、早く電子化すべき,3
JAMのVICTORYの元曲「サインはV」久々に聞いたなぁ,0
JUNNA絵がへたｗｗｗｗｗ,2
JAM和光外れた。。。。,2
オーイシさん、儲かってるなぁ,0
アキバひとおおっ,0
angela大サーカス初日むかうぞー。,3
さぁ、angela大サーカス最終日。渋谷向かうぞい,3
渋谷、飯食うとこ全然なかったわ。よって、解散,2
きよし、ラスボスやん！！！,0
今年は副業片っ端からトライすっかな,3
今日の新年会めっさ豪華だわ(というか、そうしちゃった),0
今年は高尾山登山ではなく、品川七福神巡りにすることにしました,3
さぁ自宅へドライブ。JAMの生放送きこっと,3
浜松までドライブするゾイド,3
本日は京都なのらー,3
久々にヒトカラ,0
なんで、みかこしがウィンナーネタなんやよ,2
あー、今日、金沢でfripdideのライブあるんだ。行こうと思えば行けるなぁ,3
あと半日頑張ったら、週末スキーや,3
しごおわー。はー、がんばったわ,0
よし、今週末はゆっくり過ごすぞー,3
今日のアニポケ面白かったわ。てか、サトシ今シーズン初のゲットポケモンがカイリューとは・・・,0
JAMさん、重大発表とは？,3
祝JAM Project&BLEACH 20周年,0
JAMツアー第二段発表か,3
入口で仕事中に、イチャイチャすんなやー,1
しごおわー。今日はめっちゃ良い勉強になったわ。久々に実家帰ろっと。,0
絶対ではないでしょ、もし相手が人生をかけるほど魅力的であれば、付いていくべき,3
いや、日本でもありえるわ。,0
日本で外出禁止とかはありえるのかな。とりま、遊べるうちに遊んどかないと,3
お腹いてぇー,2
さぁごはん作ろっと。明日はスキーやwkwk,3
おは京都。,3
あー、ジョジョね。はいはい,0
来週久々にコンサートやわ。がんばるぞい,3
おひゃよー,0
今夜のマクとま色々発表あるなwkwk,3
和光また落ちた。もう今年ライブ行かなくてもいいんじゃ笑,2
今、関東大震災きたら…,0
さらば京都,2
ゆかりんのライブ中止を経て、アニメ系イベント全部中止になる感じやん。影響力やば,2
デジモン良かったんだけど！！！ほぼずっと泣いてたわ。アグモンとガブモンはズルいってええええええ。triのあとに、よく作ったわ。しっかりデジモンアドベンチャーが終わった感じやわ,0
ラーメン食ったら、劇場版SHIROBAKOみるぞー,3
やっちゃいけないことは、やっちゃいけないんやで。そこで怒っちゃだめやろ,1
JAMカラしなきゃ。。。来週かな,3
バーミヤンの餃子祭うんまー。,0
やっぱりセクハラ慰謝料ってあるんやな。綺麗な人だったら、金持ちからセクハラ慰謝料貰って生活出来そう,3
ほんと昔に比べて、臆病になりつつあるよなぁ。昔あった元気はどこに？,2
日本酒飲み放題きたああああああああああああ。くっそたのしい,0
推しが高校卒業しちゃった,2
アニポケ垢、ネタバレやめろや笑,1
ジョジョ 2021年4月から！？,3
ヨーロッパ終わってるなぁ,0
明日は病院行こうかなー。,3
なるほど、鍵盤弾きは二人なんか。奈央ちゃんも忙しいのう。,0
ええええええ。fripSideのライブも中止なの！？４月からはやってもいいと思うんだが,2
カラオケいこっと,3
友達コロナ疑惑とか焦るー,0
3月21日に行われたネットゲームのオフ会がクラスタになったらしい,2
週末に東京感染者100超→ベッド足らない→月曜から緊急事態宣言。これ、まじで政府うまく調整したやろ。,1
正直、都心のほうはまじで学校閉鎖するべきやろ,1
俺も今、調べて知ったけど。各国が1日数十万の検査する中で、まだ日本は一日5000も検査してなかったｗｗｗウイルスなんだから、指数関数的に増やせよｗこれは、もう糞学生レポートじゃん。,1
けーじ亡くなったの悲しすぎる,2
ポケモンもデジモンもないのはつらいなぁ,2
菅野よう子先生、このままコロナ終わったら、ライブやってー,3
CDTVの4h面白いなぁ。,0
三浦大知、どんどん前職の事業部長に似てきてるなぁ。Folder5のときはあんなに可愛かったのに,2
え！？海の声って５年前なの！？,0
夜更かし見よっと,3
マツコの知らない世界、ディズニーやー(＾ω＾),3
さぁマツコの知らない世界見たし、攻殻機動隊SACこのまま見終えちゃうぞおおおお。,3
えええええ。今回、ニコニコプレミアム先行あるんかいな,3
結構色んな所でセールやってるんだよなぁ。なんか買おうかな。,3
妹 可愛い,0
ちょっとキャッチボールというものにハマってしまったかも。,0
フェアリーテイル読みたい症候群。,3
リードα終わらんね。,2
さっさと高校卒業して大学行きたい とか思いよったけど、今のメンバーでバカ話して笑えんなるのは寂しいなぁ、とか思った1日でもあった。,2
あと、バスでの話聞こえとった人、 僕そこまでやばい人ではないんで。,0
釣りの面白さを知ったかも,0
大会とかで、付き添いで来てゲーム持って騒ぎよる子供と、それを許しとる親って、どうなん？,1
また勝手にイライラしとるナウ。,1
松北勝つところも見たかったけど、 やっぱ帝京の王者感すごい。,0
漫画にでもなりそうなくらい、よくできた団体戦じゃないかと思う,0
すっごいイライラするなぁ。 圧倒的に負かしてやりたい。,1
最近、夢でみたことなのか、現実の出来事なのか、区別がつかなくなることが多い。,2
Twitterアップデートしたらむちゃ使いにくくなったことない？ww,2
ばあちゃんちの飯だと比較的たくさん食べられるので、おそらく自分が少食な原因は自分にだけあるのではないと思う。,0
あとやっぱまた虫に食われたっぽい。,2
さて、パイレーツオブカリビアン見よう。,3
「アウトストラーダ・デル・ソーレ」 なんかすごい禁断の呪文感。,3
春休み勢いで教科書捨てたのマジで後悔する,2
なんでいらねえ物理基礎の教科書残ってのんに、化学基礎捨ててんだよ俺。。。。,2
なんやねーんww Liveで見た意味w,0
制服着た1.2年生が学校から出てきよるのを見て、三年だけ今日休みだったことに、何かしら優越感のようなものを感じた。,0
なんとか家まで帰ったけど、マジで動けんなったんやけど。,2
なぜか俺の部屋だけ他より常に2度以上気温高め。,2
案の定 全身筋肉痛で肩バッキバキなんやけど。,2
不完全燃焼感。,2
そういえば夏休み終わってたし、久しぶりにTwitter開いてみたけど、鍵付きの友達少ないアカウントだし、特に変化があるわけでもないよな。。,2
妹が帰ってきてるときに行ったっきりだったから3週間ぐらい空いたけど、久しぶりの稽古に行くとしよう,3
とりあえず、応援で関わった人たち、 いろいろありがとう,0
あ?なんか思い出してイライラしてきた? 圧倒的に負かしてやりたい。,1
そういえば2.3ヶ月前にも似たようなツイートした気がするわw,0
ところで、まだ若干目が痛いのだが。w,2
昨日からゴキブリ出てこんなったなぁって思いよったけど、どうやら父さんが新聞でしばいて、羽と胴体がバラバラになった状態で棚の裏に飛んでいって、今もほこりまみれで放置されとるらしい。。。,2
まだ生きてやがった。 早よくたばれよ。 ゴキブリ。。。,2
久しぶりLINEの友達見返してみたら、3割ぐらい誰かわからんのやけど。,2
ちょっとガチで眼帯勉強法してみようかな,3
あ? オクタニトロキュバン作りてぇ。(・ω・),3
暑いな。(・ω・),0
長かったけど、あっという間な、3日間だったな,0
早よ卒業したいと思うけど、今のメンバーで毎日バカできんなるって考えると、なんだか寂しいよなぁ,2
最近、乃木坂にハマりました。,0
なんか時間差で腹立ってきた( ??ω?? ),1
やっと数Ⅲ面白なってきたわ,0
ゼロのゼロ乗って何やねん,1
俺も部屋とか早く見に行きてえ,3
薬の副作用がエグい。,2
最近ずっと生活リズムは悪くなかったし、インフルでもないとなると、体調不良の原因が全く分からんのやけど,2
最後の休みが終わってしまう。 マジで焦りしかない。,2
英語乗り切ったし、あと残り理系科目大暴れしよ,3
困ったことに、完全に気持ちが切れてしまった,2
そもそも後輩がそんなおらんけど、スタディサプリは本当にオススメしたいw,3
乃木恋楽し,0
何故、卒業式の次の日に制服着て学校に行かなければならないのか。,2
直せんのやけどw 俺何したねんwww,1
第二外国語、何にしようか。,3
旅行、行きたい、旅行、行きたい、旅行、行きたい,3
ホテルむっちゃキレイやんw,0
乃木恋でアラーム機能使えるまで進めたけど、これアラームとしての機能はたしてくれてない。,2
なんかプロフィール画像にええのないかな,3
結局のところPCのスペックってどのくらいのがええねん,3
やはり自分は音痴であるようだ,2
こりゃ稽古なんて行ってる場合じゃねぇぞw（いや行くけど）,0
なんだかんだ買い物とかで時間とられて全然46時間TV見れてない…,2
見逃したコーナーを片っ端から見ていく,3
どうやら妹先発らしいので、明日は全力で会場を探し出さねば,3
オール既読スルーが地味にこたえる…,2
でました、本日2度目の60点台。,0
改めて考えると、近場に知り合いおらんってのは、なかなか心細いな( ??ω?? ),2
学校行くのに近道すればするほど、坂が急になることに気づいた。,2
平均身長高ない？,0
剣道部もええけど探検部も捨てがたい…,3
30分前集合の30分前集合なう,0
自分で自分に感動しておる。,0
クラスのLINEグループ入れたし、これはもう孤立回避できたと考えてええんちゃうか( ??ω?? ),3
米にお金かけなくてすむのが有難い,0
自己紹介のときに「自分人見知りなんで…」みたいなこと言っときながら、その後すぐに陽キャのグループ入っとるような奴は、ほんと信用ならん。( ??ω?? ),2
人見知りをキャラ設定に使う人、本当に人見知りな人に失礼ってことを知るべき,1
先輩来んけん他の大学の子と2人きりで気まずい感じになっとるやん。( ??ω?? ),2
なんやこの寒さ。,0
結局、問題集だけ買ってほとんど開くことはありませんでしたが、TOEIC頑張ってこようと思います。,3
1.3.5限って1限飛ばしであるの、むっちゃめんどくさいやつやん。,2
自分が女の子と普通に話しとる奇跡( ´????ω????`),0
どこでもええけん友達と遊びに行きたい感,3
あー、オシャレになりたいよぉ?,3
だんだん朝起きる時間が遅くなっていく。,0
履修登録なんちゅうめんどくささや。 てか大学生活こんな忙しいとか聞いてない。。。,2
ついに履修登録のシステムを理解した。,0
神戸来て2週間ちょっと経ちましたが、そろそろ膝に違和感を感じます。( ??ω?? ),2
ときどきブラックな吉田が出そうになるんだなぁ。( ??ω?? ),1
凄まじい劣等感に押しつぶされそうです。( ??ω?? ),2
課題全然やってへんやないかい。 寝よ。。。,2
目覚まし時計、1時間ぐらい無視し続けとったがな。,2
むっちゃ家の中蛾が入ってくるんやけど、こいつらどこから侵入しよるねん。,1
寝不足のダメージがモロにきておる...orz,2
1ヶ月ぶりに帰ってきたら、もうすでにいろいろ変わってるw まず味源がなくなってることに衝撃を受けるw,2
いまだに女子との会話に耐性がない。( ??ω?? ),2
親2人で来て俺の寝床占領するのやめてくれぇww,2
あごのせ坂、ただただ癒されますね。( ??ω?? ),0
全力でビブラート稼ごうとする歌い方がマジでツボに入ったwwwwwwwwwwwww,0
自分の声質では高得点不可能説。。,2
みんな曰く、俺は “上手い” わけではなくて “点数が出た” だけだそうです。,2
マジで笑えないレベルで悲惨なTOEICの結果が返ってきた。,2
とりあえず泣こう。,2
やっぱ味源まだあるっぽいな。 なんか無くなっとる的なツイートした自分クソダサいやん。( ??ω?? ),2
カラオケ行きてぇ。( ??ω?? ),3
マジで朝ちゃんと起きんと、この調子だと朝練に間に合わないという大問題。。,0
朝早いけん早よ寝たいが、飯食ってすぐに寝られるわけがない。,2
我ながらキモい,2
ちょっと周りにイケメンが多いですな。。。( ??ω?? ),2
なんか今日やたら暑ない？( ??ω?? ),0
尊敬する先輩を指定されるシステムに若干の疑問があるが、それもまだ顔覚えてない先輩にあたってしまったけん、これほんとヤバい。,2
そんなすぐ慣れるわけないけど、スーツキモいなぁ,0
香水キツイ人って自分の匂いで気持ち悪くなったりせんのかなぁ。まあ、ならんけん使いよんだろうけど。鼻イカれとんでないん。。。 とか、考えたりしてるナウ,0
快速やら準急やら。わけわからんねん。( ??ω?? ),0
この感情をどう表現すればいいだろうか。,3
学校来てなあちゃんが週刊誌とりあげられたこと聞いて、マジで萎えとるナウ。,2
この一件、自分でも思ったよりダメージでかい。,2
7時からの再配達にしとんのに、5時にもってくるって、頭おかしいんでないんか,1
ドン勝するまで寝れまテン開幕,3
ひたすらゴロゴロする。。。,3
初めて90分の講義で1回も寝ずに終えることができた。,0
これは楽しみですな,3
鼻かみすぎて耳聞こえにくくなっとるのやばい。,2
部活の前日オールしたら絶対あかんかった。。。,2
「接客もあるけど大丈夫ですか？」 俺「はい！全然大丈夫です！」 嘘つけw不安要素しかないやろwコミュ障がwwww,3
そういえば自分全然資格とか取らんかったけん、履歴書とか書くことなさすぎてスカスカやねんなぁ。,2
バス停で30分ボッチ。( ??ω?? ),2
ガッツリ寝たのにまだ授業やってるわぁ。やっぱ90分長えなぁ。,0
バイトしたくてしゃあないねんけど,3
やっと帰路についたけど、帰り道がわからないという問題が。,2
3時前に銀行に入る ↓ 必要書類が足りなくて取りに帰らされる ↓ 戻ってくる ↓ 閉店。,2
おい、じいさん。閉店間際とかなんとか教えてくれてもよかったんでないんか？,1
防具と竹刀 学校に放置して来てしまったけど、まああんなの盗む物好きもおらんやろう。。。,3
百の位は何か意味があるとか思いたい。,3
最近、自分マジで人格２つあるんじゃねえのか、とか考えたりする。( ??ω?? ),3
お湯が出ねぇぇぇえええ！！,2
「当店の並盛りは通常の3杯分です」 怖wwww,0
部活終わり、30分ほどかけてラーメン屋行き、また30分ほど並んで、さて次は自分たちの番ってときに、先輩から呼び出しの連絡。,2
ギリまで飲み食いした後、ダッシュで帰宅、5分でシャワー浴び準備して、汗かかないギリのスピードで駅まで行って、ギリで電車のり、ギリでバス間に合って。 こんなギリギリのスケジュールは初めてやわ。( ??ω?? ),0
高2の文化祭で作った画像でてきたけど、見れば見るほどシュールな。( ??ω?? ),2
電車でつり革とか持たずに平然とした顔で乗っていたい願望あるよな。( ??ω?? ),3
暇すぎて稽古2時間前集合してしまったがな。,0
高校時代一時期「無」とまで呼ばれた自分が、ここまでブッとんだキャラを確立していることが自分でも驚きである。 とりあえず、周りの人が喜んで面白がってくれるだけで、十分嬉しいということ。,0
明日も休講になることを願い、あえて課題をしない。,3
ぬぉぉぉおお！！ コバエうぜぇぇえええ！！！！！！,1
特に、事あるごとに謝る奴って「ごめん」が軽いねん。,1
ていうか、グループのチャットでいちいち送られてたら通知うっといねん。( ??ω?? ),1
昼間寝すぎた。,0
明日も部活休みになってもうたので、いいかげん勉強でもしようかと思う。（きっと思っただけで終わる）,3
食料が尽きそうなので、とりあえずコンビニまで頑張って行こ。。。( ??ω?? ),3
法学の講義で、「それでも僕はやってない」っていう痴漢冤罪の映画鑑賞するんだけど、クソみたいな人間ばっかり出てくるから、見てて胸糞悪くてしょうがない。,1
嬉しくなると、すぐ奢りたくなる癖、よくないよ?( ??ω?? ),2
いろいろ予定が狂って、いろいろと食材ダメにしてしまっている。もったいない。,2
食堂で初ソロ飯,3
夜のコープに現れるヤバいおじさんが、ほんとヤバい。,0
せっかくの部活オフを1日肉体労働で潰してしまった。,2
苦しい。 気持ち悪い。 口臭い。,2
自分何に焦っとんだろ。ああ、クソ、イライラする。,1
稽古してえ,3
ここ1週間ぐらいでいろいろありすぎて、だいぶ精神的にきてる。,2
むっちゃ病んでるみたいやんwwwww,2
本日のバイト暇すぎ問題。,2
最近このアカウントでのツイートで誰も反応してくれなかったのに、悲しいツイートした途端にいいね返ってくるのなんやねん。( ??ω?? ),2
下痢ピー祭,2
痴漢冤罪の映画を見てから、ちょっとでも混んでる電車が恐怖でしょうがない。,0
ついにレポートを出し終えた。,0
バイト先の先輩が仕事できる人すぎて、自分仕事なさすぎる問題。,2
明日オフになること願って今晩頑張ろ。（きっと今回の台風は無能）,3
リアルに泣けてまうひとこと、言われてもうた。,2
合宿稽古4日目にして疲労がピークに達する。,2
時間が経つにつれて、先日の失態を思い出していく。。。 記憶飛ぶって怖いな?。( ??ω?? ),2
おそらく単位認定されないであろう、完全に興味だけで選んだ講義である。,3
リアルな話、今回の件でライブ配信の方法も覚えたし、より一層ユーチューバーなりたい欲わいてきた,3
最近、母に既読無視されがち。( ??ω?? ),2
よく分からない授業→眠い、寝る 自分でも理解が追いつく授業→簡単すぎて眠い、寝る おもしろい授業→シンプルに眠い、寝る 俺どんな授業ならちゃんと受けられるねん,2
病んでるやつって、病んでる自分に酔ってる節があるよな。,0
来月の目標20万でいこう,3
いろいろと空回り,2
もはや勉強しなさすぎる自分に腹が立ってくるレベル。,1
服適当に着てきたら、全身灰色になってまって、溢れ出るパジャマ感がひたすら恥ずかしい。,2
さて、今からクロネコ（夜勤バイト）。,3
はい、また来てしまいました。,0
その時々で可愛いなぁとか思ってる芸能人の年齢がだんだん自分と近くなって、しまいには追い抜いてしまったりしてたときに、自分も年取ってるんだなぁって実感するよな。,2
まあまあ心配してたけど、 確認したら、クソがつくほどしょうもない話だった。,0
稽古したいンゴねえ。,3
1ヶ月頑張って働いていい気になってたけど地元の友達はパチンコでボロ儲けしててなんか複雑な心境です。,2
ICOCA使えない問題。,2
帰ってきたど?！,0
圧倒的許せない票ワロタwwww,0
帰省して稽古行くと毎回道場の先生に「ちゃんと自分のペースでしろよ」って言われるから、そろそろ先生に心配させない程度には強くなりたい。,3
そして頭痛がすごい。,2
スパイダーマン酔い…,2
はい、二次抽選！(9￣^￣)9！,3
数少ない友達3人のうち2人がインフルにかかってしまった。,2
カーペットがやってきた。 もはやこれを敷きたいがための家具移動だったと言っても過言ではない。,0
ラーメン食べたい。( ??ω?? ),3
ぶおわの一杯。 汁無し450ヤサイ少なめアブラカラメオニオンマシ。 初めて450にした。キツかった。ロット乱しかけた。反省。,2
大学生協の本屋で写真集注文できる程度には恥じらい捨ててる。 あ、結局取り寄せてもらえなかったんでAmazonで買ったんですが（恥かき損）,2
カロリーゼロ理論並みに、帰納法最強説あると思うで。,3
ひらがな推し1番初めから順番に見てって、ついに今放送してるとこまで追いついた。 次回3期生楽しみ。,3
夜寝る時間が遅いから朝起きれんのかと思ったんですが、別にそうではなかったようです。,2
俺んちの玄関前にタバコ捨ててくやつ何やねん。,1
テスト期間に部屋の片付け始めがち。,2
4期生、頑張って欲しいですね。,3
上村ひなの可愛すぎてもうやばい。,0
豆腐嫌いになりそう。( ??ω?? ),2
バおわの一杯がやめられないんですなぁ。 そしてTシャツ買っちゃったんだなぁ。,0
朝起きて最初に見たニュースが、けやき坂が日向坂に変わるとかいうことで、一瞬で目覚めた。バリテンション上がるやんこれ。,0
間違いない。とっても恥ずかしいことをしている。,2
実は今月2度目,0
麻婆豆腐と豆腐の卵とじをひたすらローテーションで食べる日々。,0
怖いの苦手だけどホラー映画見ちゃう。,3
坂道グループの新規メンバー、乃木坂に限らずどのグループも可愛いで、超推せる。,0
バイハ怖くて全然進めない。( ??ω?? ),2
ホラー系のゲームや映画、好きだけど苦手という矛盾,0
スイカメンバーどんどん辞めてくやん。,2
オタクなんてなるもんじゃない…,2
再履で知る。同じ授業でも教授によって凄まじい質の差があることを。,0
大人になりたくないなぁ,2
教習所の車、期間中に何台廃車にできるかチャレンジ,3
というか、もはや今日の始発。,2
あかん、大遅刻。,2
右かかとパックリいってんの、麻酔きれてきてからの激痛がすごい。,2
メルカリで買った教科書がドギツイ香水臭放っててまじで気持ち悪い。,0
ガチなアホ、ほんまムリ。,1
乃木坂23rdシングル、4種類のタイプそれぞれに欲しい特典映像入ってるの、かなりお財布に厳しい…,0
寝たら朝練絶対寝坊する。( ??ω?? ),0
むちゃくちゃ寝たい。,3
寝不足と空腹が一定値超えるとなんかイライラし始める。,1
深夜帯で入る人がおはようございますって言う謎のルールなんなんやろ… 絶対こんばんはの時間やん…,0
どうしても半クラができない。,2
乃木フェス結局1万位入れんかったが、イベント上位者達のメッセージには感動した… なあちゃん、たくさんの感動をありがとう( ´????ω????`),2
ひたすら演習確認したところでテスト解ける気がしないし、もう寝てもよかろうか。,2
大学入ってからこれまでで1番まともに勉強してるし、もはやそれだけで満足してる自分がいるよな。またこれまでやらなすぎたというだけだが。,0
キッチンを散らかさないお好み焼きの作り方知りたい。,3
今回全然テスト勉強のやる気出ないのは、絶対今週の日向坂で会いましょうがなかったから,2
河田の笑顔はどうしてこんなにも見ている人を幸せにするのだろう。,0
ていうか最近なんか蘭世むっちゃ好き,0
今回もMV素晴らしい出来ですな,0
ちなみに、2時間目はエンスト3回で耐えた。,0
ずっとガチガチに緊張して運転してるから、肩力入れすぎて痛めた。,2
泣ける系の映画見たいと思い「ボクの妻と結婚してください」見たけど、想像以上にきてここ1時間ぐらい泣いてる。,2
奈良大が私立だと今日初めて知りました。,0
バリ早起きさせてくるやん。( ??ω?? ),2
まだ日向は誰もやめて欲しくなかった…,2
夜勤明けでも昼間寝まくって通常通りの睡眠時間回収していく。尚2限寝坊は事故。,3
高木さんみたいな人が隣の席にいる中学校生活おくっていたかった。,3
今日のひなあいカオスすぎてマジでずっと笑えたw,0
レタス牛丼終わってしまったのシンプルに辛いな。,2
黒板消しクリーナーがやたらうるせえ。,1
朝起きたら選抜発表面白いことになってて、一発で目覚めた,0
本格的に世代交代を感じるし、これはこれでありだと思いますね。( ??ω?? ),3
今回の選抜発表アンチコメ多すぎてちょいつらたん。,2
夜勤は週一までにしようと決意したその週にマネージャーから夜勤入れる日が他にないか聞かれ、お金欲しさに結局答えてしまう僕。,2
マイクまで使ってもマジで何言ってるか分からん教授の喋り方にほんま腹立ってきた。,1
ただでさえわけわからん内容なんやけん、しゃんこら喋れや。,1
ほとんど寝てすごしてまったがな…,2
数学苦手な子は、こういうところでつまずくんやでっていう感じの興味深い記事かと思ってみたら、シンプルにアホっぽかった。,0
とりあえず板書撮るけど撮ったところで意味わからんし、黒板消しクリーナークソ耳障りな音だしてくるし、もうひたすらイライラ…,1
案の定ボコボコにされて、全身疲労で動けなくなってるナウ。,2
山かけ牛丼。,0
飽きつつある。,0
ただただストレスがたまっていく本日のバイト。,2
悪夢の夜勤3連勤が終わったと思ったけど、来週のシフト表見たら4連勤入ってたわ。( ??ω?? ),2
デトロイトむちゃハマってたんやけど、1周目のエンディングで全員死ぬっていうバッドエンドすぎて辛い。,2
昼バイト鬼楽なんやけど、もう深夜で働くの嫌になるね。( ??ω?? ),0
ちゃんと酒飲めるようになりたいなぁ。,3
というか、ラーメンが食べたい。,3
違うかな。 不味いものでも根性で飲めるようになりたいなぁ。,3
飲み会でコンタクト紛失したけど、あれ最後の1個だったみたいで、まあまあ困ってる。 眼科行かねば。,2
うふ、うふふふふふふふふ\(//∇//)\ あははははははははははは(⌒▽⌒) えへへへへへへへへへへへ(*´∀｀*),0
無事テストも終わったことですし、この冬はスーパーバイト戦士になろうと思います。,3
朝から左目のコンタクトが行方不明で困ってる（眼球内）,2
理不尽にシフト入れられるの腹立つけど、働きたいときにまったくシフト入れてもらえんのもっと腹立つ。( ??ω?? ),1
休みが多すぎて、僕はもう休日を有意義に過ごすというのがどういうことかも分からなくなってしまった。,2
人に話すことで気持ちが楽になることはよくある。,3
むっちゃDASADA見たい。,3
やばいっ！こんな時間帯に団体客が！急いで肉炊かな！・・・ 全員、朝食メニュー… 肉鍋飽和状態…,2
テスト直前やってのに、こんなん配信されて見てしまったら、もうテストもどうにでもなるように思うよねぇ。,3
「わかりましたか？」 『はい、とてもよくわかりました」 「そうですかぁ、できれば3ヶ月くらい前にわかって欲しかったことですが」 いや、ごもっともです。ごめんなさい。勉強します。,2
こうやって沼にハマっていくのでしょうな。,0
本気で彼女は欲しいが、そこまで人との出会いに本気になれていないことも自覚しているので、どこかから女の子降ってくるような運命の出会いないかなぁって本気で思ってる、今日この頃。,3
なあちゃん卒業ライブみんなで見てガチ泣きしてしまった。,2
一晩経って冷静になっても、やっぱなあちゃんはすごかったなぁって思うし、永遠の一番推しはなあちゃんやなって再認識できた。あのライブ生で見てたらマジでやばかったやろなぁ。 あと、寝坊した。ツラい。,2
あと友達に会えてない寂しさからか、気付いたら変な声出してるときがあります。,2
ほんまこれやぞぉぉおおおおお！！！！！！ 一回リツイートしてたけど、重要なことなのでもう一度言いました。,3
営業時間短縮って、なんか意味あるのかな。 開くか閉めるかどっちかじゃない。むしろ短縮することで、その時間に人集中するように思うんだが。,0
というのも、ちょっと出かける用事あって、集合時間より早めに駅の方いって本屋でもみてようかと思ってきたけど、どの店も営業時間短縮でまだ開店してなくて、六甲で途方に暮れてる。,2
今日はかげちゃんのお誕生日ですね。 そろそろ復帰するのではないかと思ってずっとドキドキ待っております。 あと、ついでに、僕の妹の誕生日です。,3
1ヶ月ぶりに夜勤して、自分でも分かるぐらい、頭おかしなってる。 わはははははははははははは。草草,2
マジでしょうもないことっていうのは自覚してるけど、どこかで呟かないと頭おかしくなりそうだったので、この垢でつぶやいてる。,2
ゆいぽんのツッコミが、番組と同じトーンで鮮明に脳内で再生されるし、おっちょこちょいなまりなまで含めて、この流れ好き,0
いっぺん聞いてみな、跳ぶぞ,3
風呂からあがって気付いたら、片目コンタクトどっかいってた件につきまして。,0
今机の角に足の小指をぶつけました。,2
そもそも、推しのスキャンダルが出て何がツラいの？って聞かれると、よく分からなくなるな。,2
ランニング2日目にして足首負傷。,2
珍しく早くに目が覚めてしまったので、優雅に散歩でもしてる朝,0
夢にゾンビ出てくるようになったやん。,2
パターキーって何。,0
かっきーのスーツ姿やべえなぁ。,0
久保ちゃんがたまに出すキモい声好きよ,0
坂道研修生とかもういらんわぁとか思ってた数ヶ月前の自分をぶっとばしたい,1
そもそも坂道新規メンバー自体いらんなぁって思ってたかつての自分をフルボッコにしたい,1
3日間は完全オタクモードになってると思うのでよろしく,3
あすかの風 ふかせたいねぇ ,3
なんや、この流れるような進行は笑,0
1兆6ポイント笑,0
あ、噛んじゃった。 たまらん… ,0
乃木雀、商品化とかされないかな,3
否定しづらい特徴で役作るな笑笑,0
毎日おしゃれやな笑,0
飼育員かっきーも可愛いなぁおい。,0
あ、いちおう食おうと頑張ってる笑,3
頑張って聞き取れ！笑,3
朝からスタジオが強いなぁ笑,0
おばはんのパワハラすこ,0
後でYouTubeで必死に動画探す,3
シンプルにむちゃくちゃ良いMV,0
よっしゃ、かき雄先輩、トレンド入りさせっぞ,3
かっきー、ちょこちょこ恋愛観ダサいキャラでこれからもやって欲しい笑,3
ありがとう髪の毛www,0
DAY2の見逃したところ追っかけながら見てるけど、新4期の推し2人のこんな素晴らしいツーショットトークを見逃していた…,2
たまちゃんのニヤリ顔がたまらなく好きだったんですが、誰か共感できませんか。,3
起きたらもう始まってた。,2
朝からカオスやのぉ笑,0
マツミンやりたい放題ww,0
4期生、仲も良さそうで、みんなニコニコふわふわ、かぁいいねぇ… おじさん見てるだけで幸せになってます…,0
可愛いので正解です。,0
誰や、堂々とおバカ発言しとるやつは笑,0
さてはこの企画おもしろいな？笑,3
I see…！！！！！！！！！ ふぅうううううう！！！！！！！,0
これくるぞ,3
今回の番組内素材でLINEスタンプ発売して欲しいぐらい。 ,3
いや、草々の草 ,0
楽しかたぁ。ありがとぅ。おやすみぃ。 （偏差値5と80を行き来する飲み会。）,0
アベマに有料チャンネルとかあんのかい。,0
え、マジななみん？興奮がやばい…,3
キッチンにコバエ大量発生してマジで地獄。,2
昨日のうちに買い物行っときゃよかったなぁ…,2
もはやデスゲームでいいので囚われたい今日この頃。,3
マジでこの世からコバエ消えて欲しい,1
なんかタイムラインが荒れとるんだが、おすしに何があったのか、誰か分かる人いたら教えて。,3
短時間でいろいろなことがありすぎて、ちょっと精神にきてる感じがある。きっと何事も考えすぎはよくない。,2
今期はちゃんと授業受けてるし大丈夫そうやとおもてたのに、急にちんぷんかんぷんになりだして、もうどうすればいいの…,2
駅まで行くのでもうすでにしんどいねん。,2
結局マスクしてたの俺だけだった気もするけど。あとエグいメガネ曇ったけど。,0
真面目な愛媛県民だったので、今でもノーヘルでチャリ走るのちょっと怖かったりする,0
部屋に現れる蜘蛛に「アラゴグ」って名前つけて生かしてやっとんのに、こいつ全然仕事せんし、ほんま次姿現したときどうしてやろうか。,1
マジでゴキブリなんなん。,1
爆破予告流行ってんのか？( ??ω?? ),0
こさかなブログで涙腺爆発するかと思った。,2
数日前に阿部くんに「サルの話」したら思ったより効きすぎたみたいで、狂ったように勉強し始めて、ちょっと怖いし引いてる。,0
ベッドの上で左向いてスマホ触ってるときだけネットの繋がり悪くなるんですけど、なんなん。俺の部屋、角だけ呪われてんのか。,2
髪切りに行くのが面倒だったのとイメチェンにもなるかと思って、伸びる髪放置してたけど、この長い髪をあつかえるだけの能力が俺にはまだなかったみたいで。,2
この天パどうしてこんなに言うこと聞いてくれへんのや。反抗期か。,2
小説読んでたときも、ここから先は大興奮で一気に読み進めてしまったのを覚えてる,0
充実した１日でした。,0
もう、ピークの限界だよぉ?。,2
これだけで飯5杯は食えそう。,3
改めて見てみると、なかなかのクオリティやったなって思う,0
俺も浜辺美波に振り回されたい人生だった…,3
気付いたら朝なんですけど、昨日のラストを誰か教えていただけませんか,2
クレカ、コワイ。,0
コンビニで肉まん買ったときに酢醤油付けるか聞いてくれるのは、どこの地域までですか。,0
久しぶりにココロがしんどい時期。,2
ただいまー！疲れたー(´Д｀),2
いってきます!!お腹の調子が悪いorz,2
モスラが飛んどる(^q^)恐怖,0
ただいま!!っていい忘れていたorz,2
おはよう＼(・o・)／寝すぎて目が腐るとはこの事だな…,0
一番くじ(-ω-)なぜだ!!地元でおいてる店舗ないやん!!なぜー,2
総受け黒子,0
高尾ー！かわいー!!,0
真ちゃんはｲｹＤｗｗｗ,0
私はどうやって練習を楽にするかしか考えてなかったな…。だから後輩に嫌われてたんやけどな(笑),2
みんな身長たかすぎ(^q^),0
この子ら、みんな好きや＼(^o^)／がんばれー!!,0
監督の顎ｗｗｗ,0
今日は空耳耐久,0
三丁目のｲﾝﾀｰﾌｭｰﾁｬｰって聞こえる!!,0
では、今から私はクラ学きく!!,3
高尾っち、どこー？(^q^)真ちゃんにちょっかいかける高尾っちはどこだー(^q^),3
黒バスコミック、9巻までしか持ってないんだが…。アニメが追い付いてきた(^q^),0
ｱｽｺｯﾄかわいいー(^O^),0
ただいまー！疲れたよー(´Д｀),2
眠い(´д⊂)‥,2
レイアースタイム＼(^o^)／,0
レイアースの一期最終回…やばい。悲しすぎる。皆が幸せになる方法はなかったのか…(;_;),2
おやすみ(-ω-),0
とりあえずファミマ(^q^)ついでに一番くじあるか見る!!金はないけど…(^q^),3
Amazonから連絡がこないだと…orz明日までには届いてくれ!!親にバレる(^q^),2
Amazonさん、バッシュはまだですかー(´Д｀)お金払ったじゃないですかー(´Д｀),2
ただいま(´Д｀)眠い(´д⊂)‥,0
人それぞれ価値観や思うことは違うのです。自分の価値観などを他人に押し付けるようなことはしたくないなと思ってはいますが、押し付けるようなことをしているかもしれない。それはやっぱり共感してもらいたい、同じ思いを分かち合いたいと思うからである。,0
夏目B賞orz,2
OPPだよー(^q^),0
眠い(´д⊂)‥,2
ちょっと落ち着いたら、やっぱり私には小説なんて無理だ!!と、思ったからSAOの文庫本やめる!!,2
いきたかったーな(*´∇｀),2
確かに自分で考えて行動しなくちゃいけないときに考えることができなかったんだよね…。そのせいで、ゆとりは指示をうけないとなにもできない。自分で考えるって能力が低い。だからって、私が考えて行動できているわけではない。,2
下痢ー(^q^)下痢ー(^q^)下痢ー(^q^),2
珍しく夜に風呂ー＼(^o^)／爪きりたいのー(^O^),3
やっぱSAO買おうかな…。,3
おはよう＼(・o・)／モーニング!!げりりん♪,2
就活生らしき青年の頭には酷い寝癖が(^q^)身だしなみ…。あと、私が細かいだけかもやけど、傘の畳み方が…。流れにそって巻けばそんなことには…。,0
ちょっと寝てくる!!きっと1時か2時に目覚める!!おやすみ(^O^),3
botたちで流れる(^q^),0
お疲れサマー(*´∇｀),0
ひぃー親父むかつくー。雨降ってきて父がベランダ行った音がしたから洗濯物を救助したんやと思ってたの。で、さっき見に行ったら、救助はされてたんやけど、全部ハンガーがついた状態で地べたに山積み。案の定しわが。なぜ畳むということをしない。,1
あーむかつく。食器だって使いっぱなし。父しか使ってないんやから、自分が使ったものくらい自分で洗えよ。なんやねん。,1
毎日毎日、何もせんとゴロゴロとしやがって!!家におるやつが家のことしろよ！掃除機だってかけたいのにゴロゴロされてたら邪魔やねん!!ちくしょー。直接いえれば楽なんだろうな。だが、面倒なことになるから言わないよ。そのかわり、老後は面倒みねーからな。,1
あー、学校からの電話でモヤモヤしてるのに父の存在のせいでモヤモヤが増す。いややー。んー。小さい頃やったら泣いて怒ってスッキリやったけど、今は出来ないことばっかり。,1
こんな時間に睡魔が(´д⊂)‥まだ明日の準備ができていない…。おしるこ買っとくの忘れた。,2
4時に起きて、また寝て12時に起きた…ｗｗ寝すぎた(^q^),0
学校に行くつもりやけど、時間が…。通学時間どうにかならんか(´Д｀),2
何で12時に家でて、14時に学校やねん!!遠いねん!!16時までしか実習室あいてへんねん!!あー、ｱﾆﾒｲﾄいきたい( -_-),1
例の漫画を母の真横で読みきった私は勝ち組(^q^),0
なんだか最終回って感じじゃないもんだから、来週もあると思ってしまうよ…(´Д｀),2
興奮もしまくったし、寝るべ!!おやすみなさーい(´д⊂),0
おはようございます。まさかの寝坊orz学校に行くのが面倒です…。しかし、母に学校行くって言うっちゃったんでｲｿｲｿと準備する。,2
しかし、まだ１時間ある(´Д｀),2
9時には寝ていただと…。7時間睡眠とか健康すぎる!!おはよう＼(^o^)／昨日は寝坊したのに…。でも今日は部屋の掃除するから学校には行かない!!,0
とうとう、明日は姉と日本橋…。さすがにBLコーナーみれねー(^q^),3
もう眠い。クラブの原稿してから寝ようと思ったけど寝ます(´д⊂)おやすみなさい…,2
今日から通常授業(^q^)つらたん。姉にまで卒業する気ないんかって怒られた(^q^),2
内定先から何の連絡もないんだが…。9月上旬に入社説明会があるから連絡するってなってたのに…。もうすぐ10月…。私って忘れられてる？…,2
正社員で採用する気ないのに正社員で募集しないでほしい。紛らわしい。,1
あー。いぬぼく全巻読み切ってしまった…。そして今日も学校に行かなかった…。少しだけ家でするか…。,2
最近、?系女子っていうのにはまってる,0
腹がへった(^q^)だが卒制…。やだー(^q^)刺繍の図案かんがえられねー(^q^),2
あーっつい(^q^)荷物重くて辛い(^q^),2
最近いつも飯抜きなのに、慣れない(^q^),2
眠い(´д⊂)‥大奥みるまでは頑張るんだ,3
寝ようとしたら、米の炊けるいい香りが(^q^),0
ようやく電車にのり学校へ向かう(*´∇｀)腹がへった。昼御飯どうしよ…。,2
乗り換え時間が短すぎて昼御飯買われへんかった(´Д｀)腹へったー(´Д｀),2
そんでiPodをシャッフルにしてたら、おお振り放送局(^q^)よながっぱの笑い声ｗｗゆうきゃんの落ち着きようｗｗｗiPod(￣▽￣)b,0
やっぱり私には踵高めの靴は辛い。,2
学校での用事を済ませて電車なう(^q^)今から本屋に行くか、大人しく帰るか…。私の足に元気がないが…。,3
太陽が辛い(´Д｀)まぶしい暑い(;´д｀),2
ヤバイ!!見たい!!録画予約(・∀・),3
眠い(´д⊂)‥無理だ、寝る。おやすみなさい(・ω・),0
休みになると出掛けたがる母とアウトレットに行ってきます!!今日の私服、超ダサイぜｗｗってことで、服を買ってもらおう。,3
徳山さーん＼(^o^)／,0
今日は病院(´Д｀)嫌だー。,2
原稿も出来てないし。てか、手つかず(^q^),2
病院いくのに、母と駅で待ち合わせなのに、母がケイタイを家に忘れていってる(^q^)自力で母を探せということか(^q^),2
ちょっと3時まで寝る。,3
つれー(^q^)二度寝恐怖。もう学校間に合わん。だから行かん。家で作業進める。病院すら行けん。いつまでたっても検査結果聞きに行けん。ビビってねーよ(^q^),2
あと20分したら作業開始ー(^O^),3
大変だ!!17時だ!!朝からウィッグカットしてて、今までかかってこんな出来なんて＿|￣|○,2
布買い出しにいったついでにおお振りの新刊買いにｱﾆﾒｲﾄいったら、Ｋ本に寄っちゃって、ホモ買いたしてきてしまった(^q^),0
時間にビビった(^q^)だから、眠いんだな(´ω｀)おやすみなさい(´д⊂)‥,0
マギはじまった(^O^)今のところアリババくん推し。きっと梶くんだから好きなんだと思う…(笑),0
今日もアリババくんは出てこなかった(^q^)かじきゅーん,2
彼の姿が好きなのさって男がいうとハァーってなる(´ω｀),0
２時間の寝坊後、授業の時間を勘違いしており、今に至る。さぁ、どうしたもんか…。間に合わぬ。今日の作業を諦めて新歓に向かおうか…。しかし…。まぁ、寝坊したのが全ての原因。電車は時間通りにしか動かんしな。焦ったところでどうにもならん(^q^)と、いい聞かせな辛い。,2
ニコ生に間に合わぬ(´；ω；｀)今日はいつもより一時間早くに切り上げたのに…。,2
ゆずと潘さん(^O^)いやー、買うしかないよね!!発売かもん!!,3
寝坊したあげくに電車の時間まで5分やったからトイレ行きたいのん我慢して電車のったらヤバイ。,2
学校で作業が終わらず、お家にお持ち帰り(´；ω；｀)終わる気がしない(´；ω；｀)無理だ。28日が来なければいいのに…(´；ω；｀)29日にワープしようぜ…(´；ω；｀),2
最近、他人にどれだけ甘えていいのかわからなくなる。これ以上甘えると不快な思いをさせるとかわかればいいのに…と思う。,2
自分に余裕がないから心が狭くなって、思いやりを忘れてしまう(´；ω；｀)もっと余裕を持った生き方がしたい。,2
FNS歌謡祭みれない(^q^)まぁ学校出たのが19時半やからな…。すでに始まってる(笑)まだまだ家に着かないしな…。21時半までには家に着くかな…。早く帰りたいな。,2
ご飯食べたら睡魔が襲ってきた(´Д｀)寝たら朝まで起きないだろうな…。卒論…間に合わないんじゃね？,2
電車の乗り換えで走ったら疲れたのよ。あと、久しぶりのダッシュで足つるかと思った(^o^;),2
ぜんぜん終わりが見えない卒論。だが寝る。昼までには起きたいが、起きれる気がしない。おやすみなさい。,2
昼過ぎている。おはようございます(´Д｀)これから卒論すっぞ!!明日までには結果に入れるようにしたい!!,3
写真が重たすぎて、すぐに再起動される。嫌いやー。,2
２日間、散々遊んだ!!今から卒論の続きする!!今日はゼミやからな(笑)早くやろ。,3
あー。腹へって腹の音がなることがイライラする。,1
うー。去年卒業された先輩の卒アルみてたら先輩に会いたくなったよー(´；ω；｀)でも、自分から連絡する勇気がない…。,2
先輩のTLみてたけど、やりたいことをやるって辛そうやけど、その何倍も楽しそうやし、充実してるのがわかるから、羨ましくなる。私は夢とか等の昔に捨てた。,2
午前中に学校に行く用事済ませようと思っていたのに、こんな時間である。学校には昼御飯食べてから行こ…(笑),2
明日の勉強を今からする。間に合うかな…。実況見ながらとかふざけてるよね(^q^),0
ただのテストなら苦手なとこは空白のままとかにするんやけどな…。こんかいは、そうはいかんのよね…。嫌だなー。,2
お腹いたくなってきた(´Д｀)憂鬱やー(´Д｀),2
学校さばる？(笑),3
起きれたー＼(^o^)／けど、あと20分もないー／(^O^)＼無理やな。ゆっくり用意しよ…。,0
いつまでも夢とか語りたい。,3
明日も朝早いのにな…。何か無駄に起きてしまった。眠れん(´ω｀),2
先生×生徒とか普通やんけと思ったけど、ただのエロじゃなくてシリアスエロだった(^q^)うまい!!,0
ミスった。先生×生徒や(^o^;),0
続き物だとwwwなんたるwww,0
明日じゃなくて今日だね(笑),0
学校でぼっちとか通常なんやけど、今日に限ってうまく物事が進まなくてイライラしてるぬ。,1
これはホモが足りてないとみた。ちょっとホモおらんかな。,3
ようやく姉への誕生日プレゼントが揃った＼(^o^)／真剣なものと、そうでないものを両方用意した!!あとは包装だ。,0
姉の友人っていうか同級生は変人ばっかりや(´；ω；｀),2
頭が痛い。,2
頭痛いおよー(´ω｀),2
最近やりはじめたｵﾝﾗｲﾝｹﾞｰﾑがあるんだが、チャット機能が途中から変になって私の発言が反映されなくて、無視してるみたいになってて悲しい。無視してないんだよーって言いたい。,2
いやー、何回聞いても笑っちゃうよねDGS(笑),0
寝れたと思ったら、あまりの腹痛に目が覚めてしまった…なんか悪いもの食べたかな…,2
なんや私！,0
結局、眠れなかった…また昼間に寝よう…ダメ人間バンザーイ＼(^o^)／,2
みたい！かっこよさそう！,3
いまだに前の職場から手伝いに来てほしいって連絡がくるが、とても迷惑だ！LINEブロックしてやりたい！,1
もう！なんだってー！って気持ちで溢れてます,1
と、いうわけで１度は10時におきたんですけど………気づいたら1時半だった驚いた,0
頭痛くて吐き気が…しんどいー眠れん,2
そろそろ晩御飯の準備するかー面倒くせーな、おいー,2
昨日の夜は頭痛で、今は喉痛い…風邪か？,2
昨日、新しい包丁を手に入れたんだ！まさか、こんなにキレッキレとは思わなくて流血した(^q^),0
矢部浩之ぐるナイ,0
ゆず鑑賞な～～～～～～～～～～う,0
気付けば5時！ファンタスティック！は？,0
今年、最後のゴミの日だ！眠い！,3
また前の職場の先輩から連絡きた。うざいぜよ。,2
やばい。年末に風邪かもしれない。吐き気が…,2
まじかー、dgsやりよるなー。財布暖めとかねば…,3
なんなんだ。いやだなー。,0
腐女子でも構わないようで、まだ連絡がくる！,0
お風呂入るのが面倒になったから、朝起きてから入るー。とりあえず寝る。,3
家を出るには、まだ早いのだけど…父と二人きりの空間が嫌で出た…寒い。,2
父が「腹痛い、ちくしょー」って言いながら、みかんもってきてモグモグしてる。,0
なんだか、昔好きだったけど、まだ子供で自分ではどうしようもなかったことが大人になって金を手にした瞬間、何かが壊れた…,0
まずは漫画から始まり、お人形さん、コスプレ………色々手を出してしまったよ。,0
最初は佐藤ゆうこさんとか林原めぐみさんとか高山みなみさんが超好きだった。,0
大学生の時なんて、ずっと「石田彰と結婚したい」が口癖だった。友達は本気で引いていたと思う。私はかなり頭が沸いていた…,0
今はもっと沸いている。神谷浩史さんと小野大輔さんが好きすぎて、二人が早く若い女性声優と結婚してほしくて待ち望んでいる。いい報告を待つ毎日です。,3
眠いよ…。やっとHUNTER×HUNTERの映画に突入だぜー。眠い！,0
やたらとくしゃみがでる。眠れねーよ！,1
せっかく早く寝たのに、こんなに早く目が覚めてしまった…。眠れない…。,0
頭が寒い。もしや…,0
昨日からお腹の調子が悪すぎる…。でも、今日こそは行かねばならんのです…。はぁ。,2
あまりにもお腹の調子が悪くて、朝から食べたものがなくなっちゃった…。,2
食べたはずなのに空腹感…,2
大丈夫かな…。今日中に履歴書を二社分…。ちょっと昼寝してからやろう。眠いと集中できない。ちなみに知らない番号から電話があったが…コールが１秒もないって何事？それが連続して２回も…。,0
電話に出させる気ないよね。,1
折り返し電話なんてしてあげないんだからね！,1
前の職場の先輩から、またLINEがきた。１週間くらい無視してるのに、毎日LINEがくるよ…。気持ち悪いよ…。,2
結局、徹夜だった…。さて、出掛ける準備しよ…。,2
あー、これがナルシストというやつか…。,0
気持ち悪いよ…,0
外出たからには、本屋に寄ろうと思ったら、まだ開店準備中だった。悲しいが何もせずに帰る…。,2
興味無さすぎて志望動機が書けない…。,2
やっと本棚買ったけど、自分で組み立てるやつだった…,2
スタミュって、すごい突然ミュージカルパートに入るよね…。,0
朝ごはん食べたのにな～…お腹すいたよ…,0
お腹すいたから昼まで寝ようとしたら、今まで寝てた…。一日を無駄にしている…。,2
頭痛いんよなー。薬以外で治し方ってあるんかな？,3
途中、写真撮り忘れた,2
菊比古ー！俺だー！,0
たぶん、クローゼットとか探せばまだいる。私の記憶ではママとうさぎちゃんとサイクリングリカちゃんがいるはず…,3
あっ！リカちゃんの双子の妹もいるはず！,3
どの子を連れて行こうかな…。,3
間違えて、お気に入りけしちゃった…、悲しいよ…,2
寝すぎた…。せっかくの日曜日なのに…。,2
あっ、レースの前にフェルトない！ベレー帽作れないな…。同じ色の売ってるかな…。,2
名前かえた。もうブログにリンク貼るのやめたからさ。あの名前じゃなくていいんだよ。,3
ただ、以前からブログから飛んでくれていた人とかにはあれだな。,2
前の職場の人からの連絡が嫌だ。,0
君が好きだと叫びたい！とかあるでしょ。でも、叫びたいけど相手がいないんだよ。,2
すきま風ってなんや…,2
とりあえず、明日考える。今日は終わり！,3
父が録画を再生したまま出掛けやがった…。私、見てないのに…。,1
もってたよ！,0
また始まった。父の病人アピール。,1
けいおん！一期を一気にみる！,3
ところで、採用っぽいメールきたけど…私、面接されてないよ…。,0
なんなんだ？こんなに無視してるのに…。,0
私が殺されたら、確実に犯人は前の職場の先輩だよ。,2
まず、一方的に送り続ける精神力も恐い…。これはストーカーってやつ？,0
しつこいよー。,1
いけないいけないとは思いつつ、借りてきたコナン全巻みちゃった…。もう５時だ…。,0
入社時の書類をまったく用意していない私はダメ人間だ。また、間際になって慌てるのが関の山。,2
発売日にも関わらず、いつも新刊が入っていない本屋。どうしてないんだ！,1
前に聞いたときは「売り切れました。」って返答もらったけど、嘘だろ。どれだけ品薄なんだよ。,1
また本屋に行ったのだけど、発売日になかったものが今日はレジ横に並べられていた。違うところで買ってしまったのでスルーしておく。,1
家に帰るなり、父から「どこ行ってきたんや。」って…。いつも何も言わないのに…。そして、なぜ言わねばならんのだ！郵便局いっただけだよ…。言わないけどね。,1
そして、今、腹の調子が悪いんだよ…。何かいけないもの食べちゃったか？,2
今日は再検査だーよ。面倒だなー。,2
そういえば昨日の再検査の結果は異常なしだった！いえーい(*^▽^)/★*☆♪,0
こんな時間に睡魔が…。今寝てしまったら、夜眠れなくなる…。明日は髪狩様のところに10時に行かねばならぬというのに。眠い。,2
あー。母に「置いていきなさい。」って怒られたー。,2
だいたい１年ぶりくらいになるのかな？久しぶりに車の運転をしたのだけど、横に乗ってる母がうるさいったらないね。１年前は仕事でガッツリ運転してたんだか、今だって運転できるのにさ。もう親は車に乗せない。,1
ひぇー、また前の職場の先輩からLINEきたー。こわい。未読スルーで。すでに12件の未読。気持ち悪いよー。,0
あー、気持ち悪い。コナンくん観てテンション上がってたのに…。,2
癒しをください,3
あとは、「契約とれるまで帰ってくるな。日が変わろうがいけ。」っていわれたから、意地で夜遅くまで外回りしてたら上司から電話があって、「どこにいるんだ！」って。安否確認された。まず入社１年目で何の指導もされず、一人で外回りさせたって契約とれるかーよ。会社の教育環境が悪すぎるんだ。,1
ちなみに残業代なんてなかったからね。部長がタイムカードに修正いれるから(笑)酷い話よね。あとは勝手にタイムカード押されてたり(笑)酷いよね～(*´ω｀*),1
そして、そんな会社の時のお客様からいまだに連絡がくる…。好かれてるのは嬉しいけど、引き継ぎしたはずだよね。新しい担当は何してんだ！………社員からも連絡くるな…無視だけど(笑),1
あー、スッキリしたー(笑),0
私は9だった。どうして6になるの？,0
引き継ぎ大変だよー。聞いてたよりもハードみたいである。普通に皆さんサービス残業してらっしゃったよ…,2
当分、お人形さんのこと構ってあげれないなー…。私自身が新しい環境になれるまでは時間に余裕がない(´-ω-`),2
はぁー、半端なく疲れたぜー。明日は入学式だよ。私は何をすればいいんだ(´-ω-`)私に勤まる気がしない。オワタ＼(^o^)／,3
激しく体がダルイ。でも、今日も仕事だ。代休もらえるみたいだけど、いつになるかわからないらしい…。あー、頭が痛い。,2
昨日は職場に声優さんきてたけど、私は別の仕事してて見れなかったことが残念だ。会いたかった(´-ω-`),2
いつも職場に一番乗りの私が朝一にすることはトイレに行く！です(笑),0
そういえば、前の職場は新入社員が20人くらいいるそうです。私の時は6人だったのに(笑)辞める前提で多く採用してるのかも知れないね。,3
今日は休みだ～＼(^o^)／,0
まさか！花粉症なのかな…。私は花粉症にはならないと決めつけていたけど…。こんなに鼻が泣いてるなら花粉症かもしれない。,2
たぶん、私は花粉ではなく花粉ではなく風邪だ！,3
結局、職場の近くの病院を聞けなかった…,2
前の職場より、今の職場の環境が格段に良いと伝えたら喜んでた。,0
お仕事中だけど、することがなくて暇。こういう暇なときに配布物の印刷とか出来たらいいのに…。,3
前にオビツ11ボディを手に入れたけど、買い忘れたパーツがあったから、頭がまだセットされていないw,2
ツッキーが我が家に来たら、ただしはただのフィギュアに戻っていただきます。,3
でも、私が悪いのかい？って、私は思う。,1
お部屋付きじゃないんだよ。他にもしなくちゃいけないことはあるんだよ。,1
ヤマギ、くそ可愛い！(゜ロ゜),0
よし！二人のきゅんキャラ探す！,3
最近、お出掛けの時はいつも忠が鞄の中にいる(笑),0
オビツろいど、楽しいね♪ちいちゃい子の服を作るのはイライラするけど、作ろうかな。,3
ほんと、可哀想なくらい忠への反応はない(笑),2
縁下のきゅんキャラ欲しい。あるのかな…。縁下とだいちさんがあれば最高♪,3
腹減ったー。家まで一時間半…。つらい。,2
はー。仕事いきたくない。,2
よし！仕事をやめよう！,3
契約上は１年……１年頑張って、辞めよう。,3
何故、前任の人が辞めたのかなって思ってたけど、何となくわかる気がする。ここには長くいたらダメな気がする！目標なく勤めるのって、すごくしんどいよ！やっぱり目指すものは必要だよね。結果が目で見てわかる形でなければ、人は頑張れない気がする。私の考えだけど。,0
先輩が帰らないと帰りづらいよね。,2
日曜日仕事なのに、毎日残業かよ。奴等の無駄話さえなければ…。,1
久しぶりに帰りに地元の電車に乗ったら、虫だらけで嫌になる。これだから田舎は…。明るい電車を開けっぱなしにしたら虫が寄ってくるよね…。虫の寄らない色とかに変えて欲しい。本当に嫌。,1
私はババアでした。,2
今日は髪狩りじゃー！,3
けんまちゃんのお支払の請求がきたよ…♪仕事帰りに振り込むね！けんまちゃん！けんまちゃん！けんまちゃん！,3
最近、お人形さんたちを構えていない…。服作りたいし、お出掛けさせたいし、写真とりたいし…。いっぱい色々としたいことがあるけど、平日は仕事で帰り遅いし、休みの日は仕事で疲れて一日中寝てるし。なんだかなー。前の職場よりはマシだけど(笑),2
もう着せてあげれる服がないよ…。作ればいいんだけど、今日は作るモチベーションが上がらない…。,2
一々自分が何の仕事してるのかって報告必要ですか？私は人に誇れる仕事はしていない！,1
駅の改札口で接吻してるカップルがいたのだけど、その接吻が長い。まず、人前で接吻してることに驚く。通勤ラッシュの時間なんだぜ…。暑くて正常な思考じゃないのかな(^q^),1
おお振りが休載だってさ…。でも、産休だからな。仕方ないな…。無事に無事に二人目の赤ちゃんが生まれますように♪,3
我が家のツッキーがまだ来ない。予約はされてるのに…。いまだに支払い連絡もない…。なぜ？もう、違うところで買おうかな…。,2
明日は厄介だぞー。明日は定時で終わらなさそう。やだやだー。,2
寝過ぎたのか………頭がいたい………,2
たぶん、これで１年間かな…。途中で携帯変えたから…。また、明日から新たなあおとの1年が始まる♪今年こそは、ちゃんと洋服を作ります！,3
電車の乗り換えが2分しかないという…。一種の短距離走してきました。暑い！暑いよ！,0
やっぱりカメラ欲しいなー。探しにいこうかな～…(´-ω-`),3
本日で、とりあえず出張おわり！これで、今年は出張ないのではと思っている！帰る途中で本買う！,3
隣人クロ月botを誰か漫画とかにしないかな…。そうなったら私は出血多量で『死』やで(^q^),3
ほんと、なぜ連絡を寄越さぬのだ！今日中に提出できないなら連絡するように伝えただろ！連絡もなければ提出にも来ないなんて！話にならない！,1
悲しみしかない。いつから私は録画予約を忘れていたのか…。もう悲しみしかない。,2
思ってるだけで、まだ型紙すら作ってない(^q^),2
大きいリボン付けてみようかな。,3
まぁ、いいや。学祭をツッキーと楽しんでこよう。ツッキー、だせるかな…。,3
ゆうたが我が家に到着です！今日からうちの子♪新しい家族が増えました(*´ω｀*),0
明日、仕事なのに…5時起きなのに…。ツッキーの服を作りたい欲！(^q^),3
だいぶ昔に作った、いちごマスコットがあるから、それをポシェットみたいにしようかな(^q^)それで、東京に持っていこう＼(^o^)／,3
今、ツッキーとあおとが出張中だから寂しい(´；ω；`),2
撮った写真はリンドンです(^q^),0
くっそー。腹立たしい。ぷんすか！給料の発生しない仕事かよ！上司が抱えてる仕事が終わらないので召喚されてやります。くそー！,1
きたのに！「データ、戻ったら渡します」って言って昼ごはん食べに外にいっちまったよ！何考えてるの？バカなの？私の時間を何だと思ってるの？本当にバカなの？,1
はぁ(´д｀|||)明日からまた仕事か………、嫌やな…(´д｀|||)つらい。,2
横に手を置く意味って何？痴漢ですか？意味わからん！,1
くっそー！本当なら16時に帰れるはずなのに、毎日20時まで残業だぜ。上司のワンマンぶりが最近エスカレートしている。私が反抗しないことをいいことに…。図に乗ってやがる。どこかで、痛い目にあえばいいのに。呪いの言葉しか出てこない。荒んできた。あっ、上司からメールがきた。つらい。,1
今日こそ、帰宅したらツッキーの旅行準備しよ。自分のもしないといけないが、まずはツッキーから(笑),3
お人形さん、みんな旅行に連れていきたい！でも、いろいろ怖いからツッキーだげや…。,3
10時から作業始めるって決めたんだから、10時までに出勤して、10時からすぐに作業始めれるように準備してほしい。仕事だってそうじゃないのかな？9時始業だったら8時半頃に出勤して9時から始めれるように準備しませんか？私、おかしいのかな？,1
学校法人だからとか関係ないと思うんだよ。どんな事を生業にしていたって、時間のメリハリがつけれていないとダメだと思うんだよ。一日中、お茶してる日もあるし。何を考えてるのか…。,1
また何時間もお茶休憩ばっかり。意味わからん。仕事して！,1
アストン…。アストン…。つらい。,2
タカキ辞めちまった…。,2
また明日から仕事か………。糞だぜ。,2
海外からの観光客のマナーが悪すぎる！子供が土足で椅子にあがる。荷物で足の踏み場を占領。何故、注意しない！たまたま目立つからイライラしてるだけだけど。日本人でも同じことしてるしな。本当にイライラ。言葉が通じたところで、気にさわらないように注意するにはどうしたらいいのか。,1
はぁ。明日も無駄なお茶の時間を過ごし、無駄なサービス残業が待っているのでしょうか。つらい。,2
お人形さんたちに癒されたいけど、部屋が余りにも散らかってるし、寒いしで、動きたくない。,2
ちょっとネタバレ読んでしまったけど、それだけで辛い。吐きそう(´；ω；`)無理。辛い。,2
シノ………無理。ホント無理。受け入れられない。やだー。泣く。,2
地元の本屋にはいつも欲しい新刊がない。取り寄せるか。,2
ハワイから帰ってきて次の日から仕事して、残業ばっかり。片付けもできない。写真の整理もしたいし、現像もしたい！何もできない！残業ばっかり。契約社員に残業させて、残業代はらわんとは何事や！,1
欲しかったものが次々と完売になってる…。つらい。,2
昨日からお腹の調子が悪い(´；ω；`)何か悪いものでも食べちまったかな？,2
泣きすぎて疲れた～(´-ω-`)今日で退職する先輩…、別れが辛すぎて泣いてしまったよ…。卒業式とかでも泣いたことないのに…。最近、忙しすぎて寂しいとか思う余裕なんてなかったのに、明日から会えないと思った瞬間、心細くて涙が止まらなくなってしまった。,2
あー、今でも明日から会われへんと思うだけで涙出てくる。電車の中やのに…。,2
とても辛い(´；ω；`),2
休みの日も仕事のための買い出しとか…。ないわー。,2
仕事いきたくない。,2
電車の中で隣に座っているおじさんがずっと鼻ほじほじするのだけど…。どうにかならないのでしょうか…。くしゃみもえげつない。超風圧を感じる(^q^),1
今日もってきたBLが思っていたよりハードで濃い内容だったので、あまりにも不審な動きでコミックを読み続けた(^q^)顔を本で挟む|(-_-)|,0
どうしたら、上手く仕事をまわせるのか。まだ慣れてないから気が回らないのか何なのか(´-ω-`)前にお願いしたことはまだ済んでないし。自分のしたいことばかり優先してるのではなかろうか(´-ω-`)もやもや。,1
悲しみや！スマホの充電するの忘れてた(^q^)あと27%やでー。今日１日のりきれるか？,2
28日のメールが今更受信された。おかしくない？大丈夫か私のスマホ…,0
昨日は仕事終わりに彼氏とデートか？と思わせるべく、少しオシャレしてキッチリと化粧をし、出社(笑)そして定時退社！いつもは30分くらい残業してる。そして、今日もキレイに化粧をし、身だしなみも整え、オルガの香りを漂わせて出社。完璧！あれ？鈴倉さんいつもと違う香りが…。みたいな(笑),3
さて、明日も仕事だし早く寝なくては！,3
登録してないよ(^q^)だって情報流出こわいし。何故、電話番号がいるのかわからない。,0
無理だ。通販だな。,3
職場の人間関係だけでなく、人と人が関わるだけで、摩擦は生じているように思う。それを気付いているかいないかだけで…,2
本当は16時までの勤務なのに、19時まで仕事させられた。無理やー(^q^)イライラするー(^q^)明日も同じ仕事とか…絶対に16時で終わらんやん…,1
連休だったんだけど、頭わいてたんだよね…。シノヤマのためにゴム買っちゃったんだよね。密林さんで。そしたら、私が今日、明日と仕事と知ってるのか、今日発送の明日届くんだって。恐ろしい。受けとるの父だよ！品名カモフラージュしてくれてるかな。怖い。シノ用なんだよ。私のじゃないの！,1
さっき、密林さんからの発送通知がきて動揺しています。連休の私が正気だったなら…。でも、これであとはパンツを揃えて…。また頭がわく。,3
いま、注文内容確認してみたら…。間違えてお得パックみたいなん買ってた…。一箱でいいのに三箱届くで…。使用予定ありませんけど。だれか推しで使う？あげるよ。いや、待てよ。シノとヤマギに何度も使ってもらえばいいのか。よし！旅行に行こう！ダブルベットの部屋があるところに旅行に行きたい！,3
今、密林さんの購入履歴をみたところ…恐れていたことが…。発送済の配達済になっていた。と、いうことは父が受け取ったということだ。帰りたくない。,2
さすがに中身がわからないようにしてくれていると信じている！でないと、私は家出をしなくてはいけません。お家に帰れません。,3
BL垢作るべきですかね？ここはやっぱりお人形さんだけにしたいよね。と、なるとだね。日常垢的なものも必要になるのかな？,3
私は今、女の人でも電車の中で座席に浅く腰かける人を見ている。二人ずつ対面してる座席にも関わらず、浅く腰かけてるよ。前の人が窮屈だよ…。気付かないのかな？横に人が座ったら睨んだよ。こわいよ。電車は皆が使う乗り物だよ。一人のものじゃないよ。足開いてないからOKじゃないからね。,2
ストレス診断で引っ掛かったようで、面談せねばならなくなってしまった(^q^)面談こそがストレスなのですが…。むしろ、系列の診断所じゃないところに行きたい…。,2
今から約1時間半かけて帰るよー(　?-?　)お腹ピーピーで冷や汗(　?-?　)寒いの嫌いやー(　?-?　)遅番嫌やー(　?-?　)本当は今年は私じゃなかったはずなのに。意味がわからないよ。,2
ゆずはさんとライリさんの誕生日が近づいている…。準備してない…。どうしたもんか…(　?-?　),2
いま、仕事中ですが、なにか？私は今すぐにでも帰りたい(　?-?　),2
本当に憂鬱。こういうのがストレス。何でもチクればいいわけじゃないよ。辞める人は良かれと思ってるのかもしれないけど、そこに〇〇さんも同意見です。とか、勝手に言っちゃいけないよ。こちとら、雑談の範囲で愚痴ってるだけなんだよ。今、私は同僚にまで裏切られた気分だよ。,1
仕事場にあおと連れて行きたい。,3
オルフェンズのイベントに当選してしまった。どうしよ。横浜とか行けんで…,0
なんか腹立つ。,1
仕事終わったよー。帰るよー。嵐聞いてテンション上がるよー。思い出すよねー。楽しかった幻の時間。,0
悲しみや。じいちゃん亡くなって、今日、お葬式やってんけど、腰をやらかしてしまい、明日のイベントに行けないかもしれないという事態になっている。ギックリ腰かな？痛いー( ´_ゝ`),2
やらかしましたなー。職場の鍵を家に忘れた…。センター開いてるかな…。やらかしてるわー。,2
名札とロッカーの鍵も忘れた。私、何しにきたんや？終わった。帰りたい。1時間半かけてきたけど、1時半かけて帰りたい。そんでもう一度1時半かけてきたい。,2
はいはい。明日の健康診断の問診票が鍵の引き出しに入ってるよ…。朝一、職場寄ってからの健康診断コースですね。何時から受付かすらわからん。オワタ／(^o^)＼,2
最近、趣味してない！そろそろ祖母ちゃんにはしっかりしてほしい(°_°)私の休みが…。,2
いつも髪は美容院で、ある程度(根元カラーとか)の要望だけ伝えて、お任せしているのですが、今回はボブが流行っているからと、ボブヘアになりまして…私はボブが似合っていないなと強く感じる結果となっています。明日からどうしましょうね。髪…,2
電車内で、ずっと子供の靴に踏まれています。寝ている子供を抱っこして座るのはいいのですが、旦那さんもご一緒にいるのだから靴を脱がせてください。ずっと子供に踏まれています。私の服は靴の底拭きではありません。,1
マスクの中で鼻水が洪水です。助けて…。さらに、くしゃみまで出そうだ…。染みないかな？,2
やばい。録画予約忘れた。ちょっと帰りたいんだけど。,2
姪っ子の泣き声で起床です(´・ω・｀)眠い。,2
退社間際に印刷機使用しにくるのやめてほしい。こっちは退社時間に職場でないと終電に関わるんですよ！「すみません。」で許されると思うなよ！こっちが文句言わんからって図々しい。癒されるためにヤマギの香水ふってかえる。推しに見守られている気分です(*´?`*),1
それよりも、ドール服つくりたい。お出かけさせるとき、同じ服ばかりで申し訳なくなる。,3
と、言えたら楽なのに…。生きづらい。本当に根暗には生きづらい。,2
現実逃避でお風呂入ったから、スッキリだよー(*´?`*)でも、現状はかわらない。ぶはっ(??????｀),0
めっちゃベビースターラーメンの匂いするねんけど、誰や！電車内にベビースターラーメン持ち込んでるのは！お腹空いてるからスメルテロやめてよ！,1
マジで男性への免疫がないので、困っている…,2
やばい。緊張で吐きそう。心臓飛び出そうって、こういうことか！,0
早く、大きな仕事終わらんかな…解放されたい…まじ、責務果たさん後輩、爆発しろ。仕事中に音楽ながすなよ。うるさいねん！独り言おおすぎやねん！うるさいねん！,1
今度、滋賀に行くことになったけど、軽率に鍾乳洞いきたいというったことを後悔している。なんか、ガチめの登山みたいなこと書いてあって、行きたくないといい気持ちが大きい。自分が行きたいとかいうっといて、今更行きたくないっていうったらキレられるよな…,2
鍾乳洞回避できやした！わたしの周りは優しい方ばかりで、わたしは人生勝ち組かもしれない！,0
とりあえず、部屋はBL漫画が床を見えなくしてるから、どうにかしたい。誰か引き取ってはくれないだろうか。,3
絶賛体調不良なんだが、明日鳥取いってくる_(:3 」∠)_車でげろりんちょせんように祈るばかりや_(:3 」∠)_行き先変更お願いする前にランチ予約したと連絡きたから、鳥取にいかざる得ない_(:3 」∠)_お腹ピーピーやのに海鮮丼_(:3 」∠)_ピーピーフィーバーやで_(:3 」∠)_,2
明日はコナンくん持参するの忘れないようにしないとだよ！コナンくんとドライブだぜー！ピーピーでも楽しんでやるぜー！,3
またiPhone落下させてしまった…保護フィルムばきったやん(´･_･`)誰か張り替えてくれないかしら。小人さんが来て…せっせと…な。,2
買い物してて、支払いはしたのに、商品受け取るの忘れて、店員さんに「こちら、商品です」って手渡しされてしまった。めちゃ恥ずかしかった(　?-?　),2
わたしの伝え方がおかしいのか？なぜ、全てやらない？わたし、全部の指示したよね？メモ取ってなかったもんね。忘れちゃったのかな？でも、これ１度目じゃないよね？,1
久しぶりに浮上しているのだけど、色んな作業が間に合っていない(´；ω；`)自分用ストール、姪っ子用ワンピース2着、クリスマスプレゼント用クッション、ツッキーと黒尾さん用ペアウェア、差し入れ用の何か。無理だ。間に合わない。,2
どうしてだ。わたし宛の請求書を何故違う人に渡す？意味がわからないよ。宛名みろよ。もう入社して半年過ぎてるだろ？,1
気付いたら、文房具とかも借りパクされてるのだが…使うなとは言わんが、返せ！,1
道具管理くらい己でしてください。わたしは貴女のことまで知りません。わたしのせいにしないでください。貴女が探したけどなかったと言った場所を探したら、ありましたけど。慌てて見るから見落とすんですよ。事前にどこに何があるかキッチリと把握してください。,1
はぁ、めんどくせーどないするねん。イライラしますなー。ホルモンバランス悪すぎてイライラがすぎるぜ！,1
付き合ってるわけじゃないから、他の人と同時進行でもいいけど、わたしにバレんようにしてほしい。誤爆しやがって。会う前から気が重いわ！,1
比較されてるんやろうなと思うと、わたしには勝ち目ないなって思って、さらにゲロ吐きそう,2
マスカレードホテルみたいな,3
コスモタワーにも行きたいな(・ω・)絶対、楽しいやん。,3
ジェラパケ男子,0
なんやジェラパケって、ジェラピケな！,0
姪っ子が私の上で寝てしまい身動きぐとれない。携帯を携帯していて良かったと心底感じている。,2
年始に買ったPCを漸く箱から開封！起動させてるけど、よくわからん(￣▽￣;),2
絶対に姪っ子から手足口病うつされた…。,2
めちゃ口内炎できてて、手に発疹できてるし、体ダルいし。最悪や。,2
ヘルペスって診断された…手まで症状でてるから終わってる。何も出来やん( ?ω? ),2
手足口病になったー(￣▽￣;)まさかやな。大人で手足口病は珍しいみたいやね。それも子供の時になったのに、二回目よ。,2
布団干したから、部屋の片付け始めたけど、果てしないな。服多すぎやし、漫画多すぎやし、断捨離を要している。,2
布団敷く場所ないから寝られへんな。今日はコタツで寝る。,2
ようやく転職のために動こうと決心した。とりあえず、前回の反省を踏まえ、一旦下調べしまーす！本屋行ったら、転職の本めっちゃあるから悩むよね?。どれが私に合ってるのだろうか…。,3
さて、今日は断髪すっぞ！,3
終業時間は過ぎたけど、データのアップロードが終わらないから発注かけれなくて帰れない。くそが！データが重すぎる！,1
マクド食べたくて仕方ない( ´_ゝ`)マジでマクド食べたい！マクド食べたーい！,3
これ行きたい,3
くま吉か！名前思い出したーすっきりや！,0
どうして仕事の月曜日は必ずやってくるの？休みの日曜日はいきなり仕事の日曜日になっちゃうのに。,2
家の中にバッタおったんだが。思わず、殺生してしまったが。この時期に殺生して良かったんか？わたし、死ぬかな？,0
仕事だー！仕事だー！これ、わたしの担当じゃないけど集合場所に、まだ誰もいないだと！ふざけてやがる。わたしが、集合時間の30分前についたことが原因です（笑）,1
まじで、後輩の野郎。わたし宛のFAXだろ！誰に渡してんだ！何度同じことするんだよ！わたし宛の郵送物も誰に渡してんだよ！しっかり宛名の確認しろよ！レターケースは共用なんだからよ！2年目だろ？しっかりしてくれー今年で辞めるか知らんけど、勤めてる間はしっかり働け！,1
満員電車で傘持ってる人は気をつけるべきだ。足、刺された。イライラする。,1
謝罪すらないから、更に腹が立つ。自己管理できないなら折りたたみ傘にしたら？イライラするわ。,1
これや！職場のヒステリックババァ！（笑）,0
まじで職場の後輩は頭悪いゴミ袋邪魔そうにしてるけど、その場所に置いたんはお前やからなわたしは邪魔にならんように置いてたからな邪魔なら元の場所に置けば？頭悪いんかな？邪魔やからって、いつも私が使う棚使うんはおかしいんとちゃうか？些細なことやけどな、そういうのが多いねん嫌い,1
シュレッターもな、音うるさいから時間考えてやってるんやで今、うるさくしたらあかんやろってタイミングばっかりに溜め込んだシュレッターいきのプリントをシュレッターするんはおかしいと思うで周り見て動けよ個人プレイは必要やけどな、そういうプレイはワガママやと思うで,1
服装もな、人によってはうるさくいう人がいてるからな、その人が来る日だけはカジュアルな服はやめろといってるだろ？なぜ、学生が着るようなニットのパンツやねん年配の人から見たらパジャマぐらいの感覚やねん考えて?、もう無理靴も靴箱にしまって?,1
出しっぱなしの靴も、いつもボロボロで靴の中まで破れてますけど？どんなにオシャレしても足元汚すぎやろ洗った形跡もないし食器洗っても、汚れついたままですけどどんな洗い方してるやお茶注ぐ時も、なんで毎回こぼすねん下手くそか,1
わたしのPCにしか入ってないソフトあるから、使ってもらうのはいいけどデスクのものを勝手に使うなペンとかはいいけど、使ったら直せ！出しっ放しってなんやねん座布団やひざ掛けも、勝手に使うなよ人に使われたら気持ち悪いねんとくにお前にはな！清潔さを感じねぇから無理汚い,1
電車を降りたときに前を歩いていた人の足のかかとを踏んじゃったのですよすぐに謝ったのに、しばらくずっと睨まれてですね。わたしが悪かったけど、そんな態度されたら「はぁ？」って気持ちになるわけですよ。続きます,1
マジで後輩どうにかならんかなまとめて提出してって言いましたよね、わたし何、分割しとんねん勝手に分けるなよまとめた分で申請しとんねんまじで日本語通じへん早く辞めろよイライラするなー,1
まじで後輩、むり。2年目で使いもんにならんとかなんなん。結構偉い人へ渡す書類の偉い人の名前間違えたまま渡しちゃうし。確認不足すぎやろ。何で名前間違うねん！その謝罪も自分でせえへんとか、まじでキレそう。お前の失敗やんけ。,1
わたしのキッド様はどこにいますか？,3
在宅勤務なうな私と、休みの旦那さん。旦那さん、片付けなう,3
繰り返される膀胱炎いまだ手に入らぬ保険証,2
朝一で「さすがにこの量はできないと思うけど～」って30センチくらいの書類の束を机に置かれたので「絶対終わらせてやる！！」という気持ちでお仕事やったら終わったので達成感に包まれて帰れる,0
アーーついに眠気MAX周期が訪れてしまった…寝ても寝ても足りないやつだーーこれはしんどいぞ,2
ふくらはぎに湿布貼ってるのバレて恥ずかしい,2
就職してから何度も言ってるけど祝日休みとても嬉しい～～！！ほわ～三連休まじか～！！初日ご飯の予定あるだけであと暇だけど。,0
あーっっ遅刻したいぃぃ、でも今月は三連休のおかげで仕事が溜まりまくるの分かってるから少しでも進めないと…がんばルビィ…,2
上司から「小宮さんめっちゃ仕事覚えるの早いから本当はまだ教えなくていいこともつい教えちゃうんだよな～！」って言われて調子乗ってる  ミスめっちゃ怖いけどがんばる～,0
ヘアオイル使うといいよって言われたから買ってみて使ってみたんだけど、え～～髪の毛めっちゃいい匂いする！気分が上がる、良き,0
いい天気の中のお散歩は楽しくなるよね～,0
遊びには行きたいが雨が嫌ということでグダグダしている。仕方ないからお部屋の掃除でもするかな…,2
うわー！ジンギスカン食べたい！お肉…！,3
大好きなくるみ蒸しパンが40円引きだったので速攻買ったよね～うれし,0
っはーー薬飲んだのにめちゃくちゃ頭痛い,2
鴨ラーメンのお店に行く約束を取りつけたのでご機嫌だけど、今日のラーメン食べたい欲は抑えきれなかったからラーメンを食べに行くぞ,0
はらへり～ このあとの美味しいものを食べてお酒を飲む会が楽しみすぎてわきわきしちゃう,3
今日の給食ししゃもだそうで、とてもいい匂いが。。はーーーししゃも食べたい！！,3
しあわせになりたーーーーい！！！まずは納豆ご飯を食べるところから,3
めざまし止めてめっちゃ寝てしまってた。あと15分で家を出なきゃいけないとかマジ？ありえませんね,2
お風呂にお湯が溜まってないショックで間違ってクレンジングを2回もしてしまった。そんなにやらんでいいよ。。,2
閉店前の「プレイを終了します」画面を見るまでゲーセンにいたのは初めてで楽しかった！さて夜の街をお散歩だ！ひゃっふー,0
おねーさんどこ行くの？車で送ってこうか？って声かけられてめっちゃ怖。。私はFGOをやってんだよ話しかけないでほしい,0
ふぇぇ父からの電話でおっきした。ねむ…だる…,2
DDR上手くなって真にイケてるナオンになりたい,3
待って帰路の時点で薄々怪しいとは思ってたけど、 今とんでもない頭痛と寒気してるwww DDRで汗かきすぎたから？？着替えないと死ぬやつかもしかして,0
えー流星群見たい。誰か一緒に見よ…同じ空の下みんな繋がってるから…,3
遅延で大幅遅刻なんだけど、午前休とりゃ良かった～～満員電車で気持ち悪くなってきた,2
娘の音読の宿題がごんぎつねになり、私は音読を聞く度に号泣をするハメになるのであった。ごん…お前だったのか…,2
お洋服着たらとても楽しかった,0
まーーーたカンジダになったのでホント私はストレスと睡眠不足に弱いんだなぁということが身に沁みます。つらい,2
パピコのおとなの濃厚ショコラのやつやっと食べた！濃厚…すき…,0
ねこ 私を癒してくれる ねこ すき,0
娘をオンゲキに誘おうと思ったんだけど友達と近所の祭り行くって振られたので悲しみ 最近はLINE友達も出来てしょっちゅうLINEしてるしなんだかお母さん寂しいよ,2
2時間も寝ちゃったー！げんき！,0
先週からおうちのことで悩んでド凹みモードで精神が死にかけてたのに、楽しみな予定が沢山入ってきて一気に幸せになっちゃったな。めっちゃ単純！,0
やっとやる気が起きたので、大恋愛をやっと見るぞ！！！次の金曜は時間あるから見れるし、今週中で放送に追いつきたい～！！！,3
電車の中で泣いてるから多分もう結構限界だなぁ 親だろうが妻だろうが私は私の感情があるしガマンできないこともあるんだよね あぁもう帰りたくない 今日のところは帰るけど,2
娘のメガネが壊れたのでさっきメガネ屋さんに行って直してもらったんだよね、20分くらいかかったのに、お代はいりませんよーって…お金払わせてよ！！むしろ！！！ってなっちゃった。ありがたい…絶対またここで買う…,0
急に土砂降りとか聞いてないですよ！！！お薬買って帰ろうと思ったのに濡れるから帰宅！もー！！,1
現実を見るとこの給料だと今後やってけない気がするなぁ…うーん…はぁー悩む悩む,0
仕事中にも休憩中にもメソメソしてたのでだめ、今日はなんか美味しい物食べたい！ とお腹減ってるのに食べたくないな…どうしよ 目の前にご飯が出てきたら食べるけど用意する気力が湧かない…はひー実家帰りたい…,2
個人的には夜景の見える素敵なレストランとかじゃなくて、星の見える丘とか公園でプロポーズされたい。かしこまった感じじゃなくて、人のいないとこが良い フラッシュモブとかは絶対嫌,3
娘が悪いことをしたので叱ったけど、私情も混じえて怒ってしまって超絶自己嫌悪でズーンとしちゃってる。えぐえぐ。泣いちゃう,2
おさんぽしてたら汗が出そうになってコート脱いだけど薄着すぎて不審人物,0
やばいやばいやばいねむい,0
めっちゃ寒い～！！早急にひざ掛けを買いに行かないとこれ職場で死ぬやつだ私にはわかる,2
おなかぎゅるぎゅるマンだからなんもしたくないよぅ。絶対お腹めちゃくちゃ壊してる人のお腹の音してる…何一つ壊してはいないけど…,2
自分の昔歌った曲聴いて「最高か～」って言う期間が来ました 私の歌めっちゃええやん,0
TL見てて何の変哲もない画像を見ようとしてタップしたつもりが、指が触れる直前にTLが更新されてしまって、えっちな画像が拡大された…いや罠すぎるでしょ。いい加減にして～,1
今日めっちゃ調子いい！いっぱい寝たからかしら！お仕事めっちゃ楽しい～,0
来年春くらいまでには持ってる本処分していきたいから少しずつ電子書籍に切り替えたいんだけど、電子書籍読む用の端末って色々あってどれがいいのかわかんないなぁ、なんかいいの無いかな。高いからすぐには買えないけど～,3
しあわせだなぁ…,0
あいすたべたい。,3
今日仕事大変だったから疲れちゃった。ぴゃー,2
イヤホンどっかに落としたなこれ！！！死,2
イヤホン新しいの買ったのはいいんだけど今までで1番じゃない？ってくらい音質が悪くてびっくりだ。790円のイヤホンの方が音がいいじゃん。1200円とかしたのにもぉー,2
聞いてよ、イヤホン落としたと思ったら普通に家にあったんです（白目,2
昨日は「私が頑張った事を、周りのおかげとか言わないで、私が頑張ったって認めて欲しい」というのをひたすら訴えてる夢を見た。高校に入学した時のこととか色々。亡くなったおじいちゃんに必死に訴えてたけどそもそもおじいちゃんは私を否定したことは無かったのになぁ…なんか辛くて悲しい夢だった,2
トイレットペーパー無くて具合悪いのに買いに行かなきゃじゃん死ぬ～～と思ってたけど、非常用袋に入ってた気がする！と思って見てみたら入ってた～～～私有能すぎるな～～～惚れるわ～～,0
仕事やすもっかな～～～行けそうな気もするけど途中で帰ることになってもやだしな～～なんせレディースデー2日目だから普通に体調悪いし。はぁん,2
お夕飯どうしよう、、作りたくないよー。寝てたいよー。げほげほ,2
ちゃんと連絡くれる人好き フォローしてくれる人が好き あとからどんなに取り繕って謝られても、こっちが嫌な思いをしたり怒った後だと不信感とか不満感で呆れてしまって、もうあんまり意味無い 全てはそこに尽きる,3
サングリアとか色々含めて8杯くらい飲んだけど同量の水飲んでるの私だけで笑った。そりゃみんな酔っ払うよねー。水飲むと楽しいなーってなるだけで翌日にも残らないから絶対飲む。トイレ近くなりすぎてみんなの2倍くらい席立つけど,0
寝室のUSB端子が次々と死んでいくな？？？私！？私が悪いのか！？,0
読んだような記憶があるしメールにも「編集が終わってないだけなので終わり次第送りますね」って書いてある作品がどこ探しても見当たらなくて悲しい。どういうことなの、ねぇ。これこそ録り直しじゃないですか。ヤダー,2
そっかー今日頑張れば三連休か！がんばろーー！,3
祖母からの年賀状が来ててなんか内容が鬱々としてて嫌な気持ちになってしまったなー。なんでうちの実家の人達って大事なことは全然話してくれないし、隠しておいて欲しいことは喋っちゃうんだろ。こんなんだから相談とかしたくなくなるし頼ろうという気持ちが無くなるのがわかんないのかしら。ぷんすこ,2
耳に穴を開けられた。一生開けないと思ってたのに人生何があるかわかりませんね。開けない理由は「すごく怖いから」だったので泣きそうに怖かったし、なんなら開けた後も怖くて半泣きだったし、精神がやられたのでテンションが低い。がんばった。耳痛いし今日は店じまい,2
自炊やっぱめっちゃ美味しいなー,0
お夕飯をどっかで食べて帰りたいなー,3
寂しいから通話繋げて～ってワガママ聞いてくれた某氏に感謝しつつねんね,0
忘れないように玄関に置いたものを見事に忘れるバカっぷりを発揮した。途中で気付いたから取りに戻れたけどアホすぎて泣いちゃう…,2
締切守れない人には肉を奢ってもらう,3
残業おわって帰宅。昨日洗濯機回したのに干してなかったことに気付いて絶望しているよ。はー乾燥機付き洗濯機ほしい、干す時間が短縮されるこれこそ費用対効果抜群だと思う,2
めっちゃカラオケ行きたいー！！！,3
秋頃から現場出動がなくなったから完全私服だワーイと思って油断してたら金曜もしかしたらスーツ出勤かもしれなくて、えっスーツ持ってないですけど、夏用のジャケットならあるけど、え？どうすんの？？て感じになってしまった。最悪昼休みユニクロとかGUに駆け込んで買いに行くしか…出費…,2
金曜の現場行きなくなった！昨日慌ててスーツ買いに行かなくてよかったーセーフセーフ,0
小宮さん厚塗り感ないのに肌綺麗だねー陶器みたい！！って褒められて朝からうふふってなってたのに、バカだから鼻の横のガサガサしてた部分の皮を剥いて出血,2
雲と星を見るのが好きだなぁ。空が綺麗なところにいきたい。,3
何もする気が起きない,2
花粉は滅してくれ頼む,1
自分はすーぐヤキモチ妬くくせに表に出さないで相手にはヤキモチ妬かせるようなことするのほんま良くないですけど～～,0
よーーし！！！がんばる！！なんか唐突にやる気が出た！！！,3
赤ちゃんてなんであんなに可愛いんだろな～、泣いてるのも笑ってるのも変な顔もみんなみんな可愛いもんね,0
よしお兄さんとりさお姉さんが卒業すると聞いて…めちゃくちゃ見てた、好きだったー。長年お疲れ様でした。,2
結婚式っていいなぁ。大好きな友達の結婚式は呼ばれるの本当に嬉しい。 エンディングムービーで、毎回友達がカラオケ行くたびに歌ってくれてその都度ムービーを撮っていたワンオクのC.h.a.o.s.m.y.t.h.が流れて、もう冒頭から泣きまくりだった。やっぱ死ぬほどいい曲だ～！この機会にと思って買った！,0
悪夢見て起きたのでとても憂鬱な気持ち。ないとは思うんだけどほんとに起きそうな悪夢だったからめっちゃこわかった、会社行きたくなくなった…びえぇ,2
めそめそしながら収録いってきます。もうね、終わったらポテチ食べてやるんだからね！許さないよ！（誰を,2
仕事めちゃくちゃ憂鬱でげんなりしてたけどちょーーーうれしいことがあったからハッピー,0
女の子デーなので具合も気分もよくなーい…ぐったり,2
おなかいたくて寝れない…うう,2
今日の朝は空すごい綺麗だったからめっちゃ幸せな気持ちになれてよかった。やっぱり空見るの好きだなー,0
お気に入りのストールどっかに引っ掛けてやぶけた～とても悲しい…あーん帰省のとき持っていきたかったのになぁ。新しい子をお迎えするか。。,2
大好きなおじさんがガンかもしれないと聞かされてとてもテンションダウンしてしまった。今年の春夏の帰省はちょっとしんみりしてしまいそう。毎年みんなで海行ったり花火見たりしてるけど、今年はダメかもしれないなぁ…。,2
今日ちょっと鼻づまりひどすぎて、いやー花粉ひどいなーと思ってたけど、夜になるにつれて頭痛が酷く、寒気もしてきたから熱計ったら微熱出てた。久しぶりに具合悪くした気がする。えーん。寒気する熱とかやばくない？お風呂入って寝るわ。残業しなくてよかった,2
やっぱ運び屋って映画めっちゃ面白そうで気になるから見に行きたいなー,3
人の作ったご飯食べるのめちゃくちゃ幸せ,0
オートミールは超不味いって何週間にも渡って言われ続けてたけど「私にとっては美味しいかもしれないじゃん！」って突っぱねてて、いざ食べてみたら普通に美味しかった（調理の仕方かもだけど） 好き嫌いを人の意見（噂）に惑わされないのが自分の長所だと思ってるのでこれからも貫きたいです。おわり,3
朝から洗面台の前から離れられない吐き気に襲われて午前休とってた。吐くの下手だから吐けないでおえーって言ってるだけでひたすら号泣してた…2時間半ぐっすり寝て起きたら汗だくだったけど元気になった気がする！ 今日は同僚とランチ行く予定だったのに悲しみが深いけどしゃーない。,2
退社したら空がまだちょっと青くて嬉しくなっちゃった！日が伸びてるー！,0
布団で腹筋してたら猫が上に飛び乗ってきて「イヤァーーー！！」って声出しちゃったし、喉を痛めた…うっ,2
AmazonKindle paperWriteを買うことにした。本、実物パラパラするのが大好きだし本屋ブラブラするのも好きだから寂しいけど、もう買うのやめて電子書籍に切り替えていこ,3
25分ほどお散歩したら暑くなった。お散歩楽しくなる時期で嬉しいなー,0
吐き気するくらい肩凝ってたからマッサージ行ってきたんだけど施術上手い人だったから本当に最高だった！よーし！部屋の掃除を！がんばるぞ！,0
はー今日のおもち本当に美味しかったから絶対また行きたいな…次はきなこもちとごまもち…どんぶりもち美味しすぎたなーーー むしろ誰か気になる人いたら一緒に行こ、11時半くらいから並べば多分オープンと同時に入れる,0
明日は30分早起きをしてご飯をしっかり食べて、お部屋掃除して家を出る！ぞ！！わすれものしませんように！,3
【実績解除】お弁当作ってトートバッグに入れて準備万端の状態にしたうえで忘れる,2
2日連続同じような悪夢見てかなり悲しみが深い。私は本当に将来に不安があるんだなぁってのがよくわかる内容だった…半年後、一年後、私にはどうにも出来ないことで嫌われて放り出されて1人になるのではという不安が胸の奥にずっとあることが浮き彫りになった！やだもう！！,2
悪夢で起きた。とてもつらい,2
｢悪気はないからやっていい｣ってのはおかしな論法だよなーといつも思う。ボケちゃってるならともかく、意識がハッキリしてるなら言って良い事悪いことの区別くらいつけるのが大人のマナーよね。失礼な事言ってる人には誰でも怒ってもいいし、怒られた側は逆ギレしないで反省出来たらいいよね。,3
好きな人の老化による白髪とかたるみとか見るの大好き人間だけど、自分が老化するのはなかなかにしんどいものがあります。白髪まだ生えたことないけどいつ生えるんだろう怖い怖い,2
引越しで持ってってもらうダンボールやらなんやら、玄関に全部置いといたら家の外に出すの五分で終わった…。｢引越センターですお願いしまーす！｣のチャイムから15分以内で積み込みまで終わった。いくら家電とか無いとはいえ、そんな早い？？？プロだなー,0
新居、寝室というか布団の横が大きな窓なのほんとにめちゃくちゃいいな…朝日で起きれるとか健康的かよ…,0
隣のマンションでごみ捨てしてた男の人が、ベランダから顔出してる奥さんに｢いってきます！｣って何度も手を振ってて奥さんもニコニコ振り返しててほっこりしちゃった,0
おなかいっぱい食べるとしゃっくりが止まらなくなるんだけど、可愛い｢ヒック！｣みたいなのじゃなくて｢ヴッッ！！！｣て大音量で出ちゃうの、どうにかならないもんか…苦しいし恥ずかしいし…,2
中指にささくれあるの気付かず洋服に引っ掛けてピッてやってギャー,2
すごいアホだからもも肉買ったつもりがむね肉だったんだよね。2キロも買ったのにすまない娘…むね肉の唐揚げも…お、美味しいよ…（泣きながら,2
今日は娘の運動会だったんだけどあんまり晴れてなくて暑くなくてよかったー！ソーラン節やってる娘可愛かった…,0
なんか朝からあんまり体調良くないなー。若干吐き気する。ごはん食べてお家を出たいけどそんな余裕ないな～う～ん…,2
最近ちょっとマジでキレそうなくらいムカつくことが色んな人に対してちょこちょこあって、謝罪できない、埋め合わせできない、人のことを考えられない人は嫌だな～～ってつくづく思ったんですよね。時間、金、気持ちのどれかでなんかこう、するべきなんじゃないの。距離を置くのが正解なんでしょね。,1
収録しなきゃいけないけど、ゲームもしたいし本読みたいし寝たい…が、いろんな人に連絡も取らねばならない…うーん時間が無限に欲しい,3
寿司とピザおごりで食べたし深夜までわいわい盛り上がってめっちゃ楽しかった～！しあわせ～,0
自動的にこの時間に起きちゃうの嫌すぎる、2時間しか寝てないよ。もっと寝かせて～,2
電車がホームに入ってくる風がすごすぎて心臓止まるかと思った,0
午前中眠いからお昼寝のためにおさぼりしたつもりだったんだけど今家を出たら鳥肌すごいし寒気がしてるから普通に具合悪いやん。仕事行きたくねー行くけど,2
ひとり飯だからなんか食べて帰ろうかなぁと思ったけど血が足りないのでレバニラ作って食べる～ 野菜ごろごろ入った冷製スープも買ったから栄養面はばっちりですねやったー,3
泣きすぎてつらくなってお布団で寝るしかできない,2
水筒に飲み物詰めて、後ろのとこに薬も入れて万全の状態にしてキッチンに置いてくるというミスを犯したの朝から悲しい,2
アラジン(吹き替え)めっっっっちゃよかった！！！！！アラジンて実は全く見た事がないので純粋に楽しめた～、あぁいうチャラくて根は真面目系男子大好物なのでウフフってなってました。山寺宏一はすごい。,0
8月公開のライオンキングも絶対見たい！！ これ言うと驚かれるんだけど、実はライオンキングって生まれてこの方ちゃんと見たことがない。予告のシンバ可愛すぎてあんなの見ないわけにいかないでしょってなった,3
焼肉食べたいな～高いのじゃなくていいんだ…,3
今日はなんだか顔色がいいぞ！おしごとがんばろ！,3
今から夕飯だけど収録でテンション上がってるからこのままカラオケに行きたい気持ち…歌いたいな～～行かないけどさ…ふぉぉ,3
入社して一年越しに同期が腐女子ということが判明し、歓喜,0
なんでかすごくお腹痛くて立ち上がれずにいたけどそろそろ役所に行かねばなるまい。。うぅしんどい,2
具合が悪い人がいても声をかけない（酔っぱらいだと思うから）というのは、道端で倒れたりしてる酔っぱらいが多すぎるせいだと思うんだよな。意識なくしたり人に迷惑かけるほど飲むべきじゃない。笑ってる人多いけど全然笑えないと思う…,1
結婚が人生で一番最高とか人生の墓場とか言っちゃう人はナンセンスなのわかるな～～理想抱きすぎるからダメなのよ,0
プライムデーなのは知ってるけど何も欲しいものがない。無駄な物買ってもしょうがないしなー。しいていうなら生活用品の買い置きまとめ買いかな～～,3
寝ようとしてたらスマートウォッチ誤操作でランニングにレッツゴー！とか言われたんだけど絶対行かないよ。おやすみ,0
今日は夕方までなんの予定もないので筋トレして昼寝してゲームする日にしようと思います なんでもない一日をがんばるぞ,3
そろそろノロケっぽいツイートしていってもいいかなと思ってたのに娘が私のツイッター見てると知って、とても…とても書きづらい…,0
｢私はあんなに苦労したのに｣っていう思考が時々顔を出してしまう。｢いらない苦労はしないに越したことないよね｣って言って笑顔を作れるようにしたいものです。 ほんと、すぐ嫉妬するしヤキモチも妬く。そんな自分が嫌だー、まだまだ精神年齢が子供！大人にならなきゃなー,2
昨日うなぎ食べてる時に｢ビール飲みたいけど我慢して家でお酒飲も！｣｢そういやアイスの実と氷結あるやん！｣｢家帰ったら即飲もう！最高～～！！！｣って会話したのに、うなぎで満足しすぎたせいか花火が綺麗だったせいか、頭からすっかり消えてた。二人とも鳥頭すぎるw,0
昨日ジャッジアイズ1時間ほどプレイしたけど普通に面白かったのでモンハンが発売されるまでにクリアしたいところです(私がモンハンやるんじゃなくて向こうがやるので長期間テレビを占領されること間違いなしなので),3
このくらいの時間からお腹痛くなる。なんだろ。ストレスなのかな…,2
私はもう娘(10歳)がいるので赤ちゃんは見るだけで十分ですが…。 娘にはずっと｢赤ちゃん産んでも面倒見たくないから里帰りとか期待しないでね｣って言ってたんだけど、歳を重ねる事に赤ちゃんがめちゃくちゃ可愛く思えるようになったし世話したい欲出てきた。孫の出来たおばあちゃんの気持ち…,3
カラオケいきたいな～～～,3
友達と話して口に出すことで分かったんだけど、私は今の働き方に満足してないんだなー！今の会社に就職した動機と、今暮らすために必要なものが噛み合ってない。貰うもん(有給とボーナス)貰ってから辞めたいから来年の春くらいまでは働きたいけどそこから色々考えようかな！,3
今日は健康診断なので朝ご飯が食べられない。ギリギリまで寝ていたかったのに何故か早起きしてしまったので洗濯を回したけど、起きてないといけないのしんどすぎ～～寝たいよ～。お腹減っちゃう…,2
今日は人見知りの赤ちゃんの笑顔や泣き顔をたくさん見れてとても癒された。なんであんなに可愛いの！ 娘の赤ちゃんの頃の泣き声に若干似てて思い出してほわ～ってした。 あと6キロってめちゃ軽っ！！！ってなった。体感2キロだわ。子育て経験がないと重く感じるんだよね～6キロ。また会いたいな～！,3
今日は夜ラーメンでも食べに行くかな～おいしそうなやつ,3
鼻水止まらない、今日絶対花粉飛んでる！！！ずびずび,2
ニャンちゅうの声優さん難病なのにすごく前向きで明るくて素敵だなぁ。とても頑張って欲しいし応援している…,3
なんだか指輪したい欲が強まってきた。母に貰ったやつでもつけるか…と思ったけど旧居に置いてきたかな～～あ～～ 可愛い指輪つけたいな～ あと宇宙ガラス当たんないかな,3
帰りに暗がりで自転車に跨ってひたすら携帯いじってるお姉さんがいて、横を通ったらめっっちゃびっくりされたんだけど、こっちもびっくりだわ。映画よりびっくりだしたわ。そんなとこで携帯をいじるな。,1
洗濯もしたかったのに無理だったし今日はもうダメだな～、お外が涼しくてやっとまともにカーディガン着れるのが嬉しいくらい 目痛いのにまともに仕事できねーよー今日締切の仕事あるからするけどさ～,2
生理中のイライラとネガティブ、自分でもわけわからんし嫌だよねーと言う話で盛り上がった。怒るとこでも凹むとこでもないのにすーぐ気分が上下して辛いわね！なんとかイライラしないように、しても表に出さないようにがんばってる…泣かない…泣かないのよ…,2
この規模の台風でさんざんやばいって言ってるのにまだ｢外出られるかな～｣とか言ってる人いるのびっくりするんだけどみんな外出ないほうがいいよほんとに。死ぬよ。窓も開けないでおうちでゆっくりしようよ…？,0
パーカー着るつもりだったのに忘れて七分袖の薄いシャツで出てきちゃって、さみぃ…死ぬ…ってなってたけど、駅に着く頃にはちょっと暑いの、なんなん。ちゃんと体温調節して。,2
やっと貯金が出来るようになってきて幸せいっぱい…貯金が趣味なのに、ここ10年近く自分の貯金は全く出来てなかったので。は～～幸せだな…ふふ…,0
ほんと、大人になると叱ってくれる人って貴重。 ただ、注意するということを、見下したりマウント取ることと履き違える人も割といて、私はもうマウントとってくる人の言うことは聞かない～って決めた 正しいことを言われたらちゃんと聞きたいね,0
痩せる目標体重を出してもらって、ここまで行ったらご褒美！の約束を取り付けたのでがんばるぞ ご褒美、いまのとこ何も思いつかないけど…,3
痩せるけどクリスマスはご馳走を食べたい！！！,3
また携帯のガラスフィルム割ったので貼り替えにきている。どんだけ割れば気が済むの私！ばか！,2
本日のお夕飯は全部昨日の残りものですが、ポトフ、納豆、ブロッコリー、きゅうりのお漬物なので体にめちゃくちゃ良いのでは…朝はプロテインだし痩せる未来しか見えないなHAHAHA,3
弱音吐けないのしんどいなー,2
何を楽しみに生きていけばいいんだ私は、もうダメだ,2
肌ガサガサじゃんまじかよこの肌で夜お出かけはさすがにあまりにもアレだよ,2
毎日ご飯デートできててしあわせだな～～（痩せないけど,0
美味しいお寿司か鳥貴族に行きたいですけど～！？,3
人の死に直面するのは辛いな。別に具合が悪くなくても人は急に死ぬものなんだけど、具合が悪いのを見ていると不安で胸が潰れそうな気持ちになるのは、人一倍死に恐怖を感じている私が、死を感じてしまうからかもしれないなと思った。 あぁ、、,2
腹筋ローラーやってるの見て真似しようと思ったら、遠くまで行きすぎて｢ぎゃー！｣て声が出て床にベチャッてなって笑っちゃった,0
昨日ちょっと歌いたい歌を適当に防音室で熱唱したらすごい気分がよかったので定期的に歌う日を作りたい気持ち,3
プロテインの粉こぼした～と思って指ですくって舐めたら理解不能な味がして｢！？？？｣ってなったんだけど、これはもしや…昨日掃除で使ってた重曹…,2
いややっぱさー、自分の夫や彼氏が深夜とか朝に帰ってくるなら、何がなんでも起きて出迎えてあげたいし、なんならご飯とかお風呂とか用意してあげたいわけよ。でもやっぱこっちも仕事してたりすると難しくって、出来なくてあああ、ってなったりするよね。難しいねぇ,2
ここ数カ月ずーーっと収録や事務関連のスケジュール調整がほんと上手くいかなくて悩んでいるのでモヤモヤしちゃうんだ～～～～！ちゃんとお仕事に力を入れたい～のに私生活にも力入れたいんじゃ～～わがままーーー！！！,2
今日すんごい仕事がんばったからスッキリした気持ちで土日が楽しめる,3
この時間におうちで手作りのご飯食べ終わってるのだいぶ幸せすぎるな…,0
おとといから慢性的な吐き気で具合悪かったけど、今日は右目がものもらいっぽい。なるほど具合が悪い時期なのね。。寒いからかなぁ。 ちょっと休みたい気持ちあるけど今日明日は私の担当仕事の締切があるからな～。気合いで出社しよ。,2
コートはもう諦めた！今日は靴とカバンを買うー！！いいの売ってるといいんだけどなー,3
昨日のケーキバイキングでダイエット無になったと思ってたけど、あれにナポリタン半分だったから体重増えてなかったな！よしよしいいぞ,0
切った髪を見たまむる氏のコメントが本当に100点満点過ぎてやばかったな…こんな完璧な褒め方する人いるのねって感動しちゃったよ,0
かわいいカバンと服と靴とアクセサリーたちを買ったのでとても幸せになった！！ あーー楽しかった！,0
おうちに帰ってきたらドアノブのところにめちゃくちゃにでっかいハエがいて｢ヒッッ｣て声が出たし、全然退かなくて半泣きで脱いだコート振り回したらノロノロ歩いてノブから遠ざかったので隙を見て家に入った。後で見たら、床に落ちてノロノロしてた。お前、もしかして死にかけなのか…？,2
あ～ひたすら本を読みまくりたいな～～～お正月、ネットで本借りて家で読むのもいいかもなぁ。鬼滅の刃が気になります,3
あーんお腹痛いよ～。お薬飲んだので寝る。えぐえぐ,2
具合悪いから何もしないと決めたはずなのに、気付いたら洗濯物を畳んでいた…えらいねぇえらいねぇ…,0
静電気でスカートが足にまとわりつくし、歩いてるだけでバチバチ言ってる。痛い。,2
自己肯定感が低めなので何かある度にぐんにょりしちゃうのでいつもいつでも褒められたい…,2
自分は素晴らしい人間なのに女に見る目がないからだ！みたいな思考の人、本当に素晴らしかったら絶対モテてるし、何故モテないのか？どこを直したらいいのか？を考えず｢自分は自分らしく生きるだけ！ついてこれる女が現れたら結婚！｣とか絶対幸せになる未来見えないから女はついてこないよねぇ…,0
お腹痛くなってきたのでかなしい,2
機能やっと自覚したけど、私は職場で人の悪口や噂話を聞いてるのが相当なストレスのようだ。 今思えば前の職場も長年働いてた職場も、人の悪口と噂話がストレスになってた。あと仕事できない人へのパワハラ、陰口も苦手。多かれ少なかれどこもそんなもんだろうけど1日の大半それだからしんどいんだな…,2
今日は午後休とって友達とランチなのでリフレッシュできる～！！！うれし！！ほうじ茶わらび餅のフラペチーノ飲みてぇ～,3
私も、傷ついた時はちゃんと｢傷ついた｣って、嫌なこと言われた時は｢それは嫌｣って、言える人間になろうと思った！ 謝ってくれない人だから…逆ギレしてくるタイプだから…とかじゃなくて、普通にもう縁が切れるの覚悟で言わないとこっちが疲れちゃうし相手は気づいてくれないもんな～。学び。,3
娘が１～２歳頃の動画を見て「カワイイイイ！！！！」っていうbotになってる,0
なんと収録を頑張ると軍資金が手に入るんだ…へへ…いいだろ…（仕事してるだけ,0
痛み止めきれた、死 既に3回飲んじゃったから今日はもう飲めない、うう,2
仕事覚えが悪くてめちゃくちゃ時間かかるんだよね…でも覚えれば誰より上手にできる自信があるので多分普通に出来ると思う、し、電話対応出来たら今後転職する時にも役立つもんな～～がんばる～～,3
あまりにも辛いので仲良しの同僚にめちゃくちゃ愚痴ったらスッキリして｢まーでもなんだかんだで完璧にこなせちゃう人間だしなー？余裕余裕｣という気持ちになってきたので頑張りたい。 いつも内部の人間関係が辛くなるだけだから、外部とのやり取りはそんな辛くないはずだし～！,3
明日から仕事しんどくなりそうだからもう何も考えたくなくて寝たよね。ここんとこ睡眠不足だったし、今日も仕事ミスって凹みまくってたから、このままだと明日絶対仕事上手くいかないと思って。あぁ～～～やだなぁ～～～まじでやだなぁ明日から～～～,2
駅までお迎えに行ったらアイス買ってくれるとのことなのでお迎えに行きます！わーい！,0
明日からの仕事があまりにも憂鬱すぎるな…引き継ぎ始まってからだと辞めづらくなるしさっさと辞めるのが吉なんだろうけど、やってもないうちから辞めるのはさすがに甘えてるし無責任すぎるからちょっと頑張ってみるつもり、、 夏のボーナス待ってたら冬の有給が来るし、辞めどきが無いなぁー,2
ここんとこ仕事のストレスやばかったし収録頑張りすぎたようで心が疲れた！！もうおやすみする！！！なんもしない！,2
テキ村さんのプロテイン誕生日プレゼントにほしいな…売り切れまくってるけど。抹茶のやつがほしい。それかいちご…いや全部欲しい…,3
女子デーが近くて眠気が酷く、体調良くないし精神も落ち着かないのでお布団でゴロゴロしてる。うーー。ゲームやりたい。眠い。,2
いつでも会える距離に住んでた頃は私の歳すらまともに分からなかった父から誕生日おめでとう！ってLINEが来ててびっくりした。離れた方が意識するんかなー。たまにはわたしからもLINEをしてあげなければ,0
数分前まで楽しくゲラゲラしてたし、眠くてもう眠りに落ちる五秒前って感じで安らかだったのに、急にとてつもない吐き気が来てトイレとお友達になってしまったんだけど何が起きたのじゃ…うっうっ,2
毎日自分が否定されている気がする… 家事が出来ないと、仕事して稼げないと、何かしていないと価値がない気がする、、 休みだから一日ゲーム！とかしようとしても罪悪感があって出来ないし、、 明日は体調悪いピークの日だから多分しんどくて何も出来なくて自己嫌悪に陥りそうでやだなぁ。,2
ハチャメチャに喋る人がたまに全く喋らないと｢どうしたの？私なんかした？嫌なことあった？具合悪い？｣って言っちゃったり頭の中で悩みまくってしまうんだけど、気にしないのがいちばん良いのかもしれないな…,2
おきたけどとんでもなく筋肉痛である、、フィットボクシングほんと体に来るな～～数日空けないとダメだろうからいまエステ登録したのはちょうどよかったかもしれない。もうちょいだらだらして家事やったら行ってこよ,3
今日帰りに池袋寄れるからグランマーブル買ってこようかなぁ…と思ってるけど21時までだから間に合うかしらー？でも食べたい…あの味が忘れられない…,3
昨日めっちゃ飲んでしまったし、夜は娘と揚げ物パーティーなので、断食している。つらい。お腹が減った。チョコボールは娘に食べられた。ひぃ。,2
やっちゃいけない事をやってしまってしょんぼりしている…しょぼん。なんて自分はダメなんだ…うう,2
コンビニ行ってアイスのコーナーを覗いたけどダイエットモチベ高まってるから食べる気がしなくて帰った。えらい,0
おぎゃーおぎゃー 眠いよだるいよ何もしたくないよ！花粉ひどいし収録しなくていい？うんいいよ！,2
数ヶ月前から鼻の中にカサブタのようなものができててずーーーっと痛い。いつかなくなるだろうと思ってたけどまっっったくなくなる気配ない。病院行くべきかなぁそろそろ。,2
ねぇ最近土日でとんでもない腹痛と吐き気に襲われるんだけどこれマジで翌日の仕事が嫌すぎてじゃない？？ねぇ,2
愛用していたタイツに穴が…ありがとう…,2
宇宙ガラスちゃん忘れちゃったもう頑張れない～！やだやだ～！,2
明日の職場での話し合い泣いちゃう気しかしないし、1時間遅刻してこ…どうせ明日は先輩も休みだし。憂鬱過ぎてむり～はやく楽になりたい,2
色々と難しいけど、やっぱり私は｢好きだなぁと思える人と活動したりご飯行ったりしたいし、好きだからこそツイートも見たい｣ので、活動報告と自慢(高い物を買った食べた、知名度のある人と仲がいいアピール等)ばかりしてて、自らの私生活や想いを全く言葉にしない人はしんどいなと思っちゃう,2
休みだし目覚ましかけずに起きよー！つっていつもの時間に起きるの、寝坊の心配がなくて大変良いですが、もう少し…寝てたい…！！w,3
お仕事やらなんやらで病み病みなのでバカ食いして太ってしまったー！ でも落ち込んでる時に無理すると心が死ぬので無理しない。4月くらいからダイエット再開したい気持ち。 でも何か強いきっかけがないと痩せなそうだなー、前は友だちの結婚式に向けて10キロ近く痩せたけど、いいきっかけ無いかなぁ,3
くも膜下出血の漫画全部読んでめちゃくちゃ怖くなって泣いた,2
なんだか、なんとかなるような気がして、行動を開始した。うん、なんとかなるや。もう色々悩むのはやめよう。私の人生だ,3
人っていつ死ぬかわかんないから｢いつかやりたいなー｣｢いつ出来るかなー｣とか言ってないでさっさとやった方が後悔が少ないよなっていつも思ってるけどしみじみ思ったわ。ワニくんの彼女もすごく悲しむけど、付き合わなきゃよかったとは絶対思わないと思うんだよね。トラウマにはなるかもだけど,3
実家に帰ってまた死を意識してしまって死にたくないし歳とりたくないなぁってなって震えてる、怖いよー。いつになったら死への恐怖がなくなるの…,2
【お知らせ＆お仕事くださいのお願い】 今週で仕事辞めて無職になります！コロナの影響もあって普通に再就職出来ないかもしれない危機！！！ コロナ収束するまで声の仕事1本でもいいかなーという気持ちもある、ので、5月以降のお仕事、ぜひください！！宜しくお願いします！！,3
結婚したい子供欲しいとか言ってたり既に子供いる家庭の人が｢自分は大丈夫｣とか言ってうがい手洗いちゃんとせず出歩いたり人と会ってるの、本当愛も冷めると思うし、そんなやつは、もうほんと、自分が幸せになりたいだけじゃないか。家族を幸せにする気がないじゃないか。悲しくて泣けてくる。,2
同級生が20代の頃から今まで高級外車バンバン買って看護師さんと結婚しているというのをFBで改めて見て、同じ学校に通ってたのに全然世界が違うなぁ～すげ～～ってなってる、ここまでくると｢金持ち自慢乙｣とかじゃなくて普通に｢え～～すご～～！！尊敬！！｣ってなるわね,0
お腹痛すぎてなっかなか眠れなかったけど寝たら超ぐっすりだったのでめちゃくちゃスッキリしてる！サイコー！,0
今日はアイスクリームの日！？美味しいアイスが食べたいな！？,3
最近夜、暑いんだか寒いんだかわかんない感じで上手く眠れなくない？？みんな上手く眠れてるの？？朝も全然起きれないかめっちゃ早く起きちゃうかどっちかしかなくてしんどいオブザイヤーだよ,2
ワイワイしたい、出社したい人達はすりゃいいし、したくない人はしなくていいような世界にすべきだよね～～せっかくリモート環境整ってきたのに｢やはり日本人は出社すべきだ！｣と思ってる企業が多すぎる…職種と仕事内容にもよるとは思うけどさ～。,2
恋愛も就活も、一生懸命求めてる時はあんまり上手くいかないのに、ああもういいやーなるようになるよねー、って諦めたり清々しい気持ちになった途端に良い御縁に恵まれるものだなぁ,0
最近夢が叶わなかったり死んじゃったりする夢ばっかり見てて悲しいから、もっとふわふわの雲のベッドでゴロゴロする夢とか、食べても太らないアイスやお菓子をひたすら食べる夢とか、そういうの見たいなー！？たのしいやつ！,3
寝る前にアイスやポテチを食べてしまうマンだったので今日はオートミール茶漬けで我慢した、えらい。食べてるけどオートミールだから。えらい。,0
そういやスーパーでことごとく売り切れてた薄力粉、コンビニで見つけたのビックリしたし嬉しかったです。今日はいい日です。,0
焼きペヤング食べたい,3
知らないところに行くの昔は嫌いだったけど最近は外に出る機会も減ったせいか楽しく感じる,0
7月から新しいお仕事決定したので楽しみー！朝遅めだし家から近いとこ選んだので最高！がんばるぞい！,3
もう1年半くらいずっと自分の選択肢が間違いだったんじゃないかとか思い悩んでいて心にトゲが刺さったままになっていて、でもさっき改めてこの人についてきてよかったなぁ…と思ったらなんか泣けてきちゃってボロボロ泣いてたら「のびたの恐竜でそんなに悲しくなっちゃったの～！？」って心配されたｗ,0
昨日の深夜目が覚めて、強烈な腹痛と吐き気で泣きながらトイレで過ごしてたんだけど、その疲れか朝何度か目覚めたのに全く起きれずいま起床しましたね。おはようございます。 お昼仕事終わったら収録しなくては～,2
水面下で面接やらお仕事やらをしていたんですが、こないだ仕事終わりにみんなでお茶しましょ！って強制で誘われて、三密空間でみんなでワイワイお茶会したの。その瞬間｢この会社は嫌だな｣と思い、帰って速攻｢私には合わないと思います｣と言って辞めた。合う人は合うんだろうけど私は無理だったわ！,0
もうずっとやる気が出ないんだ…私のやる気スイッチはどこにあるんだろな…,2
別に何もやってない訳でもないんだけど～。最低限の仕事と家事してるし。でもなんかこう！頑張ればもっと色んなことやれるのに！ってなる。でも今やれてないってことは頑張っても大してやれないのかなぁ。やれやれ,2
1人で暮らしてたら生きるために必死で色んな事をしてるんだろうけど…。でもそれって甘えなのかなぁとかぐるぐるしている。ぐるぐる。,2
ご飯を炊こう、今日も焼肉だ！！,0
大根のお漬物が今日食べ頃のはずなのでとてもとてもとても楽しみ,3
あと人魚の眠る家も見た、すごく悲しくてボロボロ泣いてしまった。自分の家族が脳死したらということを考えさせられる難しいお話だったなー,2
猛烈な吐き気と腹痛で1時間もトイレにこもってしまった、、涙も勝手に出てきてしんどいしんどい…うう,2
やっっと吐き気治まってきたから眠れるような気がする…まだお腹ぐるぐるしてるけど。2時間かかった、、 なんだろなぁ夕飯遅かったし辛かったから生理周期と被ったせいでお腹に来ちゃったのかなぁ。はひーおやすみなさい,2
新しい職場三日目にして誰よりも早く仕事が出来てしまうようになり、｢3倍の仕事出来てても周りの人達と同じ給料なのか…｣と思ってぐんにょりしたので良い職場を探したいマジで。 仕事自体はとっても楽しいし職場環境も人間関係もかなり良い感じなのでダラダラ働きたい気持ちもあるけどな～,3
カレーか餃子か肉寿司が食べたいですね（じゅるり,3
お腹から｢壊れてま～す！！｣と言いたげな普段より3倍くらい大きなゴロゴロ音がずっとしてて、寝てる間に漏らすんじゃないかと不安になるレベル。2時間ずっとお腹痛いけど眠過ぎて倒れそうなんだよこっちは！寝かせてくれ頼むよ～,2
お腹の痛みで起きたりはしなかったけど、頭痛がひどいな～。気圧かな…,2
父からはちょくちょくLINE来てたけど母からLINEくるの珍しい。心配してくれてるんだなぁ。,0
元気になったので今日も一日頑張ります！,3
岡崎律子さんの歌を聞き返してたら「もう15年以上前に亡くなったのか…」と思ってすごく悲しくなってきた。すごく優しい曲を書いて歌われる方だったな…,2
2日くらい前からめちゃくちゃクシャミ出る、別に体調が悪いとかではないけどこの状態で会社行くと｢あの人もしや…｣とか｢うわーあの人めっちゃクシャミしてる｣ってなるよなぁ。休みたいな～！受付で体温測ったら37.5あるから入れませんねって言われないかな！ないわな！（平熱35.5以下）,3
今日ビリギャル観ただけどめっちゃくちゃいい話だし有村架純が激カワすぎてまた観たい～！！！,0
今が楽しければいいという考えが全然出来ないから将来が常に不安～～！ 今後も何かにつけて失敗したりするとは思うけど、もうなるべく失敗したくないし人を巻き込んだり傷ついたりしたくないなぁと思ってしまうんだよ～ 傷ついたり悲しむ前に、いっそ離れたり終わらせたりしたくなっちゃう！よくない！,2
こういう考えが起きやすくなる女性の周期的なもの、やだな～！数日したら元気になるんだけどな～。なんか美味しい物食べよ,2
でも昨日はちょっと娘と色々あって凹んで号泣しちゃったなー。ダメな母親でごめんね。 親にされて嫌だった事って、自分が親になるとやってしまう…というのを実感している。 そして子供目線だと親ってすごく大人なんだけど、実際全然大人なんかじゃなくて大人のフリをしてるんだなってつくづく思う。,2
バカにしない、否定しない、肯定してくれる、気が向かない物でなければ一緒にしてくれる、くだらない事で笑える、けどダメなことは叱ってくれる。 これが普通に出来る人ってあまりいない気がしていて、出会えたのは奇跡だと思う。 母親がまさにこれで居心地のいい空間作りをしてくれたんだよなぁ。,0
しあわせだなぁ。幸せを握りしめながら寝ます。おやすみなさい。,0
マットレスをお試しで良い奴に変えてみたんだけど、枕が高さあってなさそうで首が痛い。マットレスは悪くない気がしてるけどうーーん…,2
うおおパーティーサイズののり塩ポテチを満足するまで食べたい,3
雷、音全然怖くないけど、停電は怖い,0
猛烈な吐き気で死んでる。迷惑ばっかかけちゃう…なんも出来なくて情けない…,2
愛犬助けに2階に向かったけど逃げられず死亡、愛犬も傍らで死ぬ…ってニュース悲しすぎてしょんぼりしちゃう わんこ、可愛がられていたんだなぁ、、天国で2人で楽しく暮らして欲しい,2
ツイートした時に上にポップアップ出るようになったのめちゃくちゃに邪魔だな、戻るボタンとかアイコンとか押せないじゃん！,1
2日間1人ご飯なので、作り置きしてもらってたゴーヤチャンプルーだけで済ませようとしてたけど、塩焼きそばがどーーーしても食べたくて食べてしまったし、サーティワンでダブルカップを買ってしまった…明日のお昼ご飯のカレーパンも買ってしまった…豪遊…！猛省っ…！ジタ…ジタ…,2
昨日久しぶりにリングフィットやったら太ももが筋肉痛だわ…スクワットさせられまくってもう私は限界よ,0
気圧頭痛でぐったり～。薬が効くまでねんね,2
山田一郎の曲聴いてると｢歌の上手いジャイアン…｣と思ってしまうんだけど木村昴くんすごい上達したし実力あるよね、すごいなー,0
今日は贅沢の極みをする,3
コロナ禍でなかなか他人と話す機会ないけど、今日嬉しいこと言われて元気いっぱいになっちゃった！！！へへ！,0
えっ、外さっむ！！急に冷えすぎでしょ,0
11月頭～3月末にかけてお祝いごとが多いからどうしても太っちゃうからね…その約5ヶ月を楽しめるように今のうちに痩せておかないと！がんばるぞ！,3
麻酔が切れるまで5時間半程かかり、お腹減りまくってたのでねぎトロ丼がとても美味しかったです。しあわせ～！ねんね！,0
お外すずしーー！最高！！,0
美容院で髪の毛を内巻きですごい可愛くしてもらったしモテ髪じゃんすげーってなったけど、自分の顔とかボディが気に入らなすぎて全くテンション上がらないな…似合ってんのかこれ…？ 鼻とか口元は直しようがないから今後好きになれる気はしないけど、痩せたらもう少し自分を好きになれるだろうか～,2
かっぱ寿司のピスタチオアイスがめちゃくちゃ美味しいらしいので食べに行きたさ,3
パリパリサンド食べた、幸せの味だった…,0
山か海行きたいし美味しい物食べたい,3
手羽元を煮込んだスープをオートミールにかけてレンチンしたものに納豆をかけて食べたら普通にとても美味しいな、もう米なくていい,0
生きてると色々あるので、幸せとはなんぞや？というのを考えはするけど、ねえ好きってなんだっけ？という気持ちにはならないのは、すごく良い日々を送れているなぁ、と思うのでした。やつつけ仕事じゃないぞ！,0
朝会社のエントランスにある体温測るやつ調子悪くて行列出来て遅刻ギリギリなのに5分以上待たされたんだけど、絶対測ってから！！って言われて、融通効かせてくれ～と思った（結局強い女の人が文句言ったら通らせてくれた）(それもどうなん) そういう時のために別の体温測るの用意しといたらいいのにな,0
おすすめされたひなちゃんねる見てるけどホントにひなたちゃん努力家で、何より…かわいいっ…！！見た目も喋りも可愛い！！参考にして私もかわいくなりたい～！痩せます！！！！！！！！,0
私はもしかして、多分、きっと、頑張りすぎなのだと思うんだよね～～ 遊んだり何もしてない時間をダメだと思っちゃうんだよねぇ。もっと息抜きしたり、働かない時間を作らなくてはいかんー,0
9月のシフトは完全にお休みの日を6日も作ったし、昼7時間の仕事がある日には夜仕事は入れない！って決めたからだいぶ楽なシフトになってて安心。収録するなり、たまにはゲームとかスロとかを1日ダラダラ楽しんだりする日に出来たらいいな！,3
1～2時間でサッとお洋服買って帰りたいけど、どこのお店に行こうかなーと考えてる、どうしよどうしよ……,0
だいぶ心が疲れているのを感じるから今日は服とか靴めっちゃ見ていいなぁと思ったものバンバン買うんだー ボロボロだけど気に入ってるから…という理由で着てる服を捨てて新しいお気に入りを作るぞ！,3
最近やっぱ花粉酷いよなぁ、、今日せっかく休みだし病院いって花粉症のお薬貰ってこようかしら… 鼻水とくしゃみがすごくて辛いのよねー、あと目も痒い,2
別に今が辛いから先のお出かけ予定が楽しみ～！って訳じゃなく、普通に先のお出かけ予定は楽しみだよな… 今月は本当に楽しみな予定が毎週てんこ盛りだからワクワクする！お仕事頑張らにゃ！今日はある程度の所まで収録するぞ～,3
というわけでお仕事をしなければ。間に合うかなこれ。 来週アホみたいに夜仕事のシフト入ってた～！間に合わないかもしれん…うっうっ…,2
BCAA飲んで20分くらいキツめの筋トレしたしプロテイン飲んだ！野菜と肉と卵がとれるご飯も作った！痩せるぞー！ 夜の仕事前に汗たくさんかいてお風呂サイコー！,0
明日から新しいお仕事。自分らしく働ける場所だといいなぁ,3
僕だけがいない街のアニメ見終わった～いやぁよく出来たアニメだ。クオリティ高い！漫画すごく良かったから期待してたけど期待通りでとても面白かった、音楽も良かった。 このお話本当によく出来てる。ストーリー物として、変に長引かせずにラストまでしっかり書かれてるなと思えてとても好き。,0
睡眠時間も少なく睡眠スコアも悪いのでもう少し寝たいけれど、溜まりまくったお洗濯をしなきゃいけないし、この後お出かけして何時に帰れるか分かんないし、一念発起して起きた。洗濯機回したから完了するまで少し収録すっかな！えらい！,0
この土日はドラクエウォーク三昧だと思ってたのに台風め…,2
眠い腹減りオナカイタイ,2
おつり取り忘れる自分のせいではあるけどパクらないでええええ,2
都合よすぎじゃねはらたつ,1
試験なんかで単位取れるとかくそ,1
なるほど,0
四国八十八ケ所打ち回ってみたいって思って調べてたんだが、車使って2週間ぐらいはかかるし、ツアー料金安いので400000ぐらいかかるし、四国までの往復考えると更に数万円プラス…無理ゲーだなこりゃ,0
駐車スペースじゃないところに車停める奴ホントありえない通路確保とか緊急の物置いてるとかで区切られてるはずなのに、おめんどがそこさ停めたら傍迷惑だろうが頭沸きすぎ,1
はらいたいまじ生理痛重いなんなんつれえ,2
湯浅推しには辛いもんがある,2
何せ聴き始めは小6だから…もう9年経つんか歳取るのはえー,0
1勝おめでとうおつかれさま帰宅難民いっぱいですね(白目),0
今日のWBCは緊張が続くなーーーそろそろ点欲しいよーーーーー,3
きたああああ！！！！225！！！！！,0
ホームじゃねえやプロフィールか,0
スタバにパソコン持って入ったはいいが、結局ネット繋がらず残念な結果に終わる,2
うっわ、説明会で県外行く予定の日にモロ被りで女の子の日とかエグいなーーーーー重くないことを祈るばかり…,2
ミスドよりカロリーやばいなこれ一個で腹いっぱいなる食って言うのもアレだけどミスド派だわwww,0
飴ネチャクチャ食ってんじゃねえぞ、汚ねえな,1
かっけえなわんどの時代もツイッターやればもっと人入ったかな！！？？陸上競技部＝キチガイ部?( ? )?,3
今日の夜更かしCM長くね？結局始まったの0:06やで遅すぎ,1
通知音とかクリック音が砂嵐みたいな音になるバグ？起きて、朝からホラー味わった(再起動で直った),0
試験してえのにうるせえ学校のパソコン室静かにして,1
つが終わったんなら帰れやモンストの話どんでもいいはんで帰れ,1
マジでナッゲツのやつうぜえちょっと有名どころのリプほぼ全部ナッゲツやん,1
久しぶりのコンタクトで頭痛い,2
あれ？！？県立美術館のCMに渋谷さん出てるやん！！？！？！？しかも隣にいるの元バイトの方じゃん？！？！？！！おっおっおっ?( ? )?！？,0
そして頭痛すぎるコンタクト疲れと頭使ったせいかなコンタクト嫌いなんだな…,2
不倫も浮気も嫌いだわキモチワルイ,1
ストーブと扇風機ダブルやっぱ寒くね？,0
はあ？！！？！！サマナーズウォーのCMやべーーーシュール過ぎるwwwwwwwwww,0
ソフトボールやりたいんだけど(肘ぶっ壊れたままだけど)調べたらめっちゃ最近(1ヶ月程前に)できたクラブチーム？あるみたいで気になる,3
ガッツリ試合でたいとかじゃないんだけど、紅白試合程度ならやりたいんだよな,3
生理痛まじきちーえぐいーー,2
え、3時間ぐらいYouTube見てたのにWiFi切ってたことに今気づいた,0
ゼミのやつくそめんどいなまとめ方わがんねし、よくみんな1枚にまとめられてるなすげえや,2
色々体調優れないマン…,2
あと1時間仙台うろつく,0
最近、メガネなしだと、テレビの番組表の文字も10-15センチぐらいまで近づかないと見えなくてメガネなしで部屋ウロウロすると見えなすぎて具合悪くなる始末…,2
バイト先に稲メンw,0
青森4位とか誰票いれだんだよ何喋っちゃがわがんねって言われるかイントネーション真似されるか…,2
あんま美味しくなかった…,2
バスどうなっちゃんず時刻表くそもアテにならん,1
1週間しんどかった,2
大勝軒のスタンプ集めよ,3
新しいラーメン屋開拓することにした有名なんだろうけど、初,3
ふざげんな！！！！！こった時間にくんなやクソNHK！！！！ピンポーンピンポーンわい「(ドア開けずに)はーい」クソ「NHKの?です」わい「・・・(無視)」,1
(　?-?　)花晴れ待機中(　?-?　),3
やっぱバンドってMステ向きじゃない気がする,0
つけ麺が好きな理由食うのが遅くても、最後まで麺を伸ばさずに食えるから,0
青森市のねぶた期間バイトしたい人いませんか？10-20時です(場所や天気によっては日焼けするかも)2人募集?,3
花晴れ来週で終わり？！？！(ちゃっかり他のドラマより長い)次クールはつまらなそうだから見る気皆無(・Д・),2
黄色いマカロンって何味？？,0
切なさとモヤモヤがハンパねえ,2
扇風機の前で食うきなこ棒は害悪でしかない,2
夜行バスで牛タン弁当みたいなのはマジで勘弁普通にゲロフラグ,2
変なプライドも大卒資格も正社員の肩書きも 人生を縛らなきゃならないならそんなもんいらねえ,0
ふぁっ？！20-31の間なら良いって感じだったのに、特定の日入れないとダメなんだと？？？？！！！てことで、次探そう！！！！,0
今の職場からめっちゃ引き止められるんだけど、全然難しくないし誰でもできると思うのよ。めっちゃ良いんだけど、全然稼げない。1日7000円として7000円×22日=154000円(2月、28日で休み6日)多少前後はするだろうけど、さすがに稼げなすぎて、早く次行きたい…,2
静岡の浜名湖行ってる人(行ってた人)kます？？,3
強羅 ごうらって読めなかった恥ず,2
エディオンのCM、処分！処分！のところシャブ！シャブ！て聞こえたわ,0
考えてる程度なので、まだ何も始まってない。GW終わるまではリゾバ先決まってるから、そのあとで、中長期的にゲストハウスの仕事してみたいとは思ってる。英語ができない…,3
中国語もできなかったけど、今の職場売店だから、金額話すために数字は使えるようになってきてる。実感。もっと話せるように、理解できるようになりたい。,3
派遣じゃなくて普通にバイトの子なんだけど、高3で何箇所かバイト経験あって、今もバイト掛け持ちしてるらしいんだけど、掛け持ちしてる(予定ある)とかだったら、普通 部門の担当者に連絡しない？シフト表まだですか？とか言っといて、シフト表出たと思ったら掛け持ちしてるから殆ど出れないみたいな,1
どういうことやねん。しかも、掛け持ちって大体どっちかがメインだと思ってるんだけど、後から始めた自分のいるとこの方が楽だからこっちメインにするとか言ってて、自由だなーって思った。担当者超困ってたしな。,1
明日から休み出勤出勤休み出勤出勤休み出勤出勤出勤(満了)って感じだから、意外と早いな。,3
使える電子マネー増やそうかな。WAONとSuicaしか使ったことないから,3
確かに、派遣やバイトに比べたら正社員のが大変っていうイメージはある。けど、,0
今のとこが電話きてダメだったら、日にちの融通が利くヒューマニックか今まで通りアプリかで決めようと思ってるけど、どっちも時給がねえ…,2
挙げ句の果てに、お客さんへ渡す商品の数間違えてるし、マイク使ってねって言ったら「まだ怖いっす(ヘラヘラ)」とか舐めたこと抜かしやがってうぎゃあああああ！！！！！！って現場もあと1週間ないぐらい(の予定)だから割りきろう…ワイ注意できるほどの立場でもねえしなwww,1
1週間前の日曜日に枯れ果てた喉がやっと復旧してきたとこだが、また今日も呼び込みすることを考えるとまた喉逝っちゃうかも？？？？？？？？？？？ぐへぇ。,2
相部屋密かに楽しみにしてたけど、とりあえず安定の個室次が決まって良かった心置きなく今の場所を去れる人は良いって言ってた求人詳細に間違いはなかったですあと2日！！,3
派遣の先輩さん2個上だったwリアル4つぐらい上だと思ってた←,0
bookingでホテル取ろうと思ってるんだが、持ってるクレジットカードと種類合わないし、普段からクレカ使わない(使い方イマイチな←)人だからクレカの登録みたいなのがない宿しか取れなくて困ってる。そんな宿が目的地にない。信頼云々っていう目的なのは納得してるんだが…どうしましょ。,2
シンプルに疑問なんだが、bookingに載ってるようなホテルとかゲストハウスって電話で予約取るとかできるんかなネットでしかとったことなかったから無知すぎる,3
宿とれたからおっけでもよく考えたらおっもいキャリーごろごろしながらってまあキツいんだった 何より歩きにくいんよな,0
あ、なおったわ,0
レビューにもあったけど、上のベッドに上がるの大変,0
昨日雨の中歩いて靴びちゃびちゃになって、靴の底は手洗いしたんだが、まあクサい。ドミトリールーム臭くなるとまずいから靴部屋に入れたくないんだけどw,2
そういや地元青森にゲストハウスってないんですよね…とか言ってたんだけど、1番最初のリゾバ先の寮のすぐ隣ゲストハウスやんけwwwこの時は興味なかったから意識してなかったけど。良い機会だ、4月にまた同じとこ行くから、1泊もしくは覗き見してみたいな！,3
4chだと思ったら6chだった,0
はああああ！！！嬉しみ。とりあえず4月まで今んとこやりきって、5月GWは出戻りってほどでもないけど前も行ったとこで働いて、5月末は試験。gw?5末 その間もしくはその後で真面目にプラン考えたい。ライフプランってほどでもないけど、現実味を。,0
なんかさ、今の旅館に世界的に有名な方の親族来てたんだけど、わいその分野興味ないしその人知らんしなんなら親族だろ 尚更知らんwってなってた一般的にみれば“世界的な”“有名人”かもしれんが、わいにとってはただの一般人…自分の今日ある分野の著名人の方が何倍も嬉しいね,0
やっぱり、なるべく訛らないように！って思ってるんだけど、絶対どっかでボロが出て訛りが出てしまう。この訛りがお客さんとの会話のネタになり、話ができる。静岡にいて、わいの地元県出身のお客さんに会うと思わなかった。,0
寮、陽当たりも風の通りも悪すぎるし、ユニットバスの換気扇電気つけてる時しか作動しないから常に水滴まみれでトイレットペーパーも湿ってる感じ。朝寒かったせいで、中抜けで部屋来たらドアの内側結露しまくって水滴だらけwやばいなww,2
関西から西側行きたいなでも遠距離の彼氏にも会いたい(北の方面にいます)リゾバしてると2-3ヶ月は会えないのが続いてる仕事シンドいときとか楽しいって思ったときとか ほんと会いたみが大きい…,2
4月に満了して帰るプラン考えてたゲストハウス泊まりながらゆっくり帰ろうと思ったけど、泊まると金曜日にかかるから帰りのバス代倍近くかかる…宿代と合わせると…3倍ぐらい？今回は泊まらずに、しゅしゅっと帰って次の職場へ行く準備して用事済ませてって感じやな。,2
それまでに行きたいとこ目星つけとこう！,3
完全に自分のミスでやらかしてるから素直に反省…。食器割りすぎマンだから配膳向いてないかもなあ。前回も1か月でグラスとか割ってたけど、今回のとこ1週間で実は2回目。完全に苦手意識持ってしまった。,2
熱海ぐらいなら全然行けるな。なんかオススメスポットとか調べるか?,3
二日酔いという名の頭痛が恐いで？？,2
わい3カ所アプリで派遣先決めたが、ラインは一回もなかったゾ？？担当者にもよるんだろうね。某支店の人はメール頻繁にしてくれたし、某支店の人はめっちゃ電話してきたし！(特に聞きたいこととかなければあんま意味のない電話←),0
いちごのジェラート部分マジでうんま！！！！,0
左目ちょいちょい痛いなーって思ってたらゴミ入ってたんじゃなくて、コンタクト裏表逆だった通りで痛いわけだ,2
ゲストハウスの見学行ってきた！中抜けの日とか行けそうなタイミングあったらちょこちょこ顔出したい?！,3
10日満了なんだけど、10日に希望休ってもらえるんかな？,3
仕事終わってから急いでゲストハウス行って楽しかった寝よ。,0
徒歩で1時間 って言うとえー？そんなに歩くの？ って言われるけど、仕事中に歩いてる歩数のが何倍も多いからね？？そんなに？？！！ってぐらい仕事中歩いてるんだね,0
飯食うのまあまあ遅い方だから、中学んときの給食とか時間ギリギリでいっつも最後だった給食センターの人が回収に来るシャッターの前までお盆ごと持ってったときもあるぐらい遅かったw今でも飯食うのに時間かかる,2
考え方は人それぞれだから一概には言えないけど。そういう人なんだなって割り切るしかないか。,2
例えば、オススメのお店教えてもらったら行けるとこまで行くし直前で イメージと違う？！やめようかな…ってなっても、行かないで後悔するよりは行こう！って考えるし行ってみてやってみて後悔する分には、いい経験だったわwで話のネタになるわけで。,3
職場の愚痴書いて鍵垢にしてバレないか怯えてるよりも、鍵取っ払って色んな人たちの発信をRTしたり質問したりする方が使い方無駄じゃない感じするな？！ワイの愚痴る場所はここじゃない。,3
なんやかんやで観光地なんよね。近いかは知らんが フォロワーさんで伊豆にいる人多いなwww,0
なんて、地元で会話しない言い訳にしかならんか。地元のオススメスポットを人に紹介できるぐらい研究しないとな！っていう今の小さな野望。,3
最近リア垢という名の地元垢？殆ど使ってなくてもはやこっちが本垢と化している,0
全く家族から連絡なかったけど、先週おじいが夜救急車で運ばれたらしい。点滴して戻ってきて次の日フラフラしつつも自分で車運転して病院行ったらしい。もうちょいで77だし、言い方悪いけどいついってもおかしくない。だからこそ1-3ヶ月置きだけど実家に顔出してるっていうのある。,0
今日横浜に用事あるから向かってるんだけど、中華街めっちゃ近いから帰り余裕あったら寄ってこー,3
＊急募＊横浜中華街 おススメ お店,3
中華街のお店のイカチリ食ってるんだが、涙出るぐらい辛いなwwwピリ辛のレベルが違うwww,0
あー、マジで都会の人凄いと思う。朝眠い目をこすりながら満員電車に乗り、昼は人混みの中バタバタとランチタイム、今日も一日頑張ったと満員電車に乗って帰路に着く。田舎じゃありえない人の量ですわ…毎日お疲れ様です。,0
この人全然仕事しないでただぶらぶらホール歩いてるだけやんって思ってたら…ん？辞めた？やることわからなきゃ聞けばいいのに。,0
最近パソコン持ってる人数人に遭遇したけど、みんなiMacなんだよねー実家にあるDynabook、ディスク読み込む部分イかれてるから変えようかなと思ってて。本格的にパソコン使うようになったらどれがいいのかなーと疑問。iMacはどういう点で使いやすいんですか？,3
バックれません、(精神的に)死ぬまでは。その前になんとかします。深く考え込まないように、あまりイライラしないように、最低限の距離を保ちつつ。,3
iMacじゃなくてMacBook？？無知すぎやろ…,2
宗教じゃないけどさ、自分が信じるもの、大切にしたいものはどんな形であれ守りたい他人に否定されようが、少数派になろうが、せっかく自分で考え決めたことなんだから胸張って言えるここでの出逢いは絶対にムダじゃないむしろ力をもらえた大切な場所、人たち,0
またしても、、、カフェの店主と話して出身がバレた←めちゃくちゃ盛り上がって2時間以上話し込んでたw,0
バスの運ちゃん、停まるはずのバス停すっ飛ばして通り過ぎたんだがwwすぐ気付いて急停車して めっちゃ中途半端なとこで停まったわwアナウンス忘れみたいなのってあるんだねw,0
入って2週間ぐらいの人が、20年近いベテランさんを真似て 休みの日に夕食宅持ちしたお客さんの席へ挨拶しに行くとかいう周りから見たらこいつまともに仕事もこなせないくせに何調子乗ってんのっていう行動したり、研修期間が終わっても独り立ちできないやついたり 大変だなあこれからw,0
ひさしぶりに電機店行ったんだが、今のパソコンってタッチパネルなんだね…進化すご。MacBook一択かと思ったが、タッチパネルのが魅力的だと思ってしまった。もし買うなら薄さと軽さ重視だな。あと自転車も欲しい。(欲を言えば自転車用のリュックとウェアと雨用装備)ただ本当に必要か考えなきゃ。,3
美味しそうなお店ないかと雑誌とか読んでたら色々あるから、ぶらぶらしながら行ってみよーっとw,3
GW終わったらなるべく早く、行動するかしないか決めようするんだったら準備しなきゃだししないんだったら次の勤務地探さなきゃ,3
地元来てぺえぺえ使えるとこ少な！っていうコンビニも危うい,0
明日から仕事なのだが、その前にゲストハウスに1泊(恒例と化している)スタッフ以外日本人ワイだけ、他NZの方々20人ぐらいで完全アウェイなんだが、、、どうしよ！せっかく来たからお話したい！！,3
素朴な疑問なんだけど、ゲストハウスのヘルパーしてる人って掛け持ちで外でアルバイトして収入得てるんですかね？,3
結局1時間半?2時間ぐらい寝たわ←,0
GWで旅行に出かけるみなさん。客室に忘れ物しないように、出るときは確認してからチェックアウトして下さいね！！！！！壁側に寄せてある充電器とか充電器とか！！！！←最近マジで多い,3
アイコン変えました???にょろにょろ???,0
しんど！！！！！！！！！！！！！！別れの危機は何度もあったが、マジで別れるのか！！！！！！！実感ない！！！！！！！！！！！しんど！！！！！！！！！！！！！ただただしんど！！！！！！！！！,2
「友達」ってこんな感じでいいのかなっていう見返すと なんかどことなく気持ち悪い、違和感のあるラインのやりとり1日でこうなるなんて一昨日の自分は想像もしてなかったとりあえず今の場所満了したら飯行く予定立てた男友達と1:1で飯は行ったあるから、これも普通の友達としての1歩,2
労基とか入ったらこのホテルまじ一発だなってぐらいみんな働きすぎパートさんとかバイトさんとか何連勤してるのわい前来た時13がmaxだったけど、全然稼げるわけじゃないのに連勤しなきゃいけないって何やwgw求人いっぱいあったし2月上旬とか急がなくても、他んとこにしとけば良かったなーミス,2
リア垢のインスタ見てると、ほっとんどみんな10連休?とか桜?とか花見?みたいなのばっかで追い討ちをかけるように心が荒んでいく...滅びの魔法唱えるか......,2
丁寧にゆっくりっていうのはわかるけど 丁寧でもなく超ゆっくり、悪く言えばダラダラやってるこれが積み重なって残業するのはマジで意味わからんと思う本当に時間の無駄ですよねえ...,1
一部の人だけかもしれないが、学校の成績がいい＝仕事できる、覚えが早いではないよね。向き不向きがあるだろうし、学校では習わないようなことが社会にはいっぱいあるんだよなあ。,3
新しく入った50代ぐらいの社員1ヶ月せずに3人とも辞めたとか草でしかない若いから?とかゆとりだから?とか関係ないよな,0
つまんな。,2
考えすぎて気持ち悪くなって。考えるのやめたい。くそ。,2
卵爆発して家ん中 卵の腐った臭いで充満しているあんまくせえ透明と黄色じゃない濁った白と黒いびちゃびちゃしたやつ飛び散っていた,2
アメトーークのほとちゃんwwwリズムネタで?アメトーーク?行くと♪「ひとり」はやばいwww,0
やはり高岩さん＝平成ライダーで完結だったか,0
メンタルゲロという懐かしのパワーワードを思い出した,2
凪のお暇 前回と今回見たけど1から見てたらもっと内容詳しく見れてるんだろうなと思うがめんどいのでこのまま最終話まで。唯一飛ばし見してないのが あなたの番ですだけな件,0
東海オンエア、炎上(寸前？)していらっしゃるなあなんとも言えん。。。,2
トイレはカビ臭い風呂はお客さんと共同洗面所ないWi-Fiロビーのみだけど、結局使えるタイミングないからWi-Fiナシみたいなもん寮 っていうか番頭部屋の一部ですか？って感じの部屋や、、、テレビベッドはあるけど、今までで一番悪い寮環境。,2
メンヘラがやべえ信じてた人に「裏切りの嘘」をつかれてたと知った後からますます負の感情が頭の中をループしてループして横になってて気づいたら涙出てるみたいなことが ふとした瞬間(特に寝る前)やってくる,2
無と悔しさが行ったり来たりで感情がマイナスすぎるここ半年1-2ヶ月前にさらなる追い討ちなのに断ち切れない断ち切りたくないなんなら相手から断ち切ってくれって感じなのに断ち切ってくれないかといって進むでも戻るでもない断ち切りゃいいのが最善なのは頭では分かってるよ「けど」。,2
ただただ悔しい。,2
自分で気づかないことには何度言っても何度注意しても無駄自分で気づかないレベルの領域 つまりは 本人にとってはどうでもよくね？つか気付かんかったわ レベルの問題なのだ,2
リゾバって行くだけで 良いも悪いも含め(人生における)良い思い出となると思うんだ終身雇用みたいな縛りがないからこそある程度自由に決めれるのがメリット自由なのはいいんだが、人様に迷惑をかける自由はただのワガママなのでそこはしっかり線引きしながら働いている(つもり),3
やっべえ！！！あと4分しかない！！(ばっしゃー！)って飛び起きてよく考えたら16時でなく16時半からだった,0
この寝る前布団に入ってから メンヘラ大学生 のツイート読んで つら ってなってる期間短めで 折り返したからあと半分乗り切ろう,2
明日で推しの方がいなくなるのでモチベーション少し下がります←でも1週間切ったので頑張れます帰りの予定と台風が心配です,2
ニュアンスでわかる言葉なんかはもちろんあるんだけど話し方が独特な場合はもうどうしようもない←方言＋ボソボソ喋るとか、早口だとか、あまりにもクセが強い感じの人どうあがいても半分近く聞き取れてません、すみません。,2
客としても スタッフや店員側としても共通して言えることだけど清潔感って第一印象に自然と関わってくると思うし汚い 臭い 見た目も...ってなったら生理的に受け付けない人多いと思う自分の意識１つで変えられるなら 良い方に変えたほうがいいよね...損得でいったら 損はないはず,3
寮と職場を出発しましたー！もう来ることはないと思う山大阪へ向けバスでゆらゆら着いたらまずはドラッグストア探して風邪薬調達したいです←,3
大阪2日目(最終日w)は、プラン変更し神戸ハーバーランドと道頓堀でたこ焼き食べ歩き してきました(　?-?　)明日は朝バスで出発して名古屋！味噌煮込みうどん必須で食って1日満喫するぞーリゾバすると、「遅刻」という名の恐怖感に煽られて日付跨ぐ前に寝る習慣がつくので今日も早く寝るんだ..,3
［明日までの急募］・名古屋土産・名古屋っぽいもの・物理的な意味でなるべく手軽なもの,3
3週間勤務で1日しか休みなくて終わった次の日(15日)にはバスで移動次の日(16日)は電車と徒歩でうろうろ次の日(今日これから)も徒歩でうろうろとバスで移動明日も徒歩で歩き回る予定その次に日はバスで地元へ帰還地味にハードだな...足疲れてきたし、慣れない土地と人の多さに疲れてしまう,2
普段ニートだから1日2万歩近くも歩けばそりゃ疲れるわああ(　?-?　)10?15kmぐらい？しんどーいそして単発バスは大丈夫だが何日も連チャンはきつー！！,2
ねえ！！人前で度を越えたイチャイチャするカップルってサルなの？人の目が気にならないとか気持ちが抑えられないとかそういう問題じゃないだろ。。。限度や人としてのマナーみたいなもんがあるでしょ。。。見てるこっちが恥ずかしいそんなことも考えられない歳じゃないだろうに,1
このふらふらしてる旅？でも主食が偏りなくてわろてる大阪では粉もんメインでたまにパン愛知ではうどんメインでたまにパン今日はビビンバ(ご飯)と夜はそば流石に野菜摂取中←,3
稼ぐため＝残業多めおまけに休日有っても連休はほぼないぶっちゃけ服は2セットあるかないかレベルでいいしあとは化粧品とかシャンプーとか爪切りとか綿棒とか、週1回以上は少なくとも使う！みたいなのは必須だけどそれ以下の頻度で使うものは...？たとえば(これはワッシの話ですが←),0
「菊花丸十」とか読めんかったし何の食材かも知らんかったなあw,0
ツイッターでもリアルでもそうなんだけど、苦手だって思う人とでも最低限の人間関係は築かなきゃいけない！(仕事中とか)って時とそうじゃない時(プライベートとか)があってそうじゃない時は自分の好きなようにしていいと思うの無理して付き合ってプライベートまで無理する必要ないよねー,3
ショッパーズ の文字落ちたやつだったのかまじでンョ゛ハー゛っていう店名かと思ってた,0
アプリって、社名がダイブに変わったにも関わらずHPも広告とかもアプリのままじゃない？馴染みがあるからアプリって言った方が通じるのは分かるけどw,0
リゾバにおいては、辛いこと以上に楽しいことを自分で探さないとしんどい時の気持ちのやり場がしんどい仕事だけになっちゃうよ仕事が楽しくなっちゃえばこっちのもんだけど、そんなうまくいかないからね。。。,3
ここ数日、毎日ブログ書いて更新もできている昼間→記事書き上げ夜→編集して投稿のルーティンができてきた記事の編集技術ぺろんぺろんだし表とか枠とかの使い方もっと学ばなきゃだ,3
ブログもしゃー！！！って書いてると編集時に2000文字前後なことに気付くんだけど800?1000文字でも記事として成り立つみたいなの普通にあるじゃん？少なくないかなーって思ってたけど10記事書いてみると逆にそんだけの量に書きたいことまとめられる方が凄いんだよなあ短さと濃さ意識して書こかな,3
わわわ、迷惑メールに振り分けられてた大事なメール消しちゃったんだけど…戻せないですよね。。。,2
陰キャだから陽キャだからで仕事は決めないと思うけど、リゾバの働き方をググって見つけた当時の私は(え、なにこれ、パリピしかいねーじゃん私には無理じゃね？？)って思ったんです水着着て男女でワイワイ、正直抵抗がありましたでも今なら言えるそういうとこはごく一部だぞ！,0
リゾバの休日＝観光！ではないよね。最初の休日なんて疲れてずーっと寝てたいし、休んだかと思えば次の休日まで6日とか普通にあるし、連休もほぼないし結局のところ休みの日の「楽しみ」って人それぞれ,0
新人さんへの教育?ツイ見てたしかに。なんだけどリゾバ(特に短期の所)ってああいう場所多いと思う。実際にあったし。個人的な印象だけど仕事できる人は質問姿勢ができてる人上が指示ヘタなら自分から これどのぐらい？次何すれば？誰に聞けば？どれが先？とか疑問に思ったら聞かなきゃ。→,3
12月に入ったので夕食は豪華にローストビーフドンッ！！ドン！いうてスーパーの安いやつ買ってきてご飯に盛り付けて卵ぴょいっとしてゆずポン酢じょーってかけただけのシンプルなやつです(語彙力),0
どうしてもやる気がでない12月病←図書館でもカフェでもどこでもいいから短期集中して書き上げられる場所いこ。。。結局やる気出すのは自分なんだけど気持ち切り替えのために環境切り替えてくスタイル,3
メルカリで稼ぎたい！っていう意識はほとんどなくてただ最近○○ペイよく使うようになって物が売れたらチャージする手間が省けるのとシンプルに不用品を手放したいっていうのが続けてる理由ほんと需要がなくて売れないものは最低価格にしてそれでも売れないものはもう処分しちゃおう,3
シンプルに視力低下が激しい。。。0.1ないのはないんだけど下がり続けて見えなくなったらどうしようって心配になってきている日々ネット社会で画面見る時間長いから？,2
今日は図書館に行ってカタカタ1時間半だけど、家にいるより全然捗る家にいたら1時間半で1本書ききれない(テレビ見たりなんか食べたくなったりスマホ弄る時間長くなったり)図書館で時間限られてるとここまではやりたいいいいってなって捗るただ平日なのに人多かった...明日も外出よ,3
マジで思考がクソニートなんですけど年末年始のリゾバで稼働少なめ(雪積もらない地域)ってありますかね？ほんと雪嫌なんだけどクソニートからいきなり年末年始稼働はどうしても動けなくて←年末年始忙しいから求人募集してるのは分かってるんだが...あわよくば的な？←,3
稼げるのは魅力的だけど自分がやりたいことじゃなくてむしろ苦手でやりたくないことはできないなどうあがいてもどうにもならないコンプレックスっていうのがあってだな。。。肩出し足出しで仕事はできんな…ワシはそういうタイプじゃないんや…真逆の陰キャタイプなんや…,2
今回珍しく、職種かWi-Fiどっちか条件ずらせって言われたら職種ずらしてもいいぐらいWi-Fi必須で探してる あと時給と個室寮とスキー業務じゃないとこ。勤務地はバスで行ける距離か交通費以内であればあんま気にしない。雪で足先ヤバくなるのわかってるからスキー場だけはちと勘弁←,3
この時期ってどの派遣会社も忙しいのはわかるけどこちらから連絡しない限りやりとりできない会社こんな求人があるよとメールや電話でこまめに連絡くれる会社こちらから連絡するんだけどそれでもレスポンスが遅い会社様々ある。派遣会社や担当によって様々なので見極めが必要。,3
年末年始決定担当さんまだ慣れてない感じが電話越しでも伝わってくるけど質問事項はまとめてるから自分で聞けてるし不満はない初めはみんな通る道だから応援したい着任日の確認まだっぽいけど、残席確認してやばそうな日だけ仮予約した◎派遣会社に丸投げは△自分にできること考えたほうが早い,3
リゾバって自由に職場選べる反面柔軟な対応しなきゃならんとこがある仕事面でも生活面でもそう汚い寮なら掃除して マニュアルや研修がなくても徐々に慣れて あくまで数ヶ月なんだから！と割り切るしかない正社員じゃないから気になるとこがあるなら事前に聞きまくる！納得するまで！,3
私リゾバ歴も短いし、1か月案件ばっかりやってきてるから2か月とか3か月案件についてはなんとも言えないけど自分に合わない、できなそう、長そうで心配、とか思うなら初めから短めにしとけばって思う。2か月からじゃないと落ちるかもとか言われても1か月だから応募してます！ぐらい言わなきゃ,3
副業の勧誘してくる人いい人(？)もいるんだろうけど(んなムシのいい話があるか 同じような言葉文句で何人にもそうやって勧誘メッセとか勧誘DMとか送ってるんでし実際稼げるかもしれんけど自分で方法を見つけて自分でなんとかするからそっとしといてくれ)って思ってるので勧誘意味ないよぉぴえん(,2
5年付き合って4月に別れてからも月1ぐらいのペースで会ってた元カレでも今朝で最後。良い思い出も嫌な思い出もいっぱいあるけどそもそも好きなのに 友達としてなんて無理だったしあっちにはもう遊びに行くぐらい仲良い子がいて私には入る隙なんてなかった分かってたけど見ないようにして,2
移動日...雪ある場所から雪ある場所へなので服装は変えなくて良し靴も冬靴あればおk時給低いし稼げない場所だけどとりあえず行ったことない県を攻めたかったw年末年始の短期勢ですが、よろしくどうぞー！,3
作務衣だから専用のサンダルあるかと思ったら...ない...だと？業務に必要なものクロックス系のサンダルって 記載必須やん！,1
情緒不安定マン わい相部屋にもかかわらず相部屋人に背を向けて独りで泣く赴任日明日から勤務やで←,2
今回は 働きながらPC作業するのに少しでも慣れるため(あとニート一瞬でも抜け出せやクソニート！という鼓舞)なので、8時間確保されてれば大体の給料計算できる初めからいくらって割り切っとけば残業代でたときラッキーやろー！！ないならないでその分稼げてれば充分,3
わっし年末年始 1/5まで グンマーです直帰しようか、寄り道して帰ろうか悩み中1/6?1/8か9ぐらいまでなら関東周辺ぶらりもありだけど南下はしないかな。んー。迷ってる間にバス埋まっちゃうから結局ぶらりルートかなうーむ,3
い●ほ温泉来て3日目の夜なんだが3日連続で救急車消防車のサイレンが鳴っている滑って転んだり？坂道での事故ったり？何が起きてるんだろw,2
各地で色んな人に会うのに連絡先が一向に増えない増えても 勤務が終わったら連絡も終わっちゃう(SNSでは繋がっててコメントとかはある)せっかくの出逢いだから、飯行こー！みたいなノリで連絡取りたいとは思うのにコミュ障と人見知り発動してなかなかそのレベルまでいかない(　?-?　),2
本当に友達が少ないし新しい出逢いとかがあっても全部知り合いレベルで止まっちゃううぇーい！ってパリピになりたいわけじゃないんだけど人間関係に深入りできない性格なんだろうなーって思ってしまう,2
昼前までめっちゃポカポカしてあっついな今日とか思ってたのにあっという間に暴風が...ホテルのエントランス付近の風通し良すぎ問題wいうて15度の部屋で半袖←,2
おー！今日話せなかった人と色々話せた！温泉の中でとか←毎年コミュ障克服してーって思っても無理ゲーだから「コミュ障だけどやらぬ後悔よりやって後悔」みたいなモットーで生きたいなあ1歩目が大事よなー,0
ってことで仕事始めがんばりましょー！,3
勤務5日までね？(10日間しかないけど)明日からヘルプ業務でフロントの案内係と仲居(ルーム)の仕事が増えるww裏方だけど、いうほど難しい接客ではないから過去のリゾバ経験を活かしたいなーフロント?部屋までの案内は初めてなんだが訛りが出るからあんま発したくないのが本音←,3
現東京都民(地元は千葉や神奈川)vs現地方民(地元も地方でど田舎)の考え方の違い都民→電車はラッシュ時以外は空いている地方民→東京の電車は常に混んでるから乗りたくない(座れないこと多くね？)都民→家賃安い、シェアハウス安い地方民→1R3.5万でギリギリいける、欲を言えば2万台におさめたい,0
お酒飲むと寒気するの私だけでしょうか？？共感者RTしてくださるとあるあるなのかなーって納得します←,3
右手の指2本 爪の間ぱっくりと爪の横ひび割れ起こして左手の指1本ひび割れて大丈夫な指も全体的に爪の間ぱっくりいきそうな感じだし指の荒れ具合がえげつない泉質合わなすぎ問題...毎日は強すぎるんやろなあと2日！！！！！,2
これぞリゾバの楽しみやなーと思った明日で最後！10日だけなのに めっちゃ濃ゆい時間だったなーとw最終日は勤務後に残ってる飲食物消費しちゃいたい！！！！ウイスキーあと半分！w缶チューも3本w周り6時前出勤多いんだけどわっしだけ9:00起きでも大丈夫なのなんか申し訳←,3
今年の目標今年こそ初海外旅行する！！飛行機こわいとかいつまでも言ってらんない！パスポート切れる前に行く！！,3
なんというか この時間だから言うけどさ下ネタではなくてリアルな性の悩み について話せる環境が欲しいなってこの歳になって思い始めたんだけど共感者いる？？コンプレックスについて、漠然とした恋愛に対する悩み、コレって自分だけ思ってること？、一線越える勇気がないとか色々な悩みに→,3
いろんな職種経験すると別の宿泊施設でも役立つなーと感じる！今回みたいにヘルプあるのは聞かされてたから1回目はすぐに覚えてそれなりに動けるように2回目以降はパタパタ動けるようにできてる感じはあると思う！まあ所詮派遣のレベルなので←明日で終わりや がんばろー！,3
まあそんな短期ぽーんと見つからないんだけどね。一応詳細聞いてみよーっと。,3
勤務中のウェアは自分で準備してねってことでした。(滑るときは無料で貸すよって感じ)スキー場だけど ほぼ建物内でのレンタル業務。レンタル経験者 勤務中の服装の写真があれば、DMで送っていただきたいです！！参考にしたいので見るだけです無断転載とかはしません,3
出会いなんて一期一会だ！とか一生モンだ！とかホント 人によって価値観バラバラだと思うの出会いが全てじゃない！稼いで自分のやりたいことやったらいいじゃない！出会いたいなら行動して稼ぎたいなら稼げるところ行って観光したいなら休みや前後は観光して色んな生き方あるから気楽にいこ,3
自分のことを貶す人よりは褒めてくれる人と付き合うって大事だと思うけど自分が思ってる以上のことで持ち上げられると私は慣れてないのでちょっとビビっちゃう。褒められて伸びるタイプとはいえど。背伸びしたまま歩くと疲れちゃうのと一緒...逆にやる気につながることもあるけどね。,0
愚痴とか病みって現状から見るとマイナスかもしれないでも悩みはプラスになろうとしてる証よねいっぱい悩んで解決して、解決に導いてもらって、一歩ずつで良いから前に進んでいきたいですね病むんじゃなくて前向きに！いっぱい悩もう。,3
21:30に地元からバスで出発7:00に東京着いて8:30に東京から電車で出発?昼過ぎに勤務先へ到着そのまま夕方から勤務というハードスケジュールw新しい土地に行くのでワクワクがすごいけどね！！！不安より楽しみが大きい?( ? )?,3
マジで服多いって持ってきたズボン系部活で着るようなウィンブレとジャージ持ってきたけどジーパンのが必要だった...最後 ジーパンかウィンブレの2択でジーパン置いてきちゃったわ...1着しかないから休みの日に買いに行こ...帰りの荷物増えるwww,2
相部屋のリゾバ先ではいくらWi-Fiがあれど 迂闊に記事執筆できないというデメリットが発生することに気づいた。もちろん、休憩時間や空き時間の使い方を被らないように工夫することは可能。飲食代はかかるけど作業できそうな場所も近くのあるのでうまくやっていきたい。,3
めっちゃ混んできてるのに、荷物で席1個分占領するやつってどういう神経してんだ？？電車とかカフェとかね。そこ開ければ1人座れるのに。なんならお前どければ2人座れるんだぞ。それぐらい考えられる大人になりたいわ。,1
やばい！そんなお酒強くないので飲みすぎると作業できなくなることに気づいた！！ハイボールとサワー1杯ずつしか飲んでないけどやめとこ。コンビニでなんか買って帰ろ←,2
来週の休みをどう使おうか今から考えつつ土日をがんばって乗り切るしかないな前回は仕事後の交流が楽しかったけど今回は観光と自分のやることやらなきゃ楽しめん！もうむりいいいってなったら愚痴聞いてくれる人もいるので モチベ保って乗り切ろう...,3
愚痴だけじゃなくて普通に話聞いてくれてたわいもない話してそれだけでも元気もらえるありがてえ足取り激重だったのがちょっと軽くなったがんばろー,3
最近入った人にこれお願いしまーす っていきなり言われて頼んでるっていうんじゃなくて中途半端にしてあと丸投げされてるんよなんで最後までやらんの？？むしろその後大事やん？わからないことできないことそのままにする人だから何の違和感もなしにやってるんだろうな呆れちゃう←,1
遠慮を知らないというか気を遣えない人は本気で引く呆れる。まじで関わりたくない。そんな人が勤務先にいる現実(白目)いちいち その人の行動が私のイライラメーターを刺激してくる,1
これ共感者いるかわからんけども生理的にムリな人って話すの以前に近づくのもイヤなのね。その人が仮に「眼鏡かけてる人」だとしようその人の眼鏡だけが机の上に置かれている眼鏡だけですらイヤなのですなんなら眼鏡の周りに触れるのもイヤなのですだってそいつの顔にくっついてたものやで,1
今日は珍しくLINEする相手がいないので←次のリゾバ先を考えながら寝(落ちし)ようと思います観光スポットと合わせて探すと楽しみが倍増するんです。,3
昨日バイト断ったために地元に帰らなくても良さそうでむしろコロナのせいで帰ってくんなwと言われたので早速次の勤務先探しを始めました1/29仕事検索開始、2社(計5求人分)web応募→全て求人票get→3求人詳細問い合わせ→うち1つ応募して結果待ち過去の担当者から新しい担当へ引き継ぎが早い！,3
あー、通勤案件ダメだった。1ヶ月?(延長可能)案件に1ヶ月?って言って応募したら3ヶ月以上の人を募集してるんですよねーって.......？？？？？？？？？なら1ヶ月って表記なに？？wまあいいやってことで切り替えて別のとこ応募完了。詳細待ち。,2
今回は、Wi-Fiは最悪レンタルすればいいやってことで優先事項は「期間」と「勤務地」！今のうちに行ったことないとこを攻めたいんです。ムリそうなら、それなりに稼いでから自費で観光行って地元帰るプラン。とりあえず本応募したところの結果来ないかなあ。待ち。,3
昨日?今日にかけて泊まったゲストハウスドミトリーの空間がほぼ個室って感じで快適に過ごせる空間だったなあバスタオルもついてるし ベッドの中広いし良きだな。んでも敷布団薄いのが気になる人にはちょっと寝にくいかも。布団の下畳っぽいから起きた時身体痛くなかったけど！,0
自分のことを好いていてくれるのは充分通じてるんだけど今はそういう気になれないというか付き合ったところで相手も自分もを大事にできる気がしない恋愛対象として見れないし、これ以上発展がない状態で連絡取り続けるのも相手に悪いなあと思うんですがどうすればいいんだろう←,0
お？！？！！Wi-Fiなしって聞いてたけどWi-Fiバリ3！？！？ありがたや。作業捗りそうなお部屋で嬉しす。,0
うわー！まかないというか従業員食堂もうまいこれは生活環境アタリや！！周辺環境は悪いけども売店あるし困らないかも。仕事シンプルに忙しいけど短期なので乗り切れますわ。,0
たかが数日(2?3日)も働けねえでバックレるとは何事しかも10人中2人もw学生同士 友達同士で応募してるんだろうけどバックれないように切磋琢磨しあえよな..あと1日だしがんばろうぜ、乗り切ってうまいもんでも食って帰ろうぜってバックれは交通費でないので多分赤字アホくさすぎるw,1
あ、メンタルやられた←久しぶりにこんな感情を抱いてしまったので早く次のリゾバ先に行って気を紛らわしたいと思います自分の負の部分が芽を出しちゃったのが分かるので自分の手で枯らします(　?-?　)ご飯食べよ...,2
スーツケースん中の衣替えしたいんだけど冬用アウター→春用アウタートレーナー→Tシャツ、ロンT冬靴→スニーカーまあまあ全部変えたいんよねw家戻るべきか、思い切って捨てて調達すべきか、郵送してもらって要らんもの送り返すか。次と拠点が定まってない以上なにもできん現状,2
結局どこいてもコロナの脅威には晒されてるわけで(もちろん感染者が少ない田舎とかは避難場所としてはアリかもだけど)それでも日本出る人はいるわけで。前は地震 今はコロナって言い訳ばっかつけて逃げてるんかなまあ実際自分のことだから自分がよければ行くんだけど。コロナは良くないよね←,1
スーツケース→オレンジリュック→青スマホケース→黄色ニット帽→赤色の大渋滞が起きていることに気づいただがしかし アウターと靴は黒だから関係ないやって思ってる,3
やっぱり実家に帰ってくると何事に対するやる気もぽわーってどっか飛んでっちゃう感じがする落ち着くといえば聞こえはいいけど甘えなんだろうなって。,0
好きになるんじゃないってどっかで思ってたけどはー。やはり恋愛向いてなさすぎるな。勝手に思い上がって勝手に嬉しくなって勝手に嫉妬して全部自分の勝手なんだよなあそして結局根っこの部分は変わらないんだなあって思ってしまった相手は他人ってきっぱりできない辺り恋愛向いてない,2
あと、やっぱりLINEって便利だけど本心とか表情とか見えない分相手がどう思ってるのか何をどう考えてるのか極論イエスなのかノーなのか本当に分からないなあって。便利だけど不便な時代だと感じてしまった,2
まあ、こういう形で自分が傷付く？じゃないけどモヤモヤするんだろうなって分かってたことだから裏切られたショック...みたいなのはないんだけどちょっと寂しいというかうわああって モヤモヤしちゃうねあっちはそんな気全然ないと思うし私も割り切ってたつもりだったんだけどなあ,2
そろそろなくなるからって思ってAmazonでアイブロウ買ったんだがなぜか買った2日後ぐらいにメルカリでもアイブロウ買ってしまった...Amazonの箱開けて2つ買ったことに気付いた←,2
タブレットって便利だけど、タッチペンとの相性とか ラグの問題とか一瞬のズレで消えたり 変な操作しちゃったり。まだまだ全然慣れないですなあ。ブログとかSNSとかやってるけども実は超機械音痴です←,2
今やってるお仕事単純だけど ちょっとずつ慣れても時間かかる。つまり大変←リゾバは覚えること多いけど 慣れるとなんとかなるでも今の仕事(作業)は覚えることあんまないけど 単純な作業に時間かかるでも同じ時間グダグダ過ごして稼ぎゼロよりは全然マシ！このお金で旅行へのモチベ上げてこう,3
6年ぶりに眼科行った...コンタクトとメガネの度数調整しないとやばいなーって思ってたら案の定悪くなってたので 行ける時に行っとこう。来週もまたです。,3
リゾートバイト市場ってすごく狭いと思うけど実際いろんな悩みとか不安とか抱えながら働いている人たちがいるわけで。情報全部丸呑みしちゃいけないよ ってことだけは声を大にして言いたい。自分に合った取捨選択 大事です！,3
そういえばめちゃめちゃ忘れてたけど2月中旬に応募したGW案件の結果まだ来ないな？！？！GWの募集もだいぶ減らされてるのかなあコロナで何ともいえんしまだ先だし様子見ですな...,2
13:3037.5度ここからスタートです※なお、体温計が急速測定？みたいなタイプなので若干の誤差はあるかも。,2
あのあと37.8度まであがり今は37.0度まで下がりました夜また上がるかなあ...,0
私のリゾバの醍醐味は休日 休憩時間の観光だから今行っても楽しめないことはわかりすぎてるので実家で大人しくしています(実家があるからできること)でもどんどん広まっていく人の動きを止められないのが現実で。なんかなー。やりたいこともあるけども今は何が正解なんだろう。,2
図書館で本借りて(2週間で返却)家でもできる勉強してメルカリで売買してPCで 副業程度ですが収入を得るリゾバの楽しみも刺激も何もないけど今はちょっとでも早くコロナの影響が広まらないように祈って家にいるしかできないツラい。,2
最近うどん食った日に限って腹壊すのでちょっとうどん禁止にしてみようと思ううどん食わない日に腹壊したらうどん再開しようと思うなぞの宣言。生存確認。,3
ヒューマニック 、応募受付停止...？？,0
めっちゃ今更だけど地元近辺?東京行きのいつも使ってたバス全便運休なってたからまあ出歩けないよね(出る気ないけども)やはり地元で仕事探すのが賢明なのかなーどうせ働くんなら地元出たいんだけどなーあああー,2
実家嫌だなあって思う極め付けは家族同士の言い争い(ガチ喧嘩ってほどじゃないけど)一人暮らしとかリゾバ生活しててたまに帰ると居心地いい場所だって思えるけど同じ家で3世帯6人も暮らしてればそうなるか言い争いだけじゃなく本人いないところで愚痴られるオマケ付きだから尚更イヤ,2
割と社交的で意外と品があって 自分の芯持ちつつやりたいことやって 私とは性格も考え方も色々正反対すぎる正反対すぎて行動すればするほど相手に嫌われてる感じがしてる(本心は知らない)それでも会いたい歳はとっても心はわがままなクソガキのままです,3
とりあえず嫌いなら嫌いって言ってほしいし連絡ウザいならウザいって言ってブロックしてくれればいいのに一方的に盛り上がって一喜一憂して彼方にとっては知り合い程度のものだろう自分から連絡先聞けたことが大きな一歩とか思ってたけど連絡先聞かれるのに慣れてる人には全然意味なかった,2
もう！！コロナ自粛のせいで人に会えなすぎて実家から出れなすぎて嫌んなっちゃううう！！！！！！！むり！！字面とか電話とかじゃ全然むり！！一人旅でいいから旅行して感動とかしちゃって心癒したいよおおおお,2
最悪な1週間の始まり生理田植え時期で家族の痴話喧嘩勃発せっかく仲良くなれたと思ったけど会えずじまいの人に会えない→嫌われてんのかすらわからんのでこのまま連絡とってていいものかと不安に駆られるんでこのコロナ自粛(約3ヶ月間。このまま4に突入)のせいも相まって不安とイライラがストレス,2
あーやらかし。せっかく発送したけども記載内容と商品違うと言われググってみたら完全に私の知識不足による記載ミス...(　?-?　)返品すると対応も着払い送料もめんどいから2500円ぐらいの売上チャラにしてキャンセル...反省じゃこりゃ気付けて良かった←,2
ばちくそ意外な人物からLINEきたんだけどなんとも言えない内容だったのでちょっとやりとりしてそっと非表示にしときました。,0
質問しただけで逆ギレみたいな口調で答えられると誰だって良い気持ちはしないだろ...,1
完全に嫌われてて悲しすぎる←推しも諦めよう...せっかく東京での楽しみができたと思ったのにこりゃダメだーまたふりだしから。,2
ダイブの新しいサイト、アプリ時代のメールアドレスでログインしようとしたら 登録されていません って表示されるんだが同じような人います？,0
チーズスフレが無性に食いたい,3
締め切りまであと数日なんだけど！なんなら3月からずっと応募していいのかしないほうがいいのかずっと迷って、もう〆切が数日ってとこまで来ちゃってるよ,0
自分の部屋の居心地はいいけどもやっぱりもっと色んなとこに行きたいなあ知らないことを知れる楽しさ！！まだまだ未知が多すぎる,3
金曜日病院行く予定あるからついでに1月以来の美容院にも行こうかと思うんだが結局切ろうか切らないか迷い続けてる始末←ショートヘアあるあるとして襟足もさもさしてくるとすぐバッサリいきたくなるんだけど切って結べる長さじゃない微妙な長さになるのもなーっていう葛藤,3
検定試験の支払いとガソリン入れに行くっていうのがメインの目的だったのにチーズスフレ買って買いたいもの買って満足してメインの目的２つとも忘れて帰ってきたのはアホすぎるwガソリンはマーク付くレベルでギリ思い出したので帰り途中で入れてこれた◎,0
寝る前に、癖つけようと思って髪縛って寝たんだけど2つあったはずのゴムが1つしか見当たらないからもしかすると寝てる間に解けたやつ食ったのか自分...？？という疑念にかられているコワイ。,0
どうぶつピースにうちのイッヌが出るんだけどテレ東系列放送されないから意味ねー泣,2
格段とヒューマニックの時給の低さが目立つかなあ...(もちろんそれなりのもあるけど全体的に。),2
ナガシマの寮環境(女子寮)・風呂は大浴場タイプ、シャワー15個ぐらい？・トイレ、洗面はフロアで共用(3つ)・洗濯機はフロアに2台・電子レンジ、トースターはフロアに各1つ・部屋6畳、クローゼット、正方形の冷蔵庫、布団(薄い)、壁に2-3個フックあり(ハンガーなし)・去年2月時点ではWi-Fiなし,0
TLがナガスパでいっぱいwww今出てる案件の中ではまあ楽しそうではあるよね少ない件数の中でも時給高めだしプールスタッフは日焼けが大丈夫な人にはもってこいかも。数日で日焼けしてヒリヒリして風呂入れなくなるの目に見えてるから行かないけど←やるならまだ売店のがいいな行かんけど,3
鼻がすごい部屋掃除して埃吸ったからだと思うがムズムズえぐ！,2
なんかなー何したいんだろうーわからずもやもや歳とってくばかり,2
草刈りの時期だからだと思うんだけどイッヌの散歩行くと鼻水えぐいしなんなら家にいても窓開けてるから外気入ってきて目かゆいし鼻ムズムズして地獄,2
ここだ！！っていう求人が見つからん...ホテル旅館のリゾバに限定しない方が探しやすいんだろうけど、また電話登録とかメールで履歴書的なの入力するのかと思うと...一瞬なのはわかるけど迷いどこ。あと1か月は地元動けんからもう少ししたら増えるだろうと思って気長に待つ日々←,3
はああ？うざすぎるメルカリで初めて悪い評価ついたしかも理由聞いたら到着が遅かったから北東北から沖縄まで送ったらコロナの影響もあるし1週間はかかるだろって思ってたからこっちも催促せずに待ってたのにそれ言ったら、最初に忠告しないあなたが悪いっては？？ふざけんな通販じゃねえ,1
マジで頭沸いてる出品者は購入者選べねえんだよ自分が沖縄で出品者が北東北って分かった状態で購入してんだろうがそれでいて　遅くなるって忠告？逆に　遠いので到着と評価遅くなるかもです　とかならわかるけど悪い評価つけた挙句こっちのせいにされるとか腹立たしすぎるくそ,1
10人に1人がメルカリ使ってるらしいからそりゃ誰でもかれでも好き放題なんだろうなーって印象。普通に購入しても期限内に発送されないこと増えた感じする。250近い取引して初めて悪いついたしこっちに落ち度がない取引すぎてまじ納得いかねえだ。,1
検定試験の勉強してるんだが合格率まあまあ高いからなんか緊張感緩んでしまっているが数千円払ってるし移動費込みだと万超える出費だから確実に合格しなければという自分自身へのプレッシャー,0
元カレから半年ぶりに電話きたんだけどあまりにも仕事でボロクソ言われて?って話で聞いてたら結構エグいことされてるのに嫌とも言えずただその場のノリでごまかすことしかできないのが辛いって自分だったらそんなとこ速攻辞めてるしまずそんな上司の元で絶対働きたくねえまじで大学生のノリ,2
やべえ今日超ねみい朝からスタバ飲みに行ったせいかな←,0
ズオズオムーわらった。,0
元カレのことはもう全然恋愛感情ないから関係ないんだけど浮気されたっていう事実だけが残ってふと思い出すと胸がギュッとなるんよね。今でも。気持ち悪いわ。インスタ見てたらその浮気相手のインスタ見つけてしまってギュってなってる午後11時。,2
はいー。結構無駄に気合入れて行ったけど、ご飯食べてドライブして終了?wボディタッチちょいちょいされたけどあんまいまいちキュンとこないというか慣れてなくてちょっとドキっとはするけど恋愛のドキドキとは違ったかなー。,2
Tinderで仲良くなった人と会ってきたんだが写真と実物が違っててちょっと期待してただけにちょっとショックうけちった←女子ウケって言葉使いたくないけども短髪で髭ない(そして清潔感ある)人のが好感持てる...。むずかしい。,2
あああ安い方で事足りてたのに期間限定のギリギリに申し込んだもんで内容ちゃんと把握してなかったから無駄に高い方契約しちゃったあああ3000円あったらお肉食べれるじゃんかー...むなしい笑PC使ってるのに知識がまじで素人レベルだから大丈夫かよって感じwww,2
三重の伊勢うどんはさすがに作れないけど愛知県?三重県のご飯好きなものが多い。,0
リゾバ決まらない?って条件妥協しまくってとりあえず近いとこ！とりあえず時給高いとこ！とりあえず楽そうなとこ！みたいなとりあえず?で決めてると失敗する可能性ありありなので我慢して求人出るの待つようにしてる。やっぱ違うって辞めるよりも待つ方が色々めんどくないので。,3
リゾバ と一言で言っても・自分に合う合わない・担当者の合う合わない・寮の良し悪し・食の良し悪し・周辺環境の良し悪しマジでいろんな要素あるから。自分の理想に少しでも近いところ選べるといいですよね。,3
マルチ商法に引っ張られそうになった経験ある人います？？？？zoomで説明聞くだけ聞いてダメそうならやらなくてもいいから?聞くだけ無料だし?みたいな勧誘されて。あ、実際やってみたっていう人でも可,3
やっぱり毎度のことながら生理前の体調の変化と生理日1?2日目の体調の悪さは不快だなー。おまけに天気もじめっとしてるし気分もどよーんってなっちゃうね,2
1回だけ使った派遣会社に連絡したらあんまりよろしくない感じだったなー。対応はめっちゃ早いけどねシンプルに求人がないね,2
稼げるor稼げないの軸で見ればもちろん稼げるのが良いに決まってるゼロで何もできないよりいいからね。でも、そこにおもしろさの指標が加わったら？稼げるけどおもしろくない、つまらないor稼げないけどおもしろい、初めてがいっぱい稼げる度合いもおもしろさの度合いも人それぞれ。,3
某大手Gに良さげな求人あるんだけどHとかDで決めたいからまだ待つ。とりあえず応募して求人票だけでももらおう,3
九州方面も一応考えてたけど豪雨でやばそうだから今はちょっと控えとくか...コロナもそうだけど地震とか豪雨とかの自然災害とかってほんと無力すぎてつらい。,2
おなかすいたっぴ,3
とりあえずほぼ確実に募集してるっぽいから応募した！結果待ち。,3
ナイーブ発動した後ですが切り替えてバチバチにお仕事していくぜ明日はスタバ飲むんだ！！！！うんめーカスタム飲んでやるもうメモしてるんだからっ！！！！2杯は飲んでやる！！！！スタバ好き('ω'),3
あーー推しに会えるかわからんくなってきたし行きたいなーって思ってる地方の求人全然ないし情勢毎日変わりすぎて決まっても確実行ける保証なんてないしマイナス思考になってしまう(´°????????ω°????????｀)とってもむり(´°????????ω°????????｀)あああああああ(´°????????ω°????????｀),2
会いたい人ができると会いたいなーってなっちゃうし自分の人生なのは分かってるけど会いたい優先になっちゃうことあるし会いたいって思うことは勝手だけどムダに行動派だから思い立ったら体が動いちゃうから何が言いたいかというと会いたい人ができると悩みが増えるとっても良くない←,2
私はもう少し先ですが←どうせまた手荒れえぐいっていうツイートするんだろな。リピーターとして対策していくからな。まってろよ！,3
推しに会えないけど東京経由はしないでリゾバ先に行く。経由するだけでもこわいので...今ほとんど出歩いてないから平気だけどいざコロナかかったらどうすりゃいんだろね。,2
最近Mrs.?とか髭男とかあいみょんとか流行ってる曲よく聴くんだけどやっぱりRADとかELLEとかROMとか太陽族とか中高時代に聴いてた曲聴くと無条件でテンションブチ上がるな。仕事しながら音楽流して勝手にテン上げ。,0
期待し.........ない。,0
久しぶりにまっずいラーメン食ったなあ味薄いとんこつはブタメンよりひどいかもしれんな←,2
wacciの別の人の彼女になったよ　の歌詞に集中して初めて聴いたちゃんと吹っ切れてたら電話しないししたいなんて思わんやろちゃんと吹っ切れてないまま別の人の彼女になったよって曲だったか、納得。,0
点描の唄心がきゅってなる夏よ、始まれ。,3
居間とかキッチンのテレビつけてもコロナしかやってないのでとっととご飯食べてテレビなしの自部屋にこもってお仕事タイムじゃ。,2
地元で就活しろ　市役所受けろ　農協受けろって散々言われたけど、どれもやりたくねえんだよなあ。薄っぺらい履歴書書いて？働きたくもない会社に入るための理由つけて？スーツ着てテンプレに沿ったことばっか言う面接？入りたくない会社に入ってやりたいこと？んー。,2
恋愛以外でメンタルブレイクしたの初めてすぎて誰に相談すればいいかもどう乗り越えればいいかも未知数すぎてわからんwwwwww恋愛だったら当人同士で解決って感じだから簡単なのに(´°????????ω°????????｀)なんやこれは(´°????????ω°????????｀)24年間で1番悩んでるわ笑,2
本日も行くなよの念押しで起こされました在宅の仕事夜にしてる昼夜逆転生活だからこの時間に起こされるの結構しんどいのにここ数日毎日これおばあ心配性で、薬飲んでも寝れないからっていう理由で止めてきた父。私が電話しただけで泣くぐらいの精神状態だとわかっているのか？笑笑,2
キャンセルの連絡入れろっていう家族からの圧力となんかもう色々耐えきれなくなってたこのタイミングで派遣会社から交通経路確認の連絡きて相談したらキャンセルってことで先方に掛け合ってみるとのこと。今まで応募後のキャンセルなんて無責任なことしたことなかったから本当に申し訳ない,2
ほんとに嘘つけない性格すぎて断ったって嘘ついても絶対ばれるか嘘ついたことに耐えきれず多分言ってしまう超正直者っていう自覚はあるし感情とか言動とかも好き嫌いはっきりしててわかりやすいと思うよっていう自己紹介しとく('ω')！！！笑,0
結局リゾバ行かない選択肢とったけど決定してた案件をキャンセルしたことで次決まりにくくなるんじゃないかっていう不安。あと、「行くな」とは言われないが「行かなくてよかったな」「行ってたらどうなってたか分からねーぞ」っていうたられば話をコロナ情報目にする度に言われそうでキツい。,2
暑いし暇だし半年ぶりにボウリングしに行こマイボール使ってなさすぎてさすがにかわいそう。,3
やっぱり持ち物リストって需要あるんかなあ。人それぞれなのはごもっともなんだけどリゾバ初心者こそあれ足りないこれも欲しいなって気付きから自分で物を揃えていくスタイルのが本当に自分に必要なものを知れると思うんよね。,3
Twitter開いて閉じてインスタ開いて閉じてTwitter開いて閉じてインスタ開いて閉じてTwitter開いて....っていう無限ループ繰り返してたわ秒で開いて閉じて繰り返してからなんも新着ないの。,2
いらすとや好きとしてはわざわざ往復2時間車走らせていらすとやグッズ買いに行って目当てのものなくて一応見てみるかってことで開いたメルカリで390+税のグッズたちが1500円とかで出品されてるのみると転売ヤーくそがって思うわけですよ。しかも1つや2つじゃなくて、何個もね。くそ。,1
画面見すぎなんだろな頭もわーんって感じで気持ち悪いわ寝過ぎかなとりあえずもう家から出た過ぎておかしくなるっつーの。どこ行っても混んでそうな夏休みうざいな。,2
リゾバ先生　じゃないけどリプしちゃった笑,0
申し込んだぜ2級...勘でとった38点から過去問解いてどこまでアップするか...。英語も苦手だし捨て問題減らしてなきゃ。まずは基礎ゾーン固める。6000円は捨てられんぞワッシ←,3
まじあっちい！！！！！！！イッヌの散歩行ってスタバ行く！！今日は2杯dayかな←,3
勉強したぞ。ネル。,0
単純人間だからテレビで他県特集やってれば行きたくなるし他県ナンバー見れば行きたくなるし地元(訛ってる)付近で標準語とか地元以外の言葉聞くと行きたくなるし県外の人と連絡とると行きたくなるしとりあえずでお取り寄せグルメググると予想以上に高いからまじで現地に行きたくなる,3
最近目覚ましかけても起きれん。1時間だけ寝たいのに結局3時間とか過ぎるつらみ。,2
先月とうって変わって今月はライティングが多そう。ライティングしたいなーって思ってたからがんばろ。拙すぎるけどもなんとか乗り切るぞ。とりあえず郵便局明日やってないし今日発送しなきゃならんメルカリの荷物発送からしなきゃ。,3
パッションフルーツジュースが飲みたい。,3
スタバにきてこの進捗具合ということは...シンプルに納期がキツキツ(´°????????ω°????????｀)追い込みのはずが、あんまり追い込めてないよー笑笑,2
別に金は稼げてねえけど案件ちょいちょいもらえてるし勉強することあるし今月はまあそれなりに過ごせそう問題は9月中旬以降なんだよなまた試験に左右されちゃう(´°????????ω°????????｀)けど次こそは試験終わったらどっか行きたい...さすがに。,3
浮気したこと自慢げに友達に話す奴はもれなくクソ。んで確実にまた繰り返すやつ。信用ならん('ω'),1
スマホ一つで?って勧誘はまじでいらん仮にそれで稼げたとしよう世界中の人がその働き方してないのはなんで？勧誘することで「しか」稼げないからなんじゃ...話聞くだけタダ紹介動画無料で先輩が説明してくれますだまれ?( ^ω^ )?,1
特に、場所を選ばずに仕事したい＝旅好き、仕事辞めたい、脱サラしたい、ワーホリ行きたい、夢や目標のために稼ぎたい、日本一周、世界一周、旅行好きみたいな人をカモにしてるイメージある。マジでリゾバやってる人旅好き人間多いと思うから気をつけてほしい。,1
試験勉強したいけどありがたいことに仕事がガツガツと入ってきていて勉強全然進んでない笑次の締切すぎたら一旦勉強モードに切り替えなきゃ...(°_°)マジで落ちたらシャレにならんのだ(主にお金が←),0
大学時代元カレと付き合ってなきゃもっといろんなこと自由に出来たんかなと思うと5年なかった1人での楽しみ方？みたいなのが後にずれ込んでもおかしくないよね←,0
こないだすき家の駐車場でタバコふかしてる人たちいて「(喫煙所か車ん中で吸えば良いのに、あんな煙撒き散らしながら吸ってるのはマジで)鬼だせえ」って思わず声に出したら横で運転してた友達に「鬼だせえって言葉がだせえwww」ってツッコまれた...そんなワイは仕事なうです('ω'),2
リゾバ戻りたいけども今戻ったら確実に実家に帰ってくるなって言われるからどのタイミングで出ればいいんだろう。実際求人とかも増えてる？お盆過ぎたし微妙かな？(HP見てない←)......コロナ(?_?),2
まじで会いたい人が多すぎるー。友達としてもだし気になるとかもだしまた会いに行きたい場所にいる人たちもだしとりあえずリゾバに戻ることが1番の近道であり地元脱出の方法...。9月末迄ぐらいを目処に復帰を本格的に考えよう。,3
マスクでアゴのラインが荒れる！！次いで口の周り(アゴ周辺)きちー。薬塗って治っても、気付くとまた...(´°????????ω°????????｀),2
やべえ締切間近なのに普通にネミー←でも今日やらねばヤベー久々の完徹コースと思われ,2
最近の生理の症状は本当にトイレがお友達！ってぐらいお腹が緩い←まじで腹痛い。ウォシュレットないと地獄かもしれんんでもって　めっちゃ柔らかい(くっ付きやすく破れやすい)トイレットペーパーとの相性は最悪ちっちゃいことだけど使う頻度が増えるからこそかかる負担、ストレス,2
良い具合に納期に余裕が作れてきた(気がする)明日(日跨いでるから今日)はスタバの栗！飲むついでに作業進めたい...起きれるだろうか。,3
「ファジル・ゲビ、ゴンダール地域」の写真がキモすぎて夜に見れない←ファジルゲビ　壁画って検索したら出てくるので暇な人見てみて。これが天井にあるとか絶対寝れんわ...。,0
いきなり寒くなってきたせいで鼻水とくしゃみが度々やってきて治らん試験中とかなったら最悪だ,2
勉強してるって言ってるのに。してほしいことと真逆のことされるとなんか違うなってなっちゃうそういう人なんだよなーって思うしかない他人に期待したところで落ち込んだりイライラしたりするのは全部自分だ,1
はああああめっちゃ緊張と不安でいっぱい...がんばるために今日は早めに寝る体調崩さないようにせねば。,3
今日そこまで寒いわけじゃないけど鍋が食いたくなってきた。,3
あやなんのインスタストーリー見たけど価値観というか考え方の違いみたいのって根っから違うんだと思うし育った環境とかでもだいぶ変わってくるんだろうなって思う難しい問題だよなあナイーブな問題こそ、そういう些細な違いがめちゃめちゃ大きなズレに繋がる感じやるせねえ,2
そして相変わらず鼻水止まらん1ヶ月どころじゃないなこれは耳鼻科ってどんな検査？されるんだろう未知。,2
そういやめちゃめちゃ通信障害だったらしい。飯食ってアベマ見てたら普通に忘れてた←,0
イッヌの散歩してたら通り雨にやられて途中で帰宅した虹一瞬で消えたしついてねー笑,2
ピスタチオのマカロンとカシスのマカロンとショコラのマカロンがうまい。ショコラは安定、ピスタチオは独特感がgood,0
納期ちゃんと守らない人(守れない人)と同じ単価なのなんかなーって思っちゃう。キャパとか生活状況とか違うのわかるけどさドンって提示された納期、自分のペースでいけそうか無理そうかなんとなくわかるじゃん...守れない続いてるんならokじゃないじゃん,2
万が一納期間に合わないかもって、作業段階でわかると思うし何かあってもすぐに報告しない　後出しだとただの言い訳にしか聞こえないしねなんで納期日の夜ギリギリになってからじゃないと、間に合わなそう、終われないので明日に...って言えないのしかも1回だけじゃなく何回も。学べ?,1
文字単価上がって欲しいなと思うぐらいには案件掛け持ちしながらもそれなりにこなしてると思うのだよねえ掛け持ちするのだって、自分でキャパ考えていけるって思ってるから応募してるはずなのに...,1
楽したい、めんどいやつやりたくないって気持ちはわかるがんー。まあ人のこととやかく言っても単価が上がるわけではないので、自分の拙すぎる文章改善することに専念するけども。,1
ケーキと(珍しく)コーヒーを注入したので更に風呂入って目を覚ましてから作業しまする,3
おお！何日から何日までって正確な1ヶ月分の収入ってわけじゃないけど、まあまあ良き('ω')来月はどうなることやら,0
名古屋メシ食いたすぎる問題発生しているつかそれよりも伊勢うどん(n回目),3
いつになったら単価upの交渉してもらえるかまじでわからんからとりあえず締切日よりもちょっとでも早く納品できることを目標にやろー。10月は中旬?は2件かな？？9月よりは納期納期(･･;)ってなるのがちょっとは落ち着くはず,3
リゾバ行く行くって言って結局全然動けてない人←在宅で自由な時間に自由なペースで仕事？作業？してるせいでだるだるモードに入ってる感ある(ダメなやつ)仮にもうちょっとでリゾバ戻るとして1日8時間ガッツリ労働はちょっとこわいぜ......1日5時間労働ぐらいのリハビリ期間欲しい笑,3
みんなすごいっす。1日8時間、さらに残業あったりでいっぱい稼げてる分色々しんどいと思うけど「満了しました！」ってツイート見るたびまじですごいなあって。ほんとに今のままだとリゾバ生活できなそう←まず昼夜逆転クソ(ニート)生活から抜けれない∞,2
都合の良い関係って都合の良い関係同士ならいいけど片方に結婚とか付き合うとかそういう気持ち入っちゃうとその人に対して真面目に向き合ってないというか、その人が真面目に良い人と出会うタイミングや可能性をストップさせちゃってる気がする。,2
さ、ビールでも飲もう。,3
まもなく令和か。令和の瞬間をを家族と離れて迎えるとはまさかの展開だけど、離れてみるとやはり家族が恋しくなるものだ。平穏な時代になりますよう。そして自分も平穏に日々を過ごせますよう。,3
数時間休んだら回復。無理し過ぎても回復に努められるところはひとり旅の良さかな。ご当地っぽいところで軽めの夕食食べて満足。明日帰国です。弾丸！,0
希望通り土日休みのサラリーマン（？）と結婚し、すでに家族旅行は2回以上いったし、公園も1回以上いったので、もう家族の休日娯楽についてはよくやった！自分偉い！と思ってる← ハードルが低いと幸せな思考になれる例！,0
あーあ。疲れた。飲みに行くのも疲れるから、もはやひたすら寝ながらおしゃべりする会をしたい。,3
人生全体がギリギリすぎてつらい,2
さて、半年間のマスク着用生活を終えた今、省いていたチークとリップを用意しなければならなくなりました。,0
安くていいやつさがしたいけどきりょくがない,2
ちょっと脳の病気かしらと思うくらい字が読めないし頭が働かないな今日,0
回転寿司は会計が4人で4000円近くなる為最近は避けていたけど、今日ためにしに3人で行ってみたらやはり2000円くらいになりダメだこりゃ…となった。,2
あぁ…ウシガエルが鳴いてる（田舎）,2
朝一美容院。今日のお店は最高だったな。いや、技術云々より、若い子のマシンガントークが。めちゃくちゃ過ぎて生きる世界が違い過ぎてなんだかとっても元気でた！,0
元気がないときにまた行こう。明るい人と話すと元気になれる。そういう人に私もなりたい！,3
ま、ぼちぼちな。ぼちぼちいこう。最近、ジョブホッパーの妹が通算10度目くらいの転職をしたので心が乱れている。姉ちゃんは育休時短取れる会社の正社員で恵まれてるんだから辞めるなんて贅沢だ、という言葉が頭の中で響く。はぁ。,2
でもさ、私がずっと羨ましかったそれらの環境が用意された私から見て裕福な家庭で育った人も、自分の育った環境と同じものを用意できるかというプレッシャーに悩まされていること。実家の支援が太い分きちんとした学校に入れなきゃとお受験に悩んでいること。立場が違えばまた違う悩みがあるんだなーと,2
いままでになく真面目に求人を見てる。リモート可なのはITに多いんだね←そのレベル,3
子に隠れて食べるマーブルチョコうまうま,0
結局、軽く買い物したが、今動けないほどの疲労に苛まれている。ほんと疲労が体に深く刻まれすぎ。あと数十年生きていけるのか本気で不安。,2
有給とって遊びにいくくらいなら送迎しろ、その分時短しなくていいだろ、と思うだけならいいのだけど口に出してしまうから喧嘩になるのだ。,1
夜ピザポテトパーティしようと思ったけど、明日早くから予防接種なことに気づき＝運転 仕方がないからいまからお酒のむことしたよ?1週間お疲れ様でした！,0
オリンピック、一応申し込んでみた。楽しみだね！,3
人と暮らすと迷惑をかけるからもう空気とか藻屑になりたいわ,2
気持ちを試されるような試練が続く。他責にしがちな思考回路だからこそ、全ては自分が選んでいる意識を忘れないようにしないとな。今起きていることは、誰のせいでもない。全ては自分の選択の上。,0
昼休み廊下を歩いてると、なんとなく顔を知ってるようなおじさんが歩いてきたのでとりあえず会釈した。誰だったかな？と小一時間。半年前に就任した社長だったわ。,0
求人サイト見てると死ぬほど求人はあるんだが、家から近く・勤務時間が短くor在宅リモート・正社員・賃金も高い・内勤オンリー・経歴と折り合いがつく求人というのは見事に皆無である。世の中に求められてない感。,2
この該当求人などあるわけないとわかりきっている激ワガママ条件だが、どこから妥協していくかが転職後の幸福感を左右してくると思われるので真剣に検討する必要がある。,3
子が小さいから家から近いのや勤務時間は必須で、やはり賃金から妥協、となると正社員妥協、となると女性の平均賃金は下がっていく、ということがわかる。,2
またマツエクしたいなー。散財するのではなく、美にお金使いたい。,3
アラフォーに足を踏み入れつつある今、ちょっと人生を焦りつつある。まだかろうじて元気で健康なうちにできることはやってしまいたい気持ち。やりたいことが見えてくると、日々の時間が全く足りなくて、つまらないと思ってしまうモチベがお金だけの仕事に費やしてる時間とか無駄に感じて落ち込む。,2
けれど、自分の人生を主軸に生きようとすると、もしかしたらそんなことは考えずに優しい専業ママとして過ごす妄想パターンと比較して物理的に子どもとの時間が減る。今回の学童の件もそうなんだけど、至って真面目な理由であっても、結局自分の都合を優先している気がして、なんか落ち込むよね。。,2
ま、なんにせよ落ち込みやすいのは生業なので、その辺は気にせず気楽めにいきたいところである。,3
はよねよ,3
まもなく私物のティッシュの在庫が切れます。昼休みに買いに行くか迷っているときに、コーヒーをこぼすのが私。買いに行ってくるか…,2
朝からブチ切れてきたので血圧がおかしい。これから検査なのにな。,0
まず朝起きろよ。子が生まれてから今日まで私より一度も早く起きたことがなく昼まで寝続けてることを謝れ！とブチ切れながら出てきた。,1
今週は上履きだけは洗わせてやる！上履きだけは！！！,1
我ながら感情の起伏が激しすぎて疲れる。穏やかな人になりたいけどそもそも脳構造からして違う気がしてならない。,2
さ、検査に5時間かかることにしてプチ家出だわ。ゆっくりしよ。※本当は30分,3
パーソナルカラー診断や骨格診断、買い物同行の類にチャレンジしてみたいなぁ。買い物のたびに迷って激安品しか買えない。,3
さらに、諸用で20時頃実家を尋ねると妹も昼寝していた。完全に血筋だった。,0
らくだになりたいなぁ。でも砂漠は暑いな。,3
朝買ったサラダの咀嚼が面倒になる季節がやってまいりました,0
昼休みのお化粧直しですが、みなさんファンデは同じものを2個持ちとかされてるんでしょうか。,0
基本的に平和主義で、なるべく敵意を向けられないよう細心の注意を払って生きているので、あからさまに敵意を向けられることに慣れておらず戸惑う。とはいえ、周りも我慢していただけなのかもしれないし、その逆かもしれんし、真実なんてわからん。大人だし、なるべく気にはしないようにするけども。,2
箸の持ち方ね。上手に持てないのがコンプレックスだったので、20歳のときにエジソン箸みたいなの買ってセルフ矯正しましたわ。おかげで一つ自信がついた。,0
普通の人のようにできていないという気持ちになりやすくて、そこに執着してる気がする。普通の人ってなんだよって感じだし、他人と比較することなんてないのにな。,0
ま、5時には起きられないし、作り置きなんてしたこともないし、洗濯は多くて週3、掃除は気が向いたら、なのでワーママ界では怠け者なのかもしれない。あながち間違ってない気もするね…,2
1番じゃなくても大丈夫。なんでも賞を取らなくても大丈夫。なんなら授業についていけなくても、学校に行けなくなったとしても、その子なりの幸せがあるよね、と思った。,3
土日ダラダラしてあまり掃除できなかったので子を送り出した後に掃除機かけてきた。気分は良いが体力が全てなくなったが、もちろんこれから出勤…,2
先週1週間胃腸が不調で市販の胃腸薬を飲み続けていたが、土日にすっかり治った。しかし今、出社と同時に再び胃腸が痛い。しかし6月でセロトニンが不足しているので仕方ない。,2
目が滑るな、文字が入ってこない,2
こう胃腸が不調だと暴飲暴食によるストレス発散ができないのもつらいよな。暴飲暴食とまでいかなくとも、ケーキ複数個買ってくるとか、風呂上がりのお酒とかさ。そういうのがだいぶ生きがいになっているんだな。,2
今日の顔色は青いを越して土色だね、と言われる朝。休もうか休むまいか布団の中で何時間も格闘したあとだけど、結局踏み切れず行く。ワーママになってから自分の不調で休んだことがなく、子供の体調不良に備えてきたけど、大人の病欠ってどの程度から許されるんだろうな…もうすっかり忘れたわ。,2
なんとなく予感はしてたんだけど、チームメンバーが病欠したので結局早退できないどころか死ぬほど忙しくてクラクラ。ま、仕方ないけどね。休みがちなメンバーを恨まず、人事を恨もう…,2
腹痛の原因を取り除くべく、水筒やお弁当はやめて、買うようにしたり、消化の良いものを少量食べるようにしているが、なかなか快方にむかわないなぁ。,2
今日は会社にイラつくことが5億個くらいあったし、時短定時無視で群がるメンバーに最後はキレ気味に帰ってきた。明日午前中だけ出てフォローしようかなどと悩んだけど、不要な気は使わず予定通り休む。イライラしても会社は変わらない。自分が変わることしかないので、イラついてる間に求人でも探すわ,1
サンプル集めが好きだから見まくってたワーママ雑誌特集なども、なるべく情報を整理しよう。見れば見るほどそうなれない自分を悔いるという無駄な時間を過ごすことになる。身の丈にあったしあわせを目指そう。,3
なんの根拠もなくイメージで話すけども、幼馴染みの子たち、子供の頃ワガママで仕方ないといわれてた子ほど大人になったら超絶優しくなってる。天使みたいな優しさに救われることがある。子供時代に子供をやっておくことはとても大切なのではないかと思う。その反面良い子過ぎた自分のこじらせ具合。,2
処理速度は早いけどすぐに壊れるPC（私）や、ゆっくりでも長持ちするPC、映像がきれいなPC、みんな違ってみんないいということにしよう,0
毎週恒例ですが、週末になると胃腸が正常となり、月曜が来るとお腹を壊す。精神的なもの、で処理するのは簡単だが、そもそも物理的な原因がある可能性もあると疑い、例えば給湯器のお湯は使わない、お弁当はやめて買う、などの対策はしているのだがなぁ。,2
久々にKindleアプリで本読んでたら乗り過ごした。,2
なんか色々あって色々疲れた。,2
昨日の雨で敷地内に亀がいる,0
園送り後、亀はいなくなりました。意外と動き早い。,0
私と私の家族（狭義）だけで生きていたくなるほど、家族というのはあまりにも課題が多い。この歳になると否応無しにも老後・介護・墓みたいな問題に目を向けてざるをを得なくなるんだなー。うまくリタイアして、全く知らない土地で2人でひっそり暮らそうね、と夫と話し合って寝た。＝蓄財必須。,3
仕事はめちゃくちゃだわ。家庭に考え事があると途端に手がつけられなくなるのでミスばっか。あーあ。,2
惣菜レトルトなんでもこい、ひどけりゃ納豆ご飯のみ、でやってきたけど、最近量が足りなくなってきた。レトルトカレーだけじゃ全く足りないし、納豆ご飯にもおかずがいる。となると、毎日惣菜3品とか破産するよね→作らざるを得ないのか。いつ？いつつくるの？,2
ぼーっとしてたら電車が行ってしまった,0
手足口がやってきてるのか。手足口は恐ろしいぞ。もれなくとびひになるからな。ついでに一夏に2回かかったりしてな ※全て我が家の経験のみによる偏見,0
ここ数日ものすごくかゆい湿疹に悩まされていた。絶対ダニだと思い、家の管理不行届きを恥じ、大量のダニ対策グッズを買い込んだ。しかし皮膚科に行くと、チャドクガでしょうね、とのこと。チャドクガ？！なんだそれ、と初めて知ったが世の中に被害者は多い模様だ…特に今年は多いらしいので気をつけて,2
チャドクガ、今回初めて知ったけども、特にツバキ科植物を好むらしい。お隣にあまり手入れの行き届いてない椿の木があってな、、限りなく黒に近いグレーだけど確認のため近寄りたくもない。子供たちに被害がなくてよかったよ。半袖着ると見えるところに目立つ湿疹、跡も残りそうでかなり憂鬱です…,2
転職、というか、少なくとも仕事は変えたいんだけど、面接で嘘はつきたくない。子どもが病気の時も出勤できますとが、子どもの病気で休みませんとか、言いたくない。うまく言葉を選んで返答すれば良いのかな。嘘をついて採用されて、やっぱり嘘だった、というのが精神的に嫌だわ。,2
夫婦対等に稼いで育児も分担派！ではなく、稼ぎの主体を引き渡して賃労働のプレッシャーから解放されたい派なので、夫の仕事の都合に合わせ長らく時短を取り、古賀熱を出せば率先して休み、23時帰宅に文句も言わず、平日ワンオペを引き受けて、保育園送りだけを任せてきた。,3
しかし、月火飲み会（定時帰りだからその分早く行って仕事したい）水木金出張だから朝の送り全部よろしく、はダメだって！全部付き合いで断れない飲み会、出張も自分の意志ではない、いやわかるけどそれはダメだって！,1
一学期に本を○冊、みたいな宿題があって、全然達さなくて困ってる。まず本が家にない。週末に図書館通いもなかなかしんどくなってきた。,2
ご家庭で声かけお願いします。ご家庭で○つけし、直しもやってください。ご家庭の本を読ませてください。ご家庭の食事の態度が給食に反映されます。ご家庭で図工の教材は前日に用意しでください。ご家庭でお釣りはないように集金を用意してください、ご家庭でご家庭でご家庭でご家庭でが多すぎや！！！,1
ご家庭で忘れ物がないようにチェックしてくださいという持たせるべきものが多すぎるし煩雑すぎるし知らんがな！,1
なんだかやはり適当に終わっていく気がする。何に対してもやる気が出ない自分が嫌になることも多々あり、情熱的な人が羨ましく、惹かれるが改まる気配はない。低血圧、心拍数が遅い、低体温、ロングスリーパーであることから細胞レベルでやる気が見られないのだと開き直りつつある。,2
とりあえずシミそばかすどうにかしたい。その辺調べてみよう。,3
途中駅のトイレの位置とかほぼ把握してるし、いざ着いても人が来なさそうなトイレで小一時間休むとかな。技を習得しているぞ（なんの役にもたたない）,0
眠い。でも今月化粧品爆買いしたから頑張る。買ったもの→日焼け止め・コントロールカラー・リキッドファンデーション・アイシャドウ・ブースター・チーク,3
これを機に変なやつ捨てる。独身時代からあるシャドウとか←早く捨てろ,3
うちはお弁当来週からなので、週末に保冷剤と使い捨て容器調達してこよう。あとワサオーロ的なシート。,3
先週コインランドリー行ったのにそのアドバンデージが完全に消え失せた。この天候が憎い。,2
飲み会は話題が命だと思うんだけど、独身男性ばかりの飲み会は話題選びに苦慮した。旅行とテレビ番組が全世代万国共通の話題なのだと学んだ。,0
朝に弱い母ですが、お弁当はこの季節、夜作るのは不安か。明日から朝早く起きるのかぁ…,2
子、夏休みの宿題の歯磨きカレンダーを、チョコレートまみれにしてしまう。チョコアイスを食べた後歯磨きし、チョコのついた手が…,2
そして、悪口雑言の限り尽くして追い詰めてしまう最低の母。ほんとダメだわ。,2
家で疲れた疲れたもう嫌だこんな人生嫌だ毎日つらい、と繰り返してる人がいたら、同居人も暗くなっていきますよね。なので夫も疲れきってる。だから、今日は好きに遊びに言ってもらったけどそのストレスで、子どもに当たってしまってもうだめ。,2
明るいところがいいねとこれまでに10862678人くらいの人に言われてきたのに、この現状とは。つらい。,2
仕事をつまらなくしたのは自分。という気持ちが最近ふつふつと自分を責め立てることがある。,2
あーあ…やりすぎて怒られるなんてかわいそすぎるし、親のマネジメント不足でしたねごめんなさい。って書くか連絡帳に。。,2
これまでは頼れる上司がいたので、ある程度のところで切り上げて休むなり早退なりできた。しかし、異動とともに状況が変わり、休んでもいいけどそれは自分の責任だから全て自分でやるべきもの、周りは知らない、という考えになった。それはその通りなんだけど、今までだいぶ甘えていたことに気づいた。,2
今まで、その存在がどれだけありがたかったのだろう。大切なことは失って初めて気づくのだ。これまで続けてこれたのは上司のおかげも大きかったんだな。辞めるべき時がきたら、絶対に直接お礼を言おう。きっと泣く。,0
そしていつか、誰かの上司になったら、恩返ししようと決意する。,3
熱下がった下の子がトンカツ食べたいと言っていた。肉屋さんの揚げたてのトンカツがたべたいなー。しかし近所にはなさそうだ。,3
ワーママがとか保育園がとかいうカテゴライズではなく完全に私の話だけども、保育園に1日12時間近くお世話になってきたからなのか、子どもと長時間過ごすことに慣れていない。できないことを待つことにも慣れていないし、常に効率を重視してきたから、一見無駄と思えるような時間の過ごし方にも。,2
0歳児から保育園に入れて働いてきたら、そうでなかった場合に比べ確かにお金は余裕あるよね。だけど、それと引き換えに失ったものもたくさんあるのではないかな、と2人きりの夏休みに思う。さあこれから挽回できるのかな。挽回しなくてもいいけど、人並みにはなりたいな、母として。,3
6時起床したが頭痛ひどすぎて薬飲み二度寝→7じすぎ起床→光の速さで弁当を作る→7:30に送り出す→水筒忘れた→自転車で追いかける→汗だく→放心→イマココ,2
何はともあれ金曜日！今週もお疲れ様！,0
勿論、隣で抑えながら見ててその状況。でも変な話なんだけど、ほんと周りに比べてこの落ち着きのなさ、普段から周りに迷惑かけないように抑えるのに必死で。保育園でも大変ですね…と言われるし。私とても疲れてるけど仕方ないというか、すごく頑張ってるのでないかと思って少し安堵したのだった,3
最近真面目に夕飯どうしよう…と昼過ぎから悩み始めるようになった。ようやく通常母レベルくらいまで進化できた…？！しかしまだ、献立を立てるレベルまではいっていないので、献立に悩んでいるのではない。とりあえず何を食べようかという漠然とした悩みである。,3
うちの夕飯のリストを載せたら世の中の夕飯に悩む人々の力になれる気もするけどまだそこまで思い切れない…ご飯のおかずが食パンとかもある…,0
暑い…照り返しが致死力持ってる,2
さて、この時期の健康診断…昨夜から飲食禁止なわけだけど倒れろと言ってるようなもんですよね,2
小学生になったら楽になるとかどこの国の寝言でしょうね！いってきます！,1
4月からの累計有給数が10日を超えましたがところでみなさんの有給申請方法ってどんなんでしょ。うちは数年前からやっと電子申請になったんですけどね、それを上長に承諾してもらうのに口頭でお伺いをたてる訳ですよ。その際上長が「で…？」とか顔も見ず「あぁ…」とかばかりで言うのが嫌になってきた,0
算数好きの子、どう伸ばしたらいいのかな。くもんでひたすら計算飽きそうだし、今時そろばんとかどうなのかしらねー。まだ年中なのでゆっくり考えるが。,3
さ、熱中症になりかけながらも放置子ちゃんの親が迎えに来るまで見てたし、無事皮膚科を済ませピアノも済ませ、天才だから今日の昼は初??ドラえもんランチ買ってみるね！,0
すごい雨なのでわざと乗り過ごして避難,2
激務は身体を壊すのを身を以て体感してるのでなるべくストレスを溜めずにゆるく生きたいとは思いつつも、今は別の忙しさとストレスがあるよね。血圧には常に気をつけてる。,0
天才なので履歴書も職務経歴書もヒアリングシートの類も、今日の夕方送られてきた形式に沿ったものを30分で完成させて送ることができるのに、一向に転職活動がうまくいかない（すでに3年越し）,2
あと10年早く気づいてればな、とか思うけど、今諦めるとまた10年後にさらなる後悔が襲って来ると思われ、必死にバタつく。学ぶのはいつでも遅くないとはいうけど、記憶力と体力の低下には抗えない。倍以上の努力と時間が必要になる。人生短すぎだぜ。,2
躾がなっていないについては、特に目を離すと1秒で消える下の子について、言い聞かせが足りない、もっと怒れ、男の子は叩け、と言われるけど…時代錯誤も甚だしいし、叩いて言うこと聞くくらいならとっくに問題解決してるよね、と思いますわ。世代間ギャップとして処理し気にしてないけどめんどくさい,1
休みの日は真面目に食べるのが1食くらいになって、あとはお菓子やせんべいや余ってるミニトマトとかになるな。,0
もしかしたら、今の生活では大人の人と雑談をする機会がなさすぎて病んでいるのかもと思った。とはいえ、定期的に人と話すためには、どう機会を作れるかなぁ。習い事するとか…サークル入るとか…今の生活で…？？？はぁ。,2
引き継ぎ書は3年前から作り始め、日々丹念なアップロードを重ねており、今日辞めても多分大丈夫くらいの会心の出来である。,0
アップロードじゃなかった、アップデートや。はずかし！,2
あ、ちなみに未だに旅行帰りの年配社員の方とか、私にこれお土産！ってお菓子の箱渡してくるけど、全部私の分って意味ですよねー（真顔）,3
過去1番参ったのはメロン。人数分切って皿に盛って。爪楊枝刺して。食べ終わった皿洗うとかいうオプション付き。このあと光の速さで紙皿常備したけど。ちなみに私自身はメロンアレルギーで食べられず。一体何やってんのかな感がつらかったわね。自分で面倒見切れないもの配るのやめようね。,1
今日もモスだよ。モスバーガーの類をデートで食べるのは無理だよねと悟る（あらゆるものが飛び散ったトレーを眺めながら,0
まだまだやりたいことがたくさんある。しかもお金のかかりそうなことばかり。もう満足して、一旦今の生活に注力して、例えば子教育に熱心になるとか、旅行三昧するとかすればいいのになと思う。けれど、歩んでる道は正反対だ。,3
ストレスによる噛み締めがすごくて起き抜け顎が痛い,2
今日初めて電動自転車に乗ったんだけど、原付くらいの働きをするであろうという思い込みがあり、期待値が大きすぎて…4km漕いだらほんと疲れ切った。あいつはあくまでアシスト、なんだね。明日の筋肉痛が恐ろしい。子連れ電動自転車のお母さん尊敬…！,0
昔新聞によく入っていた、クロレラ（健康食品）などのお客様の声を思い出す。今くらいからは不定愁訴との戦いとなるのだろうな。,2
急に寒くなったから自律神経もついていけないよね。夏バテからの残暑バテだということで深く考えずに寝よう。,0
みんな疲れてて、みんな迷ってて、みんな頑張ってる。それでいいというか、疲れてても迷ってても全く問題ないしむしろそれふつうだから、無駄に落ち込む必要はないよねと思った。ましてや、みんな大変だから自分は大したことない我慢しよう…なんて思う必要は全くない。自分の悩みに全力になろ。,3
親としては何事も最良のを尽くしてあげたい気持ちがあるけど、実際体力はついていかないし、財力にも限りがあるし、ベストよりもベターを選ばざるをえない場面も多いのかな。というかそのベターにたどり着くのすら、結構大変な気もする。,0
わたしはわたしの人生もまだまだ主役として生きていきたいし、諦めきれない。けれど、母である以上、子どもにもある程度エネルギーを注がないといけないんだな、と感じるシーンが増えてきた。愛でるだけでは子は育たぬのだ、、,0
ドトールで初タピオカなう。コンビニのチルドドリンクよりははるかに美味しい。,0
田舎に住んでることは転職には不利なんだと今更知る。地元のパートはどう？とエージェントさんに言われてわかっていても落ち込む。,2
いつものパターンでは、ストレスで眠れないのかも？キィーッ！ねむい！！と機嫌悪く伝える→夫も不機嫌 という悪循環。試しにやってみたが、今回は素晴らしい成功体験を得た。,0
トーマスの歌（しかくいな?か?ま?）と悩みの5個くらいが脳内を回って止まらず、息をするように謎の発言を繰り返してしまうので今日はなるべく黙ってよう…,2
このまま、半分凍ったグラスに注がれた生中を乾杯と同時に半分くらい飲み干して、揚げたての唐揚げにレモンを絞りながら、次はカルボナーラうどんですかね、とかいう時間を2度と味わえないかもしれないと思ったら悲しくて仕事に集中できなかった。,2
もうやり尽くしたと思ったんだけどな。翌日の二日酔いのことなど一切気にせずに飲みに行きたいのに、あまりにもそのハードルが高すぎる。,2
とりあえず揚げたての唐揚げだけでも食べたい。,3
あと5年くらい経てばもっと出歩けるようになるかな,3
決断力が落ちている,2
頭が破裂する,2
カルシウムサプリと鉄サプリ始めました。,3
夏休み、お弁当を食べ続けていたらてきめんに太った。昼をサラダにしたら体が楽。年をとったら食べ過ぎは敵なんだとわかってしまって少しかなしいよー,2
ほんと、服はもちろんのこと、バッグとか全く買わなくなったな。,2
ベランダや敷地内のものは片付け台風に備える。とにかく被害が大きくなりませんように。,0
外は静かだけど頭痛がどんどんひどくなってきたので確実に台風は近づいてきている…,2
セブンイレブンの7倍のワカメラーメンたべたいなー。売ってたら今夜それ夕飯にしよう。,3
21時過ぎに牛乳500mlをこぼされて掃除に40ふんもかかったから、平日だけど9%チューハイを150mlほど飲まざるを得なかったよね。おやすみなさい。,2
処方薬市販薬サプリ合わせて9種も常用していると本当に長生きできるのか不安になる。,0
最近ストレッチを始めた。健康維持が最大の目標。長生きしたいわけじゃないけど子がおおきくなるまではしねない。,3
さむい。ざんぎょう。くもん。せんたくものびしょぬれ,2
あぁ…知らないうちに渡る世間は鬼ばかりスペシャルが終わっていたとは…ショックが大きすぎる。,2
結論としては無人島でのんびり暮らしたい。人間界疲れる。,3
体辛いなと思う時には、虫なら出産したら即死亡の次に、縄文時代なら31歳は最高齢、という話を思い出すことにしている。,3
1枚500円以下で子らの来年のTシャツを買い溜める旅。昨年、しまむらの在庫処分セールで半袖6枚買っておいた自分に泣いて感謝した記憶。,0
ほんとみんなえらいよね。平日は働いて土日は子供の習い事の送迎だなんて。天才すぎるよ！,0
あと10cm身長が高かったら。あと10kg痩せてたら。とかはよくききますが、私の場合は血圧があと10高かったらだいぶ人生変わっていたと思いますね（昼寝起きでフラフラ）,2
でもまだ、もう一度人生があって今の選択肢を選ぶか、といわれると難しい。働かずに自宅保育したかった呪いは消えていない。ここで自信を持ってはい、と言えるように年を重ねていきたいわね。この先。,3
乳児育て中は抱っこ紐にハマって多分10種類じゃきかないくらいは買っては売り、をしていたんだけど今はもっと進化しているだろうからたまに気になるけど、もう入れるべき中身は20kg超になってしまったぜ…なんて幸せな日々だったんだろ。,0
落ち込みそうなことが続いているのでなんか楽しい話題を。今日のお昼に食べたファミマのレアチーズタルトが美味しかった。周りのタルトがすごくクッキーっぽくてよかった。,0
あと、美味しいカップラーメンが食べたい。有名店のカップラーメンがよく売ってるけどまだ食べてみたことないので買ってみようかな。,3
ローソンのすごく厚いサンドイッチもきになる。そしたらファミマでも同じようなのを見かけた。サンドイッチって周りのパンがあまり好きではないのだけど、あれだけ厚ければ具の主張が勝つかな。,3
非常にマイナー専門分野について、まさかの認定試験があることがわかった。受けなよ！と気軽にいう上司ら。しかし費用は勿論自費である。なによりも勉強時間。こちとらコスパ主義なのでせめて合格したら費用を振り込んでくれるとか昇給するとかじゃないとやる気が…,2
むくみすぎて目の二重が二重にならないまま出勤,2
さいきんもう中受はやめとこうかなとおもうようになりましたね、主に費用の面で。。,2
子連れで出かけるようになってから気が散るのがわかってるので、身に付けるものは簡素化して、貴重品は必ずショルダーにしてるよ、、おしゃれなA4レザーバッグとかどこかに置いてきて終了だわ間違いなく。,3
車のバッテリー上げてしまった…昨日のお迎えの際、子らが後部座席のルームランプ付けっ放しにしてることに気づかず…最近抜けすぎ。そしてどうしたらいいのか。これから調べる、、,2
買いもしないのにネットでぼーっとミシンを眺めている。刺繍できるのは11万もするらしい。ミシンができるような生活に憧れているが、現状では1秒足りともそのような時間はない。疲れているのだろう。,2
ストレス社会を生き抜いていくには脆弱すぎるわ。心も体も。何をどうすればよかったか、後悔するのは意味がないからなるべく今後どうしていくかを考えたいけど、全く頭が回らないよ。,2
きょうまだパジャマ。子供達はSwitch。寝ながらタブレット。,0
2万円くらいのものを躊躇なく買える人生を送りたかった。2000円でも迷うわ。,2
流石にこれはやばい。かみそめよ…,2
先週から尾を引き週末苦悩し続けた問題に対峙し、大変疲れた。結果的にうまくいったので一息。仕事の苦悩は仕事で解決するしかないが、勤務時間が短いばかりに翌日以降に持ち越しになることが多いゆえ、余計な苦悩の時間が増えていく気がするな。脳内にある限り気分転換しても、また苦悩が襲ってくる。,2
私は比較的気持ちの切り替えが下手だと思うが、貴重な土日を仕事の苦悩で潰してしまった後悔は絶えない。時短も有休も、へんなタイミングでとると余計な苦悩が増えるだけである。,2
10件持ってくれてる同僚に感謝しつつも、ヘビーすぎて誰に相談しても答えは分からず、正解のない問題に対峙し続け処理する。道無き道をかき分けて、恥を忍んで各所に連絡して自分で道を切り開くのだ。あーあ。これが仕事というものだよと言われたら、もう私は身がもたないし、みんなほんと偉い。,2
どんなに懸命に尽くしても時間は短いし時短給与だ。言葉は悪いけど根がくそまじめなので、フルタイムに戻した方が自分には合うのかな、とふと思うことがある。けどきっと疲れて家のこと今以上に何もできないのだろうな。夕方ワンオペだし。,2
さて、世間で話題をさらっている台風の件ですが。3連休七五三なんですよ。わざわざ5月に前撮りしてレンタル0円にして。レンタル着物予約初日に一番人気の着物を押さえて。珍しく事前に真面目に取り組んだ私（晴れ女）と夫（1人だけゲリラ豪雨に打たれるタイプ）どちらが勝ちますか…ほんと反れてほしい,3
はらわたが煮えくりかえりそうなので、可愛いスカートかってやるー！！！,1
ネットでスカート難しいんだよな。背がないから、丈感がだいたいモデルさんとはイメージが異なる、と少し冷静になる。,0
七五三どころじゃなくなったわ、仕事的な意味で。延期しといてよかった。慌てて合羽と長靴の予備発注する。ガソリン入れたし、おやつもたっぷり買った。今日ペットボトル24本が届く。事前準備だけはしっかりしとくよ。,3
体調悪…と思ったけど台風＝低気圧！仕方ないので今日は流していくよ。金曜日。,2
あとね、ATMでお金下ろした。雨戸閉めた。全面雨戸の部屋で過ごそう。パンが食べたい。まだあるかな。,3
自転車入れて排水口そうじした。もう頑張ったのであとはもう祈るのみ。,0
イブプロフェンは痛みのもと（プロスタグランジン）の生成を抑えると知ってから、早めに飲むようにしている。痛みの生成が始まらぬうちに駆逐！,3
部屋着で寝てたら町内会（というか老人会）の長みたいな人がやってきた。何事かと思ったら、今日は町内の運動会の予定が中止となり、大量のお弁当とお菓子が余り宴会やるから来いと。夫不在のため断ったけど、宴会行きたくないけどおやつだけ運んできて欲しいわwww,3
私ら世代くらいだと母が娘にあらゆる愚痴を言ってて、いつのまにか母のカウンセラーみたいになってたって人はたくさんいそう、というか私もそうだったけど。その時語られてた愚痴の数々っていまTwitter上で見かける夫の愚痴ととてもよく似ていると思う。夫仕事ばかり子育て放棄とかワンオペきついとか,0
そういうつぶやきを見かけるたび、いいぞ！いいぞ！もっと言おう！って思う。ここに吐き出そう。吐き出してガス抜きして前向きに生きられるなら。ここで消化して、決して次の世代に呪いをかぶせないようにしような、と。私も子にはその類の愚痴は言わないようにと思ってるんだ。だがTwitterにはいう！,3
めざましすぎて、自立していってしまうかもしれない日が、実はもうそう遠くないのかもと思うと寂しくてたまらないよー。かわいいかわいい子どもたち。,2
世の中みんながみんなそれぞれの事情を抱えていて、みんな頑張っているから自分だけが不満を述べたり、辛いということ自体が甘えなんじゃないかと思っていたので。なんか肩の力抜けたわ。,0
さむい。春夏秋冬UNIQLOおズボンだが、夏用のアンクルパンツからそろそろ冬用のレギパンに変えねばな。,3
さ、私と雨雲どちらが勝つか。※洗濯物が3回分干しっぱなし,3
突如人生で初めて本気でお迎えに間に合わないかもしれない案件が生じました。しかも迎えに行けそうな人が誰もいないやつ。ピンチ。,2
疲れ切ったので、インドカレー店でチーズナンをテイクアウトしてみた。数百円で買える幸せ。,0
最近注意力散漫、記憶力低下によるポンコツ事件が多発し（クレカ忘れ・バッテリー上げ・財布忘れ等）アラフォー入り口でこれなら10年後位には介助なしでは生きられないレベルなのでは？と深く悩んだが、あまりに記憶力が落ちているためこれらも多分今日中にはうっすらとした記憶になる予感。加齢万歳。,2
今、しまむらからLINEが来た。ところで私が一番もしかしたら自分は田舎者なのかも、と思ったのは高田馬場にしまむらが出来たときだったな。ババにしまむら？！みたいなポスターが山ほど貼られていたけども、その時私の着ていた服の9割がしまむらだった。,2
なんでこんなにイライラしてるのかなと思ったら、仕事も家もワンオペが嫌なんだな、ということがわかった。ワンオペいいことない。,2
サイズアウトといえば靴もかなりハードぺースだな。セールで渾身の一足を買って予備は持たない主義。,3
商業施設のハロウィンパレードしてきた。もう今の子達はハロウィンが当たり前の生活になったね。パレード中に通りがかった3COINSが思いっきりクリスマス仕様で笑った。,0
今年は6ヶ月間くらいかけて、先般上司らを打破できなかった退職理由を練り続けては挫折してきたんだが、もう下手な嘘はつかずに本当のことを言おうと。育児と仕事の両立が大変なんですだともっと軽いポジションにとかなるじゃない。そうでなくて、〇〇がしたいです（つまりこの会社では実現不可です）,3
私がしたいことって実は転職ではない。だから、余裕があるのね…みたいな風に思われて（実際そんなことは全くないのだけど）めんどくさいかなと思って表に出してこなかったけど、もうなんか、小細工はやめようと思う。,3
今まで職場の誰にも言えずに、平気です、という顔で地道にやってきたから、書き出してなんか泣けてきた。,2
服ってデザインの好みもあるけど、そのブランドの型が自分の体型に合うかも重要だなとおもった,0
【怖い話】今日の帰り、同級生のお母さん同士が立ち話をしているようでした。内容が漏れ聞こえてきましたが「うちの代の謝恩会の幹事は誰がやるのか」ということのようでした。ところでうちの子は年中組です。さささ、今日は急いでるから！と足早にその場を立ち去ったことは言うまでもありません。,0
カジュアルとは程遠かったんだけどなぁ…,2
今日は疲れたな。安定の仕事ワンオペで、電話口でお怒りになるお客様の対応していたら、別のお客様がいらして、しかし電話口も怒りが収まらない様子で、待たされてるお客様もさらに怒りが増しているところに緊急事態だ！と騒ぐお客様が複数来て（ry みたいな感じでした。疲れた。,2
喉枯れた,2
休日出勤声が全く出なくなるほど頑張ったから可愛い服かいたい,3
今日はあったかいね。電車待ちのベンチで、日差しが眩しいくらいだ。空も澄み渡っている。いつもこんな気持ちでいられたら幸せだなぁ,3
頑張りまくってる人を見てもあまり気にしないようにする。ましてや自分もそこまで行けるとか考えないようにする。意識的に。,3
【産前】冬でもスカート！いつから黒タイツにしよう→【産後】3首かくさねば冷えでからだがうごかぬ,2
あーあ。もっと穏やかな人になりたいなぁ。細かいことは気にせずにおおらかになりたい。,3
先輩の予言通り運悪く忙しい部署で、毎日22時まで残業だった。もともとやる気もなく、人の影響を受けやすく、疲れ果てていった。紆余曲折ありその年のうちに先輩は心を病み退社した。私は残った。先輩の残した残務は全て私に割り振られた。,2
斜に構えたひどい新人だったなと思う。同期と飲みに行っては、早くお金持ちと結婚して寿退社し、扶養になりたいとばかり言ってた。年上の先輩には「なんでこの会社に20年もいるんですか？」とかクソ失礼なことを真顔で聞いてたな。若気の至りがひどすぎる。,2
これで思い出したが、時短者にもボーナスや昇級があることについて身内が「え、これだけ産休とってかつ長期間フルで働いてないのにそれはどうなの、ありえなくない？」と言ってたな。世間の認識として、そう思われてる可能性もあるんだなと気づいた瞬間であった。,2
痩せるとお尻の肉からなくなるタイプで、座る時に痛くて気づく。最近お腹の調子が悪かったからなぁ。そういえばお腹も平らだ。だが、クリスマス年末で容易に復元するから何一つ心配はない。,0
夫、義母に勝手に私が年末で退職する旨報告をする（もちろんまだ未定、交渉すらしていない）→義母「そうなの…共働きできる仕事だから安心だと思っていたのに…そっちのお母さんとか手伝ってくれないの？…辞めるなんて勿体無い…」こっそりならまだしも、この会話をスピーカー拡声しながらする意味。,0
ま、毎度やめるやめる詐欺で御迷惑おかけしてますから強くはいえないけど、流石に人の話聞いてなさすぎ…あと喋りすぎ…義母の意見はまあ一般的な義母って感じ…疲れた。,2
静かに怒っているので、父子3人で遊びに行かせた。一緒に来て欲しそうだったけど知らんぷり。あとで冷静に話そう。,1
ま、でも冷静に考えたら、何か一つ決断するにもいろんな人を巻き込むんだな、ということがわかったわ。うっすら考えてるプロジェクトが実現したらすごい文句言われそうだな…ま、それはそれ。これはこれ。あと夫は喋りすぎるな。,1
年末までのタスク、医療費控除金額の計算。,3
いつになったら落ち着くのかい？と言われてしまったわ。多分生きてる限り落ち着くことなんてないわ。おやすみ。,2
なぜ負荷をかけに行くかといえば、いつまで経っても自分に満足できないからなんだろう。昼のツイ通り、中2病が約20年ほど継続しているために。素直に大人しくしてればいいのに。現状維持で満足できれば、それが一番幸せなんだろうなぁ。,2
今が幸せだと思えば、それば幸せなんだろうけどな。欠けているように見えるピースを永久に探しているけど、本当は欠けていないから、どこに行っても見つからない。,2
基本的にはすべてのことは失敗だとは思っていないのだけど（思いたくないし）周りから見れば中途半端で、最後までやり遂げないように見えるんだなと思って、なんだか現実が見えたきがした。ここで諦めるのかな。やっぱり諦めないのかな。また気持ちがふらふら。,2
おなかいたいし寝よ。おやすみ！,2
私は歯並び良くないし（矯正100万もかかるんだって！と日々聞かされて育ち、したいという発想すら浮かばず）夫の妹たちも全員矯正しているのでまぁ運命といえば運命だったのかもしれないけど、小さいうちからある程度硬いものを食べさせるトレーニングなどすれば矯正しなくて済んだのだろうか？,2
矯正しなくとも綺麗な歯並びの女性の割合はどのくらいなんだろう。とふと思ったわ。,3
今日は滞っていたことを全部やり切るつもりで（苦笑）気になっていた下の子年中のことについて保育園で相談してみた。落ち着きがなさすぎることなんかを。先生から、特に心配はないけど、出来ること（例・計算）などをアピールすることがよくあるから、そんなことしなくても大丈夫というか、,3
10年近く、ゆるく糖質制限している。授乳期を除いて。要は白米を中心とした主食をあまり多く食べないようにしているわけだが、その結果お菓子がとても食べたくなる。そして欲求のままに食べる。もしかしたら主食を食べた方が痩せられるのではないかと思うこともある。,2
今日いい夫婦の日なんだね。全く気づいてなかったしなんなら夕飯マックの予定だ。,2
通学帽子のゴムがゆるゆるで、なんでこんなんになるの？と思ってたら、本日学童内で思いっきりゴム持って帽子振り回している子を発見しました。うちの子でした。,2
今日まで、今流行の最先端である「りんごちゃん」について、椎名林檎ちゃんだと思っていました。最近、ツイッター上で「りんごちゃん」という文字列を見かける回数がやけに多いなと思っていました。本物の芸人の方を先ほど認識しました。,0
しかし、毎年のことながら夏場はほんと体調が悪い。あらゆる病（疑い）たちに翻弄されたが、秋になったら軽快して冬になったら治ったよね。ここからまた寒くなるとお腹壊したりしもやけになったりはするけども、夏に比べたら数段マシ。,2
子の帽子のゴム直して、夫のズボンのボタン付け直した。えらい。赤玉パンチ（赤玉のワインを炭酸水で割る）飲んでる。美味しい。,0
ショッピングモールだとまだ他に騒いでる子がいるし広いからいいのだけど、スーパーの買い物はまだ連れていけないな。ふざけまくって他の買い物客にぶつかるし、勝手に踏み台に乗るし、悪ふざけがすぎる。口頭注意など全く効かないし、無理やりひっぱるにも20kg超は力負け。,0
いっそのこと叩いてしまいたくなるくらいかのだけども…今の世の中、制御するために叩くことはできないしな…（叩くのは教育上云々みたいなのはすでに死ぬほど悩んだのでもういい）結局途方に暮れて放置するしかなくなるよねーとほほほ。,2
結局3週間咳止まらず、咳止め飲んでもあまり効果が見られず。今月中に軽快しなければ呼吸器内科かな。マスクしてると苦しい。,2
長生きというか、快適に生きる、だな。,3
今朝はリアルゴールドキメた。,3
有名ビルでお昼食べようとしたが迷い、意を決してその辺の人に聞いたら、目の前のビルですと言われた。,2
都会の人は洗練されてて、都会に通っていたら服飾費がかかりそうだな、と思いながらメゾンカイザーのパンを買って帰ってきた。お迎えギリギリだったから、3分で買って何がいいかもわからずクロワッサンあたりを買ったよ。明日の朝が楽しみ！,3
ごめん、夕飯マックだわ！,2
だいたい朝からこの時間まで全く休むことないよね。,2
持久走のシーズンですが、持久走が嫌いすぎて、高校選択の第一条件として持久走大会がないor距離が短いを重視した私としては、完走するだけで素晴らしいわ！と子を讃える。実際はビリ争いだが、完走するだけで天才なので無問題。,0
安定の登社拒否が捗るな。まだパジャマ…,2
今週末も来週末もイベントだらけでこころがしぬ。台風で延期した七五三…一層の事来年まで延期したい,2
比較とか私ばっかりとかの人間界の澱みシャワーが捗りますよね…各種式典等。つらっ！,2
とにかく、他人を恨まず、羨まず。被害妄想をせずに日々を送りたいと願っています。,3
あーなんか突然モヤモヤが晴れた。家事育児分担の話。これだけやってるのに！とよく言われるけど、私はなんとなく納得がいかないままだった。今気づいた。うちの夫は家事はよくやってるけど、ほとんど育児はしていないんだ！,0
育児をうまく分担している人の話を聞きたいな。家事はよく聞くし、だいぶ時代の流れ的にも分担化が進んでる気はする。しかし、育児はどう切り込んでいくのだろう。,3
うちの子らが生まれた産婦人科の先生もそんな感じだったな。妊婦健診の間はニコリともしないでむしろ怖かったのに、子が生まれたその日に、笑顔を初めて見た。しかも対赤子にのみベロベロバー系のメロメロ系の喋り。あぁこの人は本当に子供が大好きで産婦人科医してるんだな…と思った記憶。,0
10年くらい前に作った自分のプロフィールビデオみることになってるけど、ほんと若気の至りと勢いってすごいっすね、、という感想。,2
ママが豹変しすぎて、ママが見つからないママを探せゲームに勤しんでる子ら。,0
ここへきて色々落ち込むことがあるみたいだ。今まで、できることを褒めまくってきて、あまり出来ないことを指摘してこなかった。他人と比べて自分が出来ない事があることを知ったり、頑張っても報われない理不尽こそ世の中、と思えばそうなのかもだけど、親も心が痛いな。,2
今日は個人面談。先日、同じ保育園卒のママが面談直後に保育園の元担任に真剣な顔で相談していたし、うちは夏頃すでに散々言われてるし、順番表みたらうちの前後抜けてるし、そんな話すことあるの…？！とガクブルだぜ。夫曰く「全ては参考程度」ということなので全ては参考程度に聞いてくるぜ…,3
おなかすいたなぁ。大都会のランドマーク的なビルの中で、飲食フロアを見つけられない。シャネルとか、フェラガモとかしかみえない。,2
お金が欲しい理由は、いろんな願望を成就させるためであり、つまりはやりたいことが多すぎるのだ。取捨選択しないといけないくらいに、一度の人生でできることはそんなに多くない、ということに気づき始める。,2
インフルによる学級閉鎖は看護休暇の対象になるのだろうか。※すでに有給がだいぶやばい人,3
法定要件だと微妙。疾病の予防とは書いてあるけど、検診や予防接種を想定している模様。ちなみに小学校の就学時健診は健診と判断されて看護休暇で休めた。学級閉鎖、人事に確認してみよう。,3
今日は汚れる現場だからと思ってボロボロのスニーカー履いてきたんだけど、なんか足に当たって痛いと思ったら、穴空いて中の部品がむき出しに！←捨てよ,0
私は顔が父親似なんだが、式にきた父の姉（80）が80どころか余裕の50代くらいに見える美魔女で、兄弟たちも「姉さんはお化けだからね！」と笑い合っており周知の事実である模様。明らかにそちらの血筋の顔の私もそうなれる可能性に期待が高まり、突如未来が明るくなった。,3
お仕事何の何はWHATだからは例えば、マクドナルドよーとかファミマよーみたいな回答のイメージがあって、うっかり社名を答えそうになったけど、明らかに社名はおかしいだろうと気付いて慌てて事務という単語を使う。でも相手はジム（運動系）のパートと思ったかもなww会社の事務、が正解かな？,0
比較しないと自分の価値を見出せない、つまり相手を落とさないと自分が勝ることのできない考えは辛いものがある。だから、周りの目など気にせず自分の好きなものを選んで、比較などしなくとも自分がそこにいるだけで価値があるとわかってほしいな、と思って子を育ててきた。,3
子連れの旅行は娯楽ではない…,2
最近そこはかとなく気持ち悪い日があって、その日は大体イブクイック頭痛薬を2回以上飲んでることに気づいた。つまり胃がやられてるんだね。痛みを感じたら胃に食べ物なくても普通に飲むしな。クイックだけに効き目が早くて重宝してるけど副作用もクイックなのかも。,2
若い頃はバファリンを愛用していたけど、授乳期に乳汁移行しないイブプロフェンに乗り換えた。リングルアイビーが液体カプセルで効き目が早くて好きなんだけどお高いんだよね。で、安価なイブクイックに乗り換えたんだけどこう気持ち悪いとつらいな。,2
なんか世間への憤りとか、リベンジしたいとか、そういう戦う気力がなくなった。加齢とともにこんなに気力がなくなるとは思わなかった。このまま人生終わるんだな、、とかうっすら思う。すっかりミドルエイジクライシス。,2
35歳転職限界説は市場の問題にされがちだけど、本人と気力体力の問題も多分にあるのではなかろうか。,2
疲れてるんだな。本当に疲れてる。,2
毎日帰りが遅くて朝起きられないとかいう理由で夏休みは1回も弁当を作らなかった夫。冬休みは前日に夜に作れるだろうから半分よろしく！といったところ「TOEICの勉強しなきゃ…」と。絶対勉強しろよ、にゃんこ大戦争し始めたら流石にキレるぞ。こっちはタスク増加で1秒の娯楽の時間もないですよ。,1
できると思われるとやるのが当たり前になるのでほんとハードルは下げといた方が良い。可愛い妻にならなくていい。怠惰くらいでちょうどいい。,3
お高いチーズドーピングしたから元気でたわ。それじゃ習い事とお迎えいってくる！,0
スパークリングワイン飲みたい,3
なんとか話題を作ろうと、保育園行事のたびに必死にあの子はこれに出ててこの子はこのシーンで活躍して、この役やって、と必死に覚えようとしながら見ても、どうしても頭に入ってこない。すぐに忘れてしまう。息を吸うように他の子のことまで把握してる親御さんほんとすごい。,2
みんな自分の年齢子供に伝えてるかな…私数年前に適当に伝えた143歳から抜け出せないまま。おかげで多分43歳だと思われてますね、保育士さんとか諸々の保護者から。,2
先ほどリツイしたツイが辛くて泣いてる。私も、男には勝てないよ！とか、どうせ寿退社するんだからとか、収入の多い人を捕まえて奥様するのが幸せと聞かされて育たなかったら、もう少し能力を活かす方向に注力できたのだろうか。いや、能力があったとかではなくてさ、自分の心構えの問題だけども。,2
すみっこ映画、じんわりじんわりな感じだった。各キャラに関する前知識も結構あったので楽しめた。しかしおそらく娘さんたちに付き合ってやってきたパパさんたちの数々の鼾が響き渡ってもいましたね…,0
先日お風呂の中で17×4を出題した夫によれば、その時も34が2こで68、と答えていたようなので、掛け算の概念は理解しつつ、一個ずつ足すのは面倒だからまとめて足し算する方法を編み出したようだ。そのため4×17になると4を17こ足し始めるので大変になる。何とかして答えを出そうとする根性は尊敬するわ。,3
今の時代は気軽にいろんなことができる分玉石混交だよなと。まるで物のように踏み台にされたり、敬意のない扱いをするのはなぁ…とか思うけど、それもまぁ自分に見る目がなかっただけなので罪を憎んで人を恨まずだ。挽回できる自分になろ。,2
仕事ですごい疲れたしストレスフルで頭痛が治らない。涼しいから治ったかと思っていためまいも復活した←これは病院代をケチって再診していないせい。再診しないとな…,2
習い事の準備を全て忘れて家を出た。,2
そして自分自身は皿を汚したくないのでピザポテトを袋ごとたべることしかできないのよ?,0
サイゼあたりでのんびり忘年会したい。もう今年の汚濁したものを全て忘れたい。,3
年間コンビニでいくら使ってるのか不安になってきた。これはもはや趣味と言えるのかもしれない…,0
朝のプリンドラのおかげでお腹がギュルギュルいってる,2
ううっ…入眠できたが途中覚醒回数が半端なくついに眠れなくなった。いつぞや味わった抗生物質による不眠再来。副作用に眠気があると説明された抗アレルギー薬で対抗してみる。薬と薬の戦い。寝たい。,2
ヤクルト1000、ストレス緩和、睡眠の質向上ってかいてある。しかも1本150円もする。効きそう…,3
麺類の類は太麺が好きで、茹で具合は硬め希望。という私がラーメンだと思い込んでにゅうめんを頼んだ時の気持ち。,2
だいたいクリスマスも終わった（私の中で）,3
おはようございます。泣いても笑っても今年の営業日はあと1週間なのでとりあえず生きる。完全なる寝坊をしてしまって、入社以来初めてお世辞にもお洒落とは程遠い制服をコート下に着用したよ…冬だから出来る裏技だけど私服忘れないようにしないとな。,2
人の言い分はその人の見方であり、全てが真実ではないし、他の見方の別の言い分もありうる。全てを信じるのではなくあくまでこの人はそう言うふうに感じるんだなぁと思うにとどめようと思ったのが、この10数年働いてきて思ったこと。,3
食パンにカマンベールそしてチンという禁断の朝食を食べました。がんばる！,3
私は追い詰められると1500ページのマニュアルを根詰めて数日で誰よりも深く理解しようとしてしまうタイプなので、とても疲れるんだと思います。妥協ができない性格は損ですし、目が疲れすぎて見えづらい。,2
地方都市に隣接した田舎に住んでるけど、周辺をこれから派手にザクッと開発していくらしい情報を目撃した。おばあちゃんになる頃にはこのへんも栄えているかもしれないな。そしたら土地を高値で売って都内に住みたいわ。老後は都内が便利だろうな、色々と。例えば病院通いなども。,3
地方出身で居住地にこだわりのない夫のおかげで「実家の近くに住んでほしい、なんなら老後の面倒も」という両親の望みを叶えて実家近くに戸建てを建てた。それはそれで自分の選択なんだけど…後悔してる部分がないわけでもなく。確かに助かったんだ子が小さい頃は。その恩は忘れてはならないのだけど…,2
通知表の保護者欄難しい。わたしはずっと「頑張ってください」とだけ書かれていて、しかも小3くらいからは妹の分含め自分で「頑張ってください」と書いてたからな…もはや「頑張ってください」でもいいかな。,3
お土産話は根が深いぞ…フロアでただ1人の女性の状態が職業人生の大半、浴びてきた理不尽は半端ねぇ。メロンやリンゴは当たり前、トマトを切ってるときはほんと何やってんだろうって思ったわ。トマトはいかんぞ。,2
小学校の読書冊数ノルマにため息をついていると、夫が読書なんてそんなに真剣にやらなくても…と言う。詳しく聞いてみるとどうやら生粋理系夫、生涯で漫画以外の活字本をおそらく100冊も読んでいないと。驚愕したが、特に問題があった様子もなく単に住む世界が違うんだなと活字中毒者の私は思った。,2
細く長く仕事しながら、旅立つ日まで誰からも自立して生きていきたいなと思う2020の正月。,3
若い頃経済的自立が大切だと聞いても、はぁそうっすねとしか思わなかったが、近年考えがガラッと変化し特に女性は経済的自立こそが精神の自由だと強く感じるように。死ぬまで働かなくてもいいんだけど、少なくとも自分で生きられるくらいには稼いで、誰にも邪魔されずいきたいと思うようになった。,3
昨年はうちにキッチン革命が起きた。それはノンフライヤーを買ったこと。揚げ物なら何でも入れてチンするだけ。ガッツリ油物が好きならちょっと違うけど、なんとなく揚げ物はできるので。冷凍ポテトなんかとてもいいね。,0
酔っ払っている。今年はなんかたくさん文章書く人になりたいな。酔っ払っている。,3
冬休みの飼育当番、パパに行ってもらったぞー！！この勢いで、夏休みの草取りと冬休みの飼育当番はナチュラルに担当する流れに持って行こう。,3
なんかいろんなことを感じる年末年始休みだった。幸せとはとか、プライドに支配された人生とは、とか。人と自分の距離感、そして訪れるであろう未来。自分だけの幸せを突き詰めて感じながら、Twitterしながら楽しく生きていきたいなぁ。とか概念的な思想に浸る最終日。,3
もちろん誰にも悟られないように過ごす必要があるし、誰にも話せない。結構しんどいのでこれを書いていても涙がにじむ。自由を得るための戦いは孤独だ。,2
でも負けない。一年前と同じことは繰り返さない。,3
さ、日常はつづく。ふろふろ！,3
さて、学校休む時って、連絡帳で連絡するんだっけ？,3
私もりんご病は小学生になってからのかかり、顔は全く赤くならなくて足が全体的に赤くなったのを覚えている。で、正月休み、いつもアトピーで荒れがちな下の子の足がやけにぶつぶつ赤いな？とは思っていたのだがまさか。,2
しもやけにフタアミンhiクリームを塗って寝る。きくといいな。おやすみ。,3
全てを一夜漬けと一発逆転で乗り切ってきて一切の努力習慣がないため、ピアノもなわとびも教えるのがつらい。毎日コツコツとかほんと無理…,2
明日初TOEIC受けるらしい夫、英語が嫌いすぎて今朝まで受験票を開けておらず、私が開けて証明写真を貼る必要があることに気づく。それに対しても「夜やる」などと発言し寝ている。寝ているのも英語を30分やって脳がショートしたからである。うちの子ら関心がないことは全くできないけど血のなせる業。,2
元々お安めのお店の更に投げ売りセールみたいなので得た子どもTシャツやトレーナーなんかに謎の英語が書いてあることはよくあることだが、男児ものでFloridaとかMemphisとかだけ書いてあるの一瞬なんのことだかわからず流しがちだけど、東京って書いてあるのと同じだよね。ま、いいけど。着せるけど。,0
25歳くらいの時、35歳くらいの先輩の机の上に各種サプリが常備してあって、これなんのために飲んでるんですかwwビタミンとかwwwと半笑いで問うたんですけど、過去の私をハリセンで殴りたくなる時がありますよね。サプリ沼にハマる昨今。,1
2020は服飾雑貨よりも体の健康にお金をかけることを誓ったのよ…,3
今日は研修で帰り遅くてしかも習い事で絶望的に時間も冷蔵庫の中身もなく、普段は行かないしかし習い事至近のあまり家族連れが近寄らなそうな雰囲気のスーパーに3人でいって安くなってた納豆巻き、焼売などを買って帰るなど。私は家にあったフリーズドライスープ雑炊と69円の茶碗蒸したべた。つかれた,2
最近右上のある歯が痛くてまた虫歯かよ…と思ってたら、歯磨きを真剣にやりすぎて歯茎が痩せたとかいう知覚過敏だった。歯茎すら痩せる。,2
花粉症の薬はじめました,3
「まだ何かを成し遂げたわけじゃない。なぜこんなことを思い出している バカめ」という赤木キャプテン号泣のシーンのような心境。,2
ま、長所を教えてもらったと思って前向きに行こう！これからも周りに元気を振りまくキャラでいきたいと思います※Twitterは例外　さ、花金花金！,3
歳をとってもっと記憶力が悪くなるのだから、今のこの、宿題毎日面倒だなとか、ママ！っと言っていきなり膝に乗ってきて物理的に骨が折れそうになる日々とかも思い出せなくなるのかと思うとほんと切ないな。涙,2
各自タブレットのアプリで修業してトランプで実践。なにやってんだ感満載ファミリー。,0
あぁ！イライラするし仕事行きたくなさすぎるからスイーツ買ってやる！！！と思って買って食べても、食べ終わった後特に気持ちが大きく変化しているわけではないんですよね（セブンのバスチーを食べながら）,1
今日も今日とてボケがひどく、ピアノの時間を一時間勘違いしてたり、別の目的地行くのに乗り換えなきゃならんのに職場駅まで行ってしまったり,2
脳が疲れている,2
さっき証明写真アプリ取ったから、ツイートしようとすると自分の顔がいっぱい出てくる。加工済みとはいえ老いよ。,2
思い悩めるほどの余裕があるということか。そうだな。子どもも、もうずっと見ていないと危険、というわけではない年になったし、最近自分のことばっかり考えてる気がする。自由を求めて自由になれることばかり考えてる。,3
ジョブホッパーな方はこんな儀式を何度も繰り返しつつ、並行して新しい職につくのか。すごいや。,0
カラオケに行きたくなってきました。（愛を込めて花束を　なう）,3
その場で完結する系の習い事にしておけばよかった後悔が押し寄せる。子供に付き合って練習する雰囲気に持っていけない私の怠慢でもある。楽器系は根気ないとほんとつらいな。,2
自分の視野の狭さにとてもガッカリしている。いいとししてなー,2
ベーコン食べたい,3
虹ヶ咲BD、追加で買おうと思ったけどどこも安いほうが売ってない；；どこにあるの…,2
オジマンピックアップ来てる！！！！！！！0.2%？！知らん！！！行くぞ！！10連???！！！！！,3
最初のムービーでカメラ縦かと思ったらまじで3つ△なのか……Proというだけのなにかがあるんかねえ,3
ラブライブ！フェス、もうダメだあ…,2
進路に大きく影響をくれた知人とお子さん2人にあったんですよ。息子さん「すきなポケモンなに？」娘さん「こどもはいる？」娘さん「じゃあ、けっこんはしてるの？」娘さん「けっこんしてないの？」娘さん「なにしてるの？」私「ほんとね何してるんだろうねwww」ずっと娘さんのターンwww,2
次は正面で見たいなぁと思いました,3
おきました、二度寝します,3
左目の上と右ふくらはぎだけ痛い……昨日も痛いし起きてからも痛いがなんやこれ,2
やることまだまだあるのに眠民になってしまう……,2
ね、ね、ね、ねみ???！！,2
体調と予定的に無理やと思ってたけど衝動的にきてしまった。ワイはバカや。,3
バンナムフェスいろんな曲聴けてとてもよかったです……！！！！！！,0
あんきら!?狂騒曲、めーーーっちゃかわいかった……,0
アイカツさんは最初から見た方がいいですか？それとも今やってるやつからとりあえず見たらいいんでしょうか。1日1話ずつくらいなら履修できそうなんやが,3
ふと思ったんだけど、うちの近くのコンビニの海外出身ぽい店員さんとか大丈夫かな……仲良しの店員さん多いコンビニのいつも元気なお兄さん達とか、夜勤のマッドサイエンティストみたいなおっちゃんとか……店閉めててほしいな……,3
ディズニーハロウィン、行ってみたいものです,3
根暗なオタクなのと最近ツイッター不精なんで、たびたびリプライ悩んで下書き保存しちゃってばかりなのですが、もーちょい軽率に絡みにいかせていただければと思っております……,3
ADHDや傾向は言い訳にはならないけど、自力で無理なことを何度も繰り返しちゃうより、工夫や病院や周りの人への説明、協力のお願いとかでお互いが楽になるといいよね?って思う。あとADHDに限らず、グレーゾーンや発達、特異不得意をフラットに認識できる世の中になるといいですねと思ってます。,3
ラグビーよくわからんけど面白いなって言ってるミーハーなんですけどちゃんとルールわかるようになりたい見てるだけで楽しいから,3
札幌、綺麗な街でご飯美味しくて街の人も優しくて過ごしやすくて観光するとこいっぱいあって最高だし、他の北海道の各所もそんな沢山行けてないけどご飯美味しくていいとこしかなかったからみんな行ってほしいなと思います,3
用事自体は楽しみだったり会いたい人がいても、起き上がらなきゃ、外に出なきゃってことがしんどくてたまらない季節です。引きこもりになってしまう?,2
パソコン無くしたんやが……,2
今回(も)学祭でお金かからん分北海道行きたいな！！！？,3
何頑張ったとかツイートしていいと思うんだよね。呟きだしいいことじゃん褒め合いたいじゃん,3
ブラックなデスクワークでポッキーを食べ損ねましたわー,2
年末が近づいたら心がキュッとなるんやが何故じゃ,2
1人じゃ眠れないお金持ちの御曹司の布団を温める仕事につきたい,3
フニャフニャの猫を撫でたい……,3
全然何も知識ない素人だから迷惑なのだろうけど、サバゲーってやつを見てみたい……,3
今日はたくさんおたくトークできたし、いっぱい働いて充実した日だったなぁ,0
ポケモン買いたいけどどっち買えばいいのかなぁと悩んでいる,3
チケット取りに行く手伝いしてたけど、即完売で取るの大変なんだなぁとびっくりしました,0
チケ取りお手伝い必要な人は声かけてくださいね(逆に私のも手伝ってほしい),3
まるきゅう、雨のなか２曲で中止となってしまって大変悔しいのではと思ったけど、みんなの笑顔輝いててよかったです,0
頼まれ物のポスター、新宿に印刷にきたら終電逃して、ポスター代払ったからSuicaに1000円しかない……オタワ,2
初のカレスコびっくりしてキャプ下手すぎた,2
ニトちゃん宝具5に早くしたい,3
函館、行きたい???！！！！,3
いいいちにちだった　10時間ほど並んで寒かったけど,0
いっぱいご飯誘いたい人いる。年末は忙しいのと年明けは入院なので、一月後半からで誘っていきたいんやが、こんな先だとどのタイミングで誘えばいいんや,3
完全にそそっかしさの塊……腕時計のバンド変えなきゃ……,2
佐藤日向さん、お誕生日おめでとうございます！スタァライトのお渡し会の時のこと今も心に残ってます…！ブルブル震えながら可愛いしか言えなかった私に「これでもスタァ目指してますから！」って言ってくださって……もう…既に1番星です……思い出すたびに気持ちがいっぱいになります。憧れてます。,0
失礼取り乱しました　コミケの準備します,3
入稿?????！！！どんどんぱふぱふ,0
シンカンセンスゴクカタイアイススゴク…カタイデス……,2
今年振り返るか?って書いてたら語尾が全部「??が楽しかった。」だったから箇条書きでいいじゃんってなった,0
FGO福袋、どのクラス引いたらいいんだろ,3
BBちゃんかクハハさんほしいな,3
ポケモンGOのフレンド増やしたいな,3
沼津の眞鯛さん、また行きたい…18切符つかうひまがあればな?うううん,3
かえりてぇ,2
お腹すいたよ?お腹すいたよ?絶食なんて無理だよ???,2
おなかすいたなぁ,2
ハッシュタグ使う元気もない。下剤辛い。集中して飲みましょう言われたけど集中するほど気持ち悪いことが気になるから、スマホいじってたら飲めるようになった……申し訳ねぇ……,2
元気なイラスト見たら元気出た！,0
謎作る側いいなぁ、コスプレ×謎やりたいと思って数年前から寝かせたままや,3
フェス、ラブライブ！の歴史に想いを馳せるような映像からの、せりあがってくるμ's、たーたっ、たったった♪ってあのぼらららの静かな始まりの音がきこえる…ってど定番？なのを期待している,3
二次元にスリーサイズ揃えたいぞ…昔は絢瀬絵里さんにウエスト合わせにいってたのに……今はクソデブでブヨブヨダブダブやから夏に向けて頑張る！,3
夏じゃない、五月じゃん死ぬ気でやれ,1
気にせずぽいぽい本買えるくらいのお金持ちになりたいし、そこまでじゃなくて、生活は我慢してもいいから気にせず本を買える研究費が欲しい,3
2000円の本をためらうのやめたいのう…！強くなりたい！,3
FF7リメイク、ここまで待ったんだし延期全然構わないから1番いいのを頼む……！,3
フェスのカウントダウンツイートから全体の世界観とセトリを予想する試み,3
1人で練習する高坂穂乃果さんすごいなぁ……,0
誰か物販行くけどブレード買わないって人がいらっしゃったら代わりに買ってもらえませぬか……,3
痛みはほぼないし、体力も持つように安全策でゆっくり目にいきますかね,3
『Super LOVE=Super LIVE!』1?2曲め来るんじゃないかと願ってるオタクです,3
ユメノトビラで繋ぐ1案をラブライブ！の師匠（教えてくれた人）から聞いて天才かよってなって数日どんなつなぎになるか楽しみです,3
「敵は誰？」連続で出てくるSaint Snowかっこ良すぎない？,0
みほらの鈴木愛奈さんの声すごかったよね？すごかった,0
導入の音楽、音源化してもらうためにみんなアンケートに書こうな！！！！！,3
スノハレなかったらラブライブ！はまってないので……スタダもないとアニメはまらなかったし……ほんと聴けてよかった……ありがとうだわ……,0
いまもポカーンってしてるんだけど、誇りをもって日常を頑張らねば。むしろ、次のライブまで誇りを持てるような生き方をしないと。田野アサミさん、ありがとう……ラブライブ！フェス、ありがとう……,0
あまりに素晴らしい写真が大量に流れてくるから、Twitterで時間無限にとけちゃうんね。誇りにするような1日を過ごしたか？って考えてグウゥってなってる。いやーこまったなー(満面の笑み),0
今日結局ライビュ行ったのだけど、チケット譲り先の隣の人がいい人だったし、映画館そこそこ盛り上がりつつ治安も良くて大変嬉しかった果林ちゃんよかったと話にでてにっこり,0
弱いオタクなので運営から出るものが正解としてただただ口を開けてちょうだいしておる……自分の想像をはるかにこえる意志があるんじゃないかってね,3
体温計挟むの苦手なんだがピピ言わなくなってしまった……どないすりゃ……,2
切ったところ痛いし熱出てきたぞい…ツイートしても何も変わらんのわかってるんだけど、一人暮らしは不安でな…すまんな……(こえたら病院来るように言われた体温にはまだなってないので大丈夫です),2
一人暮らしつらいぞお……,2
だめだぁ、我慢してたけど救急外来いきますタクシー待ち中,2
熱が8度9分ある！手術したとこがいたい?でもインフルとかただの風邪だったら申し訳ないな…ううう,2
うわーんディレイビューイングいきたかったぞおおおおお明日は特にセトリ的にいきたかった…うう……,2
でもこの弱ってる体で人が多いところ行ってインフル拾ってまた熱出したらアカン,2
退院後はどれくらいで腹筋できますか？とか聞いてたけど毎週熱出してるし、表面は傷塞がっても小走りするだけで痛いからダンス遠いな………,2
寿司食べたい?あ、あと焼肉も食べたい！！！,3
ピザも食べたい！家の近くに大変おいしいピザ屋さんがあるんですけど退院後時間合わなくてまだいけてないんですよね,3
ポケモンGOってレベル40なるの大変なのかーレイドバトル行ったら40や周辺の人ばっかりなんだけど怖いな……雑魚がとかおもわれてないかしら,0
お腹出るコスプレ写真見て、今までは「めっちゃ綺麗なお腹だな！憧れる！うおお腹筋がんばろ！」だったんだが、ちょっと前は「傷痕残ってたらやっぱ見かけた人気にしちゃうんかなー」だったし、今は「先にボヨボヨの腹なんとかせんと！傷痕地味になるまでの間に頑張るぞ！」になった。まずは脂肪よ。,3
島にも行きたい！！！フォローしてる方がめっちゃいろんなところ行ってて憧れる。,3
旭川ファンミ懐かしいなぁ。初日夜であいにゃの歌きいてすごかったのが1番記憶に残ってるなー。あとご飯が美味しかった！,0
スマートウォッチくん、おしゃれだしもう直ぐ一年で愛着めっちゃもってるんだけど、電池切れる時に「ﾀｽｹﾃ……」とかしつこく言ってくれるようになってほしい。大体音もなく死んでる,3
ファイナルから追っかけるだけのオタクだったなぁと思ったので今日からまた頑張ろう……！,3
順番に最初からテニミュ3rd見てるんだけど、関東立海を真剣に応援してたらどちゃくそ疲れ切ったし、真田くんがとても好きです。歌がめちゃくちゃうまくてかっこいい。,0
最後まで見たらもっぺん見よ。新鮮な最近の印象を忘れないためのメモです,3
興奮であんま寝付けないんですが、今日の観劇のために必死で3rdのBD見ていってて、もしかしたら関東立海が1番好きかもと気づいた。トップクラスに好きな曲多いし、まさか生で聴けると思わなかった。,0
久々に飲みに行きたいって感情！,3
ねれへん,2
自分の振り入れ用説明動画見たら、滑舌悪すぎてフガフガ喋っててｗwww入れ歯が抜けかけた婆ちゃんwwwwああああ,2
世の女性にはお腹が変に痛かったら早めに婦人科行ってほしい……腰や尻に槍が刺さったような突き抜ける激痛が時々ある人とか特に。私はチョコレート嚢胞って卵巣の病気で先日ちょこっとだけお腹切って悪いとこを取ったんだけど、もっと早く気付いてたら手術せんでよかったかもなぁと思うので。,3
思い返せば二年前くらいから片方の脇腹とか背中側だけ痛くて、いろんな病気疑ってたんだよね。婦人科で2回、卵巣腫れてるかもって言われたけど定期的に通わなかったせいもある。もっと体のこと気にかけてれば、お金も時間も腹の傷もかからんかったのにのう。,2
激痛がおきて人に勧められて行った3回目の婦人科で、「気になるなら総合病院で検査してもいいかも」って言われて、お金かかるしって渋ってたけど人に強く勧められたおかげで発覚したのよね。だから私も人に強く勧めたい。,3
は??よかったな??クタクタだぁー,0
新曲3曲とも踊るとおもってなくてめちゃよかった。,0
ゾンビランドサガ見ないと……,3
Saint Snow単独ライブの妄想がモワンモワンしてる,3
電車内で叫んでる人がすぐ近くにいてすげー怖いんだけど反応したら絡まれそうだし困ったな……,0
シウマイ弁当たべたい。,3
1ヶ月半ぶりのお風呂！気持ちい?！,0
リングフィットアドベンチャーやりたい！！早く買いたいぞう…！,3
ゾゾスーツゲットした！痩せたら写真と数値公開するかねぇ…,3
カタンやりたいなぁ,3
バキバキの腹筋になるぞ,3
今欲しいものがFF7に向けたPS4しかない。つらい。,2
ことりちゃんのプラモかわいいな……ごくり,3
プロテインが美味しすぎて美味しすぎて……このブームがずっと続くといいな。コスパは悪いけど。,0
へその形変わっちゃったのみるたびに憂鬱で元気なくなるナァ,2
やることメモ・大きい封筒を買う・ビラデータ作る・あと100件くらいのやつ・部屋の予約・日程調整・病院の診断書,3
ご飯やらなきゃ(白目)自炊して家事真面目にやって研究して時間なさすぎるんやが普通の人はどうやって暮らしてるんや,2
鹿角聖良さんのお誕生日をみんなで祝いたかったな。エア誕生日会しよう……ウッ………,2
ぐううううウワアアアアあああっバッバーン！！！！！って感じのダメージだ。コミケない。さびしいね。,2
メール来るたびに五月祭委員さんからと思ってビビってる。委員の皆様、本当に本当におつかれさまです……,2
もともと外行かないけど、買い出しも控えて大人しくひきこもろう。1人練習行きたかったけど外出自体我慢だから、しゃーない,2
体なまっちゃいそうだや,2
唇がガッサガサでいやんなんだけど、唇に何かつくのがいやんな人間のためリップクリームもいやんなので苦しみ。,2
午前中までがエイプリルフールなので午前中に起きないとアウトな遊びですね。なお最近副作用で16時とかに起きる日もあります。よーいドンや。,3
湿っぽいツイートの直前に書いてたのがびろ???んで悲しくなった(???),2
4/1がちょっぴりしんみりする日じゃなくなってよかったなと、フェスのことを思い出しています。,3
本郷の一信のTwitterはまだ無いのか。オープンしてるらしいし行きたいな,3
夜はコート着ても寒いなぁ,2
アゼ1stやったー！！！！よかったね！！！！！,0
かなまりを………かなまりをください…………！！！！,3
不要不急の外出は控えるのはわかるんだが、推しのレストランにお客さん入ってなさそうで心配。サッと行ってパッと食べるのは……いやテイクアウトで……とはいえ客単価低いからあんまり役には立てそうにないが…,3
ルーファウス副社長、なんかだいぶ歳を取られたな………ACの生意気若造みたいな副社長もよかったけど、リアル副社長もいいな……,0
イマジナリー姉様の妹になりたい……うそやっぱ鹿角聖良と鹿角理亞で完結してるのがいいから向かいの家の子くらいのポジションで遠巻きに、でも少しだけ交流があるくらいになりたい……,3
やはりオンライン飲み会でキャラトークをダラダラするのがほしい、文字に起こすのはこっぱずかしいものがありまして,3
もうちょっと早い時間だったらヘイ！通話してみようぜ！とか言いたかったけど早起き習慣つけたいから寝る……しおしお,2
FF7R発売までに無印プレイしようと思ってスマホに入れたのに忘れてた。配信とかやってみたいな。,3
とりあえず寝ねばねばねば,3
かなまりが聞きたいが、ようちかがない葛藤,2
デュオは前回トリオだった子達にやってほしいという初心はブレさずに考えたいAがようちかだったらな…,3
愛・愛香・愛奈トリオはちょっと見たかったな……あと、ちかまり・よしりこ好きだしスーパーお姉ちゃんダイヤちゃんが見られるGもいいな……かなよう強そう,3
突然のリプ送るのめっちゃ緊張するやつ。でも去りゆく人にこそ送りたいものである,0
オタクめっちゃ卒業されて新生活始められてるから応援してるしちょい寂しい。,2
コロナでお客さん減ってるんじゃないか?って心配なのでつい。宅配でピザ頼むより安いし美味しいぞい。,0
あああああ、ああああ、FF7やりたい、ああああああああ,3
まだFF7プレイしたことない人は幸せやな。これから楽しめるんだもの！うらやましいぜ！,3
お腹が空いてひっくり返ってるんだが自動でご飯が登場する奇跡は実装されてない,2
朝からハーゲンダッツ食べチャッタァ！！！贅沢！！！,0
友達と喋りながらできるオンラインカタンがやりたい。,3
お客様の中にオンラインでできるボドゲのオススメありませんか？,3
2ndは行きたいな！！！,3
オンラインカタン誰か試しにやろうぜ…,3
大人しく寝よ,2
あかん眠れへん…昼夜逆転直すために布団入って随分経った。スマホ閉じよ,2
これ当初日程がなくなるだけで、延期かどうなるかわからん感じだから！！！中止ってワードが紛らわしくてドキッとしちゃうよね！,3
カタンやりたいから誰か3人ほど家族になろう。,3
最近ファミチキの味こんなだっけ？って思ってたけど、ナナチキに浮気してしまいそう……うまい！,0
サーモン食べ放題777円？！！って見かけたらすすきのだった。落ち着いたら北海道いきたいなぁー！,3
今日寒くない？4月中旬なのに電気毛布つけてる,2
岡山帰りたい?(帰りません),3
10万円もらったら何に使おうかな？！机がほしいな、今段ボール敷いて棚使ったり、こたつで我慢しているので。あとはなんだろう？！,3
10万円もろたら、主に自分の周りの好きなものに使おっと。あと函館。,3
貧乏は大人しく生活費に使うべきなんだろうけど、好きな物や好きなお店が大変な時にやっぱ使いたいんだなぁ,3
オジマンはいいぞ。NP配れるし強いしかっこいいし台詞が長い。,0
ゲームと研究と仕事でずっと在宅だけど飽きないぜ！,0
ティファちゃんお誕生日おめでとう！あなたがいたから今の私がいます！リメイクもあったし、これから素敵な1年になりますように?,0
鹿角聖良ちゃんお誕生日バトン来ないかな?？,3
人狼の話してる女友達に「拙者は◯◯氏の騎士になるですぞ?」って送りかけてやめた。私はパン屋になりたい。死んだ時に分かってもらえるような。,3
私もカタンやりたい,3
宅コスしたいっすね,3
なぁお前……衣装、入るんか？？？,2
なんかあちこちのUSBにデータが散らばってるんだけど、これって消えやすいんよな？外付けHDDが欲しくなってきた。オススメありませんか？,3
five god truth live今年度で終わりなのか……,2
え！え！夏の甲子園、戦後初の中心？！！！ええー！！そうかぁ……,2
おはようございます。このところの寒さでグンニャリしておりました。,2
北海道にいる夢を見た。サーモンとイクラを食べたり、スキーをしたり。何故か花も食べてた。函館っぽいとこにいたな。北海道行きたいよ……,3
名探偵ピカチュウ見てるんだが、ここから面白くなっていくのかな？はやくしおしおピカチュウ見たい！,3
(昔の動画引っ張り出してきて編集も頑張ったので、感想お待ちしております……！),3
動画編集する上でめっちゃいいアングルで撮ってくれてる人にもらえないか聞いてみたいけど、どーなんかなーー,3
午前中はおしごと！いってきまーすε≡≡ﾍ( ´Д`)ﾉ,3
犀の角にいる?? (? ?ω? )? ??,0
犀の角とまちキャン行って、議員さんとか学生さんとかお友達とかとたくさんお話したみんな思うことがあるみたいで色々話したけど、共通なのは「次につなげなきゃいけない」ってこと。とりあえず、明後日の夜、なにかやろうかな。,3
筋肉おじさんは自分とこも辛いはずなのに、「ボランティア行こうと思ったんだけどまだ受け入れ始まってないんだよ！」ってうずうずしてたんだってどんだけいい人なんだよ,3
昨日あったふたりの議員さんは「これ次につなげてかなきゃいけないよね、意見がほしいんだ」っておい上にすぐ連絡くれたし、女性議員さんは化粧もしてなかった朝から晩まで上田市内駆けずり回ってる見えないところでみんなめちゃくちゃがんばってるんだよ…,0
議員さんですら、有事のときは何もできない、無力だって嘆いていたおい上は非公式って盾を持ってるけど、議員さんの悔しさはいかばかりだろうと思うほんとうにつらい,2
やっぱり時間が経つとゆっくり効いてくるつらいし、しんどいし、おい上も泣きたいもう辛くてニュースも見れてないから他がどうなってるかなんて正直わからない直接被害がないおい上でさえこんななんだから、みんなもっともっと辛いんだろうだからこそ、今は、上田においでよって言い続ける,2
今日もお仕事しなきゃいけないのに(つд⊂),2
ねるぞっｼｭｯ =???? (?3[??],3
お出かけ準備開始だっヽ(??ω?? )ゝ?,3
いいおてんき(*´-`*),0
おなかすいたっすね～～?? (? ?ω? )? ??,3
雨やだな(´・ω・`),2
とはいってもお客さん来ちゃうからアポあるお客さんに連絡くらいはしないとな:;(∩´?`∩);:,2
ちば離脱っ・:*三?( ? )?,0
(´-`).｡oO(8時半くらいにおうち帰る予定だから生配信でもしようかな？？）,3
MVNOのSIMは夕方とかお昼繋がりにくいんだけど、東京駅でのつながりにくさが上田と比べて異次元レベルでつながらない:;(∩´?`∩);:,2
うう、おい上の大好きなSUBARU車、TTサンバーとVIVIO以外みんなEJ20だから寂しい(´；ω；｀),2
配信、めっちゃカメラ揺れてる:;(∩´?`∩);:これはソリューションが必要だな:;(∩´?`∩);:,2
めちゃくちゃ雨降ってるやん:;(∩´?`∩);:,2
からおけいきたい（）,3
ねるｼｭｯ =???? (?3[??],3
(´-`).｡oO(今週も水曜日ちょっと忙しそうだから…音声配信できるかな…でもライブ配信も楽しいんだよな…むむむ…）,3
…………とおもったけどちょっとねむみがやばすぎてきびしいな…( ?ω?)明日どこかで時間見つけて配信しよう…( ?ω?)おや( ?ω?)ｽﾔｧ,3
(´-`).｡oO(ハロウィンだし今夜の華龍飯店は仮装していきたいような気分である…）,3
参加してくれた大人も、あんまりお話できなかった人もいたみたいだけど、地元の若い人たちに元気でいてほしい気持ちはみんな同じだと思うんだよね(*´-`*)また近いうちにやりたいな…( ?ω?),3
おきたヽ(??ω?? )ゝ?,0
【悲報】おい上、当て逃げされる,2
警察さんに通報済み:;(∩´?`∩);:,2
けーさつさんきたー！,3
やばいカフェを見つけてしまった,3
リングフィットアドベンチャーのせいでふくらはぎがやばい,2
(´-`).｡oO(毎日をもう少し大事に生きねばならない）,3
あっ副業といってもおい上にマージンが入る系の紹介とかはしないよ！！( ?????;)副業とかお金稼ぐことの考え方とかね??\(´ω` )/????\(　´)/????\( ´ω`)/??,0
おい上やりたいこと：・鹿教湯わんだ～れで忘年会・食季Cafe展さんで忘年会・別所温泉のどこか旅館さんで忘年会＋宿泊・上田に観光に来た人ごっこ・上田映劇で「春画と日本人」「狼煙」「ビートルズがやって来る！ヤァ！ヤァ！ヤァ！」を見る・よし味食堂さんで焼きそば・焼き肉,3
ちょっと風っぽい気がするのでｼｭｯ =???? (?3[??],2
おきるぞ(?3[??],3
おなかすいた＼＼\\?( 'ω' )? //／／,3
あかうんとまちがえました,2
ル・ポールのドラァグ・レースで推しが優勝して泣いてる,0
今日の夜は魁！着物塾にいくのだ??\(´ω` )/????\(　´)/????\( ´ω`)/??,3
自分にはめしがちゃおくってくれないのか…(´；ω；｀)ｳｯ,2
うおおおおおお??\(´ω` )/????\(　´)/????\( ´ω`)/????\(´ω` )/????\(　´)/????\( ´ω`)/??,3
ぶるぶる:;(∩´?`∩);:,2
今日はお家帰ったらリングフィットをやるぞ！やるぞ！やるったらやるぞ！（3日くらいサボってる）,3
（柄にもなくダイレクトマーケティング）,3
３）みた映画※だいたい上田映劇・バジュランギおじさんと小さな迷子・ビル・エヴァンス　タイム・リメンバード・サマーウォーズ応援上映・疑惑とダンス・ウィーアーリトルゾンビーズ・岬の兄妹・ブルーノート・レコード・春画と日本人・ザ・ビートルズ　ハード・デイズ・ナイト,0
さむい（迫真）,2
【つぎのもよおし】1/29（水）よるSNS中の人会議★台風すぺしゃる開催決定！！そして、今回は！しばらく見てないあの人が！！！帰ってくる！！！！！！乞うご期待！！！！！（自らハードルを上げていくスタイル）,3
おい上生誕祭まであと…5日…( ?ω?)ﾑﾆｬﾑﾆｬ,3
今夜はちょっとおでかけなんだけど、おうちに帰ってきたら10時か11時くらいに生配信したいと思ってるヽ(??ω?? )ゝ?3周年記念だから（？）たいせつなお知らせをするよ！,3
・推しの絵・カレンダー,3
アンドロイドになりたーいなー_(´ω`_)⌒)_,3
月２回くらいPC定期メンテしてくれるお仕事とかあったら需要ある気がするわね…_(-ω-`_)⌒)_,3
ようやくやりたかった作業を始められるけどここまで来るのに気力を使い果たしてしまうという_:('Θ' 」 ∠):_,2
もしかして：風邪,0
おはよー！今日はクリスマスイブだ????\(´ω` )/????\(　´)/????\( ´ω`)/??メリークリスマスだよヽ(*'▽'*)ﾉ,0
おい上最近悩んでることがあって、なかなか答えが出せないのよね(´・ω・｀)自分にとっての幸せはどこにあって、どうしたら後悔しないかなってずっと考えてる。台風のときから。でも、決断して進み始めたらおい上はおい上ができなくなっちゃうかもしれなくて。難しい(´・ω・｀),2
雪屋Concoさんのミートソースソフト麺たびたい,3
しばらくサボってたリングフィットアドベンチャーをやったら完全に下半身の筋肉が衰えている…:(；ﾞﾟ'ωﾟ'):,2
(´-`).｡oO(スタバかどっか行って今年のまとめをブーストかけて書こうと思ったけど多分混んでるだろうな…ユニさんやってるっぽいから行こうかな？）,3
ぎえっ！歩いてでかけてきたのにいつの間にか雪降ってる…！:;(∩´?`∩);:,2
94）正直、おい上は台風をなめてたと思う。ついこないだ遊んだ千曲川があんなに水増えてあんなに怖いものになるなんて想像もできなかった。きっとずっと地元にいた人ほどそれは感じてたんじゃないかなって思う。,2
99）11月、当て逃げされる。いまだに相手は見つかってないけど、まぁ、怪我もなかったし車もそんなに大きく損傷したわけないからまぁいっか、って諦めてる。,2
111）絶対に力になってくれる。おい上がそれを完璧にできるとは口が裂けても言えないけれど、でもあのときに「おいでよ上田」をやっていたから見えた景色もある。やっぱり最終的に一番強いのは「人と人の、顔が見えるつながり」だ。隣近所でなくても、本名を知らなくてもいい。でも、最後の砦に→,3
112）なるのは、顔が見えるつながりだってあのときに強く思った。だからあのあとライブ配信も始めた。頼りにしてくれてるみんなにとって、「顔が見えるおいでよ上田」でいることは、ものすごく意味がある。来年はもっとそういう機会を増やしていきたいな。,3
どこかカフェ行こうと思ったけどさすがにどこも混んでるね( ?????;),0
vivomove Styleをぽちってしまいました。,3
おしごとはじめ＼＼\\?( 'ω' )? //／／,3
おい上も子供の頃ってあんまりみんなに馴染めるタイプの子供じゃなかったんだけど、確かに両親も経営者肌だと思う。今はYouTubeで勉強の解説動画もみれたりするし、学校以外のコミュニティもどこにあるか探せる時代になったから、無理につらい思いしてまで学校行く時代じゃないのかもしれないね。,3
おなかすいた（迫真）,2
今日はもうすこししたらchillいくぞ??\(´ω` )/????\(　´)/????\( ´ω`)/??,3
そうか今日成人式か！！晴れ着の子たち歩いててみんな素敵だね(*´-`*),0
(´-`).｡oO(いまおどりばの26号室、あいてるんだね…おい上のラッキーナンバーなんだよな、26。）,3
SSDにクローン作りたいのにC:が縮小できなくて泣いてる,2
おなかがすいたのでおい上に上田市内の回らないお寿司屋さんを教えて下さい（行きたいという願望）,3
(´-`).o0(あっ資料渡せるのは現地に来てくれた人にだけだぞ…),3
動画配信に失敗して慌てて消すおい上_:('Θ' 」 ∠):_,2
(´-`).｡oO(まじで予定のない日って何やってたんだろう…マイクラ…？）,3
そういえばこないだまちキャンにいたらDJ清澄に会ったから、「お面しててよければうえだ大好き！にゲストに行ってもいいんだからねっ！///」ていっといた,3
(´-`).｡oO(ホームページのお引越しとリニューアルしてる）,3
お昼食べながらお店のテレビ見てたらなんでも鑑定団のCMに信州上田おもてなし武将隊のみなさんが出ててフリーズしてしまった……………びっくりしすぎてなんのお店なのかわからなかったけど…( ?????;),0
お天気悪いせいかめっちゃぐでぐで_(┐「ε:)_,2
おきたーーーーーー＼＼\\?( 'ω' )? //／／うおおおおおお,0
今日はお仕事帰りに温泉入っちゃうぞ(ΦωΦ)ﾌﾌﾌ…,3
(;´-`).｡oO(あ、あれっ？おやすみツイートbotから削ったはずなのにツイートしてる…？？）,0
じつはきのうは気持ちに余裕がなくてトゲトゲしちゃってたから、あんまりついった見てなかったんだけど、そんな日も大事ね_(´ω`_)⌒)_今日も元気にお仕事行くぞヽ(??ω?? )ゝ?,3
きょうはしっかりお仕事して目標完了したら自分をたくさん甘やかすんだ！！！！！！！！うぇい！！！！！！ヽ(*'▽'*)ﾉ！！！！！13時には目標達成したいです！！！！！！！ヽ(*'▽'*)ﾉ,3
かなり広範囲で障害おこってるみたいでTLが全然動かない:;(∩´?`∩);:,2
マイクラしてたらタイムスリップしてた、こわい,2
ｼｭｯ =???? (?3[??],0
税務署いってきたぞ??????\(´ω` )/????\(　´)/????\( ´ω`)/??,0
(´-`).｡oO(おい上、もしかしたらこんどラジオに出るかもしれないらしい…詳細わかったらお知らせします）,3
長野県防災さんちょっとタイポしててかわいい,0
(´-`).｡oO(おい上、どっかから風邪もらいました。昨日から倒れてます。みんなもきをつけて…手洗いうがい大事…）,2
2/16からだって。,3
だいぶ具合も落ち着いてきた感あるな_(´ω`_)⌒)_,0
でんわきた,0
ウワーーーーーーーーーー,0
あと50人ちょっとでフォロワーさん6000にん…！(ﾟＡﾟ;)ｺﾞｸﾘ,3
(´-`).｡o0(おい上塾参加ご希望の方にメール送りましたがお一人帰ってきちゃいました…)(´-`).｡o0(きてない！って方はPCメール受信設定などご確認をお願いします…！),2
4月1日にイベントやる予定なんだけど、直接人を集めないでやる方法ないかなって考えてる(´・ω・`)コロナウイルスの件で中止するのは簡単なんだけど、せっかく都合合わせてくれてる人も大勢いるし、どうにか直接会わずに同じようなことができないかなって,3
ふわーーーー！！！！！コロナのせいでいろんなことができなくなってストレスがたまる！！！！！！！しばらくはおい上が主催するイベントも実際に集まらない方向で運営する予定。。。なんか世間が鬱々としててやだね。。ひとりひとりが気をつけること、だいじ(´・ω・`),2
正解がわからない中で、どうしたらおい上ができる最善になるだろうってずっと考えてる。3.11とか台風のときと似てる感覚。情報に踊らされないように、きちんと自分で考えて、毎日を過ごしたい。終息したときに元気にお出かけできるように、笑ってみんなに会えるように,3
おい上、しばらくBOTを停止して手動つぶやきのみにすることにしました(´-`).o0,3
上田においでよしたい気持ちと、今じゃないよなっていう気持ちがせめぎ合っている(´・ω・｀),2
むくり,0
おい上的コロナの具体的な対策①基本を守る（手洗いうがい、咳エチケット等）②美味しいものを食べる③ネガティブなこと、情報源が不確かなことを発信する人は心のなかでごめんねしてミュート④自分ができることを考えて、できそうなら小さくても行動する⑤ニュースとTLは必要以上に見ない,3
これはおい上の師匠に教えてもらったんだけど、自分の努力でどうにかなるものと、どうにもならないものってあるじゃない。自分の行動が影響できる範囲っていうのかな、その範囲外のことに怒ったり悲しんだりしても実は仕方なくて（お天気が思い通りにならない、他人の考え方が気に入らないとか）→,2
この週末はお出かけせずにNetflixでも見て過ごすかね??? (? ?ω? )? ??,3
ていうか忍者さんサンドボックスなんてものやってたのか…知らなかった……,0
おい上のおうちはそこそこトイレットペーパーあるからやばくなったらおいでよ（？）,3
ねむねむ(｡ρω-｡),0
月曜日感ある,3
ん?、ねむねむ_(´ω`_)⌒)_,0
(｡ρω-｡)( ﾟдﾟ)ﾊｯ!,0
ああ???ひたすらブランチマイニングするか動画編集するかWordPressのテンプレートCSSいじくってたい????,3
むむむ??_(´ω`_)⌒)_むむ??ヾ(:3ﾉｼヾ)ﾉｼむわ???_(⌒ﾉｼ 'ω')ﾉｼぷっぷっぷ???(｡･з･｡),3
ぁ～～～～MT車乗りたい～～～～～～～BOXERサウンドが恋しい～～～～～～何でも選べるならBP後期レガシィ2.0GTSpec.BのパールブラックかGDインプ初期に出てた2.0NAのレッドがいいですNAでBOXERでMTとかたまんねぇ～～～～,3
おい上、マイクラ好きなのに三半規管が弱くてすぐ酔う_:('Θ' 」 ∠):_,2
うえまるちゃんのグッズ作りたいな(*´-`*),3
おなかすいた＼＼\\?( 'ω' )? //／／,3
今日とある打ち合わせしてたんだけど近いうちに、すごく楽しいことが始められそう,3
きょう（きのう）はぽんての打ち合わせだったの(*´-`*)　>RT,0
おーきたー??\(´ω` )/????\( ´)/????\( ´ω`)/??,0
⑳フォーカスライト / MAN WITH A MISSIONオオカミさんかわいい。切なくて強い動画は見つからなかった(´・ω・`),0
おはおきたーーーー＼＼\\?( 'ω' )? //／／,0
今日は朝から打ち合わせだからそろそろおでかけの用意し始めようかな(*´-`*),3
(´-`).｡oO(きのう某所でドラマのロケ隊がいたんだけどいつも見るあの場所があんなふうに…うわーーーエモいーーーこれは観るわ???ってなったんだけど多分場所とか言えないやつ）,3
ちなみにおい上が持ってる着物はほぼ中古です＼＼\\?( 'ω' )? //／／ハードオフとかスマイルサンタとかで安いものは500円くらいから買える＼＼\\?( 'ω' )? //／／,0
SNSにおける信頼感て何かって言うと、「宣言したことを守る」「誠実にひとりひとりに対応する」ことだと思ってて、おい活始めたらころからすごく心がけてる。大事なのは「他人が決めた数値」ではなくて「自分自身はその人を信頼できるか」ってこと。→,3
(´-`).｡oO(全国津々浦々のおいでよアカウントのみなさんが何を目標としてアカウントを運用してるのか聞いてみたいな…）,3
今日お話してきたこと：①市内の空き家を楽しいことに使いたい②来年３月に撮りたい映像のこと③例のアレの通販のこと,3
そういえば前から気になってるんだけどみんなどこ在住なのかな？(； ･`ω･´)よかったら教えて?*ﾟ｡+(n´v`n)+｡ﾟ*,3
(´-`).o0(2008年に「信州上田眞田博」っていうのをやってたらしくて上田紬のファッションショーやってた映像を見せてもらったんだけど、めっちゃいいね……今だったらつむぎ＋和洋ミックスとか…女性のコーデももちろんだけど男性の和洋ミックスのファッションも見てみたい……),0
(´-`).o0(いろんな課題に対する解決策を考える時に大事なのは、哲学的視点と様々な定規を自分の中に持っておくことだと思う)(´-`).o0(というメモ),3
おなかすいたすなあ…_(´ω`_)⌒)_,3
(　>д<)､;'.･　ｳﾞｧｱｱｱｯｸｼｮﾎﾎﾎﾎｵｵｲﾍｲﾍｲﾍｲ((ﾉ`ｪヾ))ﾓﾁｮﾓﾁｮ,2
今夜ひさしぶりに配信しよかな(*´-`*),3
9時過ぎくらいから配信しよかな???? (? ?ω? )? ??,3
おきたーおはよーヽ(??ω?? )ゝ?,0
(´-`).｡oO(あんまりこういうこと言わないようにしてるんだけど…………みんな…ほんと…次は選挙行こうね…………紙一枚だけど、きちんと意思表示するのほんと大事、まじで）,3
というわけでねますヽ(??ω?? )ゝ?ｼｭｯ =???? (?3[??],3
なんか早く起きちゃったな( ?ω?),0
おい上のおすすめはAmazonプライムビデオとかNetflixとか。Netflixでみれるんだけどルポールのドラァグレースっていう、アメリカNo.1ドラァグクィーンを賭けて勝ち抜いてくリアリティショー番組がめちゃめちゃオススメだからみて。（超個人的な意見）,3
おい上は推しが美しいので幸せです,0
ねるぞ?い(?3[??],0
おきた??(*´-`*)げつようびげつようび???\(´ω` )/????\(　´)/????\( ´ω`)/??,0
おい上はおい上になる前に別のBOTをやってた。その時に3.11を経験してる。だからわざわざ言う。地震はいつ来るかわからないけど、今はもうどういう状況なのか、もうみんながわかりきってること。緊急時はBOTは止める、いいね？,3
上田で出前・テイクアウトができるお店マップを作ろうか、なやんでる。出かけないのが一番いいけど、地元のお店が苦しいんだろうってのも容易に想像できるし、少しでも課金したいし美味しいもの食べたいし。気をつけてお店まで行って、さっと受け取ってお家でを楽しめるなら、多少はいいのかな？って,3
なんで上田市だけなの？って思う方へ。おい上の処理能力を考えるとこれ以上広げたらおい上が潰れちゃうため、市内にしました。もしあなたがGoogleフォームやGoogleマイマップを管理＆編集できるスキルが有れば、ぜひどんどんパクってください。報告とかぜんぜんいらないので！,3
?? (? ?ω? )? ??.｡oO(PC用のサウンドバーほしいなぁ） ,3
おきたっヽ(*'▽'*)ﾉ ,0
まとめて買ったプリンターインクの型番が違うことに気づいて泣いてる(´；ω；｀) ,2
おきてしまった(:3[??] ,0
おい上は専門じゃないけど、脳科学とかの本はすごくいいよ。 こんなに苦しいのは人間の本能とか脳みその性質のせいだったのかーってわかるとかなり気持ち楽になること多かった。 脳科学者の中野信子さんの本は読みやすくておすすめ！ ,0
倍ダブルチーズバーガー罪深い??”(?´?`?)??” ,0
ぱちり(:3[??] ,0
おい上今日はもうTwitter見ません 急ぎの用がある方はテレパシーでおなしゃす！ ,3
④ルポールのドラァグレース ごく最近ハマったアメリカのリアリティTVショー。ドラァグクイーンたちがアメリカナンバーワンクイーンの座をかけていろんな課題にチャレンジする番組。 何がいいって、クイーンはみんなめっちゃ前向きでポジティブだから元気が出るところ。でも実は→ ,0
なれない動画ソフトでYouTube用の動画作ってる( ?????;) ,3
( ﾟдﾟ)ﾊｯ! 12日の毎日新聞買うの忘れた:;(∩´?`∩);: ,2
C:がやたら少ないと思ったら300GBの未割り当てのボリュームが離れたとこにあって…結合したいのに…できない… 今日はもう疲れたから明日調べよ_(┐「ε:)_ぶえぇ ,2
あかうんとまちがえてません ,3
おい上にとって自動車は使い勝手や乗り心地よりも美しさが重要。造形だったり、ポリシーだったり、そういうところに美しさを感じるクルマが好き ,0
有り余るほどお金があったら ・BP5 2.0GT Spec.B ・ケータハムセブン ・VIVIO RX-R ・GDB-B ・なんかデカくて平たいアメ車 がほしい ,3
このうまい棒の人と両方愛せる人はおい上の人生の中で一番衝撃な出会いだったな。 今よりももっと「ネットで知り合った人と会ってはいけない」風潮だったけど、ネットの情報だけでこんなに応援される人もいるし、自分では想像もできない価値観を持っている人もいるって実感した、そういう出会い。 ,0
ちょうしが　よくない！ あまいものをたべるぞ！！！！！ ,3
ブログのテンプレートCSSをゴリゴリ編集している?? (? ?ω? )? ?? ,3
今日のお昼シャンチーさんのおべんとにしようかな(*´?｀*) ,3
お仕事環境をスタンディングデスクにして模様替えもしてなかなか快適(*´-`*) 模様替え気分転換にとてもいいね?? (? ?ω? )? ?? ,0
おい上ができることメモ ・SNS運用の相談全般 ・ホームページ制作 ・紙モノのデザイン ・おい上のツイッターでPR（※おい上のポリシーに沿うものだけ） ,3
なんだか気持ちがざわざわしてねれないよ ,2
夜中に揺れるのやめてほしい ,2
メンタルがゴリゴリ削られている:;(∩´?`∩);: ,2
みんなこの時間なのに結構起きてるね(´・ω・`) 地震で起きたのかな(´・ω・`) ,2
おい上は一時間くらい前にお家の近くで騒いでる人がいて起きてそこからずっと起きてる ,2
まーたーゆーれーてーるー ,2
やめて ,0
きょうは非常持ち出し袋とかの点検する ,3
ブロック機能は本当に使いたくないんだけど今はごめん。今のおい上はそれに耐えられる精神状態じゃない。 ,2
悲しい ,2
一人ひとりにお返事できてないけど全部見てる！ほんとにありがとう ,0
あとでお出かけする予定あるからその時またやろう( ?ω?) ,3
あ、おはようございます ,0
実際に会ったときも即興だったのかセッションしてるところに居合わせて、すごいねーすごいねーってずっと言ってたんだけどまじでおひねりをさしあげたほうがよかったんや…買うぞ ,3
(´-`).｡oO(うちのカッティングプロッターさん、きちんとカッティングしなくなっちゃって困ってる…） ,2
おにごっことかケイドロとかドッジボールとかしたい！！！,3
読みたい本もいっぱいだし 観たい映画もいっぱいだし 行きたいとこ会いたい人もいっぱいだし時間足りない,3
子どもには子どもの人生があるから自立は親のことが嫌いになったとか感謝の気持ちが足りないとかじゃないと思うのだけど。笑笑,0
今週4日ってのがすごい救い、、,0
無理、頑張れない、寝る！ そんなときもあるよね,2
1日かけて作ったものが消えた！！！！！泣いていいですか！！！,2
田園風景がとても落ち着くよ? 海行きたい！！！,3
最近観たい映画も読みたい本も溜まっちゃって困る? 仕事行ってもすることないし好きなことしてていいですかー,3
やらなきゃいけないこととやりたいことがごっちゃになって心から楽しいとかやりたいって思うことが何かわからなくなってる,2
職場環境も人間関係もほんとおかしいけどあとついに半年。休みの楽しみのために我慢頑張る,3
正直いなくなって悲しいよりも、解放されたという気持ちの方が大きくてそれを責める気持ちから未だに解放されないのも困る,2
ラグビー観るたびルール覚えてくから楽しい！感動したー,0
パブリックビューイング行ってみたい、、！！！,3
joker、見応えあった。観た人と感想を語り合いたい,0
大人なんだから自分の機嫌くらい自分でなんとかしてよって毎日思うこの職場。,1
観光列車乗ってみたいなあ,3
人間性ってどうしたら磨かれる？？,3
採血するとその日1日絶不調。 わたし貧血なんて言われたことないんだけどな。,2
思考がマイナスにしか働かないからもう寝よ寝るしかない。,2
こっちまでそわそわどきどき。 いい報告聞けますように,3
歌聴いて泣いて映画観て泣いて最近涙腺バグってる。,2
バファリンがどんどん効かなくなってる気がする、、,2
新幹線やばい。3人席の隣お二人がアジア系外国人カップルで愛をささやきあって目のやり場に困るし、わたしの席にコートも充電器も置きっぱなし。言葉もルールも通じない！強い。,0
年末年始休みすぎて今日から仕事とか信じられない,2
審判、、 にわかな私でもおかしいってわかったよ,2
社会人1年目に作った出勤用プレイリストに入ってた曲がことごとく嫌いになってて悲しい。途中から退勤用プレイリスト聞いて出勤してたから気持ち奮い立たせすぎるのもよくないのかもね。,2
自信なくすときはとことんなくなっちゃう,2
たまにやってくるディズニー行きたい欲。誰か行こうー！,3
謝れない大人多すぎ。ぶつかってきても靴踏んでも鞄で殴っても赤の他人ならいいと思ってんのかな,1
たまにやってくるなーんにもやる気出ない日。ひとりだと本屋さんふらついてカフェごはんして帰るんだけど、買った本の重さと使ったお金でさらにやるせなくなってしまう。なんだこれ。,2
日本の今後がとても心配,2
なんで！こいつのことだけはなかなか消えてくれないのか！ 美化してるだけだとはわかってるけども！,1
ちゃんと化粧して髪巻いてヒール履いたらそれなりに緊張してても頑張れるのに！今日は吐きそう笑,2
子供の頃からだけど 真面目とか大人しいって 全く褒め言葉に聞こえなくて辛い。笑,2
中学までうちではドラマ禁止令出てたから小学校のとき流行ってた野ブタを15年越しくらいにみて感慨深い。笑,0
明日在宅勤務にならんかなあ、、,3
上司に薦められた本がつまらなくて読み進められなくてつらい。感想聞かれるだろうから読んだフリもできないしなあ,2
春から明学 社会学部社会学科です！ よろしくお願いします！！,3
社会学部男子少ないの初めて知った…,2
異文化コミュニケーション、男子1人になりいたたまれず、辞退、、、,2
遅刻やん…,2
小泉ひなたをフォローしようとしてフォロワーみたら長谷川白紙出てきてビックリ,3
小泉ひなたにいいねされたのほんまに嬉しいです,0
やっぱジョジョのBGM良い,0
春で選択必修1単位も取れていなかっけど、秋で12単位取りきることはできるのだろうか…,3
グーグルマップの目的地はその土地に詳しくない人でももう少し分かりやすいように表示して欲しい,3
引っ越してきて2ヶ月でまた引越し,3
小学生が1人で登校してるのを見ると、あの頃はボッチとか陰キャとかそんなこと考えてなかったなぁと、なんかグッときた,2
理論上正しい電車に乗ってるのに違うとこにつくのそろそろやめたい,2
久しぶりに帰りが混んで必死に人を押しながら降りる人を見てたら、これからも大人になってからも満員電車に乗りたくないと思った,2
だいぶ標準語に耳が慣れてきたけど大丈夫な標準語とそうじゃないのがある…関東にきて初めて不意に聞く関西弁がグッとくる,0
大学生の先生にぺこりスタンプもらった,0
住所がどんどん長くなる,0
コンビニで、「お好み焼き少々お待ちください」はなんかじわる,0
インスタ初めてから高校の時あんま喋ったこと無かった人がいいねと親しい友達認定してくれんのめっちゃうれしい,0
田島くんを正面で見てダンスやりたくなったので、来年ガチの欅やりたい,3
プログラミングの人、龍か竜かわからんけど龍おおいな,0
金縛りにかかって2重に夢みてた…マトリックスかよ…そろそろ怖くなってきたから医者に行った方がいいのかな,2
一人暮らししてからハートフル系に弱くなったよなぁ,2
誰でもいいので11月10日wowow見れる人テレビ貸してほしい…,3
みんなしてDYGLいきすぎ笑,0
すすぎと洗浄が同じタイプのやつもう信用せん,2
10時、11時白金とか間に合う気がせんのですが、自分には人脈と伝ってもんがなかったです,2
田島くんにフォロー申請してから半年くらいたってやっとフォロー返された,0
今日の寮飯、おばちゃんたちがちょっとギスギスしてて悲しい,2
建設中の建物の利用目的も変更になるだろうなあ。,0
演劇とかも同時並行でやっている。演劇の危機にどう思ってるか知りたかった。,3
今、製作中の劇場版が子どもとかだったらどうしよう。,0
終わってから勝手に子どもとかは今の時代に厳しいよねー銀魂だったらショック。,2
紅白はたぶん出ないけど。例えとして。,0
私も影響はあるけど、1年ぐらいダメだと思い込んでる。というか・・・悪い方にしか浮かばない。,2
あれもこれもＩＴ化すればいいってわけでもない。,0
曲の感想文を書いた。,3
普通な一般的な人たちの話。まだ経験が浅い。腐女子4人でやってみたら面白そう。,3
無責任だけど、劇もライブもやっていいのでは。。行く人の基準は持病があるかないかも重要と思う。,3
昨日ステイゴールドを聞いた。久しぶりのように思った。,0
結婚ネタは避けたいけど攻めてみた。どうでもいい。宇宙の外でやってほしい。,0
よくわからない連携。,0
2019年5月13日月曜日が702訓だった。,0
この3年が無駄になった。,2
すべてが勘違いで終わりそう。最近、知ったあの人も知ってるのかな？ならうれしいとかずっと考えていて、手掛かりすら見つけられない。,2
勘違い祭り。歌詞の勘違い多い。空耳。単純な動詞なのにそんな重要なところにいるのか！みたいな驚き。類推できな言葉に時々、ぶつかる。,2
人は思ってるより自由ですってこと。,3
3文字なら間違えはないのかなって悩み中。,3
さっき、雨の中、急に混線してきた宇多田ヒカルに負けてしまった。,2
レンタルの予約。今度は去年、大人気の洋画を。そんなに人気あったっけ？的にどれも貸し出し中に。ずっとカートに入れてる分も。,2
5月から大衆演劇だけ再開する動き。広告もあった。他は自主判断で中止の発表が多い。,0
福岡、大阪は×だった。,2
7ヵ月前のコメあった。,0
最終回発情期ってもともとある言葉じゃないんだ。,0
作者本人がFFだから終わる説も0%でないってことか。,3
結局2巻ぐらいまでしか読めてなくてレンタルもできない。,2
と言っても、すぐオランウータンってはいかなくて、三国志の方かなって、、、広侍辞で調べました。,3
明日は楽しみかも。,3
いつも控えめに書いてた。つい最近までそうだったなー,2
知ることも大事でやっぱり駄目だった。,2
そういえば、昨日はマイケルが流れている気がした。23時前半。,3
今日は誤字だらけ。,2
中途半端な年代ばかり聞いているのは過去を懐かしく思うことできず、現在にも留まれず、未来も見えないからなのかも。単なる言い訳。今すぐ聞こうって思ってn度目なんだろう。,2
パーソナルなものであるのでってこと？こういう表現が適当か？,3
なぜリクエストしなかった？音源はなさそうだし。そもそも音源の問題。,2
テレビで3曲とも聞いた。音もこっちがいいかも。スマホと全然、すべてが違った。,0
昨日、自分で作ったナイトセレクションを聞いた。ほとんど聞かない。見つけて保存だけ。メモしたり。もう今年で5年目。2015年の暮れから。,0
すぐ、無意識に足をすくわれて、とらわれてしまう。,2
GWいろいろリアであって、全部やり直しになったね。コロナ関係なしに。だから休んでる。,2
火曜日が終わってもう金曜日。なんかようやく平日モードってもう今週終わった。,2
月曜日が楽しみですね。トレンド入りするかな。,3
ベーカリーキッチン路地裏さん！ご報告有難うございました　温かくなったら、行ってみます。いわまさんは、去年11月に行って来ました。おいしかったです。,3
先週の水曜日、ますだおかだのますださんが歌ってくれた、♪～恋は魔法さ?(少しだけですよ)は★読売テレビの【Mydo】というアプリで、『街かど☆トレジヤー』のコーナー、スタートから14分前後で観られます。ただし7/6までかなと思います。,3
さあ、明日のPCの予習と父に薬を飲ませてと。ヒロタのシュークリームいただきまぁす,3
モノクロームさん　RYUBANDさんにきてはりますか？あえないかなあ？,3
ひえ?みんな寝たふりしてたのー?,0
これからしばしお仕事なのだ。しないとオラ パパとママにインターネット禁止されるから。,2
おはようございます。今日も良い1日でありますように,3
おはようございます　今日も素敵な事に出会える いい1日でありますように,3
こんにちは！ おかげさまで第一希望当選の知らせ頂きました。 ツイッター不具合みたい。？ フオロワーさんが？ 納涼ホラー現象？ なんで？,0
おはようございます。今日も皆さんにとって良い事がありますように,3
おはようございます！みなさま　今日も　お元気で,3
ミスター サンデー 老々介護 96歳 お父さま お疲れ様過ぎです。 お母さま もおつらいとおもいます。 認知症でも 心も むかしの記憶も あるんです 双方のお気持ち サポート 必要です。 娘さんも できる範囲で お体大事に,2
今夜のブラタモリ??高野山 おじいちゃん、おばあちゃん達に 子供の頃に連れて行ってもらった。 ケーブルで登るので 、歩いてないと思う。 お大師さま,0
根本大塔来た。 松の話初耳 おお 縁起物 タモリさん マニ いいなぁ おお曼荼羅 は来週のお楽しみ,3
お疲れ様でした。お休みなさい。良い夢を,3
ブラタモリ 高野山 ,3
やはりアメリカで、テロ！ クリスマスにあると思ってたら。,2
日経平均高いけど、景気いいかな？？？？,3
私３Ｆ3列26,3
吉田栄作,0
ベルギー相手に。ようやった,0
増田さん 出てた！ 黄昏に?,0
ただ今 乗っ取りダイレクトメッセージが、拡散中！皆さんにご迷惑をかけていませんか?  ID、パスワード入力や連携させないようにして下さい！,2
省吾さんの「日はまた昇る」先程YouTube観てたら急上昇になっていました。　投稿コメントを読んでいたら、みんなそれぞれの思いがジーンと伝わって嬉しくなりました。どうか省吾さんや町支さん古村さん福田さん小田原さん長田さん他メンバーの皆さん、私達ファンが約束の地で会えますように,3
今日は暑いです。皆さん　熱中症にならないように 適度な水分塩分　摂取しましょう?。,3
東京の方ではマスクがバンバン流通しはじめているらしい。 しかも値段も安くなっているとか。 大阪南部では、1月末以降ずーっと売り切れで見たことないけど、そろそろはいってくるかな？,3
5月からまさかの夫の出勤日が9日だけ。 出勤と公休と間違っているのでは?と思うようなシフト表… 見たくない。,2
洗濯物も干せないこんなベランダじゃ(pien),2
寝起きの筋トレ、やっぱりあまりよくないっぽい。 脂肪燃焼しやすいらしいけど 起きて1時間くらいしてからとか、水分取ってからとか 私目が覚めて布団出る前に腹筋してたよ,2
ヴェローチェのチョコミントマゼリー　美味しかった。下のモヒートゼリーが爽やか。でもいくらミント風味でも上のホイップはいらないかも。,0
ミッションV6　自分の地域では再放送されない予感なら強くする,2
朝一で洗濯機が排水しなくてストップ。今壊れても、引越とか新しい駐車場とかへの費用で、口座残高無いから。やめて、買えない。,2
始めからやり直したら濯ぎも脱水もできたけど。今度から逐一止まったら、また1からやり直し?水2倍かかるんだけど。,2
Amazon、登録しているアドレスが前の前の物だから変更したい↓設定から変更の必要あり、アカウント認証しないといけない↓認証コードがメールで届くらしい↓前のアドレスだから、送信されても見られない↓認証できない↓アドレス変更できない↓始めに戻る#Amazon　#ログインできない,2
だんなデスノートはあるのに、子供デスノート無いのは何故?,2
これから殆ど家にいる日ばかりなのに、起きてすぐテレビつけんなよ。1日何時間付けてる気だよ。用も無いのにテレビつけてるなんて馬鹿の極みだろ。1円でも電気代節約しろよ。,1
この前見た、商品一括検索サイトが見当たらなくなった,2
しかも同じフロアに #お茶の井ヶ田 があって、小学生の時に制服のまま親と一緒に抹茶ソフトよく食べてた。あの時から抹茶好きが始まった…?#抹茶　#抹茶スイーツ,0
同じく仙台ホテルにカレー屋さんもあって、そこも何回も行った。ザ・カレーの入れ物って感じの銀の器に入れられててご飯の上に数粒レーズンが乗せられていた。多分、そこで生まれて初めてラッシーを飲んだと思う。#カレー,0
こどもの日なぞ全く無関係で、夕飯は牛タン山盛り(笑),3
NHKのニュース、仙台駅の様子を伝える記者が凄い訛ってる。 マスコミであんなに地元色出ている人初めて。,0
年齢相応の物見ろよ。幼稚園向けの見てどうすんだよ、だからバカなんだよ。,1
しかも船の数も限られているから、猫に触れ合う以外ははっきり言って暇だった。,2
〇〇つなぎってかなり増えているけど、原点に返って 数珠つなぎ って、疫病退散・早期回復を仏さまに願って念仏唱える って文化、そろそろ出てこないかな。 蘇だのアマビエだの流行ってるし。 #コロナに負けない 　#コロナ,3
エコバッグから溶けたアイス発見… 買ったこと忘れてた,2
緊急事態宣言解除で、明日からとか11日から営業再開するところが増えて嬉しい。 と買い物に行くと、クラスターなんだろうな。 個人的には必要急だけど、他の人から見たそうでないと思われそうだけど。,1
引越の時にぽいぽい詰めて、しかも収納スペース減ったから、すぐに使わない物は段ボールにしまいっぱなしだったから?,0
とりあえず一回中身ぶちまけといた(笑) 缶だから,1
集積所にもっていかないなら、見える所に出すなよ,1
朝から本当に腹立たしい。,1
コーラも酒も飲んでるの殆どあなたでしょ,1
私ペットボトルのごみの方が多いし、自分の分は都度持っていってるし。,1
時計もたせないのも悪いんだけど、今迄も時計なくても17時までには戻ってきてたじゃん,1
しかも本人は反省の色なし,1
雨の時は一応、雨だから機嫌悪くなりやすいから刺激するなと周りに通告しているけど。,1
他の人から見たら多動型だからじっとしていられないなんて分からないし。本当に疲れる。,2
勿論あまり信じてないし、おかげさまでうちは全然問題なし,0
明日の面接の会社で即決まりたい一般事務より士業補助の方が勉強になる,3
明日面接行くところと、来週面接行くところ、向かい合わせのビルだった(笑),0
2年以内に200万貯めて今回の引っ越し費用回収・次の引っ越し費用に充てたい,3
いい加減各種SNSのプロフィール画像変えないと。,3
色々登録しすぎで訳わからなくなった。 無料期間過ぎる前に解除忘れないようにしないと。,2
今日こそ衣替えしようと思っていたけど、寒くてまたその気が失せる。,2
明日面接なのに全然準備していない,2
サイト登録の為、アドレス入力　メール全然届かない。短時間にいくつかやったから滞ってるの?,2
データ解析は目標のデータセットの形・状態を思い浮かべることと、最終形にいかに効率的かつ再現性を持ってたどり着くかがポイント。現状、やりたいことがわかっててもエクセル・Rの技術的な制約がかかってしまう。,2
息を吸うように考え、食事をするように論文を読み、歯を磨くように分析し、靴を履くように論文を書く。,3
アウトプットしないとインプットが消えていく。貧乏性で「インプットに費やした労力がもったいない」というモチベーションがアウトプットする理由の大半になっている気がする。,3
英語でも日本語でも伝わるためには相手の反応を見ながら言葉を選ばないといけない。選べる言葉（フレーズ）の選択肢を増やさないと。,3
日心初日から頭痛で死にかけた。,2
不平不満を言うことは状況を良くするのか？それとも悪くするのか？自己を全体の一部と考えよ。しかし、全体は自己が前提ではないかな。,3
大学の授業料ってどういう基準で決まってるんでしょうね？国公立も市立含めて、幼少中高専門短大などは何か共通理解というか、前提があるのでしょうか？,3
環境構築を省けるかもしれないのがDockerなのか？,3
python のクラスが何たるか、5w1hで説明してほすぃ,3
シャワーで汗を流す季節の到来。,0
寝れん,2
走りに行くか,3
Notionのショートカットが覚えられない…,2
なぜに高速描写が機能しない＞Anydesk,2
ドライアイが酷い,2
Notionでスライドも作れるのかな？,3
Github desktop版で大きいファイルも扱えるようにならないのかな。,3
今期、オンライン以外の心理実験した人いるのかな,3
積み重ねが大事,3
pi numberはなぜにpi?,3
Notion カレンダーviewで各項目の移動できないのかな,3
子どもと一緒だと片道200mの道のりに1時間かかる。,2
カンカンだと怒っているよう_x000D_カンカンカンだと踏切のよう_x000D_境目はどこだろう？,3
国際学会がないと英語勉強モチベーションが維持できない,2
大人中心で物申してはいけないことはわかってるんだけどさ…,2
キウイフルーツ食べても胸が痒くならなくなった,0
後、カレー粉の配合を最適化したい,3
なぜに虫が怖いんだろう,0
集中力がなさ過ぎて140字も書けない,2
数学能力がなさ過ぎて泣けちゃう,2
毎回、人との会話の後で勘違いに気づくの、治したい,2
Notionでページ数の多いpdfを快適に読むにはどうしたら良いんだろう,3
論文投稿規定の字数制限に引っかかる…,2
ポメラニアンかわいい,0
今日のお昼は何食べようかなぁ,3
キムチ卵かけご飯,0
ダルゴナコーヒーでも作ろうかな,3
在宅仕事進まないなぁ...,2
残業を制限されるなら出社したくない,2
週1くらいで在宅がいい,3
来世は金持ちの家の犬or猫になりたい,3
宝くじ当たらないかなぁ,3
ご飯なにたべる？,3
仕事の日々,2
すき家くるの早w,0
あめ降ってて萎えたぴえん,2
明日睡眠不足確定,2
あした起きられますように！おねがいしますかみさま！,3
ねむねむ,0
よかたーー,0
放棄,2
社会人だろ連絡くらいしろw,1
今日ブスだなぁ,2
かえろうかな,3
あしたもお仕事かぁ テレワークになれちゃうと出社日つらみだでもテレワーク多いとお仕事溜まるしなんだかなぁ?,2
とりあえずWi-Fi変えたい,3
とりあえずお腹痛い,2
お昼休みはお仕事したくないのに,2
ちゅらい,2
20分しかお昼休憩ないじゃん,2
つかれたあ,2
ねむいなあ,2
テレテレワーク,0
上記がコンビニ行ってるって言ってたから大丈夫だよね,3
こんびにうーばーしてほちい,3
かみなりおわたの？,3
唾吐き禁止の貼り紙見ると人間も動物なのかもしれないってなる,0
おなかいたい,2
かえりたいよう,2
ねようとは思ってる,3
でも寝るのもったいない,3
流石に寝すぎだと生活リズムおわる,2
朝起きるとだいたいおなかいたい,2
iPhoneの充電の減りが早くなっちゃったからそろそろバッテリー変えたい その前にバキバキな画面直せw,3
やる気でねん,2
コロナでボーナス期待できるのは今年の夏まで。冬は壊滅的。,2
むりになってきた,2
考えてくれ?,2
はーあ,2
ぴえん,2
相変わらず仕事は進まないよ,2
頭もぼーってするよ,2
休みっておわるの早いなぁ,2
でもある程度仕事はしたい,3
とりあえず仕事はしたくない,2
コーラのみたい,3
悲しい,2
明日は出社やだー,2
QUOカードうれちい,0
部門間の繋がりをしっかりしてくれれば生産性あがるのにな...,2
一つの部門を万屋みたいにするのやめようよ,2
お出かけ(遠出)ちたい,3
ゲームセンターいきたい,3
それも言い訳なんだよな,0
自分をコントロールできないカス...,2
ぴえん,2
なにがしたいわけでもないけど用事がある日にただ気ままにサボりたい,3
学校よくサボってたけど大好きだったし学校をサボる行為も同じくらい好きだったな,0
カップ麺で満たされるのは胃だけということに気づかされた夜,2
やばいやばい,2
チョミント味の ブラックサンダーアイスは...んーって感じ,2
セブンの焼き鳥おいちい てか、コンビニの焼き鳥ってだいたいうまい,0
お風呂入ってお仕事して寝る,3
1年もはやい,0
モチベーションがない,2
天気がいいのからお仕事してる場合じゃないかもしれない,0
睡眠たりないけど元気,0
今日は早く帰れるかな(残業フラグ),3
仕事の日々,2
おやすみ,0
おはよ,0
話長いお,0
帰りたーい帰りたーい?,2
喉渇いた,0
かえりたいのにね,2
窓,0
お腹すいた...,2
おなかすいたーーーーー,2
I日が終わるのはやすぎる...,2
今日は外食,3
って野菜を知った,0
頑張ってねないと,3
チコリータ...,0
はよねろ,2
とりまコーヒー,3
残業減らす取り組み,3
優しさ,0
いつも車の中で食べてるから,0
甘え,0
おにぎり２つ,0
お昼のお時間,3
とパン,0
あと9分,0
お腹いっぱい,0
給料も満足してて,0
自分のやりたい仕事で稼げてる人ってどのくらいいるのかな,3
嫌な世の中だ,2
もぉ帰ろう,3
帰ろう,3
最近パスタ多い気がする,0
明日のお昼ご飯買ってないや,2
じゃあいも,0
コカイン中毒,0
ユーフーキャッチャーしたい,3
今日終われば休み今日終われば休み,3
今年はまだ全然有給使ってないからテレワーク終わったら使いまくろう,3
7/Eまでは有給使う暇ないな,2
そういえば阿部さんのマスク届いた,0
午前中だめだ体が寝てる,2
はやく今日終わらないかな...,2
やべぇ,2
しょぼん,2
ふぃえ,2
ぱぁ,2
なにがたべたいのかいつも謎,2
135日出勤のうちテレワーク30日,3
これは2ヶ月ぶりだ,3
おかず噛むご飯噛む噛む飲む。じゃないんだ,0
起床,0
からだいてぇ,2
つまんないは幸せの言い換えだね,3
ここはだめだわ,2
お金無駄遣いなおしたい,2
休みくらい外食ゆるちて,2
自炊してると真面目になれる気がするから多分いろいろお得だと思う,3
仕事も寝不足でダメダメ,2
お財布とかバッグの中身を整理すると謎のやってやった感があってすき,0
セックスも人生も正しさよりリズム,3
アカウントまちがえたけどいいかな消してもらってかまいません,0
常に文化祭前夜の教室みたいな気分でいたい,3
新聞配達の音,0
なんか言葉選びがいちいちポエマーっぽいんだよなあ,0
記憶って探そうとするとなにを探していたのかを忘れちゃうの悲しい,2
いちごたべたい,3
はぁ,2
わたしが人間から甘やかされるの厳しくしても無駄そうな感じがすごいんだろうな,0
どれが悪いの？,0
何かがばーばーになってる現象,0
うぜぇな,0
はぁ?,0
はぁー、はぁっ,2
おいしかったな?,0
プラスに持っていきたい,3
今日もマイナスだったなぁ,2
今週も頑張る,3
んーまだねむい,2
無駄足になるじゃん,1
少し待てば無料配信される曲に課金したり美味しくもない動物園のホットドックをたべたりしてみるの,3
自分の頭の中を考えるのが趣味なくらいには自分のことがすき,0
考えなければいいのではって思うけど気づいたら考えてるの恋かな自己愛の塊,0
おなかいだい,2
いつもより早起きするとばーばー,2
ねむねむ,0
まだ脳が起きてない,2
最近は片栗粉にハマってる,0
今日は何つくろうかな?,3
フレックスは朝しか使えないので実質意味がない,2
今日こそって思ってる日ですらむり,2
新人の肩書きがほしい,3
きたくする！！！！,3
ひ?,0
だれか花火うちあげてくれない？,3
ぴえん,2
くやしすぅ,2
設定が謎い,0
とりあえず夜更かし,3
スタバって飲み物をあの値段で妥当だと国民に思わせてるのほんとすごい,0
食べ物の無限の可能性,3
へんなとこで寝て体がいたい,2
やばい40分寝坊,2
お腹すいたけど動きたくない,2
ゆーゆーゆーゆー憂鬱々,2
そんな行動力ももはやない,2
はーからだがおもたい,2
遊びいきたい,3
会社に行くことって健康なのかも,0
したくなーい！,2
気付いたらだらけてる...,0
するけどさ,2
人生で1番適当なフレンチトーストつくった,0
あたまがいてえ！かち割れそう！,2
なんだか気分がわるいなあ,2
芝生の上でピンク色の空をただ眺めている日がほしい,3
おなじことやるのちゅらい,2
ちゅらいってなに！かわいこぶってんじゃねえ！,1
ハンドミキサー？,3
人生の次のステージに進むための活動が嫌いなんとなく生きてなにも残さず死にたい,2
ほんとはしにたくないんだけどね,2
滑り込みだなこれ,3
あたまいたい,0
むり,2
まじしっかりしろよ...,3
困ったわまじ,2
おなかいたい,2
白目が頭から離れない,2
今日は頭が回らないよ,2
体調...,2
宝くじかうしかないな,3
はぁ、生活習慣おわり,0
１週間に3日なら仕事いける,3
まだ日曜あるのに,2
休みは休むものなのになんで休めないんだろう,2
無理だ,2
お金稼がなきゃ,3
はぁ?,2
奨学金ある人はさらに数万円,2
都心だったら家賃光熱費で半分は飛ぶ,0
社会人合ってない,2
だれか不動産くれません？,3
青汁さんのも当たらないし,2
まじでくそ,1
ものつくりたくないよね,0
ものづくりのやりがいって最初はあったけど,0
税金なくそ,0
あいーにでーきることーはまーだあーるかーい,2
ぼくーにでーきることーはまーだあーるかーい,2
はーん,2
むりー,2
終わらないよ終わらない,2
ひえーーー,0
明日でいったん終わりにするぞ,3
クズだぁ,2
ころちゃんはやくおさまれよ?,2
って使ってみた,0
はー１週間がはじまるゆりむりむり,2
ぴぇん,2
いまは萎えモード,2
はやく金曜の夜にならないかな,3
コーヒー飲まなきゃ寝ちゃうからね,0
こまったもんだ,0
今日完成させねば,3
ふつーになえる,2
やっぱり日曜の夜はやだな,2
んー今日は２時にねれるかな,3
仕事の事考えないで仕事しよう,3
寝る以外仕事してます基本,2
口内炎まじ無理,2
いじめだよな,2
ショコラBBきかねーし,2
なんなんかな,2
はー,2
お金持ちになるぞ?,3
不労所得をゲットするぞ?,3
明日わ...出社や,2
どーしてこんなに仕事に行きたくないんだろ,2
尊敬するわ,2
お仕事したくい,2
お仕事したくないしたくない,2
手取り15マンでいいから仕事行きたくない,2
どーすりゃいいんだ,2
頭が動かない,2
お昼なに食べよっかな,3
らくしてぇ,3
あと1時間半くらいー,2
ほえー,2
ぴえーん,2
流行りのYouTuberか？？？,3
くらい,2
萎える,2
今日はご飯作る元気なかったのでコンビニです許してください,2
でも高いね,2
ねーよ,2
やばい早くねなきゃ,0
午後もお仕事がんばるかぁ,3
休憩少なくね,2
ブラック別に好きじゃないけど寝ないために買うっていう,2
寝坊しちゃた,0
はー,2
もうやだなぁ,2
なえたぁ,2
はー,2
はぁ,2
今日頑張ればやすみ,3
早起きほんと苦手だ,2
体力低下かな,2
おしごとおわりー,0
だめだこりゃ,2
楽してる,0
今日もコンビニ飯,2
はーーーん,2
おなかいたい,2
サラリーマンはボーナスのために仕事してるようなもんだな,3
ボーナスまだかな?,3
しかも老後2000万必要なんでしょ？,2
何のためにお金稼いでるんだ,2
別に働いてても欲しいもの買えるわけでもないってゆうね,2
いろんなもの失ってるんだろうな,2
とてもじゃないけど平均年収400万で2000万貯金ってきつすぎ,0
毎日セブンのパン二つが昼飯,2
すごいなぁーサラリーマン,0
休み増やそうよ,3
うちの会社もあマイクロソフト見習お！,3
週4日勤務にしよ！,3
コンビニで夕飯済ませちゃう日々,2
これはコスパ良いな,0
まだおわってないけど,2
がんばるかぁ,3
今月からスタート,3
年間いくら貯められるかチャレンジ,3
子供1人に1500万くらいだとすると、2人なら3000万あと老後2000万,2
つまり5000万の余裕がないと行けないわけか,2
40年生で7200万,2
つまり大卒の人が子供2人産んだ場合、夫の年収だけだと車は軽・家は小さめ、娯楽は無しという結論だな,2
ググったら3億必要らしい！,0
てことは生涯年収4億弱くらいないとだめなのか,0
無常,2
いまどうしてる？,3
なんかむかつく,1
毎回思う,1
今日はなにしよっかなー,3
時間がもったいない,2
土日をせいする,3
対戦ゲームは本当に楽しい,0
つおいぞぉ,0
てへ,0
はーやらなきゃなぁ,2
やばいちょーかてる,0
ゲームしてる暇は実はない,2
神様,3
洗濯回してる間だけ許してください...,3
仕事する場所まで決められるのやだね,2
いまのは...,2
ボタン効かなかったんだけどw,2
洗濯おわった...,2
2連敗,2
あれれ,2
困ったなぁ,2
洗濯おわったのに続きてちゃうやーつ,2
まぁ初心者たまねさっきの,0
そろそろ洗濯すべか,3
そんなわけw,3
やるか,3
チップスターーしかたべてないし,2
やべーー,2
萎えみがすごい,2
日曜のよるなぁ,2
でも水曜終わってもやっと半分かぁってなる,2
まだ１週間の半分おわってないのかーってなる,2
土日祝休みでこんなに大変なんだから,2
心配になるね,0
YouTubeで残業200時間した月の給与公開とかやってるけどほんと怖い,0
私は根が腐ってるからたぶん甘々なとこじゃないと仕事できない,0
休日出勤とかしたことないんだけどまだ,0
働き方改革の闇,2
怖いわ,2
今の良し悪しをちゃんと考えよ,3
ねむすぎる,0
好きな状態のまま亡くなってしまった人は一生好きでいる自信がある 死は不変,3
ぴえん,2
なにしてたんだろうね社会人になるまで,1
まったく,1
高校でも大学でも最低限そのくらい勉強してほしい...,1
人のことなにも考えないで話すビジネスマンってほんとイライラするよね,1
話すたびに不快になるってある意味すごい,1
そんな人なかなかいないと思う,1
やめてくれ...,1
そゆひとにだけはならないようにしよ,3
ほんとむり,0
頑張るぞ,3
今日は出社予定じゃなかったんだけどな?,2
なえたーーーー！！！,2
まぁいいんだけど,0
動物に触れたい気分,3
とりあえず帰りたい気分,3
仕事が増えてゆく?w,2
ただいま,0
ピンチヒッターじやねーんだから,1
やべぇやらかした,2
気をつけよう,3
だめだなぁ,2
だらけてしまう,2
節約できた,0
もったいなぁ,2
今日はだらけちゃったなぁ,2
明日明後日明々後日はちゃんとしよ,3
やべー寝坊かな,0
あ、でもあれやんなきゃだ,0
ちょっと流石にやる気出ない,2
ふざけんなーーー,1
帰っちゃおっかなぁ,0
やるきー,2
残業きびしーなー,2
最近忙しいなぁ,2
絶対おかしい,1
歩いてるだけで1000万以上もらってる人見るとなんか嫌になるなぁ,2
やばい,0
いそげ?,3
ほんとに死ぬでこれ,0
やばいやばい,0
風呂入らなきゃ,0
結構きつめろ,2
再来週はお偉いさんの会議だし,2
来週は会議ばっかりだ,2
ピンチヒッターじゃねーっつうの,1
まだ若手なんですけどぉぉぉ？？？,1
月10時間以内って言われて,2
そりゃむりでしょ！！！,1
それで仕事回せるならみんなしないでしょ！残業！,1
仕事増えてるのに残業するなってどゆこと！！！,1
ったく,1
なめやがって,1
不可能は不可能なんだよ,1
不可能を可能にするとかそーゆーの無いからね？,1
頑張んなきゃ,3
明日も起きないと,3
最近平日すら起きれない,2
毎日フレックスやろーになってる,0
とりあえず風呂？,0
寝るか作業かするか迷うなぁ,0
寝る,0
眠く無かったら作業する,3
コーラの日々,0
大阪の中小企業で採用担当やってます。現在大学3年生までの人でいろいろ話聞かせてくれる人いませんか。今の大学生がどういうこと考えてるのか知りたいと思ってます。カフェ代くらいは出します。,3
一生懸命頑張っている姿は魅力的に映る。うまくしゃべったり、うまくまとめたりできる人もいるけど、正直それがそのまま仕事で通用するとは思ってない。現時点での実力よりも5年後10年後にどこまで伸びるかを見ている。,3
去年から新卒採用始めて思うことグループディスカッションでほとんどしゃべらない人がいるのが残念。選考は一発勝負なので、苦手だとしても、分からないとしても最大限努力する姿を見せて欲しい。,2
残業時間増えると生産性下がるからあんまり意味ないんだけどなぁ。早く帰って、しっかり寝て、楽しく仕事するという会社が今の日本には少ない。古い考えの経営者、上司が原因の多くだと思う。,2
去年から新卒採用始めて思うこと学生たちは、売り手市場だからといって、現実を甘く見ていない。ブラック企業に敏感だったり、時代の変化の中で生き残れる会社なのかどうか冷静に見てる。内定を一つ二つもらったからといって、気が抜けてすぐに就活をやめてしまうということはない。,3
コロナで仕事があまり進まないけど、今のうちに普段できないことを片付けられる！,3
緊急事態宣言延長か。。倒産する会社が増えそう,2
失業者が増えると、自殺や犯罪が、増えるから嫌だなぁ。ものすごい不況になりそう,2
仕事で宅建の資格が必要になってきた。今なら勉強するのに最適な時だ！,3
3歳の子がテープで遊んでる内に、自分の口と鼻にテープ貼って苦しいってなってた,0
子供と公園行こうと思って出かけたら雨降ってきた。結局家の前でダンゴムシ探して9匹捕まえた。,2
鯉のぼり、かぶと作った。#子どもの日,0
仕事で新規案件の話が複数入ってきた経済が動き出してきた。,3
コロナも注意しないといけないけど、安全だけを考えていては失業・犯罪など別の問題が起こるから様々な面で考えていかないといけない。,3
和歌山に一軒家土地付きを買った。30万円。これからは地方で自然の中でゆっくり過ごしたいと思う人がたくさん出てくるはず。,3
小学校が週１で再開するらしい。公立の学校はオンラインとかはやっぱり難しいのかな。集まってやる授業も必要やけど、オンラインも併用してうまくやってほしい。,3
飲食店だいぶ再開してるとこ多いけど、座れる席数をだいぶ減らしてる。3密はみんな気にするからなぁ。ただでさえあまり利益の出ない飲食業界で売上下がるからだいぶきついやろうなぁ。,2
バレーはできないが、ランニングしたりして以前より運動量増えてるかも,3
融資とか助成金とかいっぱいあって資料もややこしい。。,2
今の大学4年生は就活どうしてるんやろ？オンライン説明会とかオンライン面接とかやってるんかな？,3
ベーシックインカムの話よく聞くけど、実現したらめっちゃいいと思う。楽に暮らせるというのもあるけど、起業とかやりたいことにもっと挑戦できると思う。,3
ベーシックインカムが実現すると会社で通用する人材にするための教育じゃなくていいので、学校教育も大きく変わるんじゃないかな。もっと人間らしい、面白い教育が出来そう。そういう教育やってみたい。,3
ツイッターってニュースより正確な情報が早く入ってくる。メディアも変わらないと捨てられるだろうな。,0
学校9月入学の件、どうなるんやろ。小学生の子どもがいるから気になる。,0
韓国のクラブで集団感染って。。なんでそんなリスクの高いことを許容したんや。。,2
夏海に行くのはコロナのリスクあるんだろうか？密閉になりようがないし、他人とそんなに近くで泳がないし、人が多くても広いし。,0
コロナで株価思いっきり下がるかなと思ったけど、あんまり下がらんな。。下がってから買おうと思ってたのに。,2
毎週月曜夜は家族会議の日。子どもたちを寝かせてからいろいろ話しながら、おいしいものを食べる。,3
前より動画で情報を仕入れることが多くなった。無料でもかなり良質なものがたくさんある。,0
インバウンドも当面きついから、インバウンドに頼っていた業種も今のままじゃダメだろうな。,2
宅配って結局最後は人の手で配るから間違えることもありそう。高価なものだったりしたら、結構面倒なことになりそう。,0
コロナが続くと服買うの困るなぁ。ネットでも買えるけど、実物を色々見ながら気に入ったものを買ってたので、どうしようかな。,2
今まで普通と思ってたものをコロナを通していろいろ見直す機会になるなぁ。,3
昨日子どもと公園行った。雨９０％だったので、雨降ったら帰るよって言ってたのに、ずっと降らなくてなかなか帰れなかった。,2
コロナのためトイレ利用禁止になってたコンビニは、元々あまりトイレ開放するのが嫌だったのかなトイレ利用だけで何も買わないこともあるからなぁ,2
コロナの流れでコンビニがトイレ閉めたら困ること多いな。公園にもトイレあるけど、汚いことが多い。行政が掃除してくれてはいるんだろうけど、外で利用者も多いのですぐ汚れるので、子どもは嫌がる。,2
コロナがどのくらい終息したらバレーできるかな？室内やし、だいぶ先かな,3
今の時期、学校の宿題や勉強ってどれくらいやらせたらいいんか悩む。今自由な時間がたくさんあるから、外で遊んだり普段できないことをたくさんやらせたいとも思う。,3
微分方程式にせよ電場にせよ聞かれたら教えてやれそうなことは多いけど、自分のことが手一杯であまりそれどころじゃないw,2
6月臨海取れなかったらしくてなみだ,2
まぁどうせ予想は色々狂う,3
個人部練、指導側の圧倒的人手不足感,2
23人分の12回生と日程調整するの難しすぎる、日程調整を自動化してぇ,3
飛行機30分おくれとる,2
初めて観たジブリ映画がこの名作だったから思い入れが強いんよな,0
今日の西宮、人多ない？日曜ってこうやったっけ,0
2級受け直しとかマジかよ,2
主務LINEと23回生LINE、両方ボーヤンなので間違えたw,0
あーデッキ持ってる人誰やっけ、デッキは要らんけど、滑走順ボードだけ欲しい,3
ああー、会計処理は間違っちゃいかんわぁ・・・ミス・・・,2
そして大量に500円玉が必要になった・・・,2
DS Lite でもいけるんかな（どこにあったっけ）,3
Twitterって字数制限のある1つのツイートにまとめるものだし、それだけで出回るなんて常なので、1つのツイートだけで判断するなって言う方が無理だと思うけどなぁそれだけを見ても誤解ない書き方が求められるんじゃないの,3
日本語が下手なのはほっといたれよwって感じだけど、誤解されてるなって思ったら反抗するんじゃなくて、丁寧に弁論したらいいと思うな「それは誤解で、インカレのことはこう見てて、ここに書いてるんで是非読んでください！」みたいな感じに書いた方が記事見てくれるファン増えるかもしれないじゃん,3
今日は無念も沢山見た、悔しいなぁ,2
（僕にとっては、西宮やめてまでアクア行く理由はなかなかないんよなぁ）,2
中央改札口にサーモンいくら丼が千円で売ってたから思わず買っちゃった、美味しい,0
ダンス出れる人は出れない人の分まで頑張ってほしい,3
もう一度、馴鹿角つける予感,3
6ステップ色々やるのおもろかったけど、むずい今日は順だけでしたので、逆は自主練で補ってください,3
携帯とパソコンじゃ作業効率が全然ちゃう,2
新しいスケート靴を検討してるのですが、オススメありますか？ブレードも変えるべき？？各メーカーの特徴知らなさ過ぎる,3
全日のインスタ見るたびに羨ましくて、、、行きたいんやが、、、8月までに…！ってのやりたいんやが、、、,3
明日の学生貸切、めちゃ少ないやん、行けば良かったかな,2
感動した笑、感謝感謝,0
時間足りなくなってきたので、効率上げていこ,3
「大政プール」,0
テストでもないのに今週の睡眠時間、日4:55→月3:12→火5:26→水6:04 で、通常7時間くらいなので流石にやばい気がしてきた笑,2
回り方、全然わからなくなった、しょんぼり,2
頑張れ自分,3
明日、POTぶり、新採点では八大学ぶりじゃん、頑張ろ,3
終電で寝過ごすところやった危ねえ,0
Yahoo! は大阪がメインオフィスじゃなかったっけ（1回見学行ったけど忘れた）,3
家に居る方が怪我するんだけど何故…,2
大阪のユニバースが脱税してたみたい。お金稼ぐなら、税の勉強は必須。結果的に損することになる。,3
東京オリンピックのチケット当たったけど、いざ行くとなるとめんどくさい。サッカー札幌ドームだし。東京オリンピックなのに。,0
男は眼中にない女が、その後本命になることは絶対にない。逆に女は気にも留めてなかった男がふとした出来事から、好きになることがある。,3
子育ては期間限定。やってもやらなくても終わりは来る！後悔しないようにやり抜く！,3
コロナが怖いのでどこにも行けない。三連休なのに…明日どうしようかなぁ。,2
＼早起きは三文の徳／夜より朝活動したほうが、断然頭の回転が速い。一日1時間早起きを毎日続けていれば、1年後にはすごい時間数に。ライバルとの差をつけるためには、早起きは必須だね。,3
人間は物事を否定的に考えるとき、周りの環境のせいにしたがるけど、結局は自分次第。やるかやらないか。「自分にはその能力がない」「時間がない」と言い訳に頼ることなく、できる方法を自問自答することで物事は前に進む。,3
ディズニーの何が嫌って、並ぶのが嫌だわ。。て思ってたけど、7万くらいプラスすれば、並ばず乗れるらしい。やっぱ世の中金なのよね。,0
私は満員電車に子供連れて乗るなって思う派だわ。乗らなくて済むように、お金を稼ぐ。,3
キャバで単発で稼ぐことより継続して稼ぎ続けることのほうが難しい。上を見れば、果てしないし。努力しようと思えば、いくらでも努力する方法がある。どこかで優先順位が狂わないように…私の最優先は子供と幸せになること！！,3
映画ドラえもんが延期になったらしい。子供が楽しみにしてたけど、まぁしかたない。,2
自分が嫌いな仕事をしていると絶対に幸せにならない。私は今の仕事が嫌いだから20代のうちに必ず辞める。そのために今は鬼のように努力することに決めてる。好きなことだけして生きていくのが理想だけど、かなり難しい。嫌いなことを避けて生活するだけで人生は幸せに近づくはず。,3
タバコ吸ってるやつ全員死んでほしい,1
＼水商売を始めようとしている女性へのアドバイス／●スカウトは使わないほうが絶対良い●彼（彼女）らは自分の利益のことしか考えていない。Twitterやインスタでお店を探したほうが、自分にあった良い店が見つかります。これだけSNSが活用されている時代。SNSを最大限利用しよう！,3
頭が働かないときは適度な運動が効果的。私のベストはジョギングなんだけど、子供がいるから今は無理。子供の手がかからなくなったら、フルマラソンに出たい。,3
キャバで胸触ってくるやつは死んでほしいけど、髪の毛触ってくるやつも死んでほしい。なんなら、客全員死んでほしい。金だけ置いて死んでくれ。,1
何でおっさんて同じ話何回もするんだろ。その話何回も聞いたわっ。って心の中でつぶやく。。,1
葉加瀬太郎おすすめの六本木の某ラーメン。私の口には合わなかったわ。愛想も悪いし、もう行かないかな。,1
東京のコンビニ店員のほとんどが外国人。悪いけど、外人に偏見があるので、辞めてほしい。せめて日本語通じるやつを置いてくれ。,1
楽天証券口座がようやく開設。なかなか開設できなかったから、イライラしたけど、今の相場を見れば、このタイミングで良かったよ。楽天ありがとね。,0
ライブって若者が行くものだと思ってたわ。40代や50代がライブ行くんだ。どんなライブなんだろう。,0
コロナ撒き散らかしたおっさん死んだって。死んだら終わりだね。死なないようにしよう。,2
退職代行って、キャバ嬢も使えるんだろうか。,3
オリンピックって何のためにやるんだろ。少なくとも延期にすれば良いのに。頭硬すぎるでしょ。,1
コロナの影響で経済は死んでるけど、私がやるべきことは変わらない。日々努力あるのみ。,3
詐欺じゃん。,2
水商売は税金を払ってない人が実際多いです。（私はちゃんと払ってます）,0
全員死んでください,1
子供とずっと一緒にいたら、太る。子供が残したもの食べるから。,2
キャバ嬢での収入はほとんど0に近いです。でもやっぱり子供や自分の命が大事なので、しばらく働くの辞めます。,2
図書館を良く利用するんだけど、めちゃ便利。子供の絵本を毎週10冊くらい借りるし、私が読みたい本も借りる。私の場合、買った本だといつでも読めると思ってしまって読まずに放置が多かった。図書館の本だと期限があるので、放置がなくなった。そして何より嬉しいのが、／無料なんです！！＼,0
4月中にpaypayを使えば、ガストが20％還元！！けど、コロナが怖くて、行けないや。お金より命が大事！！！,0
とりあえず4月は仕事をしないことにしたので、勉強の時間に充てます。大人になってから、勉強の大事さに気づく（遅い）。,3
とびっきりの美人より、そこそこ可愛い子のほうがモテるよね。なぜだと思う？男から見たら、すぐ手が届きそうだからだよね。すると、そこそこの女はモテると勘違いするから、クズ率が非常に高い。,0
東京のラーメンランキングほど信用ならないものない。食べログで評価良くても、店の前に大行列ができていても、いざ食べてみると「これじゃない」感があることが多い。東京だと立地が良ければ嫌でも人が集まるんだろうなって。だれか本当においしいラーメン屋さん教えてください。,3
自分が嫌いな仕事をしていると絶対に幸せにならない。私は今の仕事が嫌いだから20代のうちに必ず辞める。そのために今は鬼のように努力することに決めてる。好きなことだけして生きていくのが理想だけど、かなり難しい。嫌いなことを避けて生活するだけで人生は幸せに近づくはず。,3
電動自転車が便利すぎる。子供2人乗せても坂道もラクラク。手放せないなコリャ。今の時代に生まれて良かったよ。,0
年齢重ねるごとに生理がきつくなってる気がする。なんだろ。これ。生理いらないわー。ピル試してみようかな。,2
薬局に行ったら、おばちゃんが、「マスクが広告に出ていたから来たのに、店に置いていないってどういうこと！」とぶちキレていた。その場でその薬局の本社に抗議の電話したところ、今度の土曜日に取り置きしてもらえるらしい。このご時世にマスクを広告に載せる薬局が悪いわな。正当な抗議はすべし,1
私のストレス発散方法は寝ること。仕事でどんな嫌なことがあっても寝たら大概のことは忘れる。だから、嫌なことがあれば「すぐに忘れたい！」という思いから、眠気が半端なくなる。,3
なんでもないようなことが幸せだったと思う～♪ ほんまそれな。,2
東京のコンビニ店員のほとんどが外国人。せめて日本語通じるやつを置いてくれ。コロナもあるし、余計な会話したくないのよ。,1
テレワークで成り立つ仕事なら、これからもテレワークで良くね？,3
小池知事のマスクが毎日カラフル。,0
客から、オンライン飲み会しようというお誘いのLINEが来てたけど、もちろん無視しました。お金が発生しない飲みなど、私には無意味。,0
出前取っても、調理してる人がコロナだったら意味なくね？,0
私は給料が入ってきても自動で貯金するようにしています。手元にあると使ってしまうもんね。「自動化」することがお金を貯めるコツ。,3
去年の今頃はどんな元号になるか、楽しみだったなぁ。GWも10連休だったし。,2
『テロリストのパラソル』/藤原伊織の131pが特別ぐっとくるものだから、もう他はどうでもいい気もする   し、隣のおばさんのコートがモコモコすぎてこちらに侵食してくるのは気になる。もうちょっと圧縮してほしい。,0
大人になってから、集団生活時の避難訓練の重要性を知る。,0
1位以外はビリ同然。,2
超絶機嫌が悪くプンスカしているので、節分で残った豆食べて、セルフ鬼退治。,1
住宅不動産を扱う人は、建築の知識・不動産の知識は豊富に越したことはないけれど、それより何より家族が好きじゃないとダメだと思うんだ。家族を思いやれる、ヒトを考えられる人じゃなきゃダメだよ絶対。,0
ムスメは、眠りながら口をもごもご動かしてまるで授乳中の夢を見ているようだった。私は、眠りながらタンドリーチキンを食べてる夢を見てて、ハッと目が覚めたら旦那さんの腕を食べていた…。笑,0
急に死んだふりしてパタリって床に寝転んだら、ムスメがハイハイで勢いよくこちらに来て、私に乗りかかってきた。「え、もしかして、泣いてくれるの(;_;)？」って思ったらゲヘヘヘヘへって大爆笑！大爆笑！大爆笑！な、ん、で…。泣,2
今日歯医者さんで、「人間の感じる痛みの1位は出産・2位は神経を抜くこと。今からやるのは2位だから、1位を経験してるなら大丈夫。」って言われた後、麻酔打ったら、ショック状態になり倒れた私。注射に対して弱すぎる。笑    初めて歯医者さんの診察椅子の上でチョコレート食べた。美味しかった。,2
最近「フリーランスって？」「ライターで稼ぐって？」「専業主婦のお小遣い稼ぎになる？」みたいなことを聞かれる機会が増えてきたので、あえて言っておこうと思う！経験上のメリット・デメリットは勿論お伝えするけど、会社員として普通に働いていた方が幸せな人もいます！！！結論:試すの大事,3
最近ムスメが抱っこしてほしい時に、「抱いて？」って言うのを本当どうにかしたい…。どこで覚えたの…？  (1歳2カ月),2
お気に入りで長いこと愛用してきたペンを、洗濯機で回しちゃってからというもの、インクの漏れがえらいことになってる。悲しみに打ちひしがれてる。もう今日お仕事したくない(´・ω・｀),2
口当たりはただただ炭酸なのに、終わりあたりで少しフワフワするようになってしまった。え？私こんなので酔うようになっちゃったの？えー、なんかやだ。,2
負けた気がしてモヤモヤ。直球勝負こわ。笑,2
今日も今日とてポンコツ脳。ピンポン鳴って、安定の宗教勧誘。「イエス・キリスト様がー」って始まったから、「チラシならポストに入れておいでください」って言おうとしたら、「イエス・キリスト様をポストに入れておいてください」って言ってもうた(ﾟωﾟ)勧誘の人、ビビってた…！,2
髪の長さ あと3倍くらい欲しいのに、夏になるとつい切っちゃうのやめたい?_?,2
最近になってムスメが、ピカピカブーとカラダダダンダン・ベルが鳴るを踊るようになった。踊れてるけど踊れてないっていうのも可愛いんだけど、ベルが鳴るで必ず真似するのがトンネルを作るところ(=´∀｀)人(´∀｀=)「ママ、手って！」って言われる(*´ー｀*),0
今週まだ1度もムスメとお外へ行っていない…。寒いし良いよね…(ごめんなさい),2
1人時間が欲しすぎて、ストレスで爆発しそう。どうして夫ばかり自由に飲みに行けて、帰り道に寄り道できるのーーー。はぁーーーー。,2
ムスメなりのイヤイヤ表現なんだろうけど、「○◯ちゃんは、いーの！」と独裁政治を開始しはじめた…。,2
年明け新発売で欲しいと思っていた新作鞄。発表になったと思ったら、27万(´°????????ω°????????｀)手がでネェェェ！！,2
昨夜、話始めから義父が拗ねて「だったらもう行かないから！」みたいな雰囲気で話にならなかったらしい。義母はまだ話せたらしいけど、夫はめげずにこちらが思ってることは全て伝えてくれた様子。義両親は寝付けなかったのか、夜中まで掃除してる音が。(私は胃痛でなかなか眠れず),2
胃が痛い(2回目),2
昨日の検診で血糖値・体重増加ともにひっかかり、例の炭酸飲む検査を次回やることになった。しっかり伏線回収したみたいな形になってもーた(ﾟωﾟ)(ﾟωﾟ),2
大好きで大切でいろーんな思い出が詰まった場所が、あと数時間で閉まっちゃう。場所がなくなるってやっぱり寂しいなぁ。,2
学生時代の友人が結婚式をすることを夫に伝えたら、「きゃー！ぜひ参列してきてね、子供達の面倒は私が見ます！」と心強すぎる返信が秒できて感涙。第二子生まれる前から、立派に2児パパの心持ちな嬉しい…！！2歳半と3ヵ月児をワンオペするの私でも不安しかないのに…。夫絶対不安だろうに…！！！,0
今日も今日とて、寝かしつけでムスメより先に寝てしまっていたんだけど、起きたらムスメが腕枕してくれてた。笑　ちゃんと首の下の、痛くならない隙間に手が入ってたw,0
超絶前倒しして、今月納品予定の仕事をすべて仮納品することに成功！NGくらったりしなきゃ、これでどうにかなるはず…！！！(フリーのWEBライターです),3
東出さんの会見、どちらが好きかの質問に対する彼の答えは、沈黙も含めてえぐい回答だったけれど、ある意味「これが答えなんだよな」ってしっくりきた。変に濁すよりも分かりやすかった。,0
もう意味わからんから吐き出す。いま私里帰り中で、夫からとご近所さんからの話のみでしか情報を得られないんだけどさ。どうやら我が家の庭の人工芝の一部が盗まれたらしい。この時点で「は？」ってなるじゃん？人工芝を自分たちで敷き込んだときに、雨水枡とかの蓋の上にあたる部分の芝を(続く),1
「子どもたちも長すぎる春休みにストレスが溜まってるんだろうね」ってことだったけど、ストレス溜まったら人の敷地入っていいの？たとえ狭い範囲でも芝盗んでいいの？違うよね？盗られたものも小さいし、すぐ警察に連絡するつもりはないけれど、これ以上何か続くなら警察に連絡しようと思う。(続く),1
夫の会社、「原則 残業禁止」「全員にマスク5枚配布」でコロナ対応終了…。「みんなが止まる今こそ開発しようぜ！！」らしい。アホか。今までも会社に対して「え？」ってなること多々あったけど、今回の対応は酷すぎて「辞めて欲しい…」って思わず口にしてしまったYO！！,1
里帰り終わりー！我が家へ戻って来た！2児育児ワンオペがんばるぞ?( ? )?,3
ムスメの食事介助がストレスでしかない。自分で食べようとしない・野菜、果物、海藻全般食べない・口に入れても吐き出す　はい、無理（＾◇＾）その割に好きなものは際限なく食べようとする。あぁ?しんどい?！！,2
やっと悪露が終わったかな？と思い、ナプキンを外した2日後に生理に見舞われてるんだけど何コレ？閉経したい…。,2
2歳児ってどこまで怒っていいの？毎食怒ってる気がする…、今日はついに1口目以降1時間以上食べ進まぬ(口の中に保有したまま)娘に「もう食べなくていい！」と夫がキレた。娘はケロっとして今は遊んでる…。お昼ご飯抜きだよ…。,2
約1カ月ぶりに洗濯槽掃除。ぴろぴろワカメ、ごっそり…！！,0
通っていた鍼灸院が閉店するという大悲報。,2
／緊張が表に出ない人間になりたいです＼,3
ジャンパースカート1つもっていれば、暫くは急な冠婚葬祭系にも困らないかなと思う。きちんと感あるよね、うん。,3
秋冬服難民(自分の),2
竹内結子さんの訃報に対し「子どもが生まれ幸せの絶頂に何故」「残された子どもが可哀想」とか、そうじゃないのよ…ってなってる。子どもがいるのは事実なんだけど、子どもありきでしか彼女を見れなくなってるソレよソレ。(語彙力) 親ってソレは、結構苦しいのよ。,2
水曜から泊まりに来ていた義理両親がようやく帰っていった…。疲れた…。,0
大山さんのアメリカンドッグ屋さんと楡さんの焼きそばに見える肉じゃが屋さんがああ・・（え？）,2
ココで滝修行してました（白目）,2
血騒のサビ「どどれ みーみっふぁそ そーらっそふぁーみ♪」とレジェンドのサビ「しらし らーそっそら しーそっふぁそーふぁ♪」てもしかして：同じリズム？？汗,0
航さんとさとちさんの名前並んでて俺得,0
どこかの駅で解説のため停止→jog?のサビ前に動き出し向かいの電車の人達がコチラへ手を振る→皆で振り返す→丁度サビに入り「ぴゃあああPVの世界にいるみたいうわああああ！！」とテンション天守閣状態になりステキだったなぁと,0
始まったと同時に社長が客席の階段を降りて行き出演者の登場時の演出みたいでちょっとウケた,0
すべては美味しい珈琲のために（名言）,3
塗装研修→ライブのルーティーン２日目（どちらも２日なのが見事にかぶった）,2
明日のためにTシャツの内側縫ってる‥ワンピっぽく着ようとか思わず最初からSにすれば良かった‥白目‥,2
クルクルくるくる,0
カレー山‥ポップイズデッド‥,0
ＴＬで理解！,0
ふぉーてぃーふぉーまぐなむ‥,0
MC、ジョーさんの車運転ネタだったんだけど（またw）ジョーさんめっちゃ不機嫌そうな顔してた‥ライブして運転してって疲れるし盤車大きいからいつもと車体感覚違うだろうし‥NO免許証組もちょい優しくしたげて,2
と、３車線で真っ直ぐのはずが左折ゾーンに入り遠回りを２回した人が言ってみるテスト（もう車ネタMCでは笑えぬ‥真顔）,0
このお菓子は‥！,3
上条ぽい人いると思たら上条だった,0
能登で思い出しのげっ○ーず氏の占い、他メンバーの恋愛面は書いてるのにジョさんの女を見る目が全くなく手近で済ませようとする←しかも当たってるてワロタを何故載せないんだ思ったけど単にファン需要少な（ry,2
ぽっぷいずでっど‥（違）,0
けん玉‥そう言うのもあるのか,0
ストレスによる吹き出物がヤヴァイ‥以前３８歳（当時）のおじさんの吹き出物をからかったことを反省します再来週まで美肌を取り戻さねば‥,2
整形外科どこも平日閉まるの早過ぎ,2
む、もしかしてバイク乗ってオムライス食べに行ってたトコかなぁ？？,3
７年前雨宿りしてた時の伏線が回収された、人生ってすごい,0
昔メンバーも立ちなサイン会の時、身長高い友達がミヤ君に気を使い中腰で握手してた思い出が蘇るinテイストオブカオス,0
南武線は今日もいい色?イエーロ?,0
６は出来る子,3
コミケと共にトレンド入りするペズすごす,0
ぎるがめすの自分達のライブ見ての音声解説？面白すぎてお腹いたいいいいいw,0
ヒイさんニコ生面白かったw,0
世界ふしぎ（略）に小野Dが出てた‥だと？,0
フリーマーケットかな？,3
聴きたい聴きたい聴きたい聴きたい?（床ゴロゴロ）,3
（結局誰作曲かわからんかったがもう会話終わらせちゃったしマイッカ‥）,2
まさかの月9デビュー,0
MALICE MIZERトレンド入りしてるww,0
あ?！えみるか！,0
sugiギターもベースも黒澤楽器？？,0
つまり‥見てます！（見ているとは言っていない）,3
はっ、今日のらいぶ去年行ってたやつですか?,0
やっぱ金沢はどのバンドも宇宙軒なんだ！,0
１曲思い出したあああタイトル認識があああ謎（b mollで）シ↑ラソ ファーミーレーラッ ドーレドシ、シドレー ドレミー レミミーファー,0
エリックベネイ聴いておやすみなさい,0
オムライスならまかせろー,0
レキシネームもあるのか?ほっぺた犯科帳w,0
そいる社長サンドホーン隊（爆,0
JAWさんのMVあるんだわいわい,0
銀歯とれたから次白いのにしようと歯医者行ったけどセラミックとハイブリッドの値段差が２万で結局決めれず帰ってきたどっちが良いんだろう,2
歯だけじゃなく他も全く決められない‥何が良いのかわからないどうしよ‥,2
今日発売のじょーちゃん載ってる雑誌さすがに空港内の本屋では見当たらなかった‥,2
NANAって原作どうなったの？？,0
マンダラでこじまさんとやまとさんがイケメンってネタにされてたけど、じょーさんだってイケメンだもんむしろ１番イケメンだもんて内心キレてた（親バカってこんな気持ちなのかな）,1
私は大山さんの反対を押し切って結婚する！結婚するんだああああ（未だ謎のテンションを維持）,3
カリガリとたつろーきた?,0
ムックに対して偉そうってw,0
自分が好きな人の味方をするのは人のサガなんだろうけど‥それにより事実がどうこうより多数派だから正義とされるのはやっぱ切ない‥,2
ラジオ聴いてたら聴いた事ある曲ですぐ大阪で聴いた若いソロの男の子のだ！ってわかった‥個人的に好みの楽曲じゃなかったのに印象に残ってるってどういう事なんだ？？,0
親戚殺し休みライブ来る位だし‥動員少ないとは言え向こうもそれで喜ぶと思うかなぁ,3
かっこつけて出たのに出待ちいないとさみしいw,2
チケ類何もない＋仕事帰りでOPEN過ぎるし云々言ってたけど大竹さん出るなら観たいっ,3
プレミアムフライデーもらった（笑）,0
昨日の帰り直接言えないなら文句言うなそう言う約束だろと言われたけど‥約束が何か未だ全くわからん汗また別の事と勘違か妄想かな汗,2
たーかーやーすー,0
1年以上見てないから今更遡らないけど「複数対1人は卑怯」発言は見たいかも（笑）そう言ったのに自分がしてるのは記憶系があれなのかな‥だと話聞く度答え変えたり意味不明の事言われたりも納得いく,3
そうだ笹塚のお兄さんと再会できた?凄い,0
土曜のrecordingは予定合ってないし別か‥もう1つのこそ俺特CDのでしょと期待,3
ヒイさんがスモーガスと一緒‥だと？,0
藤沢近い,0
ヘドバンしても取れない髪ゴムと筋肉痛用大量湿布をライブに向け準備しなきゃだっ,3
りゅう◯ぇるTLに乗っかりRT,0
１つに固執してるとそれを失うまいと必死さが出るし本当そうだなあと‥解散の時もだったけど本当いろんなバンド好きだと楽しいよね,0
流れでだけど大山さんがJAWさんの事「こうちゃん」って呼んだのモエ?,0
ヤ「社長（大山さん）が云々‥」大「ステージで社長って呼ばない！社長はソイルだけ！」,0
BimBomBamの鶴岡のごはんが気になる?アルケッチャーノ？（鶴岡＝それしか思いつかない）,3
ムックちゃん160曲もある‥また今度しよう（ぺずの178曲で懲りた笑）,0
今の俺の洗濯機 連結部１つが崩壊しただけなのでまだ使える,3
手袋はあああああつける物だよオおおおおおお,0
凄い近視なのかな？ってコメと、ウッドベースの人は帽子忘れたの？ってコメがじわる,0
クリスマス既に楽しい（先輩的な意味で,0
話しかけられた隣のお兄さんがJAWさんと石川さんを「ザ・たっち的な！」（服装がお揃なため）と言ってたのがウケたし懐かしい,0
ライブでお酒飲みつつカップ上げいえ?いてやるのを、お酒じゃなくUNITとかに売ってるおつまみのプリッツだけ食べながらプリッツ上げていえ?いバリボリと最前でしたらステージから見てどうなるんだろ‥と地元の友達と真剣に話したの思い出したいつかやってみたい,3
ペズの時祭りに来てもらって→祭り？？→炎上の会場が354→みこし→祭り‥！,0
ヒイさんゲストとか即完案件,0
トリオのラジオの前のゲスト原監督じゃないすか,0
この前のニコ生も今日のインスタライブもMr.Liarの時２番のサビまでずっとENDER ENDERと勘違いしてた‥（白目,2
電子ピアノこむろひびき?！が最高にツボる,0
13日コレド室町のモントルージャズの無料のにも行きたい為タイテ下しあ,3
節子、場所と時間と車内設備的にソレ新幹線やない、特急や（と鉄オタみたいな事を言う,0
昨日のテナートークのアンコI'll close my eyesだー！聴き覚えあるの大山さんじゃなく道場の子供達の演奏聴いたのだったんだー！,0
同席のご夫婦さんにJAWさんファン歴何年ですかときかれ良く良く考えたら丁度人生の半分で自分でもふぁあああああ！？となった,0
プレイングマネージャー,0
カリガリのハラショー！とフィロソフィーのダンスのダンスファウンダーのＡメロが同じに聴こえるからもう寝よ,2
一昨日ナディアを再び全話見終わった身からするとあり得る気がする,3
スーツくんさんテレビでたの,0
たったん流石すぎる,0
イートとじゃらんは分かったからソロソロ遠出の旅行で試してみたいなぁ,3
パンツマンが仙台に来てた‥だと！？,0
私の青春クリスロード商店街?早く動画みたい！,3
流行りの無限くら寿司予約してしまいました,3
帰ったら観るるる,3
普段健康体過ぎてたまに薬飲むと副作用効きすぎ問題,0
日が沈んできた外寒い爆,2
離れずにそばにいて‥！,3
輸血子さんのプロフの位置前から新宿だっけ？？,0
正直PE’Zは観たい,3
長年見てきてようやく気付いたけど多分作曲よりアレンジ系が得意なのかなぁ故郷のジャズ花笠超カッコ良いし自曲もマッシュアップしてるし‥,3
やっぱフリあって汗かいてTシャツで暴れるライブ楽しいよおおお晃介さま新曲にヘドバン曲作って・爆,0
こじまさんもげっとわいるど歌ってるww,0
１番手のため凄い勢いで忘れてたけどヤセイコレクティブの最後の曲私の好きなRSGではなかったか？（違ったらズミマセン,3
だいぶ回復したので有り難く頂いたラジオ音源聴いたら私が「bimbombamのjawさ?ん」てちゃちゃ入れてる声が普通に入っててスライディング土下座,2
着信２件するなら留守電かメールほしい電話恐怖症だし‥,0
【急募】アンコで出てきたボーカルのおじさんの正体,3
エスケンさんのアルバムどの曲にヒージョー参加かわからず早送りで全部聴いてたらアイドルのインストア始まりヲタの方々の掛け声がやばい,0
３０歳児の歯磨きで腹筋崩壊,0
普通の家庭にべひしゅたいん‥しかも繋ぎ象牙‥完全なるお金持ち‥,0
DEAD POP FES‥PE'Zファンが見ると楡さんのTシャツを絶対思い出すフェス‥（デデドン,0
サイン出荷作業再び‥,2
BimBomBam曲客側もヘドバンOKならライブでしたいゾ（シカシヘドバン歴10年の私から見るともう少しスピードが欲しいっ・笑）,3
本当これだよねもう１年以上経つし切り替えてこっ,3
後じぶりカバーのラストが2010ver.の人夢のラスト（そーしれっふぁっみ??のトコ）と同じで懐かしいいい！てなった,0
ビオトープ管理士、計画か施工のどっちで申し込んだか忘れたバカだ…,2
聞き上手の二人にいろいろ聞かれ、家帰って一人で部屋暗くして映画観て、なんとなく充実していた夜でしたおやすみ。,0
普段慎重に行動してるつもりだけど、変なところでアクセル全開急発進みたいなことしてる気がする,0
サブカル女みたいーとか、にわかとか思われるんじゃないかってのは気にしないことにした！やってみた方が楽しいよね。,3
北川と外にビニールシート敷いて2時間ひたすら月食みてた。,0
10時から実験なのに誰もいない。,2
使い終わった電池を適当にな場所に置いといて、しばらくして新しいやつだと思って使ってしまう、ささやかなダメ人間っぷりをいかんなく発揮してる。,2
あと3日もすれば10月も折り返しだと思うと時の流れ恐ろし過ぎてお家から出たくない。世の中怖い。,2
布団から左足出して寝てたから冷えてなんとなく調子悪いわ。,2
寒いー！寒いー！,2
うわー！挫ける！！！挫けた！！！！！,2
私頑張るのだ。,3
やらなきゃと思いつつ日本語でも論文よくわからないんだから英語なんてなおさら訳分からないよねってなってきてる,2
でも生きねば,3
まあ分かるんだけどね。,0
テープ貼りのときにガムテープの芯踏んで小指の付け根のところがアレしたことが一番辛かった。あとリュックが重かったことを割と理解してもらえなかったところ。,2
風呂入って早く寝ようとしたら風呂で2時間寝てしまってこれを睡眠時間としてカウントすべきか悩んでる,2
やはり私はちょっとだめなのであった,2
椎名林檎かっこよかった,0
去年振袖きて白い毛を首にまいて、「あっ…、これ殺生丸様だ…！！！」ってなりました。成人おめでとうクライミング女子陣の振袖姿楽しみにしてます,0
眼鏡超音波洗浄機にかけるのすごく気持ちいい。すっきり。,0
天ぷら美味しくて幸せだった。実習の資料作りがんばって進めよう。,0
お前って私なのことなんだな,0
洗濯物干す前に寝ちゃった！！悔しい！！,2
よしバイトだ。,3
やっとNC終わった…。完璧なベースラインを引けたのに最後は集中力落ちて屍のようでした,2
よしバイトだ。,3
実家から送られてきたお父さん謹製の燻製うまい,0
恥ずかしいので遠回しな言い方するけども、昨日クローゼットで菌類のコロニー発見しました。半泣きで掃除した。,2
最近復活してきたしカラオケいきたいな,3
ケータイ落としました！連絡twitterかfacebookかGmailでお願いしますごめんなさい！,2
女子トイレ並んでるなぁと思って待ってたら、和式が4つくらい空いててなんなんだよって思いました。洋式待ってるんだったら後ろの人に一声掛けようよ。,1
急に熱出てびっくりした。,0
朝起きたら左腕が布団から出てて、さらに腕まくりされていてキンキンに冷えていた,0
間に合うかな間に合え,3
来年度はやるときは気合いれてやって、息抜きするときは上手くやって、無事に生き延びたい。,3
PCフロアのパソコン固まってしまった,2
なぜ私は何も書類をもたず不在者投票にきたのだろうか。,2
お家に帰りたい,3
風強いけどいい天気だなー。今日でGWのバイト最後だ。,0
給料明細みたら時給上がってた！わーい,0
今日一日無駄にしてしまった感が半端ない。勇気ある撤退も大事です。,2
部室に新しい女の子がいた…！,3
飛行機のシステムよく分からない,2
そんなことで迷うなんて腹を括れていない証拠ですよね。,0
丸いとか四角いとか知ったこっちゃないわ！！！ 寝る！！！,1
ここまできていろいろと迷い出す,0
信じられないあのハゲ！！！,1
何してるんだほんと,0
土まみれの格好で京都駅歩くの恥ずかしい,2
あはー今日集中できない！,0
おわんねえ！！,2
チャリカゴに長靴置きっぱにしてたら雨降ってた。辛い。,2
無印良品にまみれて生活したい,3
塩辛食べたいなー,3
解析終わらないウケる,2
書類ない…明日先生になんて謝ろう…土下座…ハラキリ…ユビツメ…,2
ハウルがヒモ男にしかみえなくなってしまった,2
やっぱ漆直接塗るべきではなかった,2
別にサボっていた訳ではないんだけど、いくつかあるやるべきことに必死で手当たり次第片付けていたから全体に目が行き届かず、こうなったんだなと思いました。簡単にいうとスケジュール管理がなっていないというんだろうけど、それともちょっと違う、なんというか全体がみれていなかった,2
新しいドラマ…サイレージだっけ…みたい…,3
予約までして借りた鹿の王結局読めずに返しました悲しい,2
出来立てのキャラメルポップコーンはいかがー,3
ヨーカドーのサービスカウンターで売ってるお菓子素晴らしいおいしい。,0
蕪島神社全焼ってニュースで朝からHP結構減った,2
モノポリーやってます,0
今日いろいろ疲れたので家で黒豆煮てる,3
キルフェボンの白い苺のタルト見るとぞわっとする,0
寝た?！！！実験頑張るぞ,3
サイレーン面白かった！！,0
今日は20分に一回くらいのペースで修造に励まされてる,0
要旨終わって気が抜けてだらけてるな?,0
窓に指を挟んだ上に、いつかやるとは薄々思っていた「しゃがんで立ち上がったときに開けっ放しにしていた乾燥機の扉に頭強打」したし、実験室のカードキー開かなくなったので森羅万象を呪いたくなってきた,2
地下鉄の方向間違えてすすきのにいる。,2
シワシワネームという言葉を知ってしまって動揺を隠せない,0
近くにいる人の香水が割と苦手な匂いだから今だけ鼻詰まってほしい,2
バイト終わってスマホみたら赤ペン先生からパワポの添削がきてたよ！！！！！！！(日曜にお仕事させてごめんなさい),0
鍵忘れた悲劇だ,2
鍵忘れて家入れなくて居るとこなくてカラオケきてレットイットゴー歌ってみたけど音痴とかじゃなくてこの曲苦手なんだ私は,2
我らが赤ペン先生無事に北海道に帰還じゃ,0
眠い…,0
卒論発表終わった??( ?o? )/??来てくれた方ありがとうございました！,0
まだ本論学会あるけども、本当結果でるのかとかちゃんと発表出来るのかとか心配通り越して恐怖だったけど発表は終わった乾杯してみんなでうわぁよかったっていいあって頑張ってよかったなぁとしみじみ,0
今日TOEICじゃー全然勉強してないし最近英論も読んでないし卒論発表直後に入れなきゃよかった…,2
やっぱ人間向いてないんだな?,2
さんたまで無限に出てくるコーヒー飲みながらだらだらしたいなー,3
空港行き運休とかまじですか,2
縄文杉トレッキングめっっっちゃキツイの想像してたら案外大丈夫だった。,0
書類の期限ちょっと早めに気がついてほんとよかった,0
保険共済のことで問い合わせしたら20分くらい電話に時間かかったしなんか疲れた,2
そういう自分もバイトのとき変な敬語使ってるだろうから、少し勉強しよっと,0
もう大学ついたさすが夕鉄バス,0
頑張って昨日の夜マニキュア塗ったけど完全に乾く前に寝てしまったので表面ガタガタで布団の繊維ついてる指先みて、自分に失望している卒業式前日。,2
もし私が歌上手かったら昨日の二次会で3月9日歌った時みんな泣いてただろうな。,2
目の前の赤子可愛いから診察まで凝視しよ,0
とりあえずなんとかポスター印刷までこぎつけました。,0
緊張しやすい性格は場数を踏んで徐々に直してくことにしよういツイートを表示,3
研究室の私物片付ければ片付ける程散らかっていく,0
無事にゼミ室の私物片付けるのは終わりそうだけど、相変わらず静かだなー。,0
気合い入れて住処探すぞ,3
妹ソファーをソアーって書いてるんだけど大丈夫かなこいつ,0
一人暮らしに台車欲しいなぁ,3
ラブソング初めて観てるけど今のところ歌って治すバージョンの英国王のスピーチっていう解釈でみてる,3
駅でたら北大の方に向かって歩いてきて、っていったらなんの疑いもなく植物園の方に進んでいった妹、立派なやけんに育ったなと思う。,0
ダイソーで虫が寄ってこないラバーバンド(ハーブみたいな独特のにおいするやつ)売ってたけど、あれつけてると周りに「臭いから近づかないで」って虫みたいな扱いされるからおすすめしない。,2
そろそろペーパードライバーなの本当に何とかしないとなー。多少擦ったりしてもいい車と助手席に乗ってくれる人が必要なんだよな,3
パソコンの起動を始めてからかれこれ40分くらい経つのにまだファイル開けない,2
今さらズートピア観たんだけどすごい面白かった、そしてゆりながズートピアにハマってた理由も分かった。ニックがとてもイケメンだった。,0
水が！！！出ない！！！,2
ついさっき軽装備で土取りに行ったらわずか30分程で7箇所蚊に刺された痒い,2
起床のアラームに最適な音楽第1位決まりました、ラジオ体操第一です。断トツで起きなきゃって気持ちになります。,3
10月の目標・眉間に皺を寄せるクセ直す・心が折れないようにする,3
一応今日は終わりということで解散したんだし私は絶対にもう寝るからな,0
無理！！！,2
ひたすら土篩がけしてる間に日ハム勝ってた,0
今日一日の生産性の高さを褒めてほしい,3
逃げ恥未だにテレビで観れたことがない,2
しばらくキレたりメソメソしたら回復してきた、私は逞しく生きるからな！！！！,3
実験室の入り口を穴掘り用の重いスコップで雪かきして道作った上で、台車使えないので大量のポリビン入ったゴミ袋を雪の上を引きずりながら運んだんだけど、北国の大学院生の鑑じゃないですか私,3
2月の目標締め切り守る心を強く持つ布団からサッと出れるようになる,3
英語で文章書けない,2
今日はくるりＴシャツ,0
3月の目標5分前行動する、早めに手をつけるちゃんと寝る心が折れないようにする,3
ポスターにアニメーションつけてた、意味ない,2
4月の目標ひたすら読んで書きまくる出来ることはすぐに片付ける,3
歓迎会とかの会費(3000円くらいだったら)、出来れば万札は崩しておいて欲しいって思うのは甘えなのかなー,2
間違えて羽田行ってしまって3000円払って成田まで戻った、つらい,2
自分の要領・能力にあった研究プラン実現可能なサンプル数健やかな分析計画,3
くるりいけないじゃん、、、糧、、、,2
オンマイオウンが歌えてきたがまだまだ,0
とりあえずエメ歌えるようにするかー,3
ディカプリオ版飛ばし飛ばしでしか見てないからきちんと全部見たいな…,3
次の日のふくらはぎがバイバイするやつですね,0
耐久エシャペ,3
とりあえずバスはもうないだろうなあ…,2
声劇かあ私もやりたいなあ,3
ロミオは僕は怖いからの変わりように、あーもう...ってなる。若いんだろうな。且つ激情型。喧嘩でも恋愛でも,2
ほらぁ！死だよ！死だよ！っていうあの焦らし,0
相葉さん残ってらっしゃる,0
ピカチュウ様が私をサブカルに引き込んだ原因,0
鉄塊ェ・・・,0
今日は憧れの先輩とご飯ですよ。緊張する。まじ,0
王子！王子！王子！,0
王子みたら気が抜けた。,0
あー王子でねえ。顔見えねえ,2
突発的にキャパ越え起こした,2
ちょっと辛いのです,2
豊さん豊さん,0
パイナップルとバナナがかっこよく見える日はいつだろうか,3
メロンはかっこよかった,0
うえ...ストレスここまで感じるとは…,2
教訓の世界に戻らないと,3
人を呪わば穴二つ。不幸自慢は自慢にならぬ。口にしたことに近づいて行く。,0
注意力散漫はダメですね。しっかりなさいよ自分。他人の前にまず自分,0
しっかりと生きること。しっかりとね。人様にご迷惑をおかけすることは良くない。ましてやそれが自分の落ち度であるなら尚更,0
一つのことだけできればいいわけじゃばいですよ,1
一点集中と浮つき。,0
ごめんカルムさん君に教えてもらう前にポッポ捕まえちゃった...,2
捕まえても経験値はいるのか,0
いええええええええ！テニミュ一年以上ぶりだわ....,0
プロパガンダしてえええ！成功させてみたい,3
あーイリュージョンのダンスコピーしたい,3
本当に体動かんくてつらい,2
関東にいるからなあ私だけ,2
そりゃあ罰も当たりますよ,2
すみませんでした,2
どうすれば反省が伝わるだろうか,2
お経くらい覚えるか…,3
縋り付きたい人色々いるけどねえ...こればっかりは駄目だ,2
今週末マンマミア！見に行くー,3
跡部と跡部仲良しで笑える,0
27朝に地元に着弾します！1月4日夜に帰る!遊べそうな方遊んで下さいm(_ _)m,3
クノエのボール工場の社長何選ばせてんの！？ねえ！？,0
人生で最もあっさりとした伝説戦だった,0
パーティーはライチュウ、フワライド、ボーマンダ、フライゴン、ファイアロー、フシギバナ。あれ？フばっか…,0
PS3欲しいお…,3
ゲコガシラ、フシギバナ、ファイアロー、フワライド、フライゴン、ボーマンダ、サーナイト、ライチュウ、ルカリオが一軍メンバー,3
ルカリオはちゃんとリオル捕まえて育てた子だからね！,0
京極は文字で読むと明らかに他の本よりペースが遅いのが分かる,0
途中で漢字読めなくなくなってルビふってあるとこまで戻るとか日常茶飯事,0
リンホラまで24時間を切ったのよね...ひゃっほおおおおおううううう！,3
というか私のオタク人生に大きな影響を与えすぎたのがクロウ,0
BASARAでアクションにハマり、声優を知り、そこからアニメへ...,0
ふざけるなよじじい,1
ていうか来週つね君変身するんかwww,3
真田十勇士いってきます！,3
鎌ちゃんが笑った！がとても可愛かった！,0
四天昼公演いってきます！,3
あと、歌が盛り上がるのに感動して泣いた,0
お久しぶりです！ドリライの物販なうです,0
今ドラフトやってるやん,3
何か当たらないかぁ。DMピカってしてほしいなぁ。,3
さて、今日は業務用スーパーに冷凍のポテト買いに行くか。業務用の冷凍ポテトは1kg入ってるのにすごく安いから何回もリピートしてる。そして、おいしい。,3
久しぶりにマクドのアプリインストールしたら、前よりも使いやすくなっていた。会員登録、前してたような気がするけど...メアドもパスも分からないから新たに登録した。明日は朝からやるぞー！,3
デジタルはがきサイト内でデジタルはがき送れることを初めて知りました。デジタルはがきサイト内で送ってくれたフォロワーさんありがとう！,0
チロルチョコにダイブしたい。,3
かまどやのり弁40円の日！知ってたし近場にあるんだけど行ったことないから、今日だけ行ったら何て思われるんだろう？と思ったら行けなかった...。,2
令和1年11月11日11時11分、1が揃うことに気が付かなかった...。ツイートしたらよかったなぁ。,2
運がない...その場系も当たらない...もうそろそろ何か当たっても良いのでは...運よこーいDMこーい,3
凍結祭りやってたのかぁ...怖氷1300tがトレンド入ってたから、Twitter関係ない凍結祭りかと思ったけど違った。,2
今からRTするぞーと思った矢先、リストが見れない。えっリスト壊れた！？,0
DM全然こなーい。当選報告羨ましい。明日こそはDMこーい！,3
寒い、お腹空いた今食べると夜ご飯食べられなくなるから我慢お腹空いた,0
インフル大分回復したと思います。熱下がったけど頭がボーとしています。明日まで外出禁止なのでおとなしくしています。インフルしんどいので2度と罹りたくない。,2
全然dmこなくて悔しい。インフル中も応募だけはと思って頑張っているのに！お願いです。dm下さい。当選報告したいです。,2
私も当選報告したいDMこーい,3
仏壇の前に10分くらいいてたら服から線香の匂いが…。正直臭い。,2
ゴチ新メンバー誰だろう？,3
まっすーだ！,0
ゴチ2人目は本田翼ちゃんだったんだ！風呂入ってて見てなかった,0
今日は節分なので恵方巻作ろうと思います。2年前までは買っていたのですが、昨年手作りしておいしくきれいにできたので、今年も手作りです。巻き巻きします。,3
店行ったらトイレットペーパーとかティッシュの棚ガラガラだったデマ怖い,2
うわぁ、ごそっとフォロワーさん減ってる,2
3月3日が終わるひな祭りなのにバタバタしててちらし寿しも食べれなかったしひなあられも食べれなかった。数年ぶりにお雛さんだしたのに残念。,2
ひな祭り前に買ったひなあられが行方不明探しても探しても見つからない食べてないのにどこに行ったんだ,2
今日は午後からTwitterにずーといてる。,0
今日こそファミチキ当たってー！,3
今日はハンバーグミンチ捏ねても捏ねても柔らかすぎる。油が多いミンチだったのかな。食べられたらまぁいいか。たまに、あるんだよなぁこういうこと,2
お腹空いたー。ハンバーグ焼いて食べよー,3
パン生地全然膨らまない、発酵してない。ミスった。どうしたらいいんだー、捏ねなおして今からオーブンの発酵機能使ったら発酵するかなー。マジどうしよう。,2
ラーメン美味しそう食べたくなった飯テロだろーラーメン食べたい小泉さーん,3
三ツ矢サイダーの投稿、本当は3時28分にしようと思ってたのに気がついたら過ぎていた。画像は用意してたのにー！ということで、今投稿しちゃったよ。,2
DMこなーい,2
DM光った！！！,0
グーボ全然当たらないと思ったら、めっちゃリツイート数多いやん。当たった人良いなぁ、おめでとう。,2
リシくん可愛いしかっこいい本当にサイコーコナン映画サイコー紺青の拳サイコー,0
5月突入！今月もよろしくお願いします。当たりますように。今日は八十八夜みたいなのでお茶でも飲んでまったりしましょ(笑),3
原付の税金払ってきたずっと1200円だと思ってたのに、見たら2000円でビックリ。なんで、1200円だと思ってたんだろう？去年も2000円だったはずなのに...,0
何でお腹すくのかなぁと思ったら、そうかおやつ食べてないんだ...。昨日も一昨日もその前も...お腹空いたな,2
ここ1か月、何も当たってない...大量当選も当たらない...Lチキさーん、お願いしまーす！,2
大量当選に全然当たらない何回も当たってる人もいるみたいなのになんでー,2
ペプシの返信きた、負けたけど今日は遅かったな,2
なんかいいことないかなぁ,3
はがき懸賞が全然当たらないから、切手代がもったいなく感じてきた。,2
夜になるとおなか空く(すでに夜ご飯食べた),0
なんかいいことないかなぁー,3
東京はブルーインパルス飛ぶのか。いいなぁ、見たいなぁ。東京住みじゃないから無理だけど。,3
ブルーインパルス今どこだろう？,3
一番搾り、当たった人には送れないみたいだけどハズレた人には送れるのかな？とにかく、誰かに送ります。,3
トレンド「アイテムがありません」,2
予約ツイートができるようになったので、やってみた。これは、2020年5月29日18時36分に作成したツイートです。,0
コンビニもレジ袋有料になるのかぁ。良いことだけ、マイバッグ持って行ったら詰めてくれるの？それとも、自分で詰めるの？,0
今日はお昼ご飯が豪華なんだけど食べきれる自信がない昼ごはんのために朝飯抜きまぁ普段から朝食あまり食べないけど...,3
パソコン重い,0
メロン食べたら喉がはしかくなった。好きなのに...。,2
あついあついあついこんな日はアイスボックス,3
お昼ごはん食べたのにお腹が空きました。ピザパン食べよっかな。,3
やばい、太ったかも食べちゃダメって思うけど、食べちゃうんだよな今もピザパン食べたくてうずうずしてるそして多分食べる,2
ジメジメムシムシスル,0
気まずい、どうしよう声かけた、帰れないいつまで待てば...放置、どうしよう帰りたい,2
ムシムシする,0
コロナ濃厚接触者アプリCOCOA、検索してもヒットしないし、やっと見つけたと思ったらアプリ名にCOCOAが入っていないし、そもそもiOSが古くてインストールできないし...。,2
そういやポイントあるな今月中に使わなきゃ有効期限切れる,3
美味しい物が食べたいコンビニエンスストア行きたいでも、面倒くさい,3
朝応募したら当たるかも！？とおもってやってみたけど当たらないかぁ...ファミチキ...。,2
やっぱファミチキだめだった今度買いに行こう,2
あつい、ムシムシする,0
最近Twitter懸賞全然当たらんメッセージ確認したら最後に当たったの4月14日だった,2
コンビニの袋有料になったみたいだけど、どんな感じなんだろう？店員さんが入れてくれるの？自分で入れるの？,0
辛いのは無理！,0
セブンイレブンでサッポロ黒ラベル50円引きクーポン使ってきたよ冷蔵庫で冷やし中！,3
マー君打球直撃めっちゃ痛そう病院運ばれたみたいだけど大丈夫かな、心配,2
極主夫道ドラマ化するの嬉しい絶対面白くなるじゃん津田さんのがすごく良かったから玉木さんのも楽しみ,3
セブンイレブンのアイコン黒かったっけ？何かあったの？,0
畑行きたいなぁ明日晴れたら行こうかなぁ,3
三浦春馬さん、嘘でしょ。。。何があったのかわからないけど、すごくビックリした,2
ネオワイズ彗星見えなかったです。少し雲がありました。星は見えてたから、星と彗星を区別できなかっただけかもしれないです。,2
コロナ増えてて怖い,0
gotoキャンペーンやってるみたいだけど、大丈夫なのかな。感染者増えないといいけど...。,0
めんどくさくて暇,0
今日もファミチキ当たらんかった最近こういうキャンペーン全然当たらん気がする,2
ジャガイモの腐った臭い初めて嗅いでオウェってなった袋の中でハエ発生してるし悪臭放ってるしヤバイ管理ぐらいしっかりしてよ、ばーちゃん,1
LINEで応募する大量当選の懸賞って、みんなどこで情報手に入れてるの？いつもTwitterの投稿で気が付くから参加するの出遅れる,2
大野くんがんばれ！,3
大野くん凄い,0
チーム二宮に負けちゃった二宮くん強かった,2
応募用のバーコードが貯まったらしく、父が代わりにハガキ書いて投函してくれてた。必要事項すべて書いたか聞いたらメールアドレスの記入漏れが発覚。無効にならないといいんだけど...。,2
お昼ごはんは台湾ラーメン辛くて汗かいた、暑い！,0
なんか今日、いつも以上にパソコン重いような...もっと高スペックのパソコン欲しい,3
パソコンの画面がいきなり白とマゼンタとシアンの砂嵐？になってビックリした。強制終了して電源入れなおしたら元に戻ったけど、あれはいったい何だったんだろう？やっぱり、壊れかけてるのかな？壊れたら嫌だな、パソコン高いのに！,0
あついーひまー,2
その場系当たれーと思ってポチっとするけど、全然当たらない当たった人おめでとー私にも運を分けて―,2
公式さんだと判断できる＆欲しいものしか応募しないから、応募する懸賞が少なくなるんだよな...,2
鳥取城北と明徳義塾の試合すごかった！最後までどっちが勝つかわからなくて、見ていてドキドキした。お疲れさま。,0
新しいiPhoneと新しいPCが欲しい！,3
急性胃腸炎になってお盆の予定全て狂ったあああああ,2
せっかくお盆なのに。。。美味しい料理食べ損ねた、タイミング悪い,2
今日も暑いです昼は冷やし中華！の具材少な目,3
やっぱ痛いや,2
ちょっと外行って動いただけで、また腹痛くなったもー嫌だー！お腹空いた！,2
大量当選なのに、なんで当たらないんだろう？当たってる人と当たってない人の違いは？1つくらい欲しいなぁ,2
今日も暑いカンカン照りだ！,2
サラダができなかったのでやり直し！,2
毎日毎日暑い！畑は草ボーボー,2
今日も暑い！畑行くつもりだったのに、買い物して終わったからね,2
ラディッシュ間引きして、もったいなかったから植えなおしたんだけど、枯れてきたやっぱダメなのか,2
アニメソング総選挙見たいんだけど、チャンネル変えてもらえないんだよね,2
ニノ、カブトムシ見つけられるかな,3
かまどやの唐揚げ初めて食べたんだけど、大きくて胡椒が効いてたから食べ応えあった美味しかった,0
ボンビーガールの喫茶店の人、行動力がすごいな！金銭面とかで今後が心配だけど、頑張ってほしい。,3
普通の投稿もしなゃと思うけど、どうしてもリツイートが多くなってしまう普通の投稿よりリツイートの方が多いと当たりにくいとかあるのかな？ないよね、考えすぎだよね...。,2
私が懸賞で応募するのは1回でも買ったことがあるか店頭で見たことがある企業って決めてる。買ったこともなく身近で商品も売っていない企業とかだとせっかく貰っても今後買わないかもしれないから申し訳ない。,0
特からクッションほしかったのに、答え間違えたみたい何を間違えたかわかんなーい,2
ランサーズが404になってる提案テンプレート編集してたのに保存できなくて、全部パァだ,2
あと、2つ質問して1つしか回答ないのも困る。,0
メールとかチャットで質問したら的外れな回答をするのやめてほしい「ラーメン好きですか？」と聞かれて「食べたことあります」みたいな感じで返答されても困るんだけど...質問読んでる？って思うし、重要なことだったら聞きなおさなければいけないのに何て聞けば良いかわからないから本当に迷惑,0
カーナビとかで救急車がどこから近づいてきてるのかわかるシステムあったら良いなと思う,3
モニプラから当選通知が届いた。井村屋さんの和菓子、めっちゃうれしい。,0
カップラーメン買ったんだけど、9割はワンタン麺だった。,2
2点差まで縮めたか～根性見せてるね,3
今年の若月かっこよすぎるんだよな　声優をオトした男は伊達じゃねえ,0
おでかけしたみ,3
セラピー効果があるとされる三岐鉄道乗りに行こうかな,3
リプライのついたツイートを削除すると50万円以下の罰金が科されます,2
全く違うスタイルのFSを比較できるどうかってCV作る人には大事なスキルで、これできない人が審査制CVやると「同じスタイルの人が集まり過ぎてソロビかと思った」とか言われる,0
ロドリゲスいつもあの球にやられるけど変な打ち方してるわけじゃないのに毎回ポップで泣ける,2
何歳になってもINSIDE IDENTITYやカーストルームで高まってると思う,3
7月入ってから慢性的に体調悪くて原因がつかめなかったんだけど、これアニメが原因っぽいな,0
もしかしてペンタブってしまわずに常時机の上に置いておく方がいい？,0
オリックスより中日の方が借金多いのか・・・,0
気が付いたら世界で俺以外の全員おでかけしてる,2
旅行したすぎ,3
こんなに精神的に悪い日久しぶりだしこの後も何日か引き摺るタイプの悪さでつら,2
生頃しつらい,2
他人に迷惑かけてるところが一番よくない,2
ガチで普通の人なら何とも思わないことにこだわってガ〇ジスイッチONして他人に迷惑までかけてるの情けない　人間向いてない,2
ペンタブの紙を貼り替えた  6年同じ紙だったので次は3年で替えたくなるくらい使用頻度上げたい,3
ランニングホームラン！！！！なんでセンター来なかったの？,0
これ楽天は1か月前のオリックスみたいな状態だよね　6連戦こわい,0
落選動画ツイを適当に検索して出てきた動画集めて拾いCV作るのアリだな,3
凍結祭りって実際あんの？って最近気になってたけどやっぱり集中して処理される期間は設けられてるらしい,0
あーーーーーもどかしいし待ち遠しい,3
いや～～一色いろは、強ェ。,0
2作続けて陰キャはLINEやってないネタが来てるの大学3年までやってなかった俺は笑ってられる話じゃないかもしれないですね・・・,2
アイコン変えた,0
五十鈴が足りない,2
愛環乗ったことないし完乗しに行くかよ,3
あと伊豆箱根鉄道乗りたい、2路線とも中途半端にしか乗れてないし,3
まだ旧アカウントのDMとか見る機会があるから反復横跳びしてると設定がバグる,2
いや僕はまだ無敵の人ではないですが。将来的に。,3
FSの組み方とくに決めてない(パターンに当てはめると自由度下がるから),0
鮪のお茶漬け今度つくろ,3
ツイキャスで縦スプやったら下手すぎて5人いたリスナーが1人まで減った,2
ただしFPS低めなので28以上で安定させようとすると調節がシビアかも,0
滋賀県行きたい,3
トカダはそのうち1軍2軍の往復始めて例年と同じような成績で終わりそう,2
200SHの予備欲しくなってきた。今のが壊れたらもうペン回し撮れるカメラがない,2
キャス来てくださった方々ありがとうございました～～～最後挨拶する前に切れちゃった,0
疲れた　ねみ,0
寝てたが,0
まーた俺が見てない間に若月が二塁打,2
でもこのカード6連敗ないからなあ5連戦だし,0
まちカドまぞく2期まだか,3
共有不可能な個々人の感覚に基づいた評価で殴り合うよりはよほど健全,3
口内炎・・・,2
なんかすごい眠くなってきたけどこれはなに,0
ダークモードを選ぶと悪用の仕方を教えてくれるスマホアプリ(色は変わらない),3
久しぶりに映像できるか,3
いい感じの案件きたか！？,3
は？中野無色また復活したんか,0
嘘ネタばっかで見てて不快だしブロックしとこ,0
福田サードやるんだ,0
地方に住んでるとコロナ感染したときに番号振ってもらえてアドらしいね,0
まさかオリックスの天敵有原が若月に苦しめられる日が来るとは,0
8月！？！？！？！？！？！？！！？！？！！？！？！？！？,0
練習したい技出てきたけど全く意味がわからん,2
スローで見て理解して軌道辿れるようになった　あとは安定して円軌道になれば勝ち,3
体がいてえ,2
初代プレカラはベルカラ棒みたいなシンプル改造を試してみたいが手元にいい口金がないので・・・,2
そういえば黄色のマビマカmod作れるようにラッション共々用意したけどいらなくなっちゃったんだよな　どうしよう。,2
2点は好投の範疇だぞーー援護しろ打線,3
寝ます。お疲れさまでした,0
五十鈴が足りない,2
口内炎いてー,2
口内炎と火傷でもう何も食べる気せん,2
ダーウィンズゲームか！？,0
これやらない方がいいよ系アドバイスは伝言ゲームを経て「これやってたらクソFS」っていう似非評価基準を作りがちなんだよな,0
Nゲージ走らせたいけどレンタルレイアウトで手持ち車両軒並み走行不能になったトラウマが蘇る・・・,0
そもそも極力ペン回し以外の話するようにしてるから開幕「寝る」も結構あるし,0
ジョッチ先生が描く女の子すきなんだよなあ,0
弱すぎだしとりあえず試合中だけどPCR検査しよう(提案),3
鳥谷に呪いかかってて草　ふつうにかわいそう,2
急にﾂｲﾀのアップデート途絶えたけど次でバグ修正されるフラグと思っていいか？,3
災害の話をチラっとしてたら爆発の動画出ててこわい,2
オタク御用達の「人によって引き起こされた核爆発以外の大爆発一覧」のwikipediaページ見たらまだ最新が温野菜だった,0
また撮りに行けない日にカラシが入る,2
シコって寝ようと思ってた人のやることじゃない　めっちゃ気分重くなったし,2
いやこれJL123が表示された騒ぎのせいだし俺悪くない,0
0系新幹線みたいな項目で時間吸われるならまだよかった(長すぎて2時間くらいかかる),2
遠出できないし地元で粛々と集まって遊ぶかーつってたのにそれすれ出来なくなりそうでカスすぎる　都市部燃やすぞ,1
中野無色キモいけどかわいそうだからミュートに昇格してあげるか  キモいけど,3
3色チーズみたいな言い方やめろやバファローズが誇るイケメンPだぞ,0
左のカーブPが来てほしいっていう願いはオリックスファンみんな持ってると思うんですよ　星野伸之の再来！って言いたいんでね,3
Android勢のみなさんへ公式アプリの不具合が相変わらず治らないのでChromeでTwitter開いて「ホーム画面に追加」をやるといいですよぼくより,3
この時間に暇だなあって思ってるあたり感覚バグってるんだよね　寝ようよ,2
家に無限個のカップ麺常備しておきたい,3
応援歌合唱がダメなら誰かが代表して歌おう,3
顔がいいな宇佐美みずき,0
1話の段階だと微妙～つってたのを思い出すな男2人キモいし話通じないし宇佐美さんは暴力振るいすぎだしちょっと笑えない感あった,0
筋トレの成果なのか空腹になりやすくなってきたけど感覚が気持ち悪い　あと体調悪くなる,2
この美見てると口角上がりまくって天井突き破るな・・・,0
素直に押上にしとけば外国人観光客が迷い込んだかもしれないのに(迷惑),0
えちごトキめき鉄道日本海ひすいラインえちご押上ひすい海岸駅　やる気ないなら帰りな？(体育会系部活動),1
大石昌良も結婚したばっかだし野崎くんの流れ来てるな,3
俺ガイルのせいで他アニメでも夕陽が射してるシーン見ると厚ぶって来たなと思ってしまう,0
オタクと言えば陰キャですよね！！っていうアニメが増えてきたのか、オタクに中二病属性をつけてるアニメがなんだか懐かしい,0
この美の閉じ込められる話と宝探しの話って同じ回だったのか　濃いな8話,0
宝探しゲームって聞くと死者がたくさん出るやつか！？と思ってしまう　CV小林裕介もいるし,3
暑くてランニングできんし踏み台作って昇降するやつやるか？,3
宇佐美さんの友達のかおりって子はリアタイ時あんま気に留めてなかったけど結構いいキャラしてるな,0
ピントがバチバチに合っててある程度拡大して見てもシャープなのがいいなって毎回思うOnedriveのプレビューは勝手に拡大されるけど見づらさがなくて元が240pとは思えん,0
海外勢拾いの作成を検討段階に入れた,3
PSH勢世界大会の動画しかない,2
いつ話してたか思い出せんキーワードが突然出てくるからどこを見直せばいいのかもわからん,2
解像度よりピントというか鮮明度ですよ,3
なわとびやった熱中症でしぬかと思った,0
ガチで倒れたら洒落にならんし25分くらいやったら切り上げるようにしよう,0
大学生は試験監督と看板持ちで稼いで,3
ジョーンズの登場曲は春擬きにしろよこんなレプリカはいらないんだよね,1
連休なってもやることねえわって嘆いてる人は14日から始まるGYAOの妖狐×僕SSの全話配信を見てください,3
筋肉痛やば,2
ボンディックでベイブレードの軸作る動画あるよね光硬化？だから割と融通利きそう,3
暑すぎて除湿じゃ追いつかなくなって冷房に切り替えたら初手湿度戻りでアパートの住人全員しんだ,2
電流でも室外機の騒音でもいいからサーモオフになったときに気付けるようにしたいわ除湿は出力上げられんから冷房モード使いたいんよ(その仕様しておかしい気もするが),3
またwikipediaに時間吸われた！！,2
筋肉痛なおらん,0
何かをするとつらい何もしなくてもつらい,2
曲と出演者頼りで編集は雰囲気だけの適当なCVつくりて,3
正尚の次T岡田はあんまりいいと思えないけど対ホークス戦の相性いいんならまぁ・・・,3
正尚降ろさなきゃいけなくなったときにダイレクトで佐野が出てくるの寂しいよなぁ,2
いい試合ができたけどこの結果受けてしばらく若月の仕事が減りそう,0
そういう人見ると将来どっかでストレスかかったときに糖を失ってしまうんだろうな・・・っていうある種の切なさを感じるようになってきた,2
蒲郡の千賀滉大田原の小川泰弘東三河からノーノー達成者が2人も出てしまった,0
次は豊橋の藤嶋健人かな(希望的観測),3
小川や大野の達成時リアクションがちゃんと映ってるの羨ましい元オリックスの西は試合終了した瞬間カメラが小久保抜いてるんだよ,2
アニメこの美術部には問題がある、2週目完了さらっとした終わり方がかえって余韻を生むので2度目なのに寂しくなってきた,2
ところで何で4年も経って未だに2期の話ないんですかね,0
なんも悪いこと言ってないけど気が合わない人ってミュートするの気が引けるしリスト使うようにしててよかった,0
表情筋と心肺機能が壊れたし寝るかー,0
マジで勿体ないことしたな手間を惜しんで安値で譲らなければよかった,2
緊急んこ事態宣言終わったらカラオケ行きたい気はするね,3
浜松が突然生き地獄と化したのに豊橋は例年と変わらん謎,0
そとあつい,0
細々とした雑務を処理しながら何しようかなぁって考えてる間に1日が終わる,2
あの写真使ってグッズ作ったら爆売れしそう,3
いろはすにせよ由比ヶ浜にせよ普通に喋るのに、モノローグになると渡航が出てきてクセの強い台詞回しになるの笑ってしまう,0
同じ渡先生の作品だし明日葉ちゃんも心の中ではあの喋り方を・・・？おにぃはそもそも作中に該当シーンがありそう,3
いろはすのは別にモノローグでもなかったわ,2
好投すると無援護もついてくる,0
俺の記憶が正しければ可逆圧縮方式でエンコードした動画をCVに提出してきたの彼だけです,0
親が偽セキュリティ警告踏むたび呼んでくるから面倒臭い消し方覚えないし,1
よさげなオリキャラ3Dモデルを知ったら真っ先にiwaraで名前入れて検索する,3
そろそろ「ネットでしか関西弁使ってなさそう」っていう新しい罵倒が出てくると予想してる　当たったらなんかくれ,3
若月すっかり打たなくなって思ったけど声優を嫁に貰ってんだから打てよ,1
積極的にwikipediaのマニアックなページを貼ってフォロワーの時間を吸い潰したい(悪魔),3
日曜日でも見ねえよっていうくらいヤバい運転に沢山当たって2回も事故やられそうになった,1
25キロ運転のヤマト宅急便トラックと車線変更妨害してきた東海交通タクシーまじで,1
ザッハトルテとクリスマスが勝手に俺の中で結び付いてたけどそれはシュトーレンだな,0
目休めたいけどまばたき1回に1時間半くらいかかるから困るんだよね,2
過去10年見てきた中で一番弱い気がする今年のオリックス,2
本物と呼べるものだけでいい(ジョーンズ三振),2
もし監督解任で間に合うタイミングがあったとしたらマリン6連戦の2～3戦目くらい,3
ゴッツは2軍コーチの方が適性ありそう,3
てか風岡はお咎めなしかよ！！,1
午前中は変な運転する車にやたらエンカウントするしろくな日じゃなかった,2
西大路御池監督退任から2日連続でジョーンズHRってまじか,0
おいおい本物か,0
超マニアックな動画素材を探してたら100%合致するサイトがあってなんでだよ！となった,0
かねもちだから18きっぷとスルカン2dayの二重使用で旅行しちゃおうかな照,3
本物来日中は色々試しながら戦っても勝てるけど偽物が来日して打線が終わったときどうなるかは気になる,3
居間で子守りしてるときにTVでYoutube流したいんだけどいい動画がない,2
Twitterアプリ更新したらスクロールがガックガクになる不具合直ってた,0
TLからファボれないのは前に直ったはずだしこれでアプリに戻れるか？,3
これからはヒートシンク付きマスクが流行る,3
安済知佳が今月1日に結婚してたの今知ったけど,2
何回も出てくる同じ話題に毎回参加せず我慢できるようになったやつだけがTwitter2にサインアップできるらしいね,3
まともだった大学生時代を思い出してはいけない。,2
あれするために家族みんな寝るの待ってたらこの時間になってて寝る気失せた,2
出てこない上に他の1年から想像以上にひどいイメージ持たれてるいろはす・・・,2
2期のあと高洲コミュニティセンターのあたり行ったから知ってる場所で話が展開されてる感ヤバい,0
タンブラー便利すぎワロタ(古代人),0
今の打ち方でウォーニングトラックまで飛んでるのが怖い,0
二次元コンテンツは脳に良い,0
同時期に見たら感情揺さぶられすぎて頭お菓子なる,0
Cのサイトに代わるプラットフォームって絶対出てくると思ってるんだけど、意外とその候補が出てこないんだよね,2
ランサーズのリサーチ案件でやばいのあってワロタ〇〇の意見以外は承認しません！ってそこまで公平性捨てる覚悟あるならもう案件出さなくてもいいだろ,0
公式アナウンスきた,0
フォームがよくないので広背筋より先に三角筋に来ちゃう,2
激チョロオタクだからマイナちゃん(CV小原好美)も推してる,0
今回のツイキャス、安済知佳について触れられたので合格点,0
人生の貴重な時間を得意でもないことに費やす意味とはとなる,2
北鉄6010系の保存場所ってセレクトグランド加賀山中から歩いてすぐの所だったのかめちゃくちゃ勿体ないことしたな,2
台湾中国香港あたりのCVにしか顔出さないうま連中がいたら俺は死んでいた,2
試合開始は0-0なので見てしまう現象、テトリスは最初遅いからついやり直してしまうのと似ている,3
内輪ノリでやってた人たちが自分たちは最大派閥なんじゃないかって思い上がると急に「自分たちのため」を「みんなのため」って言い換え始めるんですよ,0
細字マルチボール廃盤色かっこいいし改造に使ってみたい,3
マーティンっていいキャラしてるよな　ウィーラーやモーガンに通じる,0
CV向けの動画と同じカメラなのに手持ちだとピントが合わないのか画質が低い・・・,2
自分と同じスタイルで取り組む人の存在は立たせないと自分の立場も危うくなるっていう考えがあるんだと思う,0
価値判断の基準を単に取り組む人の多寡だけに頼ってしまうことは往々にしてあるので、別の要因で多数派/少数派になった経緯があっても、結局はそれが価値の高低を表してるんだと思われてしまう,2
宝の持ち腐れ・・・,2
1万弱のサービスに5万のカスタマイズってどんなん想像してたんだよ,0
水道水まずすぎる??,0
がんばりたくない・・・なにもかも・・・,2
ねりは早めにした方がいいらしいね,3
なにが9月だ,0
繰り返しになりますが俺ガイル完は3話まで見てから判断した方がいいです　なんなら2話までは倍速視聴でもいい,3
八幡が本物どうこう言うのは性格が性格だから何とも思わんけど陽乃がそこに拘る理由って今後出てくるんですかねじゃなかったら年甲斐もなく理想論語って押し付けるヤバイ奴になってしまう,0
お金使うことだけ考えて生きちゃおうかな,3
「感情に理由をつけると認知が歪む」の成れの果てみたいな実例をたくさん見てきたので頷くことしかできない,0
なんとなくの感覚だけで動いてたタイプの人が言うこと聞いてもらえる立場になると、それまで感じてたなんとなくの全てに屁理屈くっつけて自分の目をどんどん曇らせていく,2
俺もそれくらいしたいわじゃないと供給に追いつかん??,3
prさん風俗行って,3
昨晩のメール着手お願いしますじゃなくてまだ待ってくださいっていう内容で拍子抜けだ,2
MMが逆転ホームランｗｗｗｗ,0
宗が練習キャッチャーなの面白すぎ,0
なーーーーーーー可愛すぎんだろ,0
YoutubeのPIPをdiscordの画面共有に流せることに気付いてしまってしょうもない遊びが捗る,0
なわとび始めたら中学時代の足の筋肉が戻ってきた,0
ぐちゃぐちゃ手拍子応援やるくらいならスピーカー応援歌の方が絶対マシなんだよなあ,2
特急東海の前面展望動画すれ違う車両が今いないやつばっかで良,0
創作しなきゃって思ってるときほどインプットと称して色んなものを流し込んだ方がよい説か？,3
何でも自動化おじさんになりたい,3
CSV内の記述に合わせて一括リネームをしたくて色々フリーソフト探してきたのにCUIなら1行で終わる処理なの泣きアニメ,2
福也そろそろローテ外されそう,2
また1点差で負ける！！！,2
同点HRかとｵﾓﾀ,0
年数回しかやらないかもしれない作業のためにスクリプト書いても時間の節約になってなさそう,0
fanbox課金はじめてします,3
一番大事なところで調子落として知らんうちに復調するトカダ,0
最近急に肌質が変わってきてG-3が回しにくい,2
泊まり旅行したすぎ,3
29:55で配信終わった??,0
雨雲レーダー見てこれはやべえわつって早く出てきたのに1粒も降らないこのザマは何なんだよ,2
豊橋は俺の5分に意味を持たせるために水没しなさい,3
CV作りてえなあ,3
鉄道会社公式で前面展望出してくれる流れ良いできればマニアックな種別でやってくれるともっと良い,3
もうなくなっちゃったけど三国芦原線のめざましトレインとか撮ってほしかったね,3
単回の目撃上がらんし今日は甲種なし？,2
何かの間違いで遅スジ施行なら〇明日なら終わりです,2
しゃべくりで姫坂乃愛と堀北鈴音に言及マジ！？,0
京セラ以外で唯一調子よく投げられるのが所沢なのかな,0
沢村いきなりホールド付く場面で投げて三者連続三振っておいおい,1
でも勝ち付かなくたって6試合連続完投は現代野球でできる業じゃねえよな,0
今まで「スマホ撮影のみんな頑張ろうぜ」みたいなポジションに勝手に居座ろうとしてきたけど(何で？)、ジャペーソ経験者とかにもどんどん出現してきて逆に俺がスマホ撮影なん隠さないと迷惑かかる雰囲気になってきた,0
張り替えてめっちゃ綺麗になってたペンタブのトレペがもうボコボコになってる,2
ねりはしない方がいいらしいね,0
甲種木曜施行にならねえかな,3
カラシ撮りに行きたい　行けない,3
急に顔を近づけてくるMMD好き真っ当なダンスでそんな状況発生しねえだろと言えばそうなんですが・・・,0
ゆうちょ記帳して大丈夫なの確認できたけど思ったより貯金ないしやっぱり盗られたってことになりませんか？,2
ボコにされてる平井が昨日の田嶋にダブって複雑だ,2
保がめっちゃ薦めてた住信SBIネット銀行とか,3
5点差未満でオリックスの投手がマーティンと勝負することは失礼にあたる(アンリトン・ルール),0
ツイッタ去年くらいから240pで動画上げるとノイズで画質が劣化しませんか？劣化しますよね？そう、劣化するんですよってわけでtwitter向けにD&Dで480pコンバートするバッチを作ろうと思いました,3
アニメだけがオタクを裏切らないで居てくれる。そうだろ？,3
俺にはtwitterで道化ぶりながら寂しげな笑顔を浮かべることしかできない,2
経歴にペン回しオリンピック日本代表って書いたら強そう,3
HGGってグリップめっちゃ簡単に取れるのとガチガチに固まってるやつで2分される気がするの,0
寝ようとしたら甥が起きてクソ笑ってる  どうすんだこれ  俺が面倒見るのか？,1
全く損してないどころか得してるのにスッと飲み込めないのは何なんだろうな　理由の付かない感情なら人にぶつけるべきじゃないし,0
がんばれ佐野　両打席とも内野安打になるかどうか微妙な当たりが打てればいいんだぞ,3
日内変動でこの時間なると昼間納得してたことにまたイライラしてくる,1
北川2世になってくれ,3
てかいま近鉄1dayおでかけきっぷあるから3000円ちょっとで名張とか志摩行けるんだよな,3
まさか一昨日じゃないよな？だとしたら露骨すぎる,0
お題箱もおふざけみたいな文章ばっか送ってたしなあ　と同時に送られる側でもあった,0
鈴鈴コンビほんとすき,0
ホエイはビタミンB群が含まれるとは聞くけどそんなに劇的に変わるもんなんですかね,0
ランサーズで打ち合わせしてた人がいきなり規約違反なってアカウント抹消されてて草草じゃねえわその分の金補償してくれんのか運営コラ,1
えーーーーーーーーーーーーー今日は子守り分担できて楽だと思ってたのに・・・父さん遊びに行っちゃったよ　マジか,2
ザバスの14食ケース空いたら洗って未改造用のペンケースにしたい、ウケモクで,3
王子駅のライブカメラ見てるとおぱく堂さんの電車走行キットを思い出して良い,0
最近やたら人と話す欲が強くてすぐリプとかDM送っちゃうんだけど、社交性が改善したわけじゃなくて躁転してるだけっぽいのが泣きアニメ,2
優先度の低い案件ばかり消化して実績作ってるという話も信ぴょう性アレとはいえ聞いたことあるしなあ,0
アカウントを変えずに他界(死なない方)できる人は器用だと思うよ,0
神のみぞ知るセカイのオタクだから真面目な文章書こうとしてもついふざけてしまう(関係ある？),2
イケメンの艦娘コスプレ好き,0
冬までに電気の契約会社変えたいね(小さい子どもがいるから電気暖房に頼らざるを得ず電気代が高い),3
嘘　たぶん適性ないからできない,2
早速横道に逸れてマイナポイントのYoutubeアカウント見てる　ちゃんとここちゃんに喋らせろ??,1
でも犯罪してない貧乏人と犯罪繰り返してる金持ちだったら後者の方が偉いですからね,0
国勢調査ネットでやると5秒で終わるな,0
明らかに相場未満の募集に販売実績0の出品者がわらわらと集まっているの何とも言えない気分になるな,2
雪乃に気持ちを伝えるときめちゃくちゃ下手な言葉を積み重ねたくせに、結衣には遠回しながらも一言でバッサリ行ってるのが・・・でも3期の間ずっとイマイチ見えてこなかった八幡→結衣の気持ちはこうでしたっていう答えとして完璧なのが辛い,2
まだその台詞の時点までなら解釈は分かれるけど、そのあとに続けた台詞からして八幡は最初からドライな見方をしてたんだろうなって,0
この歩道橋を見に行くために千葉へ行くことが確定してしまった,2
あっ次のお仕事案件決まった??,0
skebにリク投げるぞって決心したら仕事がまあ捗るね,0
大量の改造ペンとシコティッシュに埋もれて20代男性は黒い染みになった,2
ガチめに甥の面倒みるのキツくなってきたしファンクラブ作って写真アップしながら養育費集めないと割に合わんだろ,0
おそらくどこかでCMYKに変換されるであろうデータをRGBで作ってるんだけど再現性低そうな色避ければ助かるかな,3
黒い染みになる結末を1日でも遠ざけるために働く,3
手持ち無沙汰になったとき用に集めた前面展望動画が全く消化できない_(´?`」 ∠)_,2
1日の疲れが全部とれた,0
最近のモヤ神様だろｗｗｗｗｗｗｗｗｗ,0
ランチャーに設定したショートカットでもD&Dでパス渡せたしそっちで問題なかったわ,0
ふぉろわ～！が「何者か」になると何者にもなれていない自分に狂いそうになる,0
承認が早すぎて笑う,0
人生が豊かだ,0
マグロ赤身はささみに匹敵するタンパク質源　つまり・・・,3
来月のクレカの支払額見たらまたやる気になると思うんだけど,3
メモ帳とかコマンドプロンプトに音声入力やるとしたらMS標準のを超鍛えるかRemote Mouse使うしかない？,0
自分が音声入力使わないから全然事情がわからん；,2
クリップボードに保持してくれるソフトがあればpowershellコマンド使って取得できるんだけど～,3
旧垢に投稿したイラストを再掲する口実になるタグが意外と流れてこない,2
固定回線がダメなときは・・・怒っていいｗｗｗｗｗｗｗ,1
絵描きに精殺与奪を握られている,0
Googirlの絵柄そのままバンドリ描いてても違和感なさそうって思ってたがイラスト担当者のアカウント見たらガチで描いててワロタ　やはりGoogirlは百合サイト,0
検索してみたけど「そう…」って感じだった、使い所nullでしょ,0
伏見が1シーズン5本も打つなんてなあ　パワーあるのはわかってたけど,0
5000年ぶりにお題絵描きたくなってきた(発作),3
完全消化試合になってからのオリックスやたら点取るな,0
粉末プロテイン切れた,2
エイニメ保存しまくってたらバックアップHDDの空き僅かになってしまったな,2
休みなので手始めにクラウドソーシングサイトを開く,3
開始6分でもう500万円(目標の1/4)に到達してるんですが・・・,0
Firealpacaはフリーハンドと曲線の切り替えがめちゃくちゃ面倒くさくてショートカットキーも設定できないのでこれをなんとかしたい,3
最前面固定できるランチャーソフトにバッチのショートカット置いとけばいいのか　Claunchとか,3
pixivのリクエスト機能ってどんな感じなのか見たくて自分で設定してみたら5秒で完了してしまった,0
この手軽さはSkebにとってかなり脅威になりそうだなー,0
2020年の3/4が終わったってマジ？,0
コマンドでマウス操作できるようになったからあとSendkeys入れてキー入力可能にすれば自動化の対象がかなり広がるただしカーソル移動を座標で指定しているのでそれが通用する範囲でね,3
通話かキャスで今期アニメの一覧みながら喋る奴やりてえ,3
お題でガヴ描いたときにこれ言われたのは覚えてたけど俺のリプがマジモンのカスだな　なんて失礼なことを,0
二次元の話がしてえ,3
英検二次とかまさにそれ。あれ学生限定だっけ,0
看板は喋んないけど他の喋る案内仕事も今の時期はやりやすそうつい素でボソボソ喋って聞き返されてもマスクのせいにできるから,3
これって作画は修正版なんですかね？,0
なんか体重が急激に落ちてきた。トレーニング効果,0
やる気の波がデカすぎるのはどうしようもないので好調なうちに仕事を取りまくりたい,3
昼寝せず夜早く寝るようになったから昼間面倒見てる俺の負担がでかくなった,2
伊良湖港にいます,3
(仕事のメールが2件来ているのが気になる),3
船で寝よう,3
よっしゃーーーーーーーーーーー,0
序盤は一体何を見せられているんだ・・・となったが中盤以降は俺ガイルらしいキモ面白い展開でよかった,0
昨晩あたりから鬱転気味で気力わかなくてやばい,2
半年以上ニコニコ静画にイラスト投稿してないことに気付いてまとめて投げてきた,3
これで戦力大幅ダウンしてるロッテ相手に負けてネタにされるのがオリックス,0
由伸がマリンで好投してる　相性より調子が勝ったか,0
体重が減ったと思ったらその分の身体が黒い染みになってた,2
200円オーバーのカップ麺って美味しくてもかけた金ほどの味ではねえな・・・ってなるしもっとPBの製品攻略したい,3
艦これ再開したって言ったら・・・笑うか？,0
あとお恥ずかしながらケッコン後のリランカ任務やってないからそれやりたい　でも2期の通常海域攻略するところからなんだよな。。。,3
お世話になっておりますポイントためなきゃ,3
食事券方式だと食券制のラーメン店が参加できないのつらいな,2
リリックビデオ作ってみたい。,3
男女混成の親睦会カラオケでいつものノリでついアイドルソング歌いながら目線送ったりウインク飛ばしてしまい参加男子全員を惚れさせてしまう五十鈴概念！？！？,0
有線LANで繋ぐと見えるNASが無線LANだと見えない(違うネットワークになる)問題、二重ルータが真っ先に原因として思い浮かぶ,0
金が欲しすぎる。,3
朝霜改二が実装されたことも全く覚えてないしいつ改造したかも覚えていない,2
TVアニメ「何者かぶるのをやめた日」,3
秋アニメ始めていきますわよ,3
昨日はdiscordで元・有名艦これ配信者に見守られながら通常海域再攻略をしていた(謎),0
何者かになった人間のツイートは眩しい,0
創作意欲の絞り出し,3
いま仕掛かり中の作品が終わったらお題絵描きたいな,3
お題箱とか写真ACのログインでアカウント切り替えまくってたらロックかかった,2
GYAOのクオリディアコードこれ放送版と全く同じに見えるんですけど(4話の作画ウンチシーンが全く変わってない),0
主人公が闇ぶってる感じかと思ったら普通だった。ウケ狙いの部分は賛否分かれそうだけど俺は好き。あとはテーマをどれだけ広げられるか勝負かもね。,3
新堂さんが途中で「聞けよ！」って口調変わってそのあと蹴ってくるところガチで興奮する,0
保安教育のせいでAmazonから聖杯のおすすめメールが来た,0
かえって混乱を招きかねない,0
荒西ｗｗｗｗｗｗｗｗｗｗｗｗ,0
まだ変われる。 　　　　　．．．．．．．．いや、もう変わり始めている。,3
万人から見て何者かであることと、自分が大切にしたい人から見て何者かであることは違ってて、どっちも大事なんだなって,0
そんなん編集ソフト次第だろって話だけどノイズはエフェクトとして追加するのとなんかの素材重ねるのどっちが負荷低いんですかねバイパスのしやすさは後者,3
金木犀の匂いめっちゃ部屋に入ってくるね,0
今週は割と労働者してる,0
Dゲームでシギル発動するときのﾌﾞｫﾝみたいな効果音欲しい,3
仕事一件片付いてやり切った感出しながらメールボックス見たら新しく来てて流石に転がった,2
今期アニメでオタクが純粋なキャラ萌え視点に回帰しつつあるのを感じる。,0
意欲的に生きようとすると躁転すんのマジで,2
これ依頼側の説明スキルの問題だろ,1
ｳｰﾂｰﾍﾞｧｰの編集外注向けにサンプルは作りたいしソフトークに喋らせつつ何かしら一発芸の動画やろうかな,3
ちょっと今週は色々ありすぎたから週末は休みたい,2
といいつつまともな案件を取って口直しにしたい気持ちもある,3
わー朝が来てしまうー( ；∀；),2
今日はよく寝て、明日から頑張って復活する!!!!!!フェニックス!!!!!!!!!!!!!!!!,3
あああもうだめだ、大腸菌ミニ染色体複製系が頭から離れない,2
自分の口から咄嗟に飛び出た言葉が「どんがらがっしゃーん!!!!」だった時の衝撃,0
あかん…!!これはあかんやつや…!!!!(ToT),2
壁ドンって壁にパンチして「くそっ!!!!」って悔しがることだとかつて思っていた私,0
いい加減テスト期間終わって……… 夏休み来て……… 頼むよ…………,2
空が綺麗すぎて生きるのがつらい,2
やめてくれ………(´-ω-`),2
じわ……じわ…………,3
じわじわ攻めるのだよ,3
すんごく変わった面白いこととかものを教えてくれる人大好き。ヘ(≧▽≦ヘ),0
つらい…干からびそう…かえるだけに,2
よっしゃ明日は牛丼作って牛丼きんぐになるぞー！,3
げじげじなう,2
げじげじわず,2
つまり取り逃し(T_T)げじさん怖えぇ(T_T)(T_T)(T_T),2
どうしちゃったのかな…ううむ……,0
ぬおぉ…!!!!,0
ひらけごま,3
神社に行きたいぜ!!!!,3
くそねみマンハッタン,2
そして燃えかすマンハッタン,2
帰れない。かえるなのに(´；ω；`),2
がんばるんだもん。,3
くそやみマンハッタン,2
死ぬまでくそまじめに生きたい。,3
医学書よ なんでこんなに 高いんだ,2
せっかく時間があるのにこれじゃ何にもできないじゃんか…じゃんかじゃんか…(ノ_＜。),2
やるぞー！！,3
せなか全体的にめっちゃこってる～いたい(T_T)猫背め………,2
頭めっちゃいたい！！うそでしょー……,2
急勾配ってことばの響き、なんか好き,0
全くもってナンセンスなウイルスだな(憤慨),1
そろそろトビハゼと一緒に暮らすことをまじめに考えたい テストと風邪が終わったら……,3
わたしほんとあほー!!!!!!,2
かっぱとして生きるのも悪くないな……,3
自分は自分がまもる,3
ドラゴンって何？と聞く現地人。空飛ぶ蛇、と答える日本人ボランティア。,0
1年ぶりに、前住んでいた家の隣人（インド人）に会った。当時住んでいた家は、今振り返るととんでもない家だった。リビングは鉄格子で囲われてるだけ、ネズミは毎晩寝室まで侵入して、子どもの服に穴ができてたっけ。,0
砂埃舞う農村地帯に一日中いたら、おへそが真っ黒になってました。。洗うか。,2
現地スタッフに見積り書偽造されたって話を、知人日本人から聞いた。気づいたなら叱ればいいのに、恨まれたくないらしい。,0
声帯の問題か知らないけど、自分は話し続けるとすぐ声が出なくなる（声がこもる）。腹から声だそうぜ。,2
MacBookのバッテリー、アップルストアに行くのが手間なので自分で交換する。音割れする内蔵スピーカーも同時に修理したいけど、部品が見つからない・・,2
今週末沖縄へ行く予定があったけど、台風で予約していた航空便が欠航となった・・どうしよう。。,2
日本のタクシー、モザンビークより使いづらいです・・,2
ジェトロがモザンビークに事務所を構えるらしい。,0
モザンビーク戻りました。日本滞在が幻のような感覚。,2
モザンビークの国内線にて、乗務員にコーヒーを頼んだら水がきた。カップはコーヒー用なのに・・,2
ジムは続かなかった。月会員になったのに行ったのは初回だけ・・。今はヒップホップダンスにチャレンジ中、今日レストランで発表、だ！,3
倒れるまで仕事した=俺ってカッコいい　そんな構図が無くなることを願う。,3
テレビの映りが悪いと思ってたら、アンテナケーブルが切れててアンテナに付いてなかった。ケーブルだけでも映るもんなんですね。,0
ナンプラ、ザンベジア、ニアサ3州をまたぐ、二泊三日の出張が始まった。車移動の有効活用は、KindleかPodcastだと信じてる。パソコンは舗装道路でも酔う、揺れるコンクリート道路。,3
地方出張最終夜、全室50%のホテルが僕を迎えてくれた。調子に乗ってデラックスルームにしようか迷ったけど、普通に一番安い部屋を選んだ。お湯の出ないデラックスに未練なし。,0
バイクタクシーの移動の際は、サングラスをかけよう。人の視線が気にならないし、虫も眼に入らない。今日はかけ忘れて、虫が眼球を直撃した。取れたのか眼の奥に行ったのか、どっちなんだろう,2
年末年始はみんなお休みモードに入るので、仕事はクリスマス前までが勝負。,3
出張先の郡にて。宿の部屋をレセプション（警備員？）のおっちゃんに案内してもらったところ、その部屋のトイレをおっちゃんが使い始めた。長かったので、おそらく大だろう。違う部屋に泊まることにした。,2
こっちが証拠を見せても頑なに主張を曲げず、嘘の話をドンドン作り上げていくスタッフ、ちょっとこわい。。,0
「農村に滞在してたせいか、体調崩したよ」そう言いながら転がり込んできた居候（日本人）、バッチリ僕に風邪を移し、今日帰る。このバカちんが！,1
いい人と出会う回数を増やすには、人と会う回数を増やすのが手っ取り早い。情報と同じで、取捨選択は自分で行えばよろしい,3
日本で知人と会う場合、相手の都合によって週末になることが多い。正直、平日の真っ昼間とかの方が暇だけど、その時間帯に会ってくれる自由な人は少ない。,2
Tr?fico humano n?o ? solu??o da vida(人身売買は生活の改善策じゃないよー):そんな歌詞の歌が流れてきた・・その通りだ。,0
本はネットより本屋で探すほうが選択の幅が広い。Amazonだと目につく本の量が少なすぎて、ワクワク感が無いです。,2
日本の喫茶店でよくわからないのが、おかわりサービスで品を変えてはいけないお店があること。その制限で得することあるのか？と疑問に思ってたら、違う店では選択できた。日本企業と外資の違い、か。,0
今日日本を発ちますと親へ連絡したら、「あれ、まだいたの？｣って言われる。10日ほどの滞在期間だと、風のごとし動きではないのか・・,2
副業先で耳栓しながら業務してる、これが中々快適。イヤホンより話しかけるなオーラ出ないし、声かけられてもちゃんと聞こえる。,0
トン単位の密輸出が日常的に行われているのに、数十キロの合法的な輸出が税関で無意味に止められる現実。,2
アフリカ人の仲間意識は、アジア人より強い。モザンビークでサッカー観戦して実感。アジアはアフリカと比べ、国に共通するものが少ないのかなぁ。,0
北部カボデルガド州で連日報道されてる、武装集団による襲撃事件。政府は一時的な問題と言っているけど、象牙や鉱石で儲けまくってる集団だから、よっぽどの事がない限り撤退しようと考えない。,0
深爪のせいか、はたまたサンドバック叩いてたせいか、右手薬指が腫れ上がってものすごく痛い。もしかして・・ヒビ入ってるのか？,2
モザンビークだと、商品名が正式名称として使われてる単語がいくつかある。たとえば洗剤、最初に市場を出回った「omo｣という商品が、洗剤自体を表現する単語として認識されてる。,0
僕の中では90%ぐらい詐欺だと思ってる商取引、騙されそうになってる現地人に警告してるけど信じてもらえない。僕の信用度は詐欺師以下だったのか・・,2
足踏みひったくり、なるものが現地で流行っているらしい。「お前足踏んだだろ｣と突っかかってきて、注意を引き付けた隙に他の人間がひったくりしてくるらしい。車間距離と人間距離の確保はここでは大事。,0
久しぶりに路上で警察に止められた。「ちょっと待て・・サングラスを外してみせろ」→外す→「あ、日本人か。行け！」。・・本当に見分けられたのか？,0
先日、「うちの旦那は絶対浮気してる、あんた知ってるでしょ！｣という電話があった。本当に知らないけど、全く信じてもらえなかったのでいっそ知っておきたかった。,2
モザンビーク島200周年祭、オバマ元大統領が来るって話だけど本当だろうか。,0
モザンビークをもっと楽しむ方法「ポルトガル語上達｣。シンプルだけどこれか。,3
モザンビーク地方選挙活動、連日報道されてる。候補者が市民に「私が市長になったら、あなたを貧困から救ってみせる！さあ、どこの党に投票しますか？」と聞いたところ、市民が政党名知らなかった。。,2
農場で、買っておいた石鹸が倉庫から無くなった。スタッフに聞いたら「ネズミに持っていかれた｣とのこと。そうか、ネズミも身体を洗うのか。,0
宇宙人ですらワクワクを追い求めろと言ってるらしいので、ワクワクを追い求めようではありませんか。,3
モザンビークのATMシステムが凍結し、結構深刻な問題となっている。ATM使えないし、国内カードでの支払いも出来ない(BIMカードだけ使用可)。プロバイダーであるポルトガル企業と現地企業が交渉で揉めてるらしく、復旧の目処は立ってない。,2
世界一物価の高い国、アンゴラ。調べたら為替の公定レートがめちゃくちゃなだけで、街中の両替商で現地通貨に替えれば問題なさそう。,3
今日から一週間アンゴラ出張。モザンビークで培ったポルトガル語力が通用するか、今からビクビクしてます。,0
アンゴラ→南ア→首都マプト→自分の住む街という行程で帰る際、南ア空港の電光掲示板をふと見ると『南ア→自分の住む街』の直行便が表示されてた。・・マプト経由する必要なかった。明日は朝4時にマプト空港へ向かいます。,2
首都マプトにて、4000円ぐらいのそこそこのゲストハウスに宿泊中。隣の白人男性二人組が現地売春婦を呼び込んでいる中、日本人からもらったカップラーメンを音を立てながら食べてやろうと思ってます。,0
日本の電車、BGM流した方がいい。無音だとちょっとした音が気になる。,3
家から1番近いレストラン、改装中かーと思ってたらポールダンス付きのディスコと化した。,0
現地語を話そうと試みている日本人と、現地語を覚える気のない現地人、前者の方がコミュニティに圧倒的に受け入れられる。たとえコミュニティの人が共通語(ポルトガル語)を流暢に話せても。,0
今年の居住ビザ更新は、労働許可証の更新も重なって10万円以上飛んでいく・・ボランティアに戻ろうか。,2
モザンビークで令和のニュースが出てた。令和=harmonia(調和)と説明されてたので、聞かれたらそう答えよう。,3
中国人が次々とバーを開いている。老舗のレストランがキレイになっていたので、「お、ようやく改装したか」と思い中に入ると中国人経営のバーだった。最近は街中で若い中国人をよく見かける、日本人はボランティアすらほとんど見かけないのに。,0
風呂場の水道管が水漏れしてるようで、下の住民から苦情がきた。こういうケースでは、水道業者がコンクリの壁を破壊して水道管替えて帰るので、壁の修復は自分でする必要あり。・・セメント買っておこう。,0
急遽、明日から首都へ出張することに。久しぶりに南部言語話して、ささやかな笑いを取りにいきます。,3
ラインで、アカウント乗っ取られた人から「近くのコンビニで○○カード買ってきて」と頼まれましたが、近くにコンビニないのでお断りしました。,0
省庁でのプレゼンを終え、颯爽と首都から立ち去ろうとしたところ、「飛行機4時間半遅れるから」とチェックインカウンターで言われた時の虚無感。,2
今日、試験的に郡の中心街でモリンガ葉の買い付けを行ってみた。情報は瞬く間に拡散され、葉を持ってくる人が殺到した。100kg買い付けたところで締め切ったが、1日500kgぐらい集められる可能性を感じた。,3
Sorumaって大麻のことだったのか。モザンビークではここ5年で摘発量が3倍近く増えたとのこと。最近ではブラジル女性がチョコにコカイン入れて密輸しようとして捕まった。ドラッグ大国にならないことを願う。,2
今の自分じゃ厳しい仕事を「半年後ならなんとかなる」と考え引き受けてみた。ベジータ襲来前の地球人(+ナメック星人)も、準備して結果出してたしな。,3
副業先でポジションが変わったので、名刺50枚秘書に頼んだら500枚来た。配り終えたら副業が本業へなるレベル。,0
頼んだ時は快諾するのに、いざ仕事の際に音信不通になる人が結構多い。できません、と事前に言ってくれたらどんなに有難いか・・。,2
モリンガ加工施設のある郡から僕の住む街(ナンプラ)の夜の移動、バイクは絶対にやめたほうがいい。道中、ワイヤーを張ってバイクを待ち構える強盗がいるらしく、被害者続出とのこと。おそろしや・・,2
電話でお互いの意見が一向に噛み合わず、5分ぐらい話したら相手が無言状態となり応答が無かったので切った。 数時間後、相手から電話が来て「Descomunica??oだったから会話を続けられなかった」と連絡が。初めて耳にした単語、「意思伝達不能」との意味らしい。,2
選挙キャンペーン中の基本注意事項1. 政党が集まっている場所には近づかない2. 夜の不要な外出は控える政党同士が出会うと暴力行為が発生する可能性が高いので(実際発生中)、その場に直面しないよう気をつけること。,0
携帯通信を3G→4Gへ変えようと思いつつ時間が過ぎていたが、今日ようやく変更手続きに行けた。そして知った。・・・既にモザンビークは4.5Gに突入していた。,2
Zamb?zia州Quelimane市に、父親が与党で郡知事だが、野党を応援している人がいる。その人が何者かに襲撃され、血だらけになっている写真がSNSで拡散中。父親は選挙キャンペーンを停止し、息子のいる500km離れた場所へ行ったという。今年の選挙は、血生臭い。,2
モザンビークに戻りました。滞在地ナンプラへ戻ってビックリ、平日なのに街の活気が無い。与党の全面勝利、という選挙速報に不満を持った人が大量にいて、近いうちに必ず何か起きる。みんなそれを知っているから、外出を控える傾向にあるとのこと。,0
近所で働くモザンビーク人から「他の日本人は何かくれたりするのに、お前は何もくれない。お前は友達じゃない！」と時々言われる。オッケーじゃあサヨナラだ。毎回そう返事してるけど、翌日も変わらず話しかけてくる。これがツンデレってやつか。,0
大統領選挙、与党の勝利。今日から与党はお祝いムード、党のTシャツを着た人が町中にいた。協力隊は明日から3日間、自宅待機とのこと、適切な対応だ。おそらく現地市民も、選挙後の数日のように不要な外出は控えるだろう。,0
モザンビーク銀行から民間銀行への指示により、来月11月までに個人情報を更新しないと、銀行口座が凍結されます（個人口座が対象）。銀行によってはネット上で更新申請できるので、早めに必要書類を集めて更新したほうがいい。,0
モザンビークの銀行では、数十万円程度の預金をすると担当行員が付き、VIP用窓口を利用できるようになる。手続き関連は担当者が個別対応してくれるので早いが、預金・引き出しは共通のVIP窓口を使うため、行列によっては2時間以上待たされる事も多々ある。,0
今回の修理項目・水ポンプ修理・蛇口交換・水漏れ修理・水道管交換・電気修理5箇所修理してもらい、支払いは6千円弱。料金はこちらから提示。,0
カタール航空のトランジットでドーハに22時間滞在。空港内のインフォメーションデスクへ行ったら、食券(4500円分相当)渡されて四つ星ホテルへ送迎してくれました。こちらの負担はゼロ。明日はモザンビーク。,0
突然協力隊の人から電話が来て「インスタ見たんですけど、写真のロブスターパスタどこで食べれますか？」との問い合わせ。日本から来た友人と今から食べに行くとのこと。Bom apetite.,3
【ストリートチルドレンと会う約束】今日はこれから、先日知り合ったストリートチルドレンと会ってきます。路上で歌を唄って生計を立ててるらしく、前会った時は自作の歌『ぶたないで』を聴かせてもらいました。将棋に興味持ってたので、試しに教えてみます。,3
『乗り物の乗客人数を定員の3分の1』縛りによって、長距離移動バスの就航が止まる事態に。儲けが出ないから当然だ。公共交通機関だけでなく、自家用車でも適用される。知人の家族は走行中検問で止められ、定員オーバーによりUターンを命じられたとのこと。あ・・もしかして飛行機の国内便も？,0
やっと思考のベクトルを『現地スタッフを誰も解雇せずにコロナを乗り切る』ことへ向けられました。合理的な選択を勧める『やんび?A』もいましたが、それを選んだらモザンビークで事業続ける意味ない、とつぶやく『やんび?B』の意見を採用しました。野菜栽培、養鶏の新規事業2つに賭けてみます,3
インタビューで転機の話を聞き、人の行動を大きく変える時はスイッチの入る瞬間があると思った。自分は茹でガエル状態だった大学3年の時、就活を途中放棄した。言語化できないモヤモヤの正体を知るため、休学し長期インターン。おかげで茹でガエルから迷える子羊へと進化(？)することに成功。,3
先日、近くの郡で民家10軒が燃やされる事件があった。イスラム過激派の反抗の可能性もあるので、州全体が警戒している。別の郡に住む知人農家に連絡したら、彼の住むコミュニティでコレラが蔓延し、人がたくさん亡くなっているという。コロナが霞む問題が、周囲に溢れている。,2
先週末、協力隊OGとモザンビーク事業について意見交換をした協力隊が終わり数年経っても、任国に思いを馳せ「いつか事業をやりたい」と思う人は多い今回は『遠隔で事業を実施することは可能か？』について話し合った。そうだよな、遠隔でできるなら敷居はだいぶ下がる。Youtube動画で取り上げよう,3
現状維持が成り立たない状況で、それでも現状維持に固執するのはリスク。最近農業系の会社へ転職した友人は、何かを感じ取りアクションを起こしたんだろう。,3
週末に初のインスタライブをやろうと思ってますが、ぶっつけ本番は怖いので平日にテストライブは必須。日本と7時間時差があるから、こっちの夜にテストすれば誰にも見られず予習できるはず。トークテーマは『モザンビークの呪い文化』これで30分は話せるだろう。たとえ視聴者ゼロでも。,3
水が突然出なくなり「あぁ、ポンプ故障した。水道業者呼ばなきゃ」と業者呼んだらタンクに水が無い事実判明。シャワー浴びれないので昔知人が使っていた『ジム通ってジムにあるお湯シャワーで身体を洗う』技を使おうと考えたが、コロナ規制でジム営業してなく断念。雨を待とう,2
動画編集はこだわるといくら時間かけても終わらない。ブログと違って公開後の編集が出来ないのがツラい所だけど、経験値を得るために70-80%の出来でも公開していったほうがいい。目標の動画100本公開まで残り70本。これからまだまだ編集技術を改善していける。,3
動画の合成用に背景布（クロマキーグリーン）がほしい。モザンビークで見つかるだろうか？日本の背景を合成しトークすれば、擬似的に日本へいる状態を作れる。外出規制が敷かれる前に買わなきゃ,3
先日モザンビーク中部で鉱石の密輸グループが捕まり、その中に日本人もいたとニュースで報じられていたらしい。一瞬「知ってる人かな？」と思ったがさすがにそんな事する知人は見当たらず、現地刑務所にいるであろう見知らぬ日本人が気になった仕事終わりの午後。,0
保健省によると、僕の住むナンプラ市では全地区でコロナのコミュニティ感染が確認されており、もっとも感染リスクに晒されているのはマーケットの売り子。先日ケール卸先を探すため中央市場へ行ったところ、入り口に手洗い場所も無く驚いた。対策を怠る場所があったら他の人たちの努力が無駄になる。,2
Youtube動画、エンタメ性の強い動画も作っていきたい！ということで企画案を20個考えた。・ソーシャルディスタンスを保って路上で野菜を買うことは可能か・全問正解するまで続く利き現地ビール・現地スタッフの買った激安中古自転車を見に行ってきたやります。,3
Final Cut Proで編集し1GB以上のデータを毎回Youtubeにアップしてたが、解像度もっと落としてもいい気がしてきた。インスタ用に480pを用意したら、10分の1のデータ量で画質もそんな気にならなかった（スマホで見たら）。モザンビークでも継続投稿できる体制を作っていこう。,3
人間関係で厳密な損得を考えると息が詰まるので「まぁ他人に良くしておけば困った時誰かが助けてくれるさ」ぐらいの感覚で過ごした方がストレスフリー個人的にはこちらへ致命傷を負わさない人であれば交流可能,3
今日は「ビール工場でビニールシートが格安で買える」というガセネタを信じてビール工場へ突撃し、見事に入り口で警備員に入場拒否されました。1年前は二酸化炭素ボンベが買えると聞き突撃→失敗ビール工場にはビールを求めるのが正解のようです,2
成功者でもなんでもない自分が他者へ価値を提供する場合、先に考えを発信してフィードバックもらいながら発信内容を固めたほうがよさそうだ。「今こういう生き方を試しているんですが、皆さんはどう思いますか？」と素直に投げかけてみよう。完成版を目指すのではなく改善版を積み重ねる意識,3
知人情報によると現在モザンビーク?日本の航路は・カタール航空（ドーハ→成田）・モザンビーク航空  1）ダルエスからエチオピア航空乗り換え  2）ダルエスからエミレーツ航空乗り換えの3種類。5月に自分が予約したトルコ航空はトの字も情報出てこない。カタールで帰ろう。,2
ドーハ乗り継ぎ17時間を空港内で潰した僕から「絶対ホテル抑えておいたほうがいい！(バタッ)」と言われた友人は、来週同じ経路で日本へ戻ってくる。過ちは後進の者へ伝えていきたい,3
【緊急事態宣言下の不当拘束に対する訴訟】Zamb?zia州Milange郡で、バングラデシュ人が地元政府に不当拘束され商機を逃したと訴訟。農作物の仲買人にとって、買い付け時期は命。買い付け予定であったキマメが釈放後に値上げ済み→1千万円の機会損失 という話,2
『ある程度学習が進んだら、その道に精通してる人に個別指導してもらった方が効率いい』フリーランスで成功した友人が言っていた。基礎を学ぶ中で浮かんだ疑問をまとめて解決してもらう1時間、有益だろうな,3
日本というだけでジャングルの王者ターちゃんばりに力が失われているのに「六本木で誕生日パーティーやるから来てよ」とブラジル人から誘われた日には断り文句を考えることで精一杯だ・・・せめて昔のホームタウンの所沢にしてくれ,2
知人の大学院生から就活相談の依頼が来たので快諾。が、自分でいいのか甚だ疑問・就活を途中離脱し休学・世界一周を目指すも金が貯まらずタイとカンボジアのみ・国連目指すために協力隊、でも気が変わって現地起業そんな自分に出来ることは『こんな奴でもなんとかなってるよ』と励ますことか,0
モザンビークでお世話になった水産加工会社の社長さんへ連絡し日本で会えることになった！が・・・年上の人と行く居酒屋ってどういう所なんだろうか。。モザンビークだったら選択肢自体が少ないので店選びに困らないけど、日本の多種多様なお店の中から最適なお店を選ぶのはコツがいりそう。,3
先日お会いした社長からも言われましたが、今の時代ネット経由で世界へ営業かけれるので本当に便利。昔は海外企業と電報やテレックスでやり取りしてたんだよ・・・と話す社長。テレックスを知らない僕。もうじき5G時代ですね,3
ぱいなぽーがうまくいってるのが母親的目線で嬉しい,0
祝賀会楽しすぎてまだお祭り気分抜けない,0
スーツのストレスすごいけどがんばる,2
印刷されてたプリント類が消えて、それをもう一度刷る時ソートで印刷しちゃって踏んだり蹴ったり,2
ザケンナ華音,1
あー計画性なさすぎて授業準備終わらん,2
チャイ語落ちたし英語1クラ(？)になってしまったし、言語の神様に嫌われてる気がする,2
今日S科目も行けるんだっけ？,3
スタバのイチゴのやつ売り切れててショック…,2
レポートおーわりっ！,0
バド入れました！,0
スペ語の先生個性的で面白かった,0
カエル解剖したらその後もふとした瞬間にカエル臭が蘇ってきてきつい,2
この時間のプリングルス、罪悪感から余計美味しい,0
喉きのうより悪化した 今日は囁くことしか出来ないけどお許し下さい,2
バスから外見てたら桜生がいて驚き,0
切実に声出て欲しくて、ノドナオールっていう謎の薬を見つけても今なら買うわ,3
ボードゲーム行きたかった…,2
飲み会の楽しさと怖さを同時に知った,0
ディズニー空きまくりでありえないくらい楽しかった,0
マスク忘れた。死亡,2
スタバなう,0
なんか夜って無性に切ない,2
お尻の骨出てるってガチだったわwwwww,0
念願のモバイルバッテリーを手に入れた！,0
質問箱ブームはんぱないけど頑として乗らない予定,0
ひまぴーまん,2
同じ電車に謎のイケメンがいる,0
脱出ゲーム好きな人いませんか…？,3
自分が言ったこと曲げるのは嫌いだけど質問箱やろうかな…,3
やってしまった どこかのカラスのせいで,2
今日たこりん初めて行ったら想像以上に美味しくておばちゃん応援したくなった,0
kskの班一緒のメディが男子しかいない件…,2
なんか変だと思ったら無意識に別の駅でおりちゃってたしもう今日はダメな日だ,2
つけめん食べたら口がにんにく臭くてつらみ,2
裸眼で1.5とかマサイ族やん,0
まだ品川なの詰んでる,2
初ダーツで、ダブルブル2回とれた！これはもしや才能あり…？,0
インソムニアトレイン@富士急 楽しすぎて余韻に浸ってしまう…,0
電車の中で号泣とか笑えない,2
今日食べたもの:ニューデイズのおにぎり(鮭)、ニューデイズのおにぎり(昆布)、ニューデイズのおにぎり(ツナマヨ) QOL最悪や(..),2
綺麗な無回転,0
っぶな,0
ほんとお疲れ様日本代表,0
眠すぎて今から寝る,3
京浜東北死んどる 案の定1限登校無理や,2
足捻った…,2
フォス今から本気出す,3
フォス切ろうかなというか全休わんちゃん,3
アカペラ行きたすぎた… 朝急用ができたせいで行けなかったぁぁぁあ,2
私はしゃっくりを一回でとめるプロかもしれない,3
やるやんクロアチア,0
スタバの新作飲みたすぎる…！,3
帰ったらデニソンとの戦いが始まる…,3
がっつりドタキャンされてつらみ,2
ラインしてたらまっったく荷造り進まないという罠,2
部活の後輩に先生って呼ばれてエモい,0
長電話楽しい,0
八百長,0
人文ガチャ当たった！,0
りんかい線激混み,2
京浜東北の混み具合異常… ホームにすら入れなかった,2
火曜ばっかり朝人身事故起こすのなんなん…,1
フォス今から頑張る…。明日の朝まででいいんだよね…？(^^;),3
あれ今京浜東北であいばを見た気がしたけど気のせいか…？,3
ダイエットを決意した瞬間に親がチーズケーキ買ってきてるってほんと罪すぎる…,2
サブウェイ破産は悲しいな…,2
え、マテリアクレープ閉店…,2
明日テストだってことを今思い出してしまった,2
1番ダサい服の人がおごってもらえるっていうダサい飲み会やってみたい…笑笑,3
11時集合でみんなに絶起されて暇すぎるので山手線一周(電車)を決行する説あるw,3
車校で朝イチからキャン待ちしても乗れなかったから、ただただ教習所で2.5時間自習しただけの人になってしもた…,2
お金なさすぎて、Suicaにもほぼ入ってなくて現金もほぼなくて駅から出られない人になってしまった…おわた…,2
シンプルに月が綺麗で沁みた,0
明後日国府台行くとするか…。実験ノート回収してほしい人いたら私に言ってくれればとっときます笑,3
足全体筋肉痛に加え、足裏の水ぶくれがあるし、連日の食トレのせいでお腹もやばいし、スキー行ったら遭難してしまいそう,2
やっとなんとか歩けるくらいにはなりました…みなさんご迷惑ご心配おかけしました,2
JR止まってたら学校行くの不可能過ぎる,2
流石にこれは睡眠学習に切り替えるべき,3
変な時間に寝落ちたら、寝てる間に色んな人にスタ爆してしまってて怖すぎる…,0
サンマルクカフェの抹茶ラテ、マンゴーの味,0
やっぱ教えるの楽しい、、数学の楽しさを伝えたいってのは前からずっと変わってなくて、誰か1人にでも伝わってたら嬉しいなってつくづく思う,0
20歳までもうちょいって浮かれてたら、国民年金加入の案内が来て現実味がすごい,0
無限にラーメンが食べたい、、ギルティ、、,3
単語に追われながら裁縫する辛さは計り知れない,2
弁当をトイレで洗う芸人についになってしまった（ ; ; ）,2
あなばん衝撃すぎる、、！！！！信じたくない…,2
午前8時までJR全部止まるなら、さすがに午前休にしてほしいなぁ,3
久々に本読んだら楽しすぎて4時間ぶっ続けで読破してしまった、、読書の秋,0
ワールドカップバレーアツすぎる、、がんばれ！！,3
箱根くると大抵知り合いと遭遇する笑笑,0
2020あけましておめでとうございます。今年も宜しくお願いします！,0
喉がお亡くなりになってしまった、、,2
喉痛すぎて寝れん…授業して悪化しないわけがなかった、、,2
クモ膜下槽のうち、100円均一で物が買えるところはどこでしょう？ ↓ ↓ ↓ ↓ 大槽wwww 疲れてますね、はい笑,2
やっぱり気の置けない人と美味しいご飯食べるのが至高の瞬間だよなぁ,0
美容室で中学生ですか？高校生ですか？って聞かれたんやが、、、うーんそんなに童顔ではないはず…,2
3/27-4/1の海外旅行がなくなってつらみざわの極みなので、みなさん遊びに誘ってくださいーー｡ﾟ(ﾟ´ω`ﾟ)ﾟ｡,2
東洋医学GW明けに試験なのかぁ、、今年もGW遊べんやんーー,2
学長がテレビ出てるよーーって言葉で起こされる朝,0
8時間半ズーム飲みしてたのはさすがにやばい、笑笑,0
テネット、久々に心が泡立つすごい映画だった…アクションも凄いし伏線回収も鮮やかだし、何よりストーリー展開と魅せ方が最強。でも全てを理解しきれないほど難解w,0
ジョンヨン悲しすぎる…ゆっくり休んで欲しい(/ _ ; ),2
春服買いに行かねば,3
何が正解なんかもうわからん,0
数学のように正しい解答があれば楽なのに,2
良い１日過ごせて満足,0
通勤時間と読書時間を邪魔する人は敵と見なします,1
今日だけ自分を甘えさそう明日は絶対勉強します,3
j.n.dJust Notice Difference,0
雲が白く見える原因→太陽光が雲を通過するとき、すべての波長が一様に散乱するため、すべての波長が含まれた色＝白に見える,0
上司の方が｢これからは○○のリーダーとかボランティアではインパクトが薄いよね」って言っておられた,0
今日、給料日やけど、バイト頑張った方がもっと収入あるような…………,2
ラーメン食べたい帰りに四条寄ろうかな,3
誰かおらんのかな,3
今日仕事頑張ればある程度気持ち楽になれる,3
あんだけ運転したのに今から主任の車で宇治まで行くとか笑える,0
今年1年で・FP・インテリアコーディネーター・宅建・カラーコーディネーターのどの資格から取得しようか、、、,3
ほんま嘘つきばっかり,0
3億円あればマンション買って家賃収入だけで一生暮らしていけるんか、、、権利収入としてはありよな,3
来週の火曜日に有給取って三連休にして身体の疲れ取ろうかな笑,3
自分はコミュニケーション能力高くて、プレゼン力はある方やと思っててんけどな。。。めっちゃショック,2
フットサルしたいーっていうより運動したい,3
社会人って思ったより遊べないもんねんな(´･ω･`),2
ツイッターって廃れたよな,2
これからは本気で勉強頑張ろ今までだらけ過ぎた,3
出来ることなら明日車で出勤したい笑,3
めっちゃ筋肉痛やん( ?????)??,2
いつもいる人が今日も絶対そこにいる保障なんてなんてないのよ,0
思った以上のリプライが来て、なんかごめんなさいって思ってる笑,0
先輩らのせいで明日、昼まで出勤とか笑えやん,2
ベルトの穴が2つきつくても入るようになってもうた笑ここまでくるとどうやったら太れるのか教えて貰いたい,2
電話かかってくるとは思わなんだ,0
会社の創立記念日とかで給料＋30000されてたほんまに嬉しい笑,0
コードブルーのコミュニケーションスペシャリストの人が1番可愛いと思う,0
僕って気分屋なん？,0
メゾンドブルージュに行きたい,3
ワンピースのマンガ1?55巻いらんから売ろうと思うけど、10000円とかで買ってくれる人おらんかな笑,3
先輩に愛想ないって言われた笑つら,2
めっちゃ寿司食べたい,3
アウトレット行きたい！秋冬服買いたいなー( ??ω?? ),3
なんか甘いもん食べたい,3
ひつまぶし食べたい,3
パラレルワーカーになってもよいかな？,3
本来は三日間北海道の予定やったのに(´･ω･`),2
身の回りの物全て整理しよう。,3
そろそろ対応しよう。,3
この幻覚はいい幻覚だ………,0
地方に政治力というパワーワード,0
知ってる俳優さんがどんどんいなくなる悲しみ,2
あっ、ぶんじさんの誕生日じゃん,0
将来岡山住みたい…,3
今年は本当に雪が降らない,0
一回の風で(以下略),2
幼女戦記劇場版すごく良かった…… もっかい見たいから円盤買おうかな……,0
約ネバのママ役どっちかというと天海祐希だろって言う人いるけど、天海祐希はやるとしたらグランマイザベラだと思う。 (ママ時代のイザベラだと役不足だろうと思う),3
路線としての考えって多分2つあって、 ・自分が走り続けること ・その地に鉄道が走り続けること で上官が来たとこはこの2つのせめぎ合いで苦しむけど、お兄ちゃんは1つ目がほぼないんだろうな。,0
ごてじゅに最高かなと,0
長崎本線死亡のお知らせ,2
ごてさんめっちゃ重くない！？ あの制服の下はもしかしてスカさんを超えるほどの筋肉が……,3
でもじゅにゃの理想はスカさんだよな… つきすぎても駄目なのか？なるほど？ それともあまりに身内すぎて認識してないとかか？ (身長差の可能性もあるだろうけどごてさんが高い印象はないぞ……),3
コロナで暇かつ鉄道が好きな方は 「駅名記憶向上委員会」タグの動画とか「駅名替え歌」タグの動画とかおすすめなんですがどうですか,3
というかよく見たら北の大地試されすぎでしょ…… まともに支線残ってるのはこさまくらいじゃん………,0
廃線アンソロ読みました。 一発KOなところに連続ボディブローが来た感じですごい良かった………,0
小型はこさまにビールっ！！ そこはかとなく感じるアウトロー！可愛い！！,0
是非とも間違えて欲しいが、 雪が全てを否定する…… 在来線は雪に弱いのだ………,2
つるがさんの顔がええんじゃぁ……,0
最年長ってどこのとこでも有能そうに見えるけど少し残念で押しに弱い気がする……,2
最近ぶんじまというかぶんじさんがいいなと思って支部あさりをしている。,3
死ぬのは冬だけど、消えるのは夏だよな。 濃い空色に溶け込んでいく感じがする。 そして消えるのはしんとうだ。,3
神回 今回の青鉄更新は北信勢にとっての神回よ 愛おしすぎん……？何なのあの三人………,0
とりあえずセラムンチャレンジ可愛よ………,0
あ?????古参ってみんな身勝手なの！？ 成長して欲しくないって言っておきながら成長したらしたで今度は上司であることを求めるその姿勢よ…… 小さい頃に教育しなかったでしょうが！,1
ながのちゃんはエンゼルホイップだけど陸上官はオールドファッション,3
ななおさんとたかやまほんせんって絶対仲良いと思うわ,3
北陸実装来たーーーーー！！！！,0
中央リニアってもうヒトガタ出ていてもおかしくないのでは？,3
今回の更新、あらゆるカプに対して殺傷能力が高すぎでは？,0
二人でpc並んで見るの可愛いかよ…… 流石北信,0
四国……電車…… 徳島……無理………,2
更新……… 母は眠ったままでいいって…… それでも3時間戦争はちゃんとやる,3
そこ！そこ！こっち向いて！ せーぶのおーみやさん！,3
ええええええ！？嘘だろ…… ヒロタ閉店か……,2
いつの間に山陰新幹線が……！,0
めっちゃ御本家っぽい二次ある！！って思ったら御本家だったこと青鉄ではよくある,0
兄さんを兄さんと定め、弟が従ったという点が青鉄の根幹を成しているのではないかと思う。,0
真岡鐵道と関東鉄道が都道府県魅力度ランキングのツイートしてるの見ると、ただの共喰いにしか見えない。,0
妄想の段階ではいい感じなのに文字に起こすと途端に輝きが消え失せるの何？,2
マイク用のアームとかそろそろ買うか?,3
ろくでもねえ,2
俺みたいに海綿体折ってから出直してこい,0
サイフォンはストロングゼロにストローを指しながらMCMのリュックを背負い歌舞伎町を練り歩いてるらしい。,0
カコグリって使い込んだらサラサラ感なくなるのかな,0
残念だけど、火のないところに煙は立たずというので…,2
フォーリナー君めちゃ強そうですねぇ！,0
許さねえ…（約2年振りの課金）,1
1時間半歩いてきた,0
しばらくは二郎行かなくていいな…,0
二郎食べたくなってきた… ,3
幸せになりたいから吉祥寺の猫カフェ行こうとしたけど案の定営業休止しててそりゃそうじゃとなった,2
【悲報】ケイコさん、ウンパク族だった。 ,2
病院に向かう途中の電車で元カノと再会してメンタル死んだ,2
ヤマダ電機でMac見てたけど普通に欲しくなっちゃうよな,3
ただ身内でMac使ってるのランさんしか知らねえ…,2
高校の後輩が襷坂のメンバーになってた、喋った事ないけど,0
配布石なめんな！！！！！！！！ ,1
青猫はサウスポーなので怒,1
猫知多からの通知がバカうるせえ?！,1
手の痺れ一生治らん,2
未だに斧メインでたまにドロポ使ってるワシは老人なのか…？,2
世界一美味い米料理は寿司でもチャーハンでもオムライスでもなく飛騨地方の五平餅なんだよな,0
家の横にある花壇を綺麗にして小さな畑を作ることにした。1年目は土を慣らすこと、手入れをあまりしなくて済むこと、勝手に育ちやすいことを目的として芋を作る。,3
幸い天然の腐葉土が沢山あるのと土壌のpHがいい感じなので肥料すらも要らなそう,0
眠いので昼寝します、15時までに浮上してこなかったら土に埋めてくれていいよ,0
まだ眠いので追加で少し寝よう,3
夜に駆ける、めっちゃ疾走感があって良い曲と思ってたら恋人と心中飛び降り自殺する曲だと知り、カッツソロのエニカツの笑顔が別の意味にしか捉えられなくなって辛い。,2
ヤンゴシはよ就活終わらせて無敵になってほしい,3
ルイベ漬け食いて?,3
千葉の店主って元々どこの店舗の人なんだ？,3
喰いタンかて,0
結石=くねおさんが頭の中で成立してしまってるのでもうダメ,2
運転できるようになったら絶対的守谷二郎に行くぞ行くぞ…,3
渡部一夫の本を買った,3
でんがなまんがな本当に好き,0
税金や公共料金の支払いで3万近く飛ぶのに給付金でまた黒糖を買おうとしてる時点で俺はもうダメかもしれない,2
これから徹夜で撮影します,0
風呂と夕飯のためだけに実家に帰るの親からしたらきしょすぎるだろうな,0
田園都市線沿いに住みたいって3億回は言ってる,3
0時からぶっ通しで撮影してるしなんなら楽しくなってきた,0
2時に起きるつもりが今起きた…,2
昔のCV見てたら最寄駅が大泉学園のスピナー出てきてマロタ,0
腕が痺れてる中での撮影地獄すぎる,2
jcの結果次第では鍋会で消費される酒の量がかなり変わってきそう,0
？？？「でもお前顔面Dアニメストアじゃん」ワシ「うぅ…」,2
やっぱり大泉学園は最強,0
カオスの後ろのポッド部を4つに増やしてX字状にしてた記憶がある,0
流石にディズニーランドもユニバも行きたくなってきた,3
就職なんてせずにヒモ生活が一番良い,3
感想ください今後に役立てたいです,3
クリムゾンがYouTube始めててワロてる,0
ペン回しの世界入る前に少しサバゲーもどきやってたけど楽しかった思い出ある,0
俺も1080pなんだけど画質設定のせいかそれっぽく見えない説ある…？,0
OBSでの画質設定また考え直す必要ありそう、もしくはコンデジで撮るか,3
GH4で撮るのは流石にコスパ悪い,2
ガンプラもそうだけどバイクと船のプラモデルもやりたいんだよな、難易度高そうだけど,3
汚い話で恐縮なんですが、変な体勢で転んだ結果金玉が思いっきり挟まれて（潰れて）女の子みたいな発狂をしてしまいました。,2
なんで僕昔から股間ばっかり怪我してしまうん…？,2
集会所の仕事が早すぎる,0
林さん100%寝てて笑う,0
JIROが俺を呼んでいる…,3
二郎食うってなって俺だけ遅刻せずに現地到着するの奇跡レベルで我ながらビビってる,0
今日スピナー全国の二郎行きすぎだろ,0
美容師になったスピナーおらんか…,3
劇場版ラブライブ!の上映から既に5年経ってるとかいうヤバ事実ほんとやめてくれ………………………………………。,2
深田ウェイみ,0
無水カレー作りてえ,3
パイナップルが入ったピザが食べたすぎるので夕飯はピザーラにしてしまおうか,3
えん寺また行きたくなってきた,3
下見で人生初のバーバリーに入った…,0
こんな気温の中新宿1周して買い物するってやるもんじゃねえな…,2
グッチの店員さんめっちゃ良い人で良かった,0
富士見台の王将潰れてたんかい…めっちゃ泣く……,2
ワシも無線マウス欲しいけどトラックボールにするかlogiのゲーミングにするかで迷うな,3
生きててすいまてぇん…,2
ろおくさんが一生「でんがなまんがなwwww」と言い続けるだけの夢を見て本当にキレた,1
今川焼きってそんな地方によって言葉変わるのか…,0
今アクリル板を作ってる会社は相当儲かってるんだろうな,3
エグすぎてゲラゲラ笑うことしかできない ,0
どこからともなくゲェに絡まれるのつらい,2
今日変なのからばっかり目つけられる ,2
ウンパク族散った…完全に戦犯僕でした。,2
でもスピナーと歌舞伎町深夜徘徊オフやりたいんだよな,3
明日は「このバカスケが！」と言ってやろう,3
庭の手入れしてたら暑さで溶けた,2
本家ぎゃりー君はどこに行ってしもたんや…,2
もうこの先一生コミケで本買うこともないんだろうな,2
色白と桜台行きて,3
川越、鶴ヶ島、入間あたりは都心部からは確かに遠いけど家賃もかなり安いし1本で池袋とか新宿いけるからありっちゃありだよな,3
将来結婚して家庭を持つとかになったら住んでみたい街,3
ディズニー行かなきゃ……………………………,3
ペンスピ社畜部はいつでも君を待っているぞ！,3
アパートかなり綺麗にしたのでこれで3万人は人呼べる,3
めっっっちゃ早く桜台来てもうて途方に暮れてる,2
どりりんさんめっちゃメルカリ使いこなしてて凄い,0
今度インプとアクセラの試乗に行くの割と楽しみにしてる,3
青猫さんが家に来た時にバスターでFS撮らせるべきだった…！！！,2
らくさんのペンに使う例の三菱ペン安かったから買っちゃった,0
スピンショップのアクリルペンスタンド普通にいいなーと思ったけどハンズとかにも売ってそう,3
いつも通ってる映画館が8月末で休館になる事が決まり、コロナ関係で初めて泣きそうになった。あまりにも辛い。,2
昨日のオフでtokyuさんが生きてる上に今もペン回してるって聞いてめちゃくちゃ懐かしい気持ちになった,0
旅行×ペン回し×一眼みたいな動画って何かなかったっけな,3
数年前から欲しかったTHULEのカメラバッグ買っちゃうか,3
最近のvtuber全然分からんけど、御伽原江良のちゃちゃまるとしょぼんの切り抜き見て戦慄した,0
老人なのでFG2ndを見て感情になってる,0
しゃでぃみあるぺん作った ,0
3日くらい前にスピループスでペンを買ったんだが、ログインせずに情報だけ打ち込んだせいなのかメールが届かないので本当に買えてるのか不安でしかない。普通にアドレスの入力ミスってる可能性あるし…,0
明日から社会復帰するのに今起きました………………………,2
明日から仕事復帰するとはいえまだ暫くはフルタイムで働けないので7割しか給料出ないんだよな,2
こんにちは7月,0
寝れずに朝を迎えた…,2
疲れがえぐすぎて今の今まで寝てた,0
嫌いな人が寝てる間に空豆を鼻の穴に詰めるバイトやりたい,3
女の子なので朝の肌のコンディションが良かったり髪のセットが上手くいくとテンション上がる。,0
ちゃんとした国民なので明日は期日前投票に行く,3
父親、一般人の血糖値の平常時が70?110くらいなのに対して600弱とかいうアホみたいな数値を叩き出して看護師さんにこっぴどく怒られててワロタね,0
タバコ5箱買った時金勿体ないから袋要らないですって言ったけど、普通に考えたらタバコ1本24円するし今更貧乏性発揮したところでって感じだったな,2
バンドリやってないけどカサブタが追加されたのはめちゃ良きやんな,0
服部の家の写真、ミニチュアかと思った,0
しおつさんがRTした絵師さん、パルさんのFSツイふぉぼっててワロタ,0
baaronが安定して一生上手いの何なん,0
めちゃくちゃな悪夢見た,2
金子結婚しててワロタ,0
久しぶりに関西行きたいな、行っちゃおうかな,3
ライブ行きてえ?って感情と家族をコロナで殺したくねえ?って感情が殺し合ってる,0
俺もこの流れに便乗して結婚したい,3
まず相手を探すところから始めないと…,3
週末だ,0
haonさんを丸パクリしてワイも億万長者になってもええんか？,3
メタゲル紫グリップ1個売ってくださる方いないですか…,3
みーちゃん1stあくしろと言ってんの！,1
明日はジャケット着て出勤かなぁ,0
気が付いたら突然この世にフワちゃんとかいうのが存在しててびっくりしたんだけど、アレはタレントなのかYouTuberなのか露出狂なのかどれなんだ？,0
まだ火曜日ってマジかよぅ…,2
今日はシャロちゃんの誕生日らしくろおくさんのダンプカーが脳裏によぎった,3
バイクの保険見積もり出したら1年で40000円強だったんだけどこんなもんだったっけな,0
車の方が詳しいからなんとも言えねえ,0
新人の後輩、急に話しかけたりテンパると俺にタメ口になるの注意するべきなんか…,0
父親氏、明後日退院らしい。,0
駅のホームでシルバーカーで爆走してるおじいちゃんいて幸三??となった。,0
そのうちぺんつさんがよく通ってる王道家行ってみたい,3
バイクを売って車を割り勘で買っても良いと言われたがどの車種が一番コスパ良くて運転楽しいかなぁ…,3
スピンショップでアクリルペンスタンド買った人レビューしてくれぇ?,3
親の顔を立てるならトヨタ車だが俺は畜生息子なのでトヨタ以外を乗るぞ,3
酒オタクの頭の悪い悪口大会好き,0
クレカのポイントがめっちゃ溜まってアマギフ1万円分くらいと交換できたのでまた黒糖ピーナッツ4kg注文します,3
いやまあその時だけレンタカー借りればいいんだが,3
ポケモンで職場の先輩ボコしたから来週から俺の席無いかも,0
160万あれば中古のCHR買えるんだな,3
ノリ??ノリ??トシ??ノリ??,3
早く明日の仕事殺して週末の優勝案件を迎えたすぎる,3
早く最高の夏の思い出作りてえ,3
サマータイムレコードのイントロ部分弾けるようになりてえ,3
50連くらいでの神引き本当に助かる ,0
同じクソの名を持つ者として優勝してくれ?,3
としのりを許すな,1
としのりの反省の色が見えないので家に置いてった化粧水を使ってケツパックします,1
バグしかいない,2
餌屋さんのようなスタイルは（概念としての）ペン回しと言えるのかどうか,0
俺もアパートの照明変えたいけど脚立が無くて物理的に厳しいの辛い,2
冬優子…,0
優勝疲れか微熱によりダウンしたので今日はもうぽやしみします,0
グラディアンレッドドラゴン,3
ぴえん超えてぱおん,2
普通に春日局の鯖化ありそうなんだけどなぁ,3
この24時間で560回はトイレ行ってる,0
妙竹林さんカルフォルニア州立大学なの凄,0
おい,1
トシノリの放屁で郡山の温野菜が爆発したらしい。,0
エライザとエロイゾな事してるカンタユルセナイゾ,1
どれだけ前世で徳積めばエライザと半同棲ルートに辿り着けるんだ,3
急に視界に虫が入ってきたと思って飛び跳ねて大声まで出したのに自分の影だったと後から気付いてクソ切れた,1
梟君がジャペンすぎて会う度に敬語使われるのが申し訳なく思えてしまう,0
斑鳩さんもenaさんも完全に消えてしまったらしいので泣くしかない,2
ナランハマジでwishからメタゲルグリップ輸入してくれ頼む,3
あとりえさんもっとネットラップ聴いて欲しい、こっちの世界へ来い来い,3
今年のこの結婚ラッシュは一体なんなんだ、俺も混ぜろ,3
せいとうさんマジで毎週東京方面来てるしこっちにも1軒家借りた方がいいのでは,0
Yahoo blogって年末にサービス終わってたのか…キッズの時shezoさんのブログよく見てただけに悲しい………,2
なおKTの軸はそのうち変わる,3
PPAPなので退店するお客さんにいらっしゃいませって言っちゃった,2
スピループス色メタゲル入荷してくれ?無限に買うから,3
流石に丸1週間熱出てて腹痛でも死んでるのマズくない？ ,0
俺も結婚するか?,3
35mmの単焦点レンズお高いのぅ…,2
聞いた俺が悪かった,2
天龍源一郎に算数を教えるも本人の理解力が無さすぎてブチキレる夢を見た。なんなら今でも本気でキレてる。,1
隣のノースリーブの美人さん、明らかにワキガな上に脇毛がもっさりしてるのが見えて朝から本当に首を吊りたくなった。,2
プロメアあるじゃん！！！ ,0
広島行ったことあるけど原爆ドームは時間の都合で見に行けなかったんだよなあ。山口に旅行行く時には経由して写真に収めておきたい。,3
うちの婆ちゃん、若い時はお手伝いさんが何人もいたり学校まで馬車で通うくらいのお嬢様だったのに何故我が家は今こんなにも貧乏なんだ,2
袋井に今でもバカデカ実家があるらしいが行ったことないので規模感が分からん,0
もう金時一生強化来んやん??,0
鍵外すと秒でスピナーにフォローされる,0
1年振りにナランハ行くぞ行くぞ,3
黄緑逆だった,0
フリック入力が雑魚なのが悪い,1
ベッドから移動せずに食事も風呂もトイレも仕事も完結させたい,3
武蔵アルターエゴ&amp;ムーンキャンサー特攻付いてワロタ強いな,0
そろそろSG君は泣いていいと思う,2
山本美月が可愛すぎて辛い,0
TWPSのLauraとかRiverどこ消えちゃったんだろうな,2
俺達の夏はどこで終わらせればいいんだ…………………………………。,2
NPFもWWWもコミケも無い夏、何を糧に生きていけばいいんだという気持ち。,2
マジでどのイベントよりWWW中止という事実に涙が止まらない,2
クルシメ…モット……クルシメ………,1
外ゲロ暑くてワロタ…,0
キャストリア用の卵が無さすぎてブチ切れてる,1
ウニみたいなやつもないので暫くは鬼の周回ですね…,2
マシュもええけど推し鯖と踊らせてくれ…,3
banzじゃん,0
両手ダンベル上げ（5kg 30×3セット）擬似バーベル上げ（15×3セット）腹筋（20×3セット）紐で広背筋あたり鍛えるやつ（20×3セット）レッグレイズ（20×3セット）,0
SG君キャストリアもうスキルマだしなんなら宝具重ねてるのオタクか？？？,3
仕事忙しすぎてイソギンチャクになった。,2
強化後のエミヤ使い勝手良すぎで好き,0
人事部長との面談で言われた事思い出したら腹立ってきたな,1
向こうの人間はこっちより金の方が大事なんだなって思わされたし普通に労基案件だろこれ,1
GOD of 週末がやってきた,0
あと2週間で昼退勤が終わるのかと思うと泣けてくるな,2
チームイクイクうんちロボ（IUR）、発足。,0
実家整理してたらシグノとかHGG20本ずつくらい出てきて儲け?となった,0
水タバコってニコチンとかタールあるの,0
昨日は幼馴染と一緒だったとはいえ、同い年の女の子とプールに行く機会は恐らくもう一生ないんだろうなと思ったら悲しくなってきた,2
食べ物を粗末にするAV女優限界すぎだろ,1
でも俺深田えいみよりペン回し上手いからなぁ?,0
仕事殺す,1
仕事殺す,1
どれが人気なんだ,3
ちんちんしばき屋のボス、猫知多,0
仕事殺す,1
宝具2ありがてぇ… ,0
旧コテ時代から回し知ってるけどどりりんさんマジで上手くなりすぎてて好き,0
異音は一生臭い。,0
スパゲルもパパジェルもG3も廃盤なの時代すぎてウケるわね,0
めちゃくちゃびっこ引いたような歩き方になるのキツいな,2
靴ずれ痛すぎる…………………,2
たけしの金玉袋は臭い,0
徐福実装せんのか…,2
ヤンゴス農家のおっちゃんだし7歳くらいの息子いそう,3
c525あたりのカメラ欲しい,3
イカ即終わるん悲しい,2
カラゲルあと赤と黒は欲しい,3
多田李衣菜です。,0
PPAPなので今から仮眠する,0
仕事終わってすぐ爆睡すると1日を無駄にした感あってクソムカつくな,1
仕事殺す,1
うちに染色スパゲルがあったんですけど、キャップ内にチップが入ってる疑惑があるのでお持ちの方実際どうなのか教えてください ,3
SENさん.comのチームCVによく出てた記憶だけどASINさんが全部消しちゃったのよなぁ,2
スピンショップメンテ中なんか,2
更に言うと口座からの引き落とし日なの忘れてて残不足により利用制限がかかった、本当にPPAPかもしれん。,2
朝の朝礼で「筋肉は全てを救うんですよねぇ?」と話したらそうはならんやろと怒られた,2
あべっちやめるのマジかよ,0
ありがとうlostex ,0
大事な時期に体を壊す癖があるっていうパワーワード、ワイにも刺さるのでやめてクレメンス… ,2
西東京市って21世紀に入ってから新設されたのか…なるほどなぁ,0
僕が総理大臣になったら,3
FGOのフレンド10人くらい整理した,0
去年の今頃はもう既にジャペンの製作委員会メンバーの発表は勿論今後の予定も告知されてたが、今年に至ってはどうなんだか…,2
耳鼻科来たら「お兄さん超重度の副鼻腔炎ですよwwwwもっと早く来なきゃ?wwwww」と笑いながらめっちゃ怒られた。,2
耳鼻科と歯医者と心療内科を交互に通院するの金銭的にキチィ,2
心療内科ですら今1種類にまで薬減ってるのに耳鼻科行ったら8種類もクズ出されてワロタね,2
え?めっちゃ良,0
リアルが辛い時は現実逃避したくなる、故に俺は今ディズニーランドに行きたい！！！！！,3
としまえん閉園未だに信じてない,2
俺が初めて異音を知った時まだ高1とかだった気がするのに………,2
軽く調べたら副鼻腔炎の手術って自己負担15万円くらいするんだな………,2
コンビニ売ってるプロテインの飲み物、試しに買ってみたけど馬鹿ほどマズくて泣いちゃった。,2
デーリックシリーズいよいよラストか…,2
職場の後輩がダブル専門でポケモンめっちゃやってるのでエバンさんの構築とかかなり参考になる。ダブル楽しい…。,0
HALさんをウンパク族にしたインドの罪は大きい。,1
UNEEK ARTS今年のWWW出そうだなぁ?と思ったけどコロナの影響で中止になったのを思い出してオンオンと泣いてる。,2
これ超単純なコンボだけど同じ事色白がやったら全然違う技に見えるんだろうな,3
伝承結晶は集まり次第ぶち込んでいくのでヒョロワーの周回マンは何卒… ,3
山田さんだ！！と思って声かけようと思ったらバチバチのホストだった,0
妹の前で「イ、イリアたそぶひひ…w」と呟いたら「臭いので近寄らないでください」と怒られた。,2
社会人になってから異常なほど白髪が増えたんだけどやっストレスなんやろか,2
昔HALさんとかひんやりあたりが作ってたVPにスパチキャップ付けるやつなんて名前だったっけか,0
所有者の自由だから文句は無いけど自分が売ったペンが割と速攻で売られてるの見ると純粋に悲しくなっちゃうな ,2
7時間寝ても一生眠い,0
俺の許可なくケツ穴を広げるのやめてもらっていいですか,2
職場の近くに良い逃げ場所見つけた ,0
廃材入れからサンバ軸とかまだ使えそうなの出てきた,0
まあ軸だけあっても仕方ないんですがね ,2
Pulucyさんの方さん付けできてなかったので川崎出禁は自分が立候補します…。,2
医療費控除って交通費とか歯医者の保険外治療費用も対象なのか、なるほど,0
職場の上司とラインするとテンプレみたいなおじさん構文で返事が返ってくるので笑うしかないんだよな,0
野猿と守谷はマジでそろそろ行きたいんだけど絶妙に遠くてなあ,3
髪を赤に染めてた時期にシルバーっぽいグレー系にも染めておけばよかったと今になって後悔してる,2
ネット上でしか面白くない人,2
キャスでコメントできなくなって泣いてる,2
粉瘤の摘出手術の動画見てたら寝れなくなっちゃった,2
黒川温泉は今でも混浴があるので神,0
雨がエグすぎてEXILEになった,2
仕事の筆記用として何故かD1kの赤と黒使ってるけど絶対誰かにあげたほうがいい気がしてる,0
大麻吸い大麻,3
今日昼休憩の時後輩の仕事の愚痴を無限に聞いてあげてたんだが、最後に突然「私彼氏いるんですけどぉ?」とマウントを取られ童貞の僕は涙を流すしかなかった。,2
早く寝た日に限ってペマ界色々起きてるんだよな,2
高校時代にろくな恋愛してなかったから今になって様々な弊害が起きてる説ある,2
昔誰かにあげちゃったからまた肌色と黄色のベルカラ欲しいわな,3
オレンジジムノック（Lavacchiとは別色）を手に入れた。 ,0
タロイモと同い年で本当に申し訳なく思う,2
おじいちゃんなのでこの時間ですが寝ます,0
何を言ってるか分からねえと思うが、包丁突きつけおじさんに包丁突きつけたら包丁突きつけられた。,0
危うくイクイクうんちロボになるところだった,2
ka~~~~~~~~~~~~~~ ,0
同じ天板を購入店で買えるか聞いて無理だったら知らん,2
仕事で理不尽な事があってクタクタで帰ってきてこれに気付いたので割と落ち込み具合がデカい………………,2
調べたけど天板だけは買えなそうなので試合終了です、帰って寝よう,2
これで明日も仕事忙しかったら流石のりつさんもブチ切れる,1
このペンずっと謎だったけど双頭ハイライターの色軸だというのが最近分かった、使う機会が少なすぎる。 ,2
案の定クソ忙しくてまじでキレ散らかしてる,1
猫も杓子もなんとやらですわ,1
マジでウェイが嫌いすぎる,1
冬優子……俺は…………,2
やもりんさんに証券取引教授してもらお,3
菅総理?,0
マジかよ…,0
coreさんには是非ともボックス1000周していただきたい,3
去年のJapEn挑戦はまあ色々あったとは言え、自分の力には間違いなくなったので総合的に良かったのかなと今考えれば思いますよね。,0
疲れ溜まってる説あるし今週か来週休み取るか?…,3
さよひな了解,0
職場で朝飯に赤飯おにぎりを食べてたら彼女が出来たと勘違いされた。二度と食わねえ。,2
有給申請します,3
病院、待合室でかれこれ8426872384268426984136時間待たされてる。,1
歌舞伎二郎向かってたら怪しい仕事してる人に勘違いされて職質されましたありがとうございます。,2
久々にさくら通りでヤマンバ（死語）を目撃して感動してる,0
システム対策露骨すぎだけどとりあえず3t楽だからまあ許す,0
礼装凸るのはイベントフィルターのバグが直ってからでいいよね,3
ちゃんと6積み3tいけてるし陳宮しゅごい ,0
ライネスをスキルマにして陳宮をあと1回聖杯食わせれば3wもっと安定しそう,3
15箱行ったところで飽きてきた…助けてくれ………,2
らっぷうま子って……つまり……………,0
年収2000万円のGカップになりたくないですか？僕はなりたい。,3
現在+8積み38箱でつ…,0
今日は50.60までは走りたいなぁ,3
2凸したので全枠のスカディにも置いた、使う人がいるかは知らん,3
キャストリア絆マごちです…,0
給付金2回目ってソース見つからんしまだ検討段階ってだけか,2
ボックス飽きた,2
これを機に誰か俺をもらってくれ！！！！！！！！！！！！！！！,3
久々にFGO周回しまくるだけの放送したい,3
途中経過、150箱で4凸。,0
オダチェンあり6積みとオダチェンなし5積みは実際どっちがアドなのか分からんよなぁ,0
きっかさんに1万渡して500万に増やしてもらわなきゃ…,3
作曲者の人スピナーなんだ、当時のコテなんなんだろう,0
今日休憩中昼寝してたらinfさんが突如としてぺんま復帰してた夢を見たので現実になれ?となった,3
ところで桜美旋転infさん以外誰いたか全く覚えてないです,0
誰か俺と山口旅行しよ…,3
朝から体調悪い,2
ひんやりがブギボRTしてて良い,0
大友さんの環境だとYuljungコピー完璧そう,3
艦これ時代に仲良くしてたウタハさんってまだ生きてるかなとふと思ってエゴサしたらアカウント復活してて泣いた…懐かしいなぁ…,0
まだお会いしたことないけど噂のジャイモンさんが同い年らしいのでいつか二郎でエンカしたすぎる,3
たけし俺と戦え,3
都内にかなり激ヤバな文具屋があるという情報を得たので今度行きまつ…,3
鎧の孤島まだ未プレイです…………………………………………………。,2
部屋をオシャレにしたいがセンスがないので誰か勝手に我が家を改造してくれ,3
夏、終わらないで。,2
さとみ…………………………………………………………………,2
ネタ抜きにADHDっぽい新人の子への仕事の教え方が本当に難しい。正解がわからない……,2
美少女になりてぇ?！！！！！！,3
深夜2時半に寝て今起きた………もう夜なんだが……………………,2
ヤンゴスのせいで職場で上司に指示された時咄嗟の返事で「模型でつ！w」と言いかけてしまう。,0
VP用オーダーができたがVPが回せないという重大な事実を後から思い出して鬱になった,2
仲の良い美人のナオンと通話してたら急にジェット機みたいなイビキかきながら寝だして良い,0
スピループスが一時休店し、スピンショップの再開見込みが無いとなると一時的にペンの相場が上がりそうで怖いわね,0
朝から上司がユニコーンの話をしてて本当に仕事辞めたくなった,2
買いたい本が5万円分くらいある、自己投資させてくれ,3
起きた瞬間めまいでぶっ倒れたせいで会社遅刻して出勤した,2
車道のど真ん中を走ってるチャリダー全員轢かれるなりしょっ引かれるなりしてくれ,1
SBI証券のパスワード全部忘れて鬱になった,2
ここ1週間マジでペン回してない,2
ピザが200円だった ,0
この謎タイミングでおたえにフォロリクを送るなどした,3
朝めちゃくちゃ良い天気すぎワロタ,0
darktがブラジルなの今更知った,0
青猫盲腸だったとかもう超心配なんだけど,2
今日も妥協で歌舞伎二郎食べて帰る,2
新宿に古舘さんおったが,0
家族に貸してた8万強が帰ってきて少しだけ息を吹き返した,0
あーす君そのうちスーツも革靴も自分でデザインして自分で作り始めそう,3
6畳ならベッドと机を置いた上でスピナーを7人は泊めさせられる,3
時短勤務が終わってからTwitterにいる時間が本当に減った,2
いんて氏待ってた…………,2
巨乳すぎてすまない,2
宅建とFPの勉強を同時に始めたけどマジでゲロ吐きそう,2
虎君今どこで働いてるんだ,2
おたえに遊びとしては良いと聞いたのでLINE証券の口座開設した,3
でも、源頼朝は戦国時代ではないな…好きな武将だけど,2
久保建英、1ゴル2アシおめでとう！今更だけど…,0
最近焼き芋食べたくなってきた((殴byAOI,3
ウクライナの人とテストプレイ、緊張する…,3
凄い晴れてんな、COCOA日和,0
真田丸勝てない…,2
流体化学、物理洗浄、、難しいテーマだ…,2
友達と鬼滅観に行って娘が羨ましい,2
久保スタメンお疲れ様ー,0
そろそろアプリの写真整理しないと…,3
チャップアップ利用したが合わない…,2
リトルワールドのお土産、センスある！,0
姫武将に登用5回回してしまった…どうせ当たらんのに,2
携帯料金が引き下がるといいなぁ,3
明日こそ女秀吉が出て欲しいなぁ,3
エールをまとめ見した、久志の落ちこぼれぶりにがっかり、、,2
フランスでロックダウンって、汗,0
オーバーロードいいね,0
ガチャ青武将ばかり…,2
昼白色は目が冴える…,0
最中さん、夜中まで攻めてくる…汗,2
巨人がリーグ優勝だったんだ、おめでとう,0
麦芽豆乳が美味いのか、グラノラが旨いのか、、相乗効果だな,0
無限くら寿司予約済み,3
娘のハロウィン衣装めっちゃホラー,0
イノシシって直角に曲がるのか,0
イノシシ跳んだ,0
満月奇麗,0
息子に勝手にごつ盛り食べたと怒られた,2
息子のスパイクが試合で壊れた,2
1カ月前に買ったばかりなのに,2
COCOAが卵の殻を咥えて、娘が取り上げようとしたら、噛まれて怪我,2
ブロスタはクソゲーbyRIKU,0
ヤマナカの絶品ジャンバラヤをゲット,0
息子のスパイク購入中,0
明後日試合だから仕方ないね,2
ミレービスケットカロリー高っ,0
久保建英、来季レアル復帰だといいなぁ?,3
アベイルめっちゃ可愛い服あったbyAOI,0
今からシマムラ行きますbyAOI,3
王府ラーメン楽しみ,3
念願のたまごラーメン食べれたbySUMI,0
ゴマ団子ツルツルして箸で掴めんbyAOI,2
関東争覇、武田勢力が凄い,0
早く真田幸村を覚醒したい！,3
麒麟がくる、に芦田愛菜登場かぁ,0
雨が降りそうで嫌な天気,2
最終日、マジック来ないのか,2
お好み天定食旨そう,3
息子から駅までお迎えの催促が…,0
エール、子役時代のハナちゃんと違って可愛くない,2
久志が婚約してるし…,0
COCOAがピアノの上にあったチョコレートを勝手に食べた,0
ビブリア古書堂、息子から借りてるらしい,0
チーズケーキもいいな,3
ヘルシオで焼きリンゴを食べてみたい,3
シフォンケーキも捨てがたい,3
でもやっぱりウォーターオーブンメニューのから揚げはマストだな,3
週末モーニングセットは試してみよう,3
明日は息子のラグビーの試合,3
息子が脚を揉めと言う。これって何ハラスメント？,2
今日の科目選択をめちゃくちゃ悩んだbyRIKU,0
前の試合で足が大変な事になったbyRIKU,2
新チームはじめの公式戦で緊張するbyRIKU,3
ガレット用そば粉の原材料名を見たら、そば粉のみであった。今度は割安のそば粉を探そう。,3
緒川たまきさん、本当に素敵。昭和どころか大正のかおりが。我が家には録画する機器がないので、怪奇恋愛作戦から赤羽と見て、昨晩は夜更かしをしてしまった。,0
今朝の新聞に江戸川乱歩特集。”年配者なら、天知茂が明智小五郎を演じたドラマ「美女シリーズ」を覚えているはず”と。覚えているよ、怖々、面白がりながら観たことを。一昨日、パノラマ島奇談を調べたばかりで…何かきてるかもしれん。,3
揖保の糸は素麺はもちろん、うどんも、とても美味しい。,0
校正の講座に申し込みをした。教材が来るのが楽しみ。,3
屋根にうっすら積もっている雪の朝…,0
一昨日くらいからクランペットのこと、考えている。帰宅したら今日こそ作るんだ。,3
either/or xo figure8を久しぶりに聴いて、ひたっています。うちではプレイヤーが壊れたら聴けなくなってしまう状態だから、何とか対策をとらねば。今年の夏、エリオット・スミスのドキュメンタリーがDVD化する予定のよう。,3
はに丸見て、笑っている夫の声が聞こえてくる。私も見たいが腰痛のため寝る。。。,2
搾乳器も保護器も、最初から使っていて、病院で紹介してもらったときは、便利なものがあるのだなー有難いと思ったけれど、毎日毎回使っていると、さすがに、何とか使わないで済むようにならないか…と愚痴りたくなる。,2
電気料金、先月の三倍以上。家にいる時間が増えると料金が上がるとは聞いてはいたけどびっくりだよ。,0
あと、写真。いままでのを整理して、撮るのも練習したい。今頃、抱負など述べてみる。,3
選考委員に奥泉光氏。読みたい気持ちがたかまる。私の読書には、動機をもたらしてくれる導く人が必要。ただのファン心とも…。「文化往来」には『芥川賞2作、巧みな「語り」に評価』と。,3
収穫の時期など繁忙期になると、実家の農作業の手伝いで、休暇をとるケースがある。ニュースで長野県は全国一農家が多いとやっていて、今更ながら、繋がったよ。改めてだけど、農林業の盛んな地域なのさね。,0
障子の外で立ち聞きしたりされたりしながら話しが進められていて、時を経て、洋間になったらどうなるか?と思って見ていた。が、和洋折衷風な千代部屋でも、開いた戸の外で立ち聞きされてた。,0
ムスメは日暮れとともに眠り、その後三、四時間毎に起き、明るくなると完全に起きるようになった。春が近づいて、日の出が早くなってきたけど、ムスメの生活時間もそれに合わせてシフトしていくのかな？,3
曲げわっぱの弁当写真が美味しそうで曲げわっぱ欲しくなる。,3
データ改竄、論文不正、経歴詐称等のニュース。他人事なのに（社会的問題というのはさて置き）、なぜイライラしてしまうのか？私の場合の理由。正式な方法に則り、それを得るためには、コスト、時間も労力もかかるということ。小さなグラフひとつにしたってそう。それをせずにな、という怒りと妬み。,1
ただ、騒ぎに乗じて、当該人物の人格やら容姿を語るのは違和感。,2
ボンポワンのベビー服可愛いなあ。スモッキング刺繍のワンピース、買えんからそれ風に作ってみたい。あと、お菓子、セムラ作るんだ。宣言して実現する。。。,3
「少年は荒野をめざす」。中学生の頃、狩野が持っているような居場所が欲しいと思いながら読んだな。他の漫画はほとんど手放してしまったけれど「少年は?」は手放せず。ご冥福をお祈りします…,2
ハスミジェネレータっていうのが昔あった気がするけど、いつ頃のことだろう。あと、学生の頃、ハスミさんの映画紹介記事を切り抜いて、せっせとビデオ借りて見てた。三島由紀夫賞の記事見て二つ思い出した,0
野良ロボットだなんて…,2
黒沢健一さんの訃報にせっして茫然としている。,2
FM横浜のSTEREO MAGICを毎週前のめりで聴き、カセットテープに録音していたのが20年以上前。時はとんで、3年前にソロライブに行った時、その20年以上前のラジオの公開録音で拝見したお姿と変わらない印象を受けて、時間がどうかなったような不思議な思いをしたのであった。,2
マイナス5度な感じがする屋外,0
児童サービス論。受講当時、司書の科目中、一番興味が無かったけれど、もっと真面目に勉強すればよかったな、と今さら。,2
オットがクールビズで軽装になったり、テンホウに冷やし中華のノボリが出ていて、まだ早い！と思っていたけれど。今日は本当に暑い。冷やし中華食べたい。,3
童謡に混ぜてTMBGを流す。Man It's so loud in hereで母の趣味に合わせてくれてか、手拍子してくれる娘。,0
TMBG、こども向けの曲も多いから、これから好きになってくれるといいなあ。まあ押しつけず、なんとなく。,3
科学道100冊ジュニアのブックレットが、レイアウトがしゃれているし、紹介されている本も読んだことないのが九割で、手にとって幸せな気分なった。自分に合いそうなブックリストって、常に手元にあるとありがたい。,0
ドキュメンタリーとかの一連の映像の中で、本題と関係なく、野鳥とかの風景カットをちょっと入れる作法は、何と呼ばれているのでしょうか？ご存じの方いらしたら！,3
6月初旬、アオバトらしき声をきいた。しかし、緑が多い場所とはいえ、住宅地にもいるものなのか。CDでしか聞いたことない声だし、姿も確認していないから自信なし。しかし早朝だったから、誰かが尺八吹いていたということもないはず…。,0
HARIOは玻璃王、と生協のチラシで見て、感心というか腑に落ちて、うちにある製品への愛着が深まったよ,0
今年、姿形と名前を一致させ、認識できるようになったもの。テントウムシの幼虫と蛹 堆肥コンポスト 堆肥コンポストは名前を知る前はドータクンと呼んでいた。,0
「二月の勝者」、読み甲斐があって本当に面白いけれど、要素が多くて何が面白いとか家族には伝えられず。自分が神奈川にいた30年前だと日能研や四谷大塚の子に対しての憧れ的な感じがあって。でもそういうのが共有できるかは、地域性・時代性あるよな。,2
火曜日が納期だと、前日の月曜日に提出すればいい、と思いながらも、何となく土曜日も日曜日も気がやすまらなくて作業してしまう。,2
そして、ライティングの仕事は減らす！これは、自分の適性の問題。,3
5年前の自分が「淡々と一つのことに集中できる仕事をしたい。。」とつぶやいていて、現在、少しずつですが、その状態に近づいているので、過去ツイートに?つけておいた。記録にありがとう。,0
現実逃避終了。,0
気候で体調が変わるのホントやめてほしい。,2
人がゴミのようだ、かな？翻訳者はジブリがお好きなのね？RT,3
外国語上級者の人ってどういう風に勉強続けるんだろう？本を読む？何かのテキストを買う？うーん、、、,3
??は1キロの生しいたけを会社でいただいて、もったないとおもってカビるまえに死ぬ気で食べた淡い記憶しかない　,2
で、ipad air 4はいつ予約できるんですか？わたしのipad air 2はもう限界です…,3
本体とモニターでじゅうまん。。,2
こんなニュースばっかじゃん、,2
かなしいニュースがあると自分まで滅入っちゃう,2
実家から帰宅…絶望…。これからは朝ごはんも昼ごはんも夜ごはんも自分で作って皿洗いして掃除しなきゃなんて…絶望…。,2
半沢直樹まではブログ書こーっと,3
えっと…テレビが…壊れました…。最後に半沢直樹を見れてよかったよ…ありがとう2010年製,2
トレンドにBtoW入っててついに発売か！？！？！？！？！？！？と思ったら…。もうゼルダファンは我慢の限界です,2
東京で一人暮らししてる方ってどうやって生活してるの！？会社からもらう給料だけじゃ生活厳しすぎるんですけど！？！？若年層の貧困について真剣に考えたい,2
韓国語使う仕事したいなあ…と思って色々Twitter見てたら思ったよりたくさんいてびっくりした。うらやましいなあ。,3
今日こそは！今日こそはブログを仕上げる！(3日目),3
とりあえずApple pencil 2 だけ先買っていいですか？(乱心),3
今日も朝からせっせと働きます。プレステ5のために。,3
やっと！内職終わり！時給換算したらすんごい低いけど性に合ってるからいいや！！！今更ながらランサーズとクラウドワークスって楽天銀行で振り込みしないと手数料バカたかいのね。無知すぎた。,0
前澤さん…若者の貧困問題についてどうお考えですか…大学では社会に出たら仕事をして自分のお金で食って寝て遊べるって教えてもらったんですけど…社会に出てみたら食って寝てで精一杯でした…,2
(じゅうまんください),3
iPad Air4はいつ予約開始ですか？(n回目) ,3
ほんとこれ。オフィスの存在意義って薄れつつあるよね。そんなわたしは明日出社します、もとい、させられます。,2
韓国語のお話よりもPS5の記事のが人気だ！そうだよね…注目度たかいしね…またかこーっと！,3
3選にしたかったけどふたつしかほしいのなかった、、、、、,2
iPad Air 4の予約は発表されなかったのね…残念。,2
じゃあもうiphone11でいいじゃん…？？,3
楽天銀行で口座作ってやーーーーっとキャッシュカードがきた！めっちゃ待った。,0
画像がなんか上に寄っちゃってる感じになっちゃうなあ…仕方ないか。,0
Amazon ポイント貯まりすぎ。なぜに？,0
次はiphone12 miniですかね？iphone11でしょうか。(散財),3
ファミマのコーヒー、当選したので飲んでみたけど苦味がなくてめっちゃ飲みやすかった！前は酸っぱ苦くてあまり飲まなかったけどこれからはファミマのコーヒー買おうっと,0
まんまと策略にハマっている…,2
今日auでiPhone12触ってみたけどめちゃめちゃ軽くてびっくりした。いや多分XRが激オモなんだと思うけど…,0
最近かなり唇が荒れる。秋ですね。花粉の季節ですね。,2
もうそろそろネタ切れなんですが、ブロガーさんたちはどうやって底知れぬアイデアが出でくるのでしょうか？,2
神宮、嵐の花火の煙で野球中断わろたかわいそう,0
1人だけ春みたいなかっこしててはずい,2
あぁーテスト勉強(),2
ハシが狂っていく様が儚げで見てて辛かったけど、なんか好き…,0
しゃわげ大好き人間なんだよね…,0
かわ、かわぁ…！；；；；,0
今週にでもヒトカラ行こうかな,3
成人式なかったらバッサリ切るのに,3
高い鼻とぱっちりな目に生まれたい人生だった,2
Revolutionなんかのアニメの主題歌いけそう。好き。,0
映画やるのか(),3
主役に旬な人使うのは当たり前の事なんだろうけど、脇のひとりくらいブレイク前の人使ってもいいんじゃない…？はっしーならやってくれそうだと思うんだけど、ダメかね？,3
可愛い；；；；,0
パンフレット、家にあるのと同じものを間違えて買ってしまった(),2
凡ミスにも程がある…,2
あ、やらないとな…エントリー,2
前活発だった垢からのフォロワーさんから反応あるとすっごい嬉しい,0
あぁ?眠いぞ,2
なんで昼間やらなかったんだろうね?いつもこうだね?,2
ちょ、やば、,0
明日買って帰ろ,3
なんだかなぁ…,2
私は自担だからっていう理由だけで何でも許す事はできないよ。無理なもんは無理。,2
あかん…疲れ取れてない()テスト勉強…(),2
本当に無理,2
え、チケット発送されてる…？,3
少クラの司会とかセレクションコンビとか塚濵ちゃんとか、えびとジャニストが絡むと可愛い,0
今日6時だと思ってたけど、4時からやんな…危ない,0
スポサン快適,0
エヴァ???！,0
新劇はほぼ意味わからんけど絵は好き,0
だーお風呂入るのダルい(),2
明日も学校ですか…やばい…これはキツい,2
可愛すぎやん…,0
やばい眠い(),2
コミュ力切実にほしい,3
はやく厄祓い行きたい,3
お腹空いた,3
カーディガン、外出たら普通に暑苦しいけど、建物の中入ったら丁度いいから脱げん…,2
春休みスペシャルはやっぱり神…可愛いが詰まりすぎてる…,0
あかんでド緊張やで,0
明日１限からだし寝なきゃ,2
ストッキングのつま先破れて痛い,2
こういう感想が一番嬉しいよね…,0
あ！FNS！録画せな！！！,3
レポート今日提出なのにまだできてない寝てしまったつらい,2
北山さんすごい,0
朝から嬉しすぎる,0
あーもう本当に嬉しいなFC,0
てかフォロワーさん優しすぎるからやばい,0
号泣しそう,0
初めて入るファンクラブがA.B.C-Zって本当に嬉しい………,0
何、次は何すればいいんだっけか(),0
カラオケで花言葉歌われたら惚れる可能性ある,3
今回のアルバム、個人的に今日もグッジョブ!!!、Fantastic Ride、はっしーソロがドストライクだった…！,0
あと世界一とか泣かせにかかってる…,0
渚の?の河合くんは最高だった…あの幸せそうな顔がね…うん,0
サークルあんの忘れてた,2
あちゃ???,2
スケジュール帳あんまみないから誕生日を当日や当日付近にお祝いし忘れるっていう…申しわけないです,2
せっかく教えてもらえたのに…！,2
えびの大阪いけるいけるかわからんな…,2
ついでに言うと、衣装、今の感じも勿論すごい可愛いんだけど、落ち着いた、オシャレな男性の私服みたいな衣装も、もっと増えていいと思う。その方がジャニオタ以外にうけがいいかも…私がそうだったし。,3
てかイベント抽選じゃないんだね…やばい,0
カウコン行かれる方、楽しんで下さい?！！,3
一生に一度はカウコン行ってみたいよね,3
綺麗なお顔がいっぱい,0
アイコンいい加減変えたいなー,3
オンラインカウンセリングしてもらいたいな?,3
そのアーティストは嫌いじゃないのにファンのせいでそのアーティストも嫌いになってしまう,2
付き合ってる人に対してブスとかブタとか言えるのが本当に仲良いって風潮嫌だな…好きな人に対してそんな汚い言葉かけるってどういう神経…？,2
やばい女をやばいって言わん男がやばいのめちゃくちゃわかる元彼じゃん,2
元々の男嫌いが再発してしまって恋愛どころではなくなった、、、,2
優しい所だけをみて浸ってたんだなぁ,2
全然自粛は苦じゃないんだけどたまに出かけたくなる,3
だからって付き合うと幸せでもない,2
凡ミスばっかしてしまって萎えてるけど切り替えなきゃ,2
ハーまたネットの可愛い一般人みて鬱…はやく整形したい,2
もう夕方だけど何食べよっかな…,3
わたしの鬱はその程度なんだから悩んだら筋トレを徹底しよ,3
明日は腹斜筋やろうかな,3
厳しくできなかった自分が招いた結果だから受け止めて次いくしかないね,2
香水の香りも好きだでけど瓶が可愛いよね…瓶って言い方なんか知らんけど…,0
自分の詰めの甘さが原因だけどなんでこんな事で悩まなきゃいけないんだろ,2
クイックラッシュカーラーなめてた,0
めちゃくちゃメイク上手くいったのに写真撮るの下手すぎて記録残せないの辛すぎん？,2
大人っぽい系統になりたいけど、冬になったら可愛い系の服着たくなる,3
でもうまいこと伝えられないんだよなー…なんか父親と重なって意見できない時がある,2
Qoo10ついにVIP会員になってた,0
心配して質問こっちからふってるのにそれ全無視されたら電話する気も無くなるんですけど…聞かれたことには答えようね大人なんだし,1
この子いつも人の話聞いてないんだよな。正確には自分の興味あることだけ聞いてる。私もそういうところあるから強く言えんけど私より酷いってだいぶやばいよ,1
まってまって渡韓できるようになるの！？,3
今はむかつく事しか思い出さないけどね,1
整体気になるな,3
秋冬って物欲爆発する,3
オレンジの香りってきになる,3
えびちゃんの特番見れた…！,0
青系のアウターってめっちゃ可愛い,0
延期でもなんでもにゅい達の姿が見れるならいいじゃない,0
オンリーミネラルのパウダー気になる,3
シャンプーどれがいいのかお試しサイズで毎日過ごしてるんだけど毎日違うから楽しい,0
最近のガキは順番も守らんのか,1
結構お腹痛いから早く電車着いて…,2
久しぶりにツイートした。,0
あのちゃんねる見てるかわいいこの子＾＾,0
NHKは電波の押売りおばあちゃんが言ってた,0
相棒見る,3
肩甲骨が痛い原因は不明病院に行くとシップと痛み止めを貰った治せや,2
コロナだからなー,0
鬼滅の刃おもしれー,0
色気を使って助成金をもらうなんて、最低ですね。,1
て、天才だ～！！よし、野球部のマネージャーやるか～～～,3
うぇいけいすけ,0
セブンスウェル,0
青よりも青い青,0
半年前のお父さんの件と今回の件なにがちがうんだろう,0
仙台駅はどこですかね,0
安心快適点検のご案内,3
アゲハ蝶が飛んでいる気がする,3
くいずぅ一番好きな時間はいつでしょう？,3
寒い、寒い、寒い,2
は？,1
本番のヘアアレンジどうしようか試しにいろいろやってたら今まででいちばん綺麗にかわいいのできちゃって嬉しい、、、、でも当日に同じようにできなくて不機嫌になるのがよしだももなんだよな～,0
やっぱりミシマですよ,3
ラミちゃん、ラミちゃん,3
佐野だよ佐野,3
そろそろ寝ようかなー,3
単なる偏見だけど嫌いなの,0
２４ジャパン違和感しか感じないｗそこが面白いけど嘘,0
車が来るまで待とう,3
朝から運動,0
運動会の季節…。近所の保育園だか、幼稚園だかで、盛大に応援している…がんばれっ！がんばれっ！よし…わたしも頑張ろう！今日もレッスンしてきます！！がーコとも収録出来たら良いなぁー(o^^o)中途半端な顔が撮れたので、添えておきます（笑）,3
大麻って言ってもその辺に生えてるくさだかんね,0
もちくおー,3
今日マドフ板今日窓吹いた今日窓拭いた予測変換もたいしたことねえな,0
さっちあどりーむ,0
神のみぞ知る,3
精神安定剤（綿棒）,0
千本ノックしすぎて万本ノック,0
おはようございます,0
貼れてる今日は晴れてる肩は腫れてる,2
ジャンクロードバンダム選手のKO勝ちです,0
なんかよくなった気がします,0
これで本当に、結婚してしまったんだね…,2
ダイエット初日にしてもうやめたい,2
てか、昨日の頭ぽんぽんはなに,0
トーストしたいけど、レンジでどうやってパン焼けるの？？,0
星陵の2年生修学旅行可哀想だな もう少し遠くに行ってあげればいいのに,2
みんな東京か静岡に住んでるから、神奈川県民の私はひとりぼっち,2
ディズニーシー行きたいな。誰か私にご褒美下さい。,3
暇すぎて元彼ランキング付けてる。,0
頭痛い,2
コロナがあるから、無理に出席する必要ないみたいに言ってたのに欠席するなっておかしいだろ,1
しんどすぎるんだけど。,2
明らかレベル高いくせに、全然余裕だよねみたいな雰囲気出すあのイソギンチャクみたいな頭のやつ死ね,1
なんでダンスやってるやつってみんなイソギンチャクなの,1
これから、ダンスだ。頑張らなきゃ,3
こう見えて母も父もギャンブラーなので、私もパチンコの血筋が流れてたりして（笑）,3
もう秋だってのに、暑くて汗かいてるの私だけ？,0
今日は帰ったらシチュー！,3
勢いで散財したのを今起きて思い出した,0
タイガーシャークみたいに、アンチから認められたい,3
いつになったら、ライブとか行けるの？？,2
サッカー部　大体ラップ好き,0
いつからそんな俺イケてるみたいな性格出てくんだろう、,0
diorのクリスマスコフレほしい,3
新居でjcom使いたかったな,3
早く犬と住みたいよ,3
化粧する機会も減ったのに肌荒れしてるの最悪じゃんね,2
引越しも少し面倒だし、大変だな、,2
友達もっとほしいな,3
理系に進めばよかったかな,2
やってもやっても課題が出てくるし、やる気のなさが重なるとたまる一方,2
トレンドに生理用品ってワードが入るのどうかしてる。気持ち悪い,1
今日リモラブか,3
掃除機かけても又落ちるんですけど,1
そもそもワンちゃんどうしよう,0
Ariana新曲出たね。,0
もうすぐ面接だ。どうしよう。,0
掃除しても掃除してもほこりが舞う,2
この素晴らしい人材を逃してもっと悲しめ,1
セクハラじじい！,1
その発言はゴミだ,1
バイトの面接怖かったんですけど,2
ちゃんと働かなきゃ、,3
在宅ワークだけってちょっと無理があるよね。,0
正論かもしれないけど、まずは可愛いって言うとこじゃないの？,1
言えば言ったで、怒るし反撃してくるじゃん,2
気持ちいい散財だった,0
今日のお昼何にしよう,3
平野ノラ妊娠だってよ,0
支持者多いだろうから戻ってきてほしいな,3
沢尻エリカなんて女優で一番演技うまいし好きだったのに、麻薬で逮捕はつらい。,2
どんなに良い服買おうが、なんとも思わないんだよ,2
犬には可愛いって言うのにな。おかしいな。,2
着てる人がだめだから,2
晴れないかな,3
大学、文化祭無くなっちゃったし、今日はせっかくの休みだけど暇,2
セカストってあんまりお金にならないんだね,2
家事とかも、しっかりできないとやっぱだめなのか,2
美味しいご飯が作れるようになりたい,3
お金が欲しいな,3
静岡に比べて求人が少ないよね。車持ってないし,2
働くことが生きがいなのに、働いてないから罪悪感,2
はやくお散歩したいなあ,3
ワクチン終わって来週はトリミングか,3
塩分って摂りすぎたらいけないんだよね,0
辛いもの食べすぎて太った気がする,2
アンミカのテレビショッピングみたいなの、むかつく,1
引き離すのかわいそうになってきちゃうよね,2
明日は晴れるかな,3
イソギンチャク許せん！！,1
東北いじめるのやめてください！！！！！,2
運転見合わせ(ブチ切れ),1
地震慣れしてる日本人はそのうちミサイル慣れしそうで怖いね,0
弊社ドタバタしてるのかしら,0
パンフレットだけ貰うつもりが欲しくなってしまうカメラコーナー…,3
けどアイロン使わなきゃいけなくてめんどい,2
風呂とトイレで蚊に出会った時の絶望感やばい,2
また電車止まるう,2
クエン酸の摂りすぎで歯が溶けてました,2
キックボクシング始めたからプロテインも飲み始めたんだけど美味しいおすすめのやつなにかないでしょうか今のところビーレジェンドのナチュラルがうまかった,3
運動して痩せて金を稼いで小狼くんにいい服を着させたいその前に部屋の掃除だ,3
謎のアドレナリン出てる,0
いつ刺されてもおかしくない人間ってのはどこにでもいるんだなでもなんで刺されないんだろ,1
いつも通り接するなんて要求なんで飲んだんだかやめてやめたあんなゴミクズはやく粗大ゴミに捨てられろ,1
血が出るほど頬の内側を噛んでしまって非常に痛い口内炎へと進化してしまった,2
いつもは夜走ってるから炎天下のランニングのキツさやばい,2
どんどん腐りゆく自分の心を運動という免罪符で誤魔化している気がする。,0
どくさいスイッチが欲しいけどあれは最後に押した人が懲らしめられる話だからそういうのじゃないんだよ,2
月曜からテロられてずっと怒りをぶり返し続けてる聞きたくもない話を突然聞かされたので私はタランチュラをうっかり踏んでしまったと言ってるんだが人が歩くとこにタランチュラ置いとくんじゃねーよ,1
もはや怒り続けて何に対して怒ってるのかもよく分からない無駄なエネルギーばかり使っている疲れた！疲れた！もー疲れた！,1
支離滅裂で自分でも意味わからん爆発する前に吐き出す,2
日曜は曇りっぽいから走れるかなー,3
今最高に心すさんでみんな死ねって気分だから何とかしなきゃ私が死にそう,2
やっぱどこかで毒を吐くと役になる気がするでも既に胃腸に来てんだよな,2
ほら、アイスは解ければ液体だから,3
隣の席の先輩が余計なことしか言わないからマホトーンで口が利けないようにしてやりたい,1
ずっと言葉の使い方とか呟き方にん？って思うことがあったでも心がザワザワしながらみるのに独特の気持ちよさを感じてる自分がいてつい見ちゃう,0
いびきかいて寝てるからテレビ消したら起きるのなんなの寝ろよ,1
ガーミン調子悪い…,2
最後の手段(たぶん)暗号化オフが残り3時間と表示されてて絶望感ある,2
気持ちの整理がついたような気もするけどしばらくは酒飲んだら思い出して泣きそうな気がする,2
ホルター心電図つけはじめて30分で早くも痒い…外したい…,2
鹿肉とってるとこ見て可哀想と思ってしまったけどだめなんだろうなぁ,2
ほんとクソ私にも予定があるんだよクソが,1
新型iPhoneはse2が無い時点で買わんわM字ハゲいらね,0
永久に鼻すすってるやつは箱ティッシュでタコ殴りにしたい,1
人生であそこまで屈辱的だったのは初めてだよ明らかに無言になって人の目も見ず不機嫌な態度はとってたと思うけど口角だけは持ち上げてたしコース料理全て食べ切ってやったし水ぶっかけたり椅子で頭ぶん殴ってやろうかと思ったの堪えたんだから賞賛に値するだろ？？,1
うっせーなにが清楚で可愛らしいだクソが公共の場で不満垂れ流して軽くわけねーだろバーーーーーカ常識のある社会人はみんな本音と建前使い分けてんだよ,1
正月は初日の出ランナしたい(できない),3
自分の行動が他人に必ず影響を与え続けてるあいつはは自分のことを絶対こう思ってるとか他人は思いのほか他人に興味ないってのが持論だから理解出来んましてや私が何を考えてるのか自分じゃない誰かにわかったような口きかれるのが1番不快だ私じゃないお前に何が分かる,1
さて、クソみたいなやつのこと考えてる時間が勿体ないから早く寝て仕事納めまで頑張って仕事する,3
とんでもなくむしゃくしゃしたとき「腹いせに死んでやる！」って思いながら走ると多少苦しくなってきても「どうせ死ぬんだからいいんだよ！」つって20キロくらい走ると怒りおさまるしハーフマラソンの練習にもなるから一石二鳥だと思うけどおすすめはしない,1
天沢聖司の声が高橋一生ってのが未だに信じられない,0
文房具フェチわたしブルゾンちえみに激しく同意,0
腹立つ奴の名前を書き記したリストが脳内にあるのだけれど墓場まで恨み持ってくリスト→KOROSUリスト→方法はなんでもいいから頼むから今すぐﾀﾋんでくれリストになった,1
人を呪わば穴二つといいますしあんまり黒い感情を自分の中で溜め込みたくないんだが腹立つ奴はとことん腹立つ,1
強風でTMレボリューションごっことチャゲアスごっこが捗ります,0
水曜休診に怒髪天,1
仕事終わんなすぎてうわー今週三連休まじかと落胆したのは初めてだよ休むけどな,2
今月は割り切って稼ぐか(今月で終わるとは言ってない),3
でもなてめぇな謝るくらいならてめぇもやれ,1
会話噛み合わなくて堂々巡りだよぉ私の説明が下手くそなのかそうなのかあああああ,1
それができないとした場合の妥協案だつってんのになんでそれができる前提で話すの？？？じゃあそれお前がやれ,1
〇〇ができたらよかったんですけどねぇってだから出来ねえつってんだろこちとらそれで1週間悩み続けて何回も作り直して代替案と妥協案まで考えたのにそこに戻って愚痴を言ってもできるようになんねぇんだよ世間話するために話しかけたんじゃねぇアイデアよこせ,1
作ってねえくせに文句ばっかり言ってないで知恵とやる気出るようなこと言えねぇのか士気が下がるんだよ,1
一旦神様になった気分で愚民どもを許してやるかって思わないとやってられん,1
初めてのボードをしたら尻もちのせいで尻が死んでる,2
最終兵器君薔薇,0
【速報】猫3匹お迎え濃厚,3
めっちゃいま子猫フィーバーしてるけど生後１ヶ月くらいのチビッ子は育てたことないのでビクビクしてるとにかく体重が1キロ超えるまでは油断出来ない,0
横になっていたら三つ子達が服の中に入ってしまったので涅槃です,0
令和のイントネーションは平和なのかKOWAなのか,0
猫飼ったから電車乗った瞬間から一刻も早く家に帰りたくなるあ～～～猫吸いたい～～,3
自宅で猫をモフりながら仕事して月に30万もらう暮らしがしたい～,3
すごく眠いのでおうちに帰って猫たち吸いたい,3
つかれたなー,2
そらもうボッコボコのぎったんぎったんにしてやんよ(妄想),1
電車内の高校生マナーアップ運動ってやってるけどおっさんおばさんのマナーアップもやってくんねーかな,3
今週末は久々に強めの頭痛の神様が降臨したのでダラダラしてしまったけど今日ジョギングしたから許してよ,3
人間なんだから人の言語を認識して人の言語を喋ってくれよマジで,1
子猫の一匹が下痢してた時があって獣医さんに見せようと証拠写真撮ってたから猫写真見せたいけどカメラロールを見せられない,2
野良猫に風呂場を覗かれました///,0
土屋太鳳ってそんなに興味なかったんだけどバンブルビーみてからかわいいなぁと思い始めた,0
朝そんなに早起きしたわせでもないのにもう眠い,2
天気はいいけど風強いし寒いやん(激怒),1
うるせえ吸わせろ,0
いつの間にか令和飲みすぎで胃が痛い,2
せやなー嫌な記憶は全部平成に置いてきて令和楽しもう,3
破れる障子なんて貼らなきゃいいんですよ,3
LAMYのミントマカロン欲しすぎる…,3
テラまでは強そうだけどペタからいきなり弱そうになる,0
前猫はほとんど鼻チョンしてくれなかったんですが子猫ズはよく鼻チョンしてついでに毛ずくろいしてくれます,0
昨日から全身倦怠感と眠気で何もしたくない…,2
膝肉を取る筋トレしたら膝にアザができた一回休み,2
LINEでしか文句言ってこないから即ブロックしたんだけど実体はあるから視界に入ってくるのが不快なので裸眼で出勤してやろうか,1
どくさいスイッチかデスノート使える回数券くれよ1回分だけでいいから,1
うちの子に何かしたら市中引き回し磔獄門一族皆殺し,1
休日のBBAグループがボックス席に通路挟んで別れて座ってしまった時の絶望感,2
伊藤こずえさんはモンスターズインク感が可愛い,0
私の心の中のよしこ＿人人人人人人＿＞    クソが！  ＜￣ＹＹＹＹＹＹ￣,1
月曜からくたびれ,2
距離感が絶望的に合わないやつっているんだな,0
今週ずっと疲れが取れずついにリポDに手を出した,2
ものを入れると質量が消え去るリュックねぇかな,3
QRコードを読み取って応募すると当たるよってタイプのやつ会員登録が面倒ですぐ挫折する,2
低気圧きついわー,2
ミント色好きすぎて髪の毛ミント色にしたい,3
飼い猫たちは可愛いのだが自分の尻を舐めたおくちで熱烈なキッスをしてくるからおうふっ…てなる,2
そのうち猫達は去勢する予定だから詳しく聞いたら「ねこちゃんのたまたまは2つありますか？降りてきてますか？」袋があるから当然玉もあるもんだと思ってたけ触ったら袋しかないやつが1匹いて衝撃…予定日までに降りてくるといいが…玉…,3
急に苗字呼び捨てしてくるやつなんなん？付き合い長いとか付き合い短くてもなんとなくお互いの同意があるじゃん？そういうのないのって私が年下だから見下してんのか？呼ばれる度に地味にイライラポイント溜まる,1
このExcel使ったのまりも？式が間違えてる気がするんだけどなんか意図があるの？って単なる間違いなの分かってて言ってんだろ嫌味か勝手に直せクソが,1
目が取れそうなほど一日中数字見続けてマクロ直して疲れて腹減ってイライラしてるところに重箱の隅をつつくような嫌味でクソ腹立つ,1
ミスチル聴いてるとMr.シャチホコの顔がチラついてしんどい,2
業務引き継ぎわたしはサブなのにメイン担当が他人事で全くメモ取らないのなんなん？さぞ完璧に資料作れるんだろうな？あ？,1
サックス奏者って言い間違えたらとんでもないことになるやつやん,0
私の部署は常識的で落ち着いた先輩方がほとんどなんですが、稀に宇宙人が異動してくることがあります。私に対して上から目線な態度や呼び捨てなどを繰り返し、先日は私がMT免許を持っていることを話すと「女の人ってみんなATなんだと思ってた！すごいね！」などとほざくので埋めておきますね。,1
うちの猫の名前を教えると、「自分が良くつけられるあだ名と似ている」というくだらない理由で「親近感が湧く」などとほざくので、「お前のようなブサイクと一緒にするな」と言いかけましたが我慢したことは賞与に値すると思います。ボーナス下さい。,3
メモを取らない、締切を守らない、関係者をメールのccに入れない、自分の興味のあることしか聞いてない、怒られると不機嫌になる。こんな人ほんとにいるんですね？私よりも先輩なんですよ？？？,1
今は私のことを見下してるので(最初からかもしれませんが)苗字の呼び捨てですが、来た当初は下の名前にちゃん付けでしたね。許可した覚えはありませんが。,1
あと私は気づかなかったのですが飲み会で皆が席移動した時、私の座ってた席に別の人が座っていたので、別の場所を探していたら、ブサイクは自分の両太ももをトントン叩いてここに座りなアピールしてたそうです。,1
笑点の重大発表が昇太の結婚発表だったなんて目からウロコおめでとう！,0
どうでもいいけどコピー用紙の中身だけ取って外の袋そのまま置いとくやつはトイレットペーパーが無くなっても新しいのに替えないで出ていくクソ野郎だと思うから哀川翔に殺されてしまえなぜ使い終わったゴミを捨てるという当たり前の行為が出来ないんだ,1
あとコピー機のトナー使ったのに新しいの発注しなかったやつも同一犯だろあの後私がほかの部署に借りに行って新しいの発注したんだぞ,1
芸人が反社会組織と繋がりがあっても芸能人が薬やってても性格がクソでも芸事に秀でていればOKだと思っている。だって自分の家族や友達じゃないから。文春砲はもっと無能な穀潰しの政治家たちを撃ち殺してくれ。あいつらは税金使って我々の生活を良くすることが仕事だろ？できないなら辞めろ。,1
国会中継で議員に脳波計をつけて居眠りしてる奴がいたら床が抜けて下水道に落下してそのまま懲戒解雇できるシステム作って欲しい居眠りくらいでって思うけどそれくらい緊張感持ってすべきだと思うよ。,1
最近ジムに言ってないしあまり走れてないという話すると「そういえばジムの話最近聞かないね」(お前に逐一報告すると思ってるのか)「3キロか～まりもにしては走ってないね」(お前は私の何を知っている。そして1キロも走ってないお前に距離のことでとやかく言われたくない)と思うくらいには嫌い,1
今日もとりあえず無事に一日終えられたことにたいして自分を褒めていくスタイルでいこう,3
新しく来た人はいいとして前からいるお前は異動者に丸投げはダメだろう…いい加減に…してくれ…もう…ほんまに…おい…,1
あいつ絶対KOROSU,1
クソくそのクソに語気強めに言われて僕の豆腐メンタルはお亡くなりになったのでトイレでべそべそ泣いてたらだんだん悔し涙に変わって最終的には殺意になったクソに殺されるくらいなら刺し違えてでも私が奴をKOROSU,1
クソの仕事ぶりはかなりクソだから新人さんに教えつつクソのフォローに回ろうかと思ってたけどもういい、勝手に死ね,1
きのうイラついて語気強めになったのも語気強めに返されて半べそかいたのは…もしかして、PMS？？てことは…クソ(男)もPMS？？？,0
X JAPANのトシってやっぱすごいんだな…,0
Switchでヤギとかニワトリを育てながら畑を耕すなどしてのんびり暮らすインディーズゲーム始めたんだけど、開始から数分でヤギが死んだ,2
わたしはね！定時に帰って飼い猫ちゃん達のキンタマがそのへんに落っこちてないか毎日確認する指名があるんですよ！,3
ついつい店員さんの営業トークに負けて想定より多めに買ってしまう…,2
平成生まれの無知を馬鹿にする番組って基本嫌いなんだよね同じ知らないでも昭和が知らないと難しい問題平成生まれだとそいつらが馬鹿って言ってるように感じる,1
ガムをくちゃくちゃ食うやつってなんで3回に1回口開けるの？閉じて食えばいいだろ気持ち悪い,1
どうでもいいけどリンクくびれあるやん(嫉妬),1
スメルテロを規制する法律はよ,3
靴が当たったのか親指の皮むけたんだけど少し腫れてタコっぽくなってしまった,2
天蓋付きベッドに憧れてるんだけどつけた瞬間猫に破壊される未来が見える,0
暑さと残業で疲れた…早く寝たい,2
アルキメデスの大戦もちょっと気になる,3
介護費用が公費でって給料天引きではないんだろうな、金の出処は税金なんだけどプラスアルファで貰うってことよね,3
休みじゃぁぁぁあああ！！！,0
私は石ころ私は石ころ私は石ころ,2
お盆休めないなぜ？,2
一日が24時間では足りないあと自分の体が3人欲しい,3
2人で出かけたことないのに子供…？？？前回の一回目で仕込み…？？？,0
新しいパンプス気に入ってるんだけど買って3日目で靴擦れ(怒髪天),1
旅猫レポートのナナが前飼ってた猫に似ててそれだけで切なくなる,2
平日走れない分土日に早起ききてまとめて走るようになってしまったら疲れて昼に寝てしまうという大誤算,2
ついに猫様が花瓶をお割りになった！猫様にお怪我がないのでセーフ！,0
猫様相手だと「どちたのー？(↑)」とかできるんだけどキッズ相手だと緊張して表情筋しぬし声が低くなるの何とかしたい…,2
お盆も出勤ですが帰りたい今すぐ,2
ゴニョニョ→ドゴームってパタモン→エンジェモン並のショック,2
ビールに枝豆キメたい,3
舌にかなりのダメージ,2
どうしようもないモヤモヤを考えないように避けてきたらどんどんモヤモヤしてきてる気がする,2
絶対真似しただろっていうその発想がキモイわ神ティーチャー降臨してくれ,1
ひっくり返って困ってたであろうカブトムシ♀を足でひっくり返して元に戻してやろうと思ったら足によじ登られてテンパったうちでは飼えないの！,0
ネットの記事に若者のバルス離れって書いてあってTwitterでラピュタ見てバルスって呟く人が減ったとかくっだらねー好きにさせてくれよ,0
ペンギンの島がTLにチラホラ出てて気になったからやってみたけどハマる,0
マックのポテト食べたくなってきた…,3
下手くそな東北弁やめろとだけ言いたい,2
仕事してる夢見たせめて夢の中では休ませて,2
猫様たち(3匹中2匹)が肥満かもしれない…,0
ど～～して♪喉が痛いのに冷麺を中辛で食べてしまったんだろう～～♪(song by 東方神起),2
色んなものに対するやる気がビックリするほど消滅してる,2
新型iPhoneのカメラが蓮コラに見えてきて俺はもうダメだ,2
せっかくの三連休なのに左目が腫れて尋常じゃないくらい目ヤニが出るから最悪すぎる,2
たまにBSで山田洋次監督の作品やっててお父さんがつけてるのを後ろでボーッと観てたりするんだけど最初はそんなつもりなくても面白くて結局最後まで観ちゃう,0
リーダーの結婚会見和む笑,0
眠くて死にそうだ,2
スカーチョとかガウチョがトイレ行く時ずり落ちるってのがよく分かんない裾をウエストのとこに挟んでから下ろせば床につかないと思うんだけど,0
ハピメモのロード画面でさくらちゃん達が「もう少し待っててね」って言ってくれるんだけど出先でWiFiなかったからごめん待てなかった,2
うちの子(猫)が可愛すぎて生きてるのが辛い,0
明日は新潟のホテルに引きこもり部屋のテレビにスイッチを繋いでスカイリムをする予定たどり着ければな！,3
猫も含めて避難訓練した方がいいと思った避難所にはいけないから車載せることに慣れないと,3
皮膚科医が爪をスクエアに切るといいっていうからラウンドからスクエアにしてみたんだけど角っこから横に割れるんだけど…私には合わない,2
頼んでもいないしとくに意見も聞いてないのに説教じみたこと言ってきたやつを思い出したしかも自分はキツい言い方しか出来ないから嫌なら聞き流してって言われたけどそれお前が言いたいだけだろって思った,1
昨日カレーを食べすぎたせいか胃もたれが…,2
かわいい…枕の下にスペアポケット…足元に4次元ゴミ箱…,0
血液クレンジングと献血,3
今日めっちゃ腹減る…,2
昨日噛んだところが口内炎へと進化しつつある…かゆ…うま…,2
ホルモンバランスのせいで口内炎に肌荒れ気分の落ち込み眠気1週間寝かせてくれ…,2
新幹線の中で弁当食ってるクチャラーは万死に値すると思う,1
鼻水をすする音がまじで嫌いなんだけどそれを言うとそれくらい大目に見てやれっていう雰囲気になるからこっちはストレスなんだよ鼻かめよ,1
死ぬわけじゃないし気持ち切り替えて人生を楽しもう,3
飲み会の翌日に昨日の店のアレがそんなに美味しくなかったってそれあえて言うことか？？？？テメーは人を不愉快にさせる達人だな！,1
食いすぎて胃が痛いのもやばい,2
久々にネイルするとガタガタになって結局全部落とす爪の強度も戻ったし、給料入ったらネイルいこっかなー,3
嫌なことがあったり上手くいかないことがあって猫をモフればメンタル回復するから猫に会えなくなったら逆に死ぬかも,1
言っちゃ悪いが沢尻エリカ薬物所持に違和感なし,0
Canonのミラーレスいいなあ(フラグ),3
きのうはボルダリングもやったから上半身がバッキバキだしネイルも少し浮いてしまった…,2
ジョギングしたらくっそ腹減ってきた…いくら丼食いてぇ…,3
銀山温泉行きたい,3
バチクソ頭が痛い,2
費用対効果！費用対効果！2ヶ月でペイすればいい！,3
猫様が脱走する夢を見て心臓がキュッとなった,2
目が疲れたせいか瞼が痙攣するう,2
眠過ぎて死,2
やけに息苦しいなぁと思ったんですよ…おかしいなぁ…おかしいなぁ…と思ってふと見たらヒートテック後ろ前に着てたんですよ…(cv.稲川淳二),2
アタマイタイヨ,2
キキポップって誰かに似てるなと思ったらもえあずだ！,0
死刑のボタン押す人が可哀想だから首にかけた縄を口に咥えさせて力尽きたら死ぬシステムにしたらいいと思う,3
カラオケオフとか行ってみたいんだけど人見知りだからヒトカラの方が楽しいんじゃないかって気がする…けど…がっちり歌の趣味が合うオタ友がほちい…,3
その人のことなんとも思ってなくてもふとした言動に時間差でキレ散らかしそうになる,1
つーか、なんなん？黙って聞いてりゃおい、好き放題言いやがって俺の耳は悪口収納袋じゃねぇんだよ謝りたいってそっちの気持ちがスッキリするだけだろさせるかよ一生モヤモヤしてろ,1
そんなことより猫様(おデブ)の乳首が赤く腫れてんだよ！！！そっちの方が重大だよ！！！クソカス人間なんかどうでもいい,1
表計算のほうが点数取れるとはおもうんだけど新しい物好きだからPythonやりたい欲が…,3
久々にプチプラで服が欲しいと思ってGU行ったんですけど種類が多くてめんどくさくなって買うのやめました,2
○○でいいって言われると何においても腹立つ「でいい」って言われると仕方なく妥協してやるか感が出てクソがって思う,1
走って腹減った(フラグ),0
買いたいものがあったけど旅行行って帰ってきたら年末だし失敗した～～～計画性がなくてだらしないのが出てしまった,2
うちの猫様私が着替えようと服を脱ぎ出したり半裸のときにだっこをせがむんだが痛てぇわ,2
スマホとチークパレット落として流血したとこが痛い,2
チークパレットの角とスマホの重さがミラクルコラボして流血したよね,2
あしたから…しごと…かゆ…うま…(手記はここで途切れている),2
新年会で終電で気持ちよく酔っ払ってるけど今日は月曜か(死),2
いﾞくﾞらﾞたﾞへﾞたﾞいﾞ！！！,3
私のことを考えての言葉だというのはよく分かるんだがこちらとしては結婚したら仕事辞めるなんて言ってないし私もせっかく内定もらったから働き続けたいと思ってるのに「仕事は続けなさいよ」ってさあそっちが結婚したら仕事辞めるもんだと思ってんだよな,1
私が自分で考えた選択には文句ばっかだわだから何も話したくなくなる,1
どちゃクソイラついた時は全て生理のせいにすることにしている,1
だからお前の言う節度ってなんなんだよその「何も説明しないけどわかるよな？」っていうの嫌いなんだけど私の納得いく説明をしろクソが,1
くっそ腹立つ,1
犯罪特捜ファイル観てるんだけどイライラしすぎて今私が裁判官だったらみんな死刑にしてる,1
ついに会社の人間に垢バレしてしまったので即ブロック即鍵垢ですよ私の拠り所と愚痴の吐き出しどころを奪わないで欲しい社会不適合者を殺す気なの？,1
たとえ共通の友人だとしても私は本人の承諾なしに個人情報を教えるのはクソだと思ってるからしないよ？それをわざと教えないようにしてるとかいじわるされてるという解釈するやつはほんと無理,1
そもそも酔って連絡してきて教えて→時間かかるならやっぱいい→やっぱ教えて→電話して聞いてって流れは今思っても私のことを馬鹿にしてんだろ俺は心激せまだから時間かかるならやっぱいいの時点で頭にきて何もする気をなくした,1
そいつとは会社の研修で一緒になるだろうけど半径3キロ以内に近寄りたくないし一緒の空気吸うのも不愉快だけど研修だけは我慢するよその後は同じ部署に配属にならないように転勤で同じ部署にならないように毎年神頼みするわ,3
ミラーレス本体のタグを載せるならF値とレンズのサイズとISOも記載して欲しい,3
横領の田村容疑者「走らない馬はいらない」控えめに言ってもてめぇが出走して馬に蹴られてタヒねと思う横領はどうでもいいけど馬を玩具にしてる感が強くて反吐が出る,1
自分もそこそこメンタル弱くてメンヘラ気質な自覚はあるけど相手に八つ当たりしないようにしてたのにお前は何も変わらないのなと思って心は氷点下ですよ,1
「考えた人すごいわ」っていうパン屋の紙袋持ってる人がいて思わず何屋さんなんだろうと検索してしまったから考えた人すごいわ,0
固形物食べたい,3
今日は鏡で見た自分の身体があまりに醜かったので痩せます,2
迷った時は買わぬが吉だめだ…メンタルが…,2
マジでクソうるせぇジジイ黙れここは電車ぞ,1
一人暮らししたらルンバと自動調理鍋だな,3
ルンバと自動調理鍋と食洗機で快適な生活じゃね？あとは洗濯物自動たたみ機さえあれば…,3
Apple Pencilが1万くらいしたからマウスもそれくらいなのかとおもったら7800円で結構安いなと思ってしまうくらい林檎使うと金銭感覚おかしくなる,0
昼間はトラックパッドあるしそんなに要らなくね？ってなったのに,2
おいジジイKOROSUぞ,1
次やったら酔ったフリしてカウンター食らわすぞクソが,1
寝るなら触れるな1ミリでも触れるなら寝るなそれ以外ならSHINE,1
いやだからさなんでボックス席に座って体少しひねって半分よりこっちに侵入してきてそっち向いて寝るわけ窓際なんだからまっすぐ前向いて窓にもたれかかって誰にも迷惑かけず半分だけ使って寝ろよ馬鹿か？,1
オイジジイ馬鹿か？,1
酔うとほんと難聴になってしまって困る,2
ひっさびさに酒飲んだ翌日に顔浮腫んだわ…チェイサーだいじ…,2
人見知りなのになんでここに来たのか…早く帰りたい…,2
久々に走ったらスッキリしたねやっぱ運動不足は心身ともにいけないね…運動します,3
ハセヒロはよく叫ぶ,0
機能性とか効率を全く無視したマナーってクソだと思うのマナーって相手を不快にさせないための心遣いだろ？機能と効率を無視したらむしろ不快だわ,1
今日はリフレッシュするうもりが超デカイ買い物してしまってメンタルゴリゴリ削られた,2
コンフィデンスマンJPだけは続けてくれ！たのむ！面白いんだ！絶対みるから！,3
私は静電気が大好きだから使いたくないけど猫触る時にバチバチするから静電気除去ブレスレットつけようかな…,3
猫の首輪が静電気除去してくれたらいいのに！,3
ミイラ見に行きたいなー,3
唇以外は化粧してるから浮くのかな,0
今思うとあいつらみんな自分本位だったなクソが,1
めちゃ眠い,0
5観てない…,2
ストレス社会に心は耐えられても胃腸が弱すぎる,2
この部屋WiFi入りにくいし4Gは速度制限だしつら,2
ねむいー,0
人のせいにしてはいけないけどやる気削がれる～,2
爪の奥の皮押しすぎて…怖いことになった…痛い…痛い…,2
最近運動してないせいか胃腸が調子悪い,2
なんで今日のここに来たんだろうという後悔しかない早く帰りたい,2
エレベーター降りるからすいませんつってんのに無視して微動打にしないオヤジもバカなの？死ぬの？,1
マスクしないでゲホゲホするしウトウトして寄りかかってきたオヤジはバカなの？死ぬの？,1
気持ちはわかるけど医者が少ないんだから仕方なくないか？コロナは致死率低いしアルコールで死ぬんだから逆にインフルの方が怖いと思うけど,1
コメンテーターって頭いいのかもしれないし知識が豊富かもしれないけど現場に行ったこともないのに好き勝手にイチャモンつけていいご身分だね,1
そんなに言うなら現場行って手伝ってきたら？感染怖くて行かないでしょどうせ行っても役に立たなそうだけど,1
むしろ船員の方が可哀想だわ,2
ぼんやりとあれがやりたいとかあそこに行きたいとか言ってる時は楽しいんだけどそれが具体性を帯びてくると急に面倒になる,2
かわゆし,0
いいなー0秒餃子,3
明日から労働,2
売ってないと思うと欲しくなる…,3
くっせえよお…気持ち悪いよお…,2
女性の香水がキツすぎてスメルテロだよ～マスクしてんのに臭うってマスクしてなかったら死んでた,2
デスクワークなのに忙しくて午前中自席にほとんど座ってない,0
休校で電車はスカスカになるね,0
機嫌悪すぎて何に対しても「ﾁｯ…KOROSUぞ…」と思ってしまう,1
開店前のドラッグストアに行列出来てたんだけどまさかマスクの買い占め列じゃないだろうな？KOROSUぞ,1
人間関係にほとほと嫌気がさしたので山とかにこもりたい,2
一体何に腹を立ててるのか分かんなくなるくらい腹立ってる,1
きのう「マツキヨどこですか？」って聞かれたけどアイツも買い占め仲間か？？？？？,0
てかggrks,1
あーホントくそくそのくそが,1
あーもー休みの日なのに嫌なことが頭にチラついてもう嫌よなんなんまじなんなん？可愛いネコチャンネイル見つつ我が家の猫様を吸うしかないな,3
死んだと思ってた犯人が実は生きてて逆にこっちが捕まって監禁されるみたいな夢見た夢の中の私は逃げられる状況なのに怖くて逃げられなくてDV被害者の心理ってこんな感じなのかな？って思った,0
いい事があるとそれと同等かそれ以上に悪いことが起きるはずだと信じてるタイプなので楽しいことも楽しめないむしろ悪いことが起きると嫌な気持ちになるけど想定より軽いやつだったときはほっとするこの思考やめたい,2
ある人からなにか聞かれて答えると「いやいや、それについて文句言ってる訳じゃないんだよ？」って言われるんだけどそんなに怒ってるように見えるのかなそんなつもりはないんだが…なんか疲れた…,2
もうやだーやめたーいって思っても運動すると忘れるから適度な運動大事ですわ,3
寝ても疲れが取れねぇ…もっと寝たい…,2
コロナ犬にもかかるの…？猫は…？頼むから重症化しないでくれ…,2
ATMの操作が遅いのは分かるんだけど俺の後ろで「遅いなぁ」っていちいちうるせぇ黙って待ってろ俺も待ってんだよ,1
大嫌いなやつから貰ったお土産を駅のゴミ箱に捨ててきてしまった物に罪はないのにごめんね大嫌いなやつがスクラップにされればいいのにな,2
おいコロナで発熱したのにジムでウイルス撒き散らしたジジババよ春のセンバツ中止だぞ？,1
つかれた,0
この程度で疲れてたら今後やばいなあ,2
あそこまでマジねーわって感じのババア初めて見た,1
俺の会計途中なのに店員さんにばB「ちょっとここラストオーダー何時？」タメ口な時点で死ね店「9時閉店でラストオーダーはとくにお伺いしてません」B「じゃあ9時に来て注文してもいいわけ？」店「それはちょっと…」ババア頭沸いてんのか,1
認めたくないけど親知らずがうずか気がする…,2
仙台でやってないのか…,2
めっちゃTLがあつ森,0
電車の中で1時間同じ姿勢であつ森してたら腕がつった,2
試験中止になったから腹いせにあつ森やる(勉強しろ),1
返金なんて望んでないけど返金しますつってこっちが1回いいですって言ったら引っ込めるくらいの覚悟で返金しますなんて軽々しく言うんじゃねぇと思ったパフォーマンスで返金しますなんて口に出すな謝ってすぐ商品出せ,1
「そっちは〇〇だからいいねぇ」って半笑いと若干の苛立ちみたいな感じで言ってくるのなんなん？忙しくて苛立ってるのは分かるけど当たる相手違うぞてか誰にも当たるな,1
「そっちはやらなくてもいいからいいね～」って言われたけど話聞いてた？私その仕事終わらせて残りは自分でやってとか後任にお願いしたって言ったんだけど全く何もしてねぇみたいな解釈する歪んだ認知どうにかしてくれ都合のいいとこだけ切り取って話すな,1
世間話するくらいの関係になったら耐えられたけど仕事が絡むと無理だなと思った,1
すぐ騒いで買い占めるヤツらなんなん？東日本大震災でお前ら何も学ばなかったのか,1
「あの時嫌だった、あの時は我慢してあげたけどもう限界」とか言われて後出しに腹立つし我慢しろなんて頼んでねぇし我慢してあげたってなんで上から目線？そしてこの後出しもLINEで長文って卑怯すぎひん？？その場で言え,1
最近腹立ちすぎダークサイドに堕ちすぎ,2
めっちゃ腹いてぇ…,2
地獄みたいと感じる時は源さんの地獄でなぜ悪いを聞くに限る,3
思い出し怒りだな,1
何でそんなことしたそんなことするのがわるいんだろってよ後出しジャンケンでキレんのやめろっつーんだよしょーもな,1
コウノドリの14歳の母のやつは旦那の中学生とその親に殺意しか湧かないし3回KOROしても足りないしコイツが結婚する直前に「コイツ中学生のとき同級生妊娠させてその子供を養子に出させました」って言いふらしてやりたいってくらいには心黒いよ,1
感染者が悪いみたいに謝るのやめようよ悪いのはウイルスだよ,2
告白観た後に「明日、春が来たら」を聴いてﾋｨｯてなってしまった,2
顔に肉が付いてきた…やばす,2
かねてよりコロナ太りしてるんでマイナス2キロ目指します,3
みなし残業以外でここまで働いたの初めてさすがに疲れた,2
「夜にジョギングしてたら男女2人組の乗った車が急に停車し、出てきた女は手に焼きごてを持っていた」という夢を見てブチ切れながら起きたね。朝4時だよ。あの女、次出てきたら返り討ちにしてやる。,1
コンフィデンスマンJPプリンセス編早く見たいよ～,3
許さなーーーいの途中に提供入るの反則だろwwwクソワロタwww,0
田中みな実なんで眼帯…？？？,0
ちなみに今日のウォーキングではヘビとハクビシンに会ったよ！,0
もはやスカイリム内では極悪の限りを尽くすつもりで最強のスリ目指してプレイしてる,3
今日は酒飲みたいって思って昼間に作ったたたきキュウリ残しておいたのに全く飲みたくなくなった,2
もはや公式がアマビエ使うようになったのね,0
【悲報】連休最終日自室でビールこぼす,2
AirPodsもApple Watchもポチりたい,3
自粛の反動で通販しまくりそう,3
まじまじまじまじ今日やりたかったこと何も出来なかったーーーー！！！カブ価ーーー！！！,2
眠くて頭がぼーっとして言葉がまとまらない,2
テンパると訳の分からないミスをしでかすから急がば回れ…急がば回れ…眠い…,2
毎日の検温で電池がないのか34.7℃という低体温をたたき出した,0
仕事モードからなかなか帰って来れない,2
ものもらい出来そうでむず痒痛いけどかいたら負けだから我慢してるけど辛い,2
電話口で名前聞き返すのに「何様ですか」って言っちゃったし、それに対してじわじわきて笑い堪えきれずに電話切る直前に声震えちゃったよ,0
今日は定時キメたい,3
脱毛始めたら毛質が柔らかくなったから生えてきてもチクチクしなくなって逆に剃り忘れる,2
口内炎が立派に育ってしまった…,2
電波さえあれば田舎でも良いんだよなぁお隣さんが遠ければ防音じゃなくても近所迷惑にならないから,3
ゴリゴリに可愛い服が着たい,3
コロナのせいでネイルオフできなくて自分で削ってたらフレンチネイルになっちゃったよ,2
アベノマスクはエアリズムのやつがいいなー,3
猫ちゃん3匹いるうちの1匹はよく吐くんですがもう1匹がどこからともなく現れてゲロ食べようとするんですよね別にお掃除頼んでないんですけど3匹目は特に何もしません,0
ミスシャーロックの竹内結子みたいな髪型にしたすぎる,3
起床後即頭痛で今日のやる気はZERO,2
頭痛薬でドーピングしながら通うこんな世の中じゃポイズン,2
肩こりも労災にしてくれないかな,3
もっとこういう人だと思ってたって言う奴さお前の思い込みじゃん1回でも私として生きたことなんのか？ないなら私のこと知ったような口きくなよ,1
天気が悪くて頭が痛いのか寝すぎて頭が痛いのかどっちもだ！！！,2
途中から見てこんなのゴジラじゃねえ！って思ったらゴジラじゃなかった,0
CM多いんじゃ！,1
ゴジラたんカッコよすぎ,0
私も勉強頑張ろう春に向けてハーフマラソンの準備もしなくちゃ…,3
もうサムライは刀抜かないのね,0
帰りたい(出勤前),2
虫歯が見つかって大変悔しい残りの歯は俺が守る…！,2
人付き合い得意じゃないし友達も全然いないから独りは平気な方だけど嫌われてる気がするなーと思うとへこむしもうこちらから好きにはなれないし仮に誤解だとしたら自分はなんて最低なんだろうと思ってさらにへこむ,2
他人にどう思われているかに気を取られすぎて自分を生きられてない気がする,2
地方からするとGo Toキャンペーンとかまじこっち来んななんだけど,1
今週も疲れたけど明日休みだから体力温存する,3
えっ、三浦春馬えっ,0
私にとって憂鬱には運動が薬だな…面倒くささが敵だけど…,3
1万円の枕買ったから4連休は寝たきり確定,3
めっちゃイライラする,1
久々に着圧のランニングタイツ履いたけど終わったあとの疲労感が全然違う…,0
暑すぎて無理…明日は早朝に出発しよう…,2
日差しが出る前に走れたので大勝利,0
きのうお皿洗ってたらね…あれ？なんか足が痒いな～痒いな～って思ったんですよ。ジョギング中に蚊に刺されたのかな～？おかしいな～痒いな痒いな～って、ふと足を見たらね、蚊が血を吸ってる最中だったんですよ。(cv.稲川淳二),0
りょうさんのコスプレは逆転裁判なの？,0
見れば見るほど九重くんにハマりそうで怖い…新たな沼の扉が…,0
角度とか見方によっては岡田健史と福士蒼汰の見分けがつかないしかも福士蒼汰の名前が思い浮かばなくて藤井聡太を検索してた…カオス,2
このあと日が沈んでもずっと27度ってやばくない？走れなくない？,0
お盆休みが始まるということはいつか終わるということだと考えて憂鬱になる,2
CPU相手の大富豪で唯一の不満はゲーム終了後にスラム街ごっこができないことかな！,2
プール付きのスイートルームで日がな1日ゴロゴロしたいんぬ～～,3
今日はミートソース作ったし試験勉強もしたし私はよくやった…頑張った…,0
会社行くの嫌すぎるから自分の殻に籠って妄想する,2
給料から天引きされる固定費って一年中同じ金額だと思ってたら途中で値上がりしてて泣いた,2
虫刺されの後遺症に苦しんでいる(かゆい),2
あたまいて～理想と現実のギャップに苦しむ癖辞めたい～ポンコツのくせに理想が高い～,2
麻雀の話してたら我慢できなくなってスマホでやっちゃった…,0
今日は割とメンタル生きてる,0
わたし過激派だから全部燃やしてKOROSEとか思ってしまう,1
強盗からご主人を守って頭刺された犬の話バチクソ腹立ったから強盗の頭に千枚通し刺してかき混ぜてやりたい,1
めっちゃ左耳が痛てぇ,2
今日も疲れたなあメンタルがノーダメになるのと引き換えに、やる気がなくなって忘れっぽくなった気がする,2
俺の精神は新たなステージへ,3
コロナ禍で飲み会が断りやすくなったかと思えばwithコロナになってからそうでもなくなった余計に疲れる,2
今週も生き延びたから私は頑張った！,0
九重にはめちゃくちゃ出世してほしい,3
昨日の敵は今日の友みたいな展開好きなんだけどRECかわいそすぎる…,2
先週まで超絶メンタル無双だったのに今週は月曜から死にかけ,2
運動してないからメンタル死んでるのだろうか,2
自分がポンコツすぎてつらい…,2
ポンコツだけど前よりは言葉わかるようになったから俺は頑張った,0
仕事も遅いしミスもあるけど頑張る,3
温泉に行きたい,3
忘れっぽくてほんと最悪…,2
文具沼が来てる,0
わたし熟睡すると目が半開きになるタイプなんですがクーラーと扇風機つけっぱなしで寝てたら夜中に目が覚めて眼に激痛&amp;涙が止まらなかったんですよ…つら…,2
DAIGO(42)よんじゅうに…！？！？！？,0
今日も耐える,3
Snow halationがジョギングのリズムにとてもよい,0
辞められないなと思うから辛いんだな、いつでも辞められると思えば気持ちが楽になる、いつでも辞められるように勉強しよ,3
今週もなんとか耐えた,2
最初に入った会社を半年でドロップアウトした自分としては半年が正念場だと思ってる。この時期さえ耐えれば…,3
軽い霧雨のうちに走り始めたら本降りになってワロタずぶ濡れになりなっても非防水のスマホを守りながら走り抜いたぞ,0
北斗の拳…？,3
8月のマラソンよりは涼しくて走りやすいだろうと思ってたけど雨続きでやる気出ない(言い訳),2
クラフトピア楽しそう,3
今日はは早番だから耐える,3
脱サラしてアスパラ育てたい,3
わかりみがすごい,0
思い出すとバチクソ腹立つな,1
聞かなかったら聞かなかったで怒られ 聞いたら聞いたでぞんざいだったりイラついたりされるというテンプレかまされててワロタ,0
今日も耐える,0
残り2日で12キロ辛い～～ サボってた自分のバカぁ,2
由依ちゃん結婚したか！,0
ブラのホックが爪の間に刺さるなんて初めてでとても痛い,2
山口メンバーの写真があばれる君に見える,0
今日も耐えた,0
1日1アイスがノルマ,3
朝から厚切りパンが胃を苦しめる,2
今日も耐えたのでご褒美のお買い物,0
私の覚えが悪いかもしれないがお前の態度もどうかと思うぞ,1
あんなにテンプレみたいな反面教師って現実に存在するんだな～,1
私「ここが分からないので教えてください」 奴「ここは見比べましたか」 私(見比べたけど分からないなあ…Aさんが詳しそうだから聞いてみよう) A「うーん、ちょっとすぐには分からないから確認してみるね」 奴「Aさんに聞きましたね？自分で考えてもらおうと思ったのに、もういいです」,1
私「ここまで処理したんですが、この後って何かやった方がいい処理はありますか？」 奴「他にやりたいことはありますか？」 私「私が思いつくところでは無いです」 奴「じゃあ無いんじゃないですか？」,1
殺意の波動に目覚めそうだぜ,1
エンディングカットされててつらい,2
KOROSUリストに名前が増えちゃったぜ勘弁してくれよタウンページじゃないんだぞ？,1
おでこのニキビ治らないし 頬にも新しくできるし 肌荒れが酷い…,2
頭痛すぎる?,2
担当業務が変わったおかげで肌荒れが治って食欲がもどった,0
自分が嫌だなあと思っところとか言っていいのかそこは受け止めるべきなのか分からない 決まったことを何回も蒸し返されてイライラする,1
きのうランニングサボったから今日の朝5キロを目標に寝たのに朝起きるとやる気なくすし結局3キロで断念,2
最近4時に1回目が覚める 年か…？,0
ひーこらつかれた,2
牛乳で胃をコーティングして北極ラーメン食べたから万全だと思ったら腸にキてる,2
なにか本が読みたい,3
そして酒が回る,0
ずんだっそのまま食べると美味しいのに加工食品にされてしまうとなんでこんなに不味くなるんだろう…,2
テイクアウトOKなお店探ししてたら腹減ってきた。,3
爆裂の食欲何とかならんか,0
3ヶ月で5キロ落としたい… 夜の完食辞めないとダメだな,3
会社行きたくなさすぎてきのうからずっと具合が悪い,2
自分の甘さが仇となって生きづらさを感じる,2
今日も耐えた,0
土曜が終わると思うと既に憂鬱,2
昨日の後遺症で両足がダルい,2
つかれたー,2
疲れたしおなかすいたから大好きなグミを爆食いいたしたくコンビニによったんだけど何もそそられなくて買わずに帰った,2
家業を継がないと妻側の姓を名乗っちゃいけない法律でもあんのか？,1
読めば読むほど腹立ってきた,1
めっちゃ今風の絵柄だな,0
めっさ頭痛い,2
梶の睡眠曲大塚愛で就寝して目覚ましのKing Gnuで起きる生活,0
卒ライのセトリ完全に俺得だ、,0
クランクポールにぶつけない方が珍しいんだけど明日仮免,2
18日夜梶と飲もだれか,3
絶望的に注意力欠乏してるし距離感覚が全く皆無なので路上教習で死にそうになる,2
3.30暇な栃高生、飲も中野恭輔とかと,3
梶くん卒ライ気合入ってる,0
応急救護でめちゃ可愛い子の人工呼吸ガン見してもうた,0
定期的に聞きたくなるアーティスト1位 MOROHA,3
オカモトレイジ君めちゃくちゃカッコイイ,0
明日河原に根性焼きしに栃高いく,3
合宿免許と帰省期間ずっとこたつスイッチ入ってた萎え,2
１２の3の次は4～ その次は5 2をかけると10～ 8を足すと18～,0
わしは後輩に奢りたがりなので新入生入ってきたらどうなるんや,0
卒ライ意味わからん音してたの竿の問題出てきたんだけど修理したばっかりなんだが,2
爆弾ジョニーのなあんにもと悲しみのない場所へを聞け！,3
卒業するときやりたかった,2
オリジナルやりてえな,3
明日、本気で梶くんに挑むわぶっ潰す,3
栗の実幼稚園決勝戦や！！！！！,3
みんなラジオ聴いてる,0
地味に7時間スタ練きつい,2
リキッド満員のKOTORIのギターですら 毎月家賃払えるくらいしか収入がないらしいのクソだな、,0
今年のわしの学科の4年生の卒業研究未着手該当者（留年）が 110人中33で笑えん,0
安さと太宰の影響故ゴールデンバットになってる今,2
saidやりてえな,3
ATELIER使ってる新入生おるやん,0
齢を重ねるにつれビビっとくる音楽が増えてる。昔はくるりとかandymori聞いてなんも感じなかったのにね。,0
普通に再履とか抜きで考えても平日バイト出来ないレベルで大変なんだが,2
俺んちTwitterの位置情報ラブホテルになってるのウケる,0
無気力症候群,2
19日深夜練だからその前に見に行く愛がなんだ,3
前日1時5時スタ練死ぬやん,2
愛がなんだ見てきた,0
月曜3.4.5限再履修、俺の午後休,2
もっと耳良くなりてえな。,3
0.5倍速にして聞くと有り得ん拍がずれてるな、,2
しゅうとくんとしらくらバイト中に来たからまぁまぁサービスしたんご,0
金ない言ってる人は銀行で小銭下ろすようになってからが始まりだからな,2
最近の俺の頑張りを認めて欲しいんんんんんん,3
最近、毎日飲みてえって言ってる飲みてえ,3
また課金してしまった無意味な課金,2
令和前、平成最後の昭和の日,0
最近そん姉貴の姉貴感すげえ。,0
お金ないから明日実家おばあちゃん家のダブルジャックポットしてくる,3
鬱鬱鬱,2
美味しい寿司食いてえ,3
イヤホンがないだけで毎日の生活が閉鎖的だな、鬱鬱,2
オプション吸ってる男は信用しちゃダメ！,0
バ先のキムチの売り上げが伸びてない原因俺のつまみ食いしすぎ説ある,0
ゴールデンバット生活始まった……,2
ごめが持ち帰った一女、俺の隣に住んでるんだけど。,0
マフ2年のみ楽しい,0
仲良い大学からギター始めた先輩がこんどオリジナルバンドで2と対バンって夢あるな、オリジナルやりてえ。,3
依存したいな,3
サマソニ行きて,3
zepp名古屋経験者のATELIER薬ガール（可愛い）が一個下におって完全に負けておる,2
連日の飲み会で肝臓が死んでる,2
今日の俺、勝てそうな気がする,3
上手くなりてえな。,3
ずっと真夜中でいいのにムズすぎ君,2
BPM108,0
多忙マウントなら取れる,3
バイトの店長と喧嘩した死ね中卒,1
飲みて,3
銀次きた,0
おれはプロ王,0
ディズニーいきて,3
MOROHA聴いてる,0
応生の他学科履修出たらフセが1番前にムカつく顔して座ってた,1
新合同であいぞんに潰す宣言された去年新入生になめられて怒るそんようの気持ちわかったんご,1
母の日に課金した4500円を5倍で回収してくる帰省,3
さよならくちびる観たいんご,3
クリスのドラム配置好き,0
なんでコピーまだなのにワイン飲んでんの？,1
あー上手くなりて,3
縋るな依存しろ,3
姉貴、人生楽しそうで嫌い,0
だれか竹泉,3
大学クソ,0
今日何も食わずにモンスターとタバコだけや腹減らねえ,2
つかれた,2
酒で暴力化する奴酒の席とは言えど素面でも影響してくる怖いなあ,2
ベン心配してLINEしたのに彼女と幸せ自慢してきた死ね,1
俺が戦力になってるポンコツ実験班,0
桜桃忌昨日だけど運河に入水するわ…,2
サケ,0
誰か明日のもー,3
もう新松戸着くンゴ…,0
七味タバコ死ぬかとおもた,0
焼肉食いてー,3
金なさ過ぎてコールセンターしないと,2
インスタでかっこいいモードなブランド見つけたと思ったら中学の友達がモデルやってた,0
僕のジャズベより1歳年上や,0
のめさん運転で長野生きて帰れるの,0
大学の後輩がみんなうますぎてちんちん,2
りゅうやがインスタグラマーになってて姉ちゃんがちゃすさんと飲み友っていう夢見てた,0
のみすぎて逆流性食道炎なのかストレスで喉にデカい異物感ある死ぬな,0
ジャズ研の舞ちゃん来ないし実験ほかの班より1時間長かったンゴ,2
プロ王あきらめた！,0
Pretty old man コピー終わった,0
観た映画がつまんなかった邦画はくそ,0
なつこいにルーシートゥーくるんだ,3
あと2ヶ月でティーンエイジじゃなくなるの悲しい,2
選挙に行け,3
仲良い学科の先輩、一教科以外フル単で再再履で留年で160万って…,2
サークルも勉強もがんばふぞ,3
レポート共有してたのバレた,2
眉毛なくなった,2
IA謎賭けでカモられたんだが！くそ,1
脳が退化してる,2
体にダメージがきてる,2
8月22から9月1の間にライブする曲 30曲越えてる,0
実家帰ってきたけどイライラする,1
寝過ごしてふと大宮で降りたら祭りやってる,3
やっぱかじれる親のスネは齧っといたほうがいい,3
今日から17日まで期間限定で柏にも家増えたわ,0
やったわ,0
三号館で朝まで頑張ってシャワー浴びに家かえったらテスト終わってた,2
志村正彦はやっぱり天才や,0
りゅうやくんと七光台なう,0
オアシスいいな,0
クソ暇だから久しぶりに打ちいこうかな,3
一画やきたけどふたくちで飽きたw!,2
ナンバーガール伝説やん、北海道勢かわいそう,2
あつい,0
明日ライブなのにひろしさんと飲んでる,0
疲れた疲れた,0
コピー終わんねえ！,2
栃木治安悪い,2
無意味な帰省だった,2
バ先のヤク中の先輩ロングシフトだと徐々に薬が抜けてきてラリってくるのおもろい,0
キャンプしてー,3
GPAまた下がった,2
今日が命日,2
あとはワインボトル飲むだけだーわーわーわーわー,3
遅いながらサカナクションの新しいアルバム聴いたけど良すぎる,0
夏合宿2日目くらいにばあちゃんがぶどう送ってきたから不在票だらけで今日受け取ったらほぼ腐ってる,2
女とちゃんとしたデートなんていつぶり、,0
今日もジャグ活,3
あのクソ姉貴が実家に彼氏を連れてくる成長ぶりに弟感動,0
実家帰れ！,1
小瓶飲んだら声出ないんだけど,2
一生打たん,2
宇貫再戦,3
メインじゃない方のサークル、学祭でage factoryで引退する,3
誰かハブきてーよー,3
秋コンでごめとKOTORIやるの結構たのしみ,3
ワンピース気になりすぎる、,3
無限コピーくんじゃいつになっても上手くならん,2
今日も絶対勝つぞー,3
この秋はスロットで勝ったお金でギャルソンとポロの紺ブレを買ったのでたくさん着たい,3
そして毎日学校に行きバイトサークルもがんばる健康大学生活を取り戻す、,3
俺も20歳になって大人にならなきゃと思い仕送りを増やしてもらった,3
理系学生でサークルバイト学業、全部うまくやりくりできるやついるの、,0
2年のみ楽しー,0
一気に本を読むとそれを消化するのにすごい時間かかる、おれにもデバック機能ほしい,2
一気に本を読むと情報量多すぎて消化できん、もやもやもやもやもや,2
生協前にヤクザいると思ったらしらくらパイセンだった,0
飲みてーな,3
8連勤焼肉屋さんいるけど賄い飽きねえ,0
プレベ欲しいからだれか買いに行こ,3
7000円突っ込んで7000円帰ってきたなんとも言えん,2
全感覚祭行きたかったなー,2
フセひなのちゃんにツイッターで絡みすぎててキモい,0
深追いしなきゃジャグは勝てる,3
千葉終わりそう,2
地元が終了してる,2
全感覚祭行きたいな、、,3
全感覚祭いきてーーー,3
隣の目押しできないおばあちゃんの代わりに何回もビック引いたのに俺全然当たらん,2
一昔前に流行った外山滋比古の思考の生理学って本めちゃ良本だわ,0
一年半ぶりとかに風邪ひいて死んでる,2
いい肉食いてー,3
クソピエロ死ね！,1
一晩で38度平熱に戻した,0
選考会キャパりそう,2
飲みたいンゴね,3
漢の36カ月払い,0
疲れた疲れた次は選考会,2
バイトも予定も何もない1週間とか過ごしてみたいね、毎日映画見たりして,3
大学の先輩後輩って別に稼げる額変わらんのに奢る奢られるの関係なんで出来たのか謎、奢られるし奢るけども,0
しらくらと飲んでそのあとしっかり二人とも飲み代回収したンゴ,0
ニューギアするか、,3
卍解した,0
しょぼん,2
明日明後日で15時間スタ練8000円消える,2
ここ最近全部音楽に全振りしてるけどやってもやっても下手くそだし上には上がいるの悲しい,2
あした楽しみだなー,3
ビックイベ日なのに負けた,2
もっと上手くなりテー,3
一年生楽しそう,0
たこ焼きしたいなー,3
あいぞんムカつく,1
3時間後に集合とか耐えられん,2
だれか今日飲も,3
大宮遠征VSハーデス大負け,2
おしっこしたら終電逃した,2
ドライブしたいなー,3
image がこんな夜を作ってくれたらしい,0
文科省指定の年間上限取得単位数が49だけど理科大ブラックだから来年90単位履修しないと留年するンゴ,2
無気力,2
プロ王、テスト受けても取れない気しかしない,2
駅に止めてある自転車の料金のこと考えるだけで頭痛くなる,2
生きてるうちに運が全部意味のある事象を辿って起きてると判明される世界線に行きてえ,3
飲みて?,3
しらくらの代行スロット時給12500円,0
明日だーあっという間,0
三年生引退おつかれです 今日からおれが部長！,0
ギターって上手い人の中でもかき鳴らせるかでだいぶ差ある,0
無限に映画見てるトムクルーズになりてえ,3
結局ふせぎはどこだい？,0
今年の目標は留年を通年じゃなく半期に抑える,3
電波通信の運指筋トレ,0
成人式前日にトチタカで飲むのハングオーバー,0
成人式のあと理科大来るとなんか色々オワってて死にたくなる,2
春休みにしたいなー,3
悪魔的だ、したい,3
最近のTwitterオエゲロ,0
藝大の卒展行きたいな,3
初めて北斗天昇で勝てた,0
栃高サッカー部すげえな,0
ベイキャンプのあのメンツにコトリ普通にいるのすごい,0
あーバッドトリップ,2
しばらく死ぬ,2
酒で記憶なくすと次の日本当に死にたくなる,2
来年67単位も必要らしい,0
電波通信の運指筋トレすぎて無限に弾けない,2
寝る前は必ずフランツリストの愛の夢を聞く,0
全感覚祭の踊ってばかりの国かっこよすぎて5千回は再生した、下津のアバンギャルド感,0
スザンヌヴェガみたいな一日,0
光月おでんになりたいね,3
明日楽しみだなー,3
里芋の天ぷら食べたい,3
ほんとだったら明日春合宿だったのになー、,2
高校時代に向井秀徳に出会ってたら確実に運命変わってた,3
また夢なのか酔ってた記憶なのか交錯してわからん、,2
昨日こけてぶつけたとこめちゃくちゃに痛い,2
新しく変わったガス会社警告なしにガス止めやがって許さん,1
そろそろ土手飲みの季節だから炉ばた焼きとかで土手飲みしたいなー,3
おれの師匠の師匠の師匠ジャコパストリアス,0
理科大授業開始5月になったけど嬉しくないです,2
新歓教室なくなったら平日に7団体新入生歓迎ライブやろ暇だし楽しいし,3
こんなコロナコロナの時にば先ほぼ毎日前年比100％超えてて疲れる、,2
最近そんようロスがすごい,2
バイト行くときも帰り道でも宇賀神が財布探しててかわいそうになった、,2
帰省して部屋でタバコ吸ってたら親激おこだ、,2
いい天気だなー,0
大学辞める案件,2
単位配布されねーかな、,3
334ってりゅうやがいってた,3
この期間に禁煙するわ、行けそうな気がする,3
わしらの代就職絶望的やな,2
今日一日dean town練習してたけどムズイ,0
設備使えんのに授業料バカ高いのうざくね,0
暇すぎてブログ全部読んじゃった,2
引越しなうだけどありえんほどコンタクト出てくる,0
年間取得単位数16単位以下三者面談とか聞いてないヨ,2
飲み屋で飲みてえ,3
禁煙きっつーーーーーーーーーー,2
実家暮らし暇すぎてK-1とMCバトルと全国市町村パズルにハマった、,0
学科主任と勉学勧告zoomってキツ,2
Ⅳ(M7)→Ⅲ(7)→Ⅵm(7)→Ⅰ(7)で進む進行をjust the two of us進行って言うらしいんだけどめちゃ好きな曲ばっかり (丸サ、上海蟹、virtual insanityレイディーブルースなど）,0
実験だけって通う人その前の授業オンラインで受けれないやん、,2
このコロナ騒動でメディアリテラシーは大事なんだなってつくづく,3
暴言を吐く奴に対して暴言を吐くトレンド見てて面白い,0
日々の課題をこなすだけで受験生並です,2
コロナコロナでストレッサーは減るけどストレス解消もできねんだよなあ,2
安田記念負けた,2
上流国民になりてー,3
最近あいみょんめっちゃ可愛く思えてきた,0
プロ王いらついてきた,1
バックトゥーザフューチャー5億回くらい見てる,0
あいみょんかわい?,0
スタバの紙ストロー吸いづらい,0
今日は桜桃忌,0
6月病,2
飲みてー,3
落としたら留年するの分かってて救済なしで平気で落とす教授はなんなん、大学から落とした時に発生する授業料の2割くらい貰ってるんか？,1
後期もオンラインになったら完全に勝ちなんだが,3
しらんけど山本太郎都知事になったらおもしろそう,3
泣いた,2
ワンピース休載続きでやってられん,2
気持ち悪い、,0
原田ムカつくわ、,1
アート盗みしたかったわ,3
プロプログラマー,0
飲みてーなー,3
これまじで謎なんだけどおれんちに栃高Tシャツ１０枚以上あるのはなぜや、 絶対おれの周りに買った個数より持ってる個数少ないやついるだろ、,0
プレゼンの授業で顔も見えないわからんのに粗探しして虐めてくるやつ、絶対Twitterで匿名で芸能人いじめてる、,0
月曜から土曜日まで毎日9時?23時で机に向かってるので日曜だけは酒飲まなきゃやっていけないです。カネコアヤノ的にいうと今日は絶対頑張らな?いってやつ、パジャマのままで,3
小山のロブレ、名画座っぽくなってるのめちゃくちゃいいわ、夏休み通う,0
ワンピースやべえーーーーーー,0
エライザショックだわ,2
これから留年かかった1番の山場のテストなう、応援して,3
撃沈したわ,2
今週のワンピースがめちゃくちゃにアツい回だったので生きていける,0
海行きたいなー、,3
やっとこ罪と罰読み終えたけどなんとも言えん気持ちになった、、,2
グッドトリップしてーーーー,3
これで就職とか院試良くなかったら割に合わんわ理科大,2
Licaxxxとaaamyyyどっちがどっちだか分からなくなる,0
だれか信頼性工学とってる人いませんか、,3
雪は風花、満月がよう見えゆうぜよ,0
日本沈没とか言うクソ駄作アニメ,0
プロ応取れてたンゴ,0
夏休みもうそろ終わるわ,2
またやったわ,2
焼肉食いテー,3
スロットで10万勝って散財する生活より今の方が幸福度高い,0
わくわくさんメガネ買った,0
PSG優勝してほしいわさすがに,3
まだ夏休みだけど今日一日クソレポ無限に書いて終わったクソが！！,1
夏休み終わったンゴw,2
俺も卍モバイルプランナー卍始めようかな笑笑笑笑,3
クソガリだから運動何もしてないのに体脂肪率6%だったわ、逆の意味で死ぬ,2
国のために病気になるくらい働いてたんだからまず第一声お疲れ様やろ、,1
親にau簡単決済でめちゃ金使ってたのとうとうバレたw,0
疲れたンゴ,2
仙台旅行のお金全部スロットで稼いで,3
ウォーキングデット長引かせすぎて最新シリーズくそで萎えた,2
本哲再履ってパワーワード,0
バッド入ったからSNS消えるおやすみ,2
飲酒において持たず作らず持ち込ませずの理念とても大事,3
劇場、珍しく原作も映画もどっちも良かった、,0
ポロベア帽子やっと買えた,0
久しぶりに昨日浴びるほど酒飲んだら今になって喉焼けして声出ん,2
月に使える金が20万でも2万でも浪費家だから常に金ないって事に気付いた、幸福度変わらんわ全然,2
石原さとみの旦那ゴールドマンサックスって勝ち組やんwww,0
スタメンつまらん、、,2
小心者なのでブレークアウトルームで後輩にオラつかれると怖くて抜け出してしまう,2
マカロニえんぴつのボーカル、すがのしょうごやんけ,0
酒飲みテー,3
飲みテーーー,3
安堵と嬉さで泣きそう。,0
助成金通ってたし、無地の袴予約できたし、ライブも行けるし、ヨーグリーナ買えたし、K2に2日連続会えたし、とてもとてもいい日でした。,0
Mステ見てびっくり！なに歌うんだろーーー！！,3
差別的な考え方をするところが本当に嫌！！どこに就職してもメリットデメリット沢山あるのに！,1
いっつもこうやって何かしらぬけ落ちてて悲しくなる。(°_°),2
どきどきする！どんな高校生たちだろう！実習じゃないのに、先生みるとやたら背筋伸びる。,3
りんごのピアス出てきたーーーーー！！ってルンルンで学校いったけど、いろいろ忘れて家に戻るやつ。浮かれてる場合じゃなかった。,2
お盆中大学って空いてるのかな(°_°),3
今日、下関と門司港の花火大会か！いいないいなぁ?,3
こんな時間になぜか白玉作り始めて食べる。なんか今日は恐怖だらけだった。（笑）,0
あーーーーー。無理！,1
ご飯食べて学校行こう行こうと思ってもうこの時間。ご飯食べてないけどとりあえず学校ゆく。今日も学校17時までなのかなー。,2
はれてる！！シールもらわなきゃ！,3
あと半年のうちに、実習やって、職決めて、卒論書かんといかん。やること多いよー！もっと学生でいたいよー！！明日から9月だー(°_°),2
明日は絶対早起きする。,3
パソコン持ってこなかったわたしが馬鹿でしたーでも妹いてよかった（笑）パソコン借りに市内。,0
実習と試験終わったら髪の毛染める。染める染める染める。明日から早起きがんばろう。,3
高校生に負けじと、自転車降りずに美人坂登った。まだまだいける22。（笑）,0
明日もお昼まで実習だー。明日土曜日でゆっくり寝れると思ったのになぁ。,2
鹿児島行く人ってみんなこんな早くから行くの！(°_°)カップル多い！みんな早起きー！！(°_°),0
パッションフルーツのジェラートおいしい！！！たねいり！！,0
長崎も暑かった?。物欲ありすぎて何か買ってしまいそう！,3
福山雅治結婚したの(°_°)(°_°)(°_°)！,0
テレビに速報出てきてびっくりした(°_°)！,0
卒論やる気満々だったのに、、,2
忘れた頃にやってくる恐怖。怖い。(°_°),0
ねれないーーー。,2
でも、こんなに綺麗な星をカメラで撮って伝えられないのがザンネン。肉眼でみたらすっごく綺麗なのにな?,2
胃がムカムカする。食べすぎた?,2
宮崎気温20度?あつい！,0
バスにいるちっちゃい姉妹めっちゃかわいい（笑）バスのトイレの中で2人で熱唱してる（笑）,0
博多座！放浪記！博多座くると、4人でレミゼ観に行ったの思い出す。もうあれから3年とか早すぎ！,0
意外とポスター終わらない。(°_°),2
クラス決まった?教科書開いて勉強しなきゃー。やること多い！不安！でもちょっと楽しみ！,3
いい色！,0
沖縄寒すぎる！！！(°_°),2
1日は早いのに、1週間は何故だか長い。まだ木曜日。あと、金土！！そしたらお休みがくる！！,3
明日、しおり！明日、しおり！！早番だけどがんばる！！！,3
あと1週間！！！あと1週間で福岡?がんばろー！,3
園だより書けない！！！文章力ない?（；＿；）,2
しゅわしゅわがのみたい?,3
一時間待ってもこない！！ガス会社なんなの！！急いで帰ってきたのに?時間守らないひときらい！！！なんか食べ物でも持ってきたら許そう。,1
この忙しさから抜け出せる日はいつかくるのかっていうくらい忙しい。がんばろがんばろがんばろ！！！！まだ火曜日！！！,3
今週参観日！！！がんばる！！とりあえず今日を乗り越える！,3
結構揺れた。,0
明日参観日、あしたさんかんび、アシタサンカンビ。,3
今日中に仕事終わらせて明日はゆっくりすると決めてる！！！家じゃできないからタリーズに来た?がんばるぞ?,3
なにも片付いてない！とてもとても汚い！片付け開始！,2
時計の案でてこない?まだ5月。この先の製作が思いやられる（；＿；）,2
なににもやる気が起きない?でもやることいっぱいある?,2
１つのことを何度怒られればいいんですか（笑）終わったと思ったら全体職員会でもいわれ、ほんと色んな人に言わないと気が済まないんだろうな?ぐちぐちな感じがほんと嫌だーーー！！！,2
ハリポタみいってしまった。帰ってきてから何も終わってない（笑）,2
明日もお休みだったらいいのにな?,3
なんかすごく疲れた。,2
久しぶりの2連休。明日平日休み！！,0
８月の3連休もいきなりなくなって、もうがんばれない。飛行機キャンセルだしいろいろキャンセルだし、公休の１日すら希望通りいかないんですか！なみだでる?,2
ねれない（笑）でもあした乗り切れば夜はK2！！！,3
完全に忘れてた。あー明日休日でよかった。,0
鼻からカメラ入られた。気持ち悪かった?もっと早く来たらよかった??声戻りますように。,2
お父さんの話聞いてたら、わたしの仕事量なんて大したことないなと思った。まだまだだな?がんばろう！,3
虫刺されスプレーでこんなに疲れるとは。虫刺されスプレーに負けた（笑）保護者対応大変で涙が出る！！,2
あと5日ーーーーー！,3
コニカミノルケルタプラネタリウム心地よかった?アロマいい匂いすぎた?,0
宮崎帰ってきた?一気に現実。,2
瀬戸内国際芸術祭行ってみたいな?,3
今日は家をきれいにする日！！と決めて、せっせと掃除！天気良かったら布団も干したかった。,3
台風でねれない。風強すぎ。そして気圧のおかげで耳も痛い。,2
実家、ブレーカー落ちてるし、あげても電気つかないしで、懐中電灯生活。台風でシャッターもおろしてるから真っ暗（；＿；）,2
ラーメン食べてかえる！！今度こそ遊びに福岡くるぞー。,3
初めて点滴するやだ（；＿；）（；＿；）,2
月案きえてた。なける（；＿；）,2
髪の毛切ろうかな?バサっと！,3
予行練、、園長の威圧がすごすぎてピリピリしすぎてつかれた?（；＿；）,2
9時半出勤。朝ゆっくり。幸せ（；＿；）,0
明日の運動会はアンパンマンの絵本とラムネでのりきる！！！（笑）,3
と思ったら最後の最後でやらかした。家の鍵を保育園に忘れるミス。,2
全身筋肉痛。つらい、、（笑）,2
楽しい休日だった！仕事してるからできることだ！明日から気持ち切り替えて頑張ろ?,0
この時間に上がれるのめっちゃ嬉しい。,0
なんだかんだ母は偉大。,0
今日で長い髪の毛さよなら??面接前だけど切ってしまおう！！,3
衣装が??（；＿；）ミシン欲しい。ラミネーターほしい。いろいろ間に合わない！！！,2
寒すぎて帰って着てから全然動いてない。,0
しっかりしなきゃ?やることたくさんあるから頑張らねば！今日も以上児。ぽいっとなげられてあとはやってだから恐怖。,3
発表会ドキドキ,3
発表会終わって、ご飯食べてまだ2時半！すてき！久しぶりに作り物に追われてない??,0
年賀状おわんない（笑）,2
このショートヘアをいかにアレンジするか考えてる。んー。,3
染めてる人はシラミうつらないっていう話題になり。これは髪の毛を染めるに絶好のチャンス！！ってただただ思った。ふふふ。ほぼ一年ぶり！セルフカラ?,0
鍵間違って持って帰って来ちゃったし、楽しいことの前後になにかいつもやらかす。,2
なんだろな?,2
連休明けきつい?（；＿；）,2
冷え性なのに裸足保育。めっちゃ足の指しもやけだらけで痛い（；＿；）！,2
え！めっちゃ怖い！どうしよう！！あと2ヶ月あと2ヶ月！がんばるがんばるがんばる。,3
久しぶりに怒り爆発しそう！ほんと中学生！,1
実家ぐらしになってから仕事やる気スイッチがますますつかなくなってる！！やっぱり一人暮らしだな?,2
夏フェス行きたい?,3
最初は2歳児と言われたのに、次は1.2歳児担当と言われ、6月から2.3歳児合同保育するから担当と言われ、私はいったい何歳児の担任なんだ、,0
1日だけでもいいから希望休出したい。みんな休みたい日を書くシステムだったらいいのに。休みたい日がある人だけ書くんじゃ出しにくすぎる。,2
名札忘れたー！これは絶対怒られるやつだ。,2
お祭り延期になって暇になった。（笑）,2
久しぶりに家に1人でなーんにも予定のない暇な土曜日。ただひたすらごろごろ。,0
運動会無事にやってきますように。,3
SONGS、星野源だ?,0
発表会の衣装探しで1日つぶれた。,2
ふみから教えてもらったシャンプー早速買って使ったらさらっさら！髪の毛伸びますように！！,0
年末を楽しみにこの一週間をのりきる。あーやることいっぱいがんばろう！,3
あーもうお正月あけるーーーー（；＿；）！,2
どこか早朝から髪の毛してくれるところないかなぁ?,3
普通普通っていわれるのほんと無理！！！ふつうってなんなんだろうね。人それぞれ違うのに押し付けないで?,1
おさけ！！！ってなってめっちゃ買って帰った。明日早番だけど知らない！！！昨日ちょっと反抗したら、反撃された！！育児経験語られたら何もいえんよね笑さらに腹立つよね笑笑,1
家でも仕事。夢でも仕事。夏祭り準備！夏祭りが終わったら運動会！が終わったら発表会！準備エンドレス！！！,2
ネットの配線工事？で来てるお兄さんたち、びっくりするくらい声が大き過ぎて私語多すぎてうるさい、、、、,1
梅雨の何が嫌って虫が上がってくるのが嫌。,0
ということで今から全力で掃除,3
都城で感染者、、、、,2
ゴキブリへの耐性が皆無になってて仕留められない、、、あれは子どもがみんなで見てたからできたんだな、子どもパワーすごい、、、なける今日寝れん。,2
なんとか歩けるようになったし明日は会社行ってみるか,3
何年かぶりにほぼ徹夜したでござる。アラサーにはキツイでござる。,2
ミステリーは犯人明らかになって複線が芋づる式に掘り起こされるところが楽しいと思いました,0
今日は入社してから今までを少し思い返しました。入社2ヶ月で私のテンションは地に落ち以降低空飛行でした。,2
風が強いしゴルフの練習いくかな,3
秋冬物探索中,3
久々に仕事で本気でムカついてしまった。好き勝手言いやがってくそどもが,1
大乱闘スマッシュブラザーズin社長室を展開してやろうかしら,1
なんというか俺がしゃべる前にタイムアップになった罠、そして2週間後に単独で説明する羽目になった罠、さて木製バット買ってくるか・・,1
いやー残業だわー、飲み会出れねーわーまぢ残念だわー,2
明日上司の尻拭いで6時出勤になった件、飲み会出ないだけでこの仕打ちか、くそが！,1
上司Aの指示でパワポを作り、上司Bの指示でパワポを増やし、上司Cの指示でパワポを削り、上司Dの指示でパワポを削ったところを戻す→Bに戻る。なめとんのか,1
滅びよー,0
あふれ出す怒りを抑えるために私は筋トレするのであった,1
精神的な防御力が下がることにより、物理的な防御力が上がる今日この頃,0
昨日の俺は間違えていた。防御力が下がれば攻撃力が上がるのだ。,3
福山だけですら聞き終わんNeee！,2
会社行きたくないという俺の心を肉体が読んでいるようで風邪が悪化している,2
いかんわ、少し愚痴垂れ流す,1
2年かけてやってきたテーマでやっと掴んだ取っ掛かりの一部だけ見て、これ検討したら簡単に出来るんじゃねーのとか言う無能上司は死ね！QP表とか品質工学とかある程度ものの理解が出来ていないと簡単に使えるもんじゃねーんだよくそが,1
ものになり始めたら急に口出しし始めやがった、ろくに情報開示もしてこなかったくせに実験の進め方が悪いとか何とか、一年目、二年目だった俺に実験の進め方に対する選択権があるわけねーだろFUCK,1
さて俺も辞表準備するか,3
ゴルフの練習中、ふと仕事の事を考えてしまい某クソC長の顔を思い出してしまった。ボールは300yの看板手前まで飛んで行きました。,1
会社辞める夢見た、願望なのか正夢になるのか、やろうと思えば正夢に出来るわけだがどうしてくれようか,3
今日の反省、オーバースイングは駄目、ボールから目を離さない、左手の手首はロックする、ダウンスイングで右脇を閉じる、怒りに身を任せない、迂闊に本屋に寄らない,2
とりあえずノートに色々70GB分詰め込んだ、OFFの暇つぶしは確保したが問題は仕事中ヒマなことだな、何とか客先の目をかいくぐりつつヒマを潰す手を考えねば,3
暇になった,0
豆乳ドーナツがまあウマイ,0
一応facebookアカも持ってるんだが、近況アップデート→今どんな気持ち？の一文が何故かむかつく,1
パナソニック謹製のSDオーディオソフトがくそ過ぎる、SDカードいきなり認識しなくなるわ、一々フォーマット要求するわ、SDXC読めねーわFuck！,1
そして気づく9曲ずつなら読み込める事実、読み込み対象は597曲、597 / 9 = 66.333…なんだたったの67回か,1
新幹線で寝てたらそこは雪国じゃないですか、ややショボいけど,0
我輩は暇である、予定はまだ無い。どうしてこうなったかとんと見当がつかぬ。何でも薄暗い工学部棟でこそこそ実験していた記憶だけはある。我輩はここで初めて理系の末路を見た。しかもあとで聞くとそれは大学生という人間中で一番悄然とした種族であったようだ。,2
気に入るコート探してるうちに冬が終わるヨカーン,0
今日は引きこもり安定だな、明日は泉なんだがいけるのだろうか,0
持つべきものはマイナスドライバーだな,3
古本屋で萌えフィギュアを静かに見続けるおっさんが居ました、彼は何を思うのでしょうか,0
仕事が無いからやる気が無いのか、やる気が無いから仕事が無いのか、仕事が空気読んだから仕事が無いのか・・・,2
三連休なんてなかった,2
もうどうにでもな～れ,2
仕事でカーボンの粉扱ったら、靴と靴下貫通して足の指先真っ黒になっとった。当然肺にも来てる筈なんだが俺は大丈夫なんだろーか,0
温泉は超行きたいが山梨は気合入れないと行けない距離だな、長期休暇あったら計画するべ,3
普段飲まないけど酒に逃げたい,2
もうダメだ,2
ふむ、明日お出かけすべきか否か、天気は悪いが買い物したい,3
危ない4万のブーツ衝動買いしそうになった,0
風強いが、電車まともに動いてるなら出かけたい今日この頃,3
せっかくの平日含む3連休に墓参りか、何時まで死人に引きずられなきゃならんのか,2
今日の出来事、財布なくして会社内激走,2
モスにて隣で勉強している高校生に答え教えたくて仕方がない,3
昼間言えなかったから今言おう、藤原氏の最盛期は平安時代だ！,0
植物図鑑読了、砂糖吐いた,0
タイヤ交換終了、背骨の真ん中くらいが痛い,2
雪降ってきたワロタ,2
真面目に仕事をする＝やる気があると勘違いしている,0
基本的に俺が言うことが正しいのだと信じて疑わず、確かなソース付きの記事でもマスコミの情報操作だと断ずる,0
メッシ化け物過ぎﾜﾛｽ,0
自機が回転すれば良いんだ、っていうかそんなSTGあってもいいと思うんだ、もうありそうだけど,3
練習場にて山岸元専務と世間話する俺は間違いなくおっさん,0
コナン君、ゲストで素人に声優させるならプロ使えばいいのに、いくらなんでも棒すぎるだろ・・・,2
どうやら社会人になって初の平日寝落ちしたらしい,0
スペシャルな感じでバター炒め？なやつとトマト＆バジルの常長ハンバーグとやらがやっとったで、俺は常長ハンバーグ食ってきた,0
セミナーの案内見ても意欲がわかない今日この頃,2
【速報】来月一人暮らしするー,3
俺の知ってるスヌーピーとなんか違う・・・,0
超スーパーのんびりタイムPart2,0
雨の高速の恐怖,0
勇者はラナルータ覚えない気もした,2
さて順調に職場内の対立が深まり、我がテーマの人間関係が最悪に近い状態になりつつあるが、この後どう転がそうかしら,0
病院にさえ行かなければ労災にはならないんだぜ（ﾄﾞﾔｧ）って保険のおばちゃんに言われたでござる,0
[悲報] 俺氏、仕事の予感,2
明日から3直なわけで、昼の太陽よさらば,2
しかし仕事は仕事,0
風呂入ってからの動きたくなさは異常,2
とりあえず、寒いので毛布もって仮眠の準備はするのである,3
さあ今日も無為なお仕事だ,2
交代制で夜勤やってる人らはすげーよほんと、そらK関も痩せるわ,0
しかしAmazonが瞬殺され定価の6倍で売られているKonozama,2
つーか夜勤明けだって知ってるのに俺の部屋でゲームさせてくれとかいう兄貴の頭の中が理解できない,1
ライアー！ライアー！見た、ジムキャリーのかっこよさは野原ひろしのかっこよさに通じるものがあると思ふ、良い映画だ,0
英国王のスピーチ見た、特別な盛り上がりには欠けるが見た後なんだか良い気分になる映画だた,0
そんな私は昨日手打ち蕎麦を食っていたり、切腹します！,2
そしてイライラすると、周りの人間の俺に被害をもたらす非合理的行動に対して我慢が出来なくなってくる,1
ワショーイ,0
男にはだるくても行動（※起床）しなければならない時がある,2
外からひげダンスのリズムの口笛が聞こえる・・・,0
肩幅のTwitter登場頻度が異常な件,0
相変わらず夜勤初日の昼間はどうして良いかわからんらん,0
土曜日まで3直だってよ、当初の（上司の）予定だとそのまま2直だってよ、どうせ間に合わねーんだからゆっくりやればいいのになー,0
と深夜の居室で憤ってみた,0
現実を見ろよ！,1
お出かけ中、少年がおばあちゃんに「メールはお金かかんないんだよ！」とか言っとる。…少年よパケット通信料というものがあってだな、昔はパケ死と言う言葉もあってだなー,0
頭痛が痛いがお買い物中、なんぼ仕事がクソ仕様でもプライベートは崩さないぞ,2
難しいもんだな,2
寝よう,3
もうね、アホかと、バカかと,1
あめあめあめあめあーめー,2
最近のマリオシリーズってやたらルイージ押すよね,0
ノートパソコンぶっ壊れ早2週間、何とかなるもんだなー,0
win8めんどくせぇぇ！！ファック！！,1
だれだ！これからの時代はタッチ式だ～とか寝言抜かしたやつは！,1
知っているかい？win8はタッチ前提なosであり、現行ノーパソのほとんどはタッチパネル積んでいないんだぜ、Hahaha,1
やっと新PCでブラウザ環境再構築・・・寝る！,0
京都暑い、 too hot、関西人頭おかしい,0
時に今週土曜は何かイベントが発生するのだろか？,3
早すぎたんだ！,2
全英オープン見る体力無い寝るー,2
自分一人ででっかくなったと思ってるやつにでっかくなる資格はない by野原ひろし 暗黒タマタマ大追跡,0
ちなみに私は時間給が取れる状況ではないのであった,2
電車ライドオーン,0
これからぎっくり腰経験する全ての人へ、「大人しく寝とけ」,0
全てのぎっくり腰を笑う人たちへ、「次はオマエだ！」,1
なんか職場の女性がおっさんのセクハラに対してぶちぎれている夢を見ました、どういう意味があるのでしょうか,0
俺みたいにな！,2
夜更かしー、会社？しーらなーい,0
そんな私はそろそろパズドラログイン250日目,0
ファイア（コーヒー）のオレンジ入れたやつがクソまずい、飲料品メーカーはどこもチャレンジスピリット溢れ過ぎだと思うのだ,2
携帯が調子悪い…買い替えかなー、困ったなー、どれにしようかなー(・∀・),3
帰りたい、ああ帰りたい、帰りたい,2
しらん、しらん、かえる、かえる,2
見たことないゆえにじぇじぇじぇの意味が分かりません、岩手の人ごめんなさい,2
丸一日パイプいすに座っていた、腰痛え,2
起床ー、今日は薄暗くて寝やすいなーとか思ってたら夜だった,0
田中負けないなー、負けた時の映像バックスクリーン3連発くらい残るんだろーなー,0
有名ですが、ちなみにバックスクリーン３連発を打たれたのは槙原です。本人は毎回自分が打たれる映像流れるのが嫌らしいです。でも内心美味しいとか思ってる気がしないでもないです。,3
今日学んだ事！クイックルワイパー用のシートの匂いに空気清浄機さんが激おこぷんぷん丸！,0
toeicの参考書買ったデー、おれも久しぶりに勉強する（ふり）するでー,3
楽天のページつながらんなー,2
楽天は検索と絞り込みとスパムメールと商品タイトルとレイアウトが主にくそやで！品数だけは多いんやで！,1
フィットHVとかロレックスとか買えるわけないねん,2
さて久しぶりに仕事について少し、先日部署のトップが実験室に現れた。だれもいなかったので俺が話し相手になってしまったのです。,2
各人がやりたい仕事を自由に意見でき、それがある程度叶う環境であればまだわかるが、まずお前らがその環境を作る努力をしたのかと。夜勤にぶち込んで酷使しといてそんな向上心が勝手に芽生えると思うなよと。,1
そして夜が明けた！,0
なんで夕方にメインの実験終わってるのに、帰りがこの時間なんだ、馬鹿過ぎる,1
今日はたぶん年内最後の有給、何日かは消化できんかったなー,2
明日ゴルフの予定なんだが中止かなこれ,2
寝たら明日が来てしまうわけで寝たくないと思うものの眠らねばならぬ,2
年末番組なんも見なかったなー,2
うぅ、ちょい高い食い物落っことした,2
だめだ顎の痛みが引かん、医者行きたくないとか言ってる場合じゃないな,2
英単語調べたのなんざ、ギャザやってる頃以来だなー,0
弁慶打って流血中,2
小説のストックなくなってもーた、買いに行くかな,3
なぜだ、夜勤を回避したはずなのに帰れないぞ,0
午後からはワニ日和読了、現在休日出勤中だけどな！,2
メガンテ！,3
消耗する社会人3年目の女です｡内向型な自分が生きやすくなるにはどうすればよいか､試行錯誤しながら模索して行きたいと思います｡どうぞよろしくお願いいたします｡,3
内向型はある程度､自分の欲求に正直になった方が生きやすいのかもしれないという今日この頃です｡無理に変える必要は無いが､外交型と比べて作業に時間が掛かってしまうのは事実｡効率化できる所をいかに工夫できるかですよね｡難しいなあ…｡,3
今日は色々作業をしようかと思いましたが､起きた時に気分が乗らなかったので､やっぱりやめました笑 時には｢何にもしない日｣を作ることも重要だと思います｡ 平日5日も頑張ったんだから､そのくらいいいでしょう｡,3
内向型さんの特徴としてエネルギーを充電するために一人の時間が必要なことは有名な話｡しっかり充電しましょう｡,3
やっぱり自分は組織に向かないかも､と思う瞬間が多々ある｡でも今のままで辞めてしまったら雑魚のままなので､副業して結果を出してからでなければと思っています｡,3
私は仕事のボールを持ったままになってしまうことがストレスだったんだなあと ボールをいかに早く相手に｢押し付ける｣か 一見自己中心的な考えだけど､そのために根回しや気遣いをする事になるので､結果的には人にも優しいことにもなると思う,3
鬱は環境×自分の性格･考え方で起こるなあと身をもって感じました…①環境(+)×自分(+)=(+)ハッピー②環境(?)×自分(+)=(?)詰む③環境(+)×自分(?)=(?)詰む④環境(?)×自分(?)=(??)かなり詰むといったところか｡マイナスとマイナス掛けてもプラスにならないどころかクソマイナスなのが…｡,2
私は今回③と④の間くらいでやられてしまったので､やっぱり自分を見つめ直す機会が必要性をひしひしと感じました…｡まずはしっかり治して持ち直したら､副業ブログするんだから…｡,3
抑うつ休養明けで仕事は全っ然本調子じゃないし､会社辞めたいなあという思いは晴れないけど､noteとかやりたい事をやる事で､少し気が紛れている気がする｡必ずしも仕事でやりたい事をやらなくてもいいかもしれない｡,3
長く話すのが得意ではないので､スタンドfmのコンテンツは3分くらいが限界かもしれない笑 自分のスタイルを模索中｡,3
自分に対してすら｢これをやれ｣ってTO DOを作ってしまうと萎えてしまうのに､ましてや仕事なんて…と思うとやっぱり社会不適合者なのでは？と思わざるを得ないですね笑,2
自分の｢これがしたい｣という欲求を優先したいんですよね｡その方がストレスが少ないし｡締切に追われるのが嫌なのもこの辺に起因するのかなあ｡まあ､ただの我儘なんですけど｡,3
私､基本的に自分への評価が減点方式になってしまうんですよね｡これが出来なかった､あれが出来なかったって｡これってめっちゃしんどいなって思いました｡だって全部出来たとしても｢ただの減点なし=0｣なんですもの｡加点方式で生きていこう｡生きているだけで偉いもの｡,3
まだブログ開設できていないのですが､noteとの使い分けを悩み中です｡今のところnoteはコラム(ポエムだろうか…？笑)の位置づけで考えてます｡今は体調優先なので､構想は練りつつ無理なく続けられそうなnoteを継続したい｡余裕があればスタンドfmも｡,3
stand fm始めてみて思ったことというか､やっぱり声はその方の人柄みたいなものが滲み出ますよね｡文字ももちろんそうだけど､見栄を張ったり､偽ったり騙したりすることも簡単なわけで(あ､電話の詐欺もあるか…)｡信頼を築いていくコンテンツなのかな､とか思います｡,3
あまり更新していないスタンドfmの方がちまちまフォロワーが増えているという謎現象が…｡かといって再生数が増えているわけでもなく､不思議｡とりあえず片っ端からフォローしてみて､TL上で気になったものを選んで聴くというスタイルなのだろうか｡だとしたらタイトルに力入れないとですよね｡,3
noteも自分のためにやってるとはいえ､最近のは前に比べて閲覧数が減ってるし､研究ですね｡,2
Noteでアウトプットを出す練習は続けられているので、今度はインプットですね。本を読んで吸収していこうと思います。ブログの構想も意識しつつ…。,3
よく考えたら､随筆ってブログですもんね｡枕草子を思い出してみても､清少納言は絶対内向型というか､繊細な感性を持っていなければ､春はあけぼのなんて､書けないですよね｡昔の人だって同じなんだ､と思うと少し嬉しくなりました｡,0
まあ､自己開示できたら苦労しないんですけどね…(出来ずに抱え込んだ結果､メンタル自爆した人です) まずは､内向型だったり､HSPだったり､発達障害だったり､そういう特性を指す言葉がもっと世間に浸透して､血液型を言う感覚で言えるくらいハードルが下がったら素敵だなと｡,3
noteも今日は｢更新しなきゃ｣と思ってしまっていたので､辞めました｡,2
そのかわりハマると時間を忘れてやってしまう。ゲームとかも夜更かしして一気にクリアしてしまうタイプです。自分の中の目標がバチッと決まるとそれに向けて止まらないのかも。noteなども、これ書きたい！となると筆が進むし(というほど大した文書いてないですが…)。,3
これからは遊びに価値を置け、みたいな事をどこかで聞いたような気がするんですけど、本当にそうかもなと思う今日この頃。,3
自分なりの自由を追い求めたいなと思い始めた今日この頃｡自由は人によって違う｡例えば私は引きこもる事が自由だったりするけど､人によっては不自由に感じる｡だから､自信を持って自分の道を進んでいいんだと思う｡その為にどうしたらいいか､考えたいです｡,3
でもそんなことより､わたしのnoteとかラジオを聞いて欲しいと思ってしまう笑 手間は圧倒的にそっちの方がかかってますからね笑,3
仕事をしてないことへの罪悪感が薄れてきた中で､やはり心配になってくるお金のこと｡でも会社員に戻るのは嫌になってきてしまっている､ワガママ笑 どうしたもんですかね｡,2
noteはコラム扱いでやっていこうと思います｡色々ノウハウとかが固まったらブログも始めよう｡,3
会社員になってから､夢を見る時は大抵何かに追われている夢を見ていました｡ライオンだったり､殺人犯とか凶悪犯とか…｡ 締切が近づいている頃は特に笑,2
夢は深層心理が?なんてよく言いますが､正直胡散臭いなと思ったりてしたんですけど､まあ一理あるなと｡,0
あと歯が抜ける夢もよく見てたなあ｡やけにリアルで起きた時に思わず確認してました｡,0
昔､古文の授業で､｢夢に出てきた人は自分のことを想ってくれている｣というのを習ったのですが､これってまさに深層心理だなと思っているんです｡,0
つまり､その人のことを思ってるのは自分なんですよね｡それが反映されて夢に出てくる｡,0
思い返してみると､一人旅が好きなのは自分と向き合う時間を無意識的に欲していたのかなと思ったりしました｡その頃は実家暮らしでしたし｡,3
もう旅に出てやろうと思います笑 紅葉が綺麗な所がいいなあ｡,3
他人のTwitterを見ると、文章が下手だなあと思う。けどいざやってみると、自分の方が下手で、ヘコむ。,2
自己診断とスキルの見える化が大事。これまでの経験を無駄にすると転職市場でアピールしづらい。サービス系→事務系書類も通らないことがある。何ができる人かがわかりにくいのだろう。自己診断とスキルの見える化が大事。,3
運送業で実質時給800円って何だよ。しかも業務委託で。身を守る為に、しっかり断らせて頂くことにしました。,0
リズムが合うって大切。 ドライブに行った時に、 2カ所くらいの観光地をゆっくり見たい人と 10カ所を軽くジャンジャンまわりたい人がいる。 このリズムが合うと居心地が良いし、仲良くなりやすい。,3
スシロー50分間待って、席開かず。日曜日の昼間は今後活用せず。みんなと同じ行動をして時間を無駄にしてしまった。私らしく無い動き、反省。,2
移動してトンカツ屋さんも満席。本日は昼ゴハンなし。時間を無駄にした。暮らしは逆張りがコスパ良い。もう一度、基本に忠実に。学び。,2
世間の動きに疎い。特に流行り物を私は知らない。テレビも自宅に無い。テレビはテンポが悪く面白くないので興味がない。仕事の際にコミュニケーションを取る為に、流行り物くらいは知っている必要があるなあ。,3
アパートの建物は日々古くなっていくのに、家賃が下がらない。交渉したものの破談。空き部屋もあるのに、強気だなあ。あと3か月くらいで出ていこう。,0
魚は山で売る、猪肉は海の近くで売る。逆張りこそ基本。,3
メルカリ国では値下げプロレスをやることがマストだ。,3
Yahooニュースって何の役にも立たないな。芸能人とかばっかり。,0
核兵器禁止条約、日本は参加すべきだろ。なにアメリカの顔色伺ってるんだ。唯一の原爆被害国だろ。,1
LINEは非同期コミュニケーションの道具です。LINEの不在電話着信だけ残す人々。LINEはテキストも送信できます。要件を教えて下さい。返信電話待つのはナンセンスではないでしょうか。,1
花が枯れる！？花瓶に刺したお花を、朝外に出して日を浴びさせた。太陽が元気すぎて花瓶の水がお湯になってた。花、大丈夫かしら。。。,2
断捨離しすぎて、服が無い。秋物と冬物を早急に準備せねば。,2
10万円の再給付と税金の一時カットまだかな,3
完璧主義ではなく、納品主義を目指す。,3
積読の本が多い。自己啓発系とかマーケティング系は楽しいから読めるけれども、英語の勉強とかの本は積み上がってるな。,2
夜はコート着れる気温。昼は半袖で過ごせる気温。風邪ひくわ。,0
カップル見てると、「女の子ってやっぱりオシャレだなあ」って思う。大人でも男性はやはりスニーカーなどカジュアルが強い。女性はスカーフ巻いたりヒール履いたりフォーマルアイテムを取り入れてるコトが多い。男性もデートの時に革靴とか履くと好印象かもです。,3
男は料理が出来ない方がモテる？なんでも一人でできちゃう男性には、「あたしの出来ることが無い」ってなっちゃうかも。料理が出来る男性の場合は、「〇〇ちゃん、いっしょに作ろう」って誘うと良いかもです。,3
長い靴下が使いやすい。アンクルパンツやら、スラックスの丈が短いのが流行ってきました。秋冬にスネの肌が見えない方がオシャレに見えます。アンクルソックスを履くのは夏までにして、この秋冬は長い靴下を履いてみよう。,3
1人暮らしの部屋の選び方。「トイレと風呂は別々。」誰が発明したのか悪魔の間取り。部屋があまるこの時代に残ったバブルの負の遺産。内見まで行く必要もありません。間取り書面の段階でお断りしましょう。引っ越ししたい。,3
花屋さんってらどうやって収益上げてるんですかね？披露宴とか、ホテルの飾り付けとかかしら？個人客への小売りだけじゃ、苦しいですよね。。。,0
モノ減らすメモ5.1chステレオをやめて、ポータブルスピーカーに変える。JBLが良いらしい。ステレオは現代の暮らしには大きすぎる。そこまで良い音も求めていない。,3
フォーク型に並ばせない、コンビニ&スーパーのレジ。もう良い加減にしてほしい。オジサンおばさん、新しいルール覚えてほしい。,1
外食と私。ほぼグルテンフリーの私は外食するとお店がかなり限られる。その時にいつも外食は小麦粉が多いなあとも感じる。ラーメン、うどん、そば、ピザ。私はタイ料理を食べます。,2
道案内の説明を練習すると、お話が上手になります。相手の知ってるエリアを聞き出して想像して、どの細かさからどのあたりまで説明するのか。パリに行ったことない人に、「パリの〇〇レストランの横でーす」とか言ってもよく分からない。街の名前とか駅名とかでOK。,3
3か月前から始める引っ越しの準備。●モノを捨てる過剰にあるペン筆記用具を捨てる。なんでこんなにあるのかしら。,0
UNIQLO在庫管理が変わりましたか？去年のアイテムとかたっぷり置く様になりましたね。エコで何よりですが、お店の棚がパンパンになっている印象。,0
全ての住居に、食器洗浄乾燥機の設置を希望します。まだ手で洗ってって社会に取ってマイナスですよね。機械にまかせよう。,3
田舎に住んでる人こそAmazonプライムとか使って、通販するべき。在庫切れが少ないし、衣類でもサイズと色が豊富。時間のムダが減る。しかし田舎の人ほどネット通販を使わないイメージがある。買い物に行くのが好きなのかな。,3
焼き芋にバニラアイスかけると、美味しいらしい！芋はホクホク系が良さそうだな。紅はるかとか、紅あづまとか。,3
この時期に衣類を買うのはすごく難しい！！！風を止める薄いコートと、脱ぎ着着やすいパーカーとかニット。その辺かなあ。トータルのコーディネートを考えてある程度色味を揃えて買いたい。,3
今日は全然歩けていない。明日10キロくらい歩きたいな。,2
夜になって寒くなってきた。暖房は過剰だから膝掛けでしなぐ。,2
「瀬戸内海綺麗すぎ」うらやましい悩みですね。,0
田舎の夜の道路は暗い。歩行者は懐中電灯をマストで持って下さい。散歩中の犬にもライトをつけてあげて下さい。,3
空気が乾燥してきた。すぐに喉が渇く。水分補給を増やさねば。,3
タバコっていま500円以上するのね！,0
GUのシェフパンツ。非常に良いですね。生地も豊富で、カラバリも多く楽しめる。何より安い。,0
宮本浩次が日曜サンデーに出てたのか！？聞き逃した！,2
進学進路を考えてる学生さんはしっかり考えた方が良い。何にも考えずに決めた私は。無駄に大学に行きました。時間の無駄でした。,2
いまくらいの時期に花火大会してほしいなー。夏は暑すぎる。8月とかに花火大会するのもうやめませんか。,3
早寝早起きして、運動して、ご飯食べて、好きな人と寝る。すっごく健康になる！ウツを吹き飛ばせ。,0
安いティッシュを買った。ヤスリかと思うほど硬かった。,2
古民家カフェが苦手。家が小さいから、柱に身体がぶつかるし、ハリに頭がぶつかるし、ゆかが硬くて、靴を脱がないといけない。苦手。,2
毎日の時間割り作らなきゃな。午前中はコレやって、午後はこれやってみたいに。朝イチのウォーキングは決まりだな。健やかにスタートする1日よ。,3
麻生太郎氏、早く辞任してほしいですね。,3
自分の専門分野に関しては常に情報を仕入れ、検討してアップデートする必要があるな。,3
毎日コツコツ10キロ歩く。積み重ねが体型を作る。,3
わからないコトは聞こう！,3
断酒。水曜の夜ですね、まずは週末まで頑張ろう。,3
10代の人たちのデジタル感とアナログ感を教えて欲しい。音楽ならサブスクだったり、アナログレコードだったり。通販の感覚とか。,3
ゆるゆるのサーマルズボンが必要だ。ふくらはぎを冷やさないように。,3
20回くらいを1セット。1日5セットくらいスクワットしてます。効果あるのだろうか。,3
夜にヒートテック着て布団で寝ちゃうと、調子が悪い。夜はパジャマで寝たい。,3
今年の10月31日のハロウィン。満月ですって。,3
GOTOキャンペーンには何も便乗出来ておらず。生きていくのでギリギリです。無限くら寿司する友人も居らず。,2
すぐにこぼすクセに、白いTシャツをやたら着る私。,2
人に優しくすると気持ちが良い！,0
掃除機かけます。,3
シャープの空気清浄機のフィルターって使い捨てカートリッジ式なんですね。買わなくちゃ。,3
GOTOとかじゃなくて単純に、毎月20万円もらえないですか？,3
意味はなく、パフォーマンスだけのマスク社会。お互いに望んでいない圧力がここにはある。,0
唐辛子は自家菜園でも、割と簡単に出来るらしい。やりたい。,3
メルカリのダンボールとか、ゆうパックとかに広告出す仕事したい。,3
「国産米使用」って心配になる。何県産かしら。,0
安心安全地元のお魚。,0
ウソをつくだけのカンタンなお仕事です。日本国の総理大臣。,1
電動ワンウィールスケボー。おもろ！,0
今夜はカンパチしゃぶしゃぶを食べる予定。1日頑張れます。,3
熱中したいなー。いま熱中してることは何だろうか。,3
携帯のキャリア変更しなくちゃだわ。 OCNモバイルにしようかな。,3
キャニオニングの季節が過ぎてしまって1ヶ月。もう川が恋しい！！！来年の8月まで遠い。,2
電気回路より電子回路のほうが好き,0
ディープラーニングそのものにはあまり興味はないけど下準備として学んでおくか,3
ささやかな抵抗として時計を見ない生活を送っているのだけれど携帯を見ると嫌でも時間を目にすることになるし結局逃げ切れない,2
おじいちゃんがフードコートでねるねるねるね練ってる,0
一応大人の年齢だしもっと落ち着いたおたくになったほうがいいのかも,3
これがワタシの心意気って訳よ,3
ひぐらしは漫画をひととおり読んだのだけれど大石の腹が出たり引っ込んだり忙しかったのは覚えてる,0
弦巻こころお金持ちだし「うちには怖いお話がとーっても上手な人がいるの！今夜お話してもらいましょ！」って言って稲垣吾郎が召喚されても違和感はない,3
量子力学は4月に仕上げたから電気系の入試で使える,3
故意でなかったとしてもしっかり電磁気を学んでinterferenceが発生しないように努めてほしい,3
つぐみの主要キャラにあるまじきモブ感が強烈な個性になっている,0
あと二年間先生が残ってくれたらゴールデンウィークがあと2年続いたのにってことしか考えてない,2
研究室にいるもう片方の先生 就活でゼミ欠席するとブチ切れるのに安室奈美恵のコンサートのためにゼミ欠席するのはなぜかあっさり許可するし判定基準が謎,0
子供の頃初めてロングフックショットを手に入れた時に「今まで大切に使ってきたフックショットはどこにやったの.....?」ってショックを受けて3日くらい熱出して寝込んでた,2
神なのでうるさくて寝れないってことはないけどたまに「なんでそんな音が出るんだよ」っていびきをぶっ込んでくるので笑えて寝れない,0
他の人が幸せなのを見てるだけで幸せになれる便利な身体になった,0
直観的な理解で自分が理解できるだけでは足りないのはもどかしいな,2
何が足りないのかも分からない,2
抽象を正しく扱える人間になるにはどれだけかかるんだろうな,3
月の箱庭の純粋なフルが存在しないので台本をそのまま売ってほしい5000円までなら出す,3
志望動機が書きあがるまで寝れない縛り,2
アホガールすき 毎日見る,0
フォロワーって言われると真っ先にボルテージフォロワが出てくる,0
サイコパスなので包丁を見ると猫の手に構えちゃったりする,0
哲学書とかいうやつ 難しいのでもっと着替えシーンとかぱんつとか入れてほしい,3
大規模実験の打ち上げでピッチャー一気飲みを始めたグループに「ドクターストップ、ドクターストップ」って言って止めに入った博士課程の人　強い,0
お渡し会が付いてくるの知らなくてバンドリのOVA試写会行ってた,0
スタッフの人「名古屋のバンドリーマーの....」あやさ「みゃー！バンドリーみゃー！」,0
コンパイラのエラー発見能力すごいけどそこまで分かってるなら直してくれよと思ってしまう,2
ばいんさんと当たったら負けた人ジュースおごりのアツい戦いをしよ,3
アイフォーンの指紋認証機能ってすごくない？もっと活用してくれてもいいのに,3
半導体もちょっと興味あったけどその選択肢を完全に切った,2
熱色スターマインと陽だまりロードナイトが聴けたので満足です,0
幕間のムービー  カメラのアングル全く同じシーンをつかって1曲名の終盤と2曲名を切り替えてたところはおおってなった,0
クーラーずっと使えるし学校サイコーーーー,0
これからは寝るために家に帰る生活をしようかと思います あとペン回し,3
メルカリは付与されたポイントと合わせてペンを買うからちょっと高いくらいが適正価格感ある,3
なんかしらないけどムービーメーカーの言語がイタリア語になった,0
タロイモさんyoutube動画の冒頭で「この世に舞い降りた四浪堕天使」とか言い出したのでチャンネル登録解除した,0
この色燃料タンクに穴が空いた時に漏れ出てくるガソリンの色みたいであまりいい思い出はない,2
今日は野獣の日だしばいんさんとしぶりんの誕生日か,0
人生で初めてコリオリの力を考慮してペンを回した,0
いやーでも欠席したら留年確定の実験の説明とか落としたら留年確定してる再履修のテストとかを欠席するのは本当にわからない,0
四年間学校に通ってたけど一年のときに担当の中国語の先生が死んだことくらいしか授業の思い出がない,2
明日はバンドリ武道館公演だし今週末はナランハだしその翌日にワルトナの結果でるしすごい一週間になりそう,3
今日どうしてもたばこ吸ってるところ見るのが待ちきれずに「早く吸ってよ」って急かしたらちょっと怒られた,2
Uの文字を見るとポテンシャルを二回も時間微分するなよって思う,1
B4の1年間なつやすみ勢は修士卒程度の資格取得に必要な講習の受講回数が少ないと捉えればそう悪いことではない,3
IQ3だからゆるゆりの話の展開が分からず挫折した,2
花園神社行くの忘れてた,2
明日はヒカルの碁が読みたいので始発で学校に帰ります,3
誰かが言ったわけではないけどたけしの名前を漢字で書いてはいけない決まりになってる,0
雰囲気が最高にいい 誤謬の世界の美しさを自覚した上であえて何も知らないふりをしている感じが最高,0
ちょうどいいし論考読む,3
「僕はえびせんべいを作ってお金を稼いでいるのですが」って前置きをしておきながら全然関係ない質問を飛ばしてくるのはさすがに何なんだよと思ったけど,0
人権以外ならなんでも売れるな,3
このタイミングで固定バイト始めるのはなかなかつらい　忙しくなりそうだからって理由で4年頭に固定バイト辞めたのは良くなかった,2
ゆるゆりのちなつの頭についてるボンボンがエネルギー弾にしかみえないから　脳内でちなつを「頭に必殺技つけてるやつ」って呼んでる,3
豊田萌絵写真集の宣伝ツイートについてた「おっぱい見せびらかすために声優になったんですか？」ってツイート定期的に思い出して笑う,0
触針式粗さ計はご家庭にはない,2
BtoBに勤務すれば何も知らない客からよく分からないクレームが来ることもなさそう,3
インスタグラム オシャレぶりやがってという感想が強いので学生部屋の写真でも上げて中和するか,3
スクフェスのユニットが強化されていくにつれて虚しさが増してくる,2
だからと言って辞められる訳ではないのだけれど,2
「キッズから巻き上げた金で飲酒したい」とか「飲み放題なのにソフトドリンクしか飲まないのはもったいない」って気持ちで飲酒をしたことはあるけど純粋に飲酒したい気持ちで飲酒したことない,2
ストロングゼロが水道水より安かった時代には渇いた喉を潤すために飲酒したこともある,0
今日も深夜にカップ麺,2
小学校時代、移動教室の授業中にたくあんを食べていたのがばれて別の授業をしている自分のクラスの担任に「授業中にたくあんを食べてしまいすみませんでした」という謝罪をさせられたことが数少ない失敗談の一つ,0
おばあちゃんに機械勉強してるってことを言ったら「将来はコジマの店員さんかい？よかったねぇ～」って言われた,0
将来の夢はエリーチカよりかしこい機械を設計制作することです,3
そもそもノイマン型コンピュータに知能をシミュレーションさせることが可能であるか,3
クオリアが人間の意識に見られることの生物学的意義について,3
人間の言語と他の動物の信号体系の根本的な違いはどこにあるか,0
下線部b『熟した果実だけ選ばれて』とあるが、果実の成熟度の計測に適切なセンシングメソッドをコスト面も考慮しつつ論ぜよ,3
7kVに触れても何とかなる体でも10mAに耐えるのは難しい,2
ペン回し始めたてでやたら長いコテ名の人を見ると「この人も頑張って英和辞書から探したんだなぁ」って思う,0
キャリブレーション取ってからセンサを動かすんじゃあないよ,1
トーカの話って言ってたのに過去を深く掘り起こすこともなく三森すずこが出てきて終わった,2
大阪上本町行きの急行に乗ってると途中で2回くらい大阪難波行きの特急に抜かされて楽しいな,0
計算ミスで専門科目を3単位余分に取得していたことが判明して後悔している,2
データと真剣に向き合うために治験にはゲームを持ち込まずにノートパソコンだけで乗り込むことにした,3
軌道の曲率と接戦方向速度の対数を取ることで進捗を見出した,0
遠出に備えて今から学校でデータ回収,3
行動を予測されてた,0
外国人がマワシズキって発音するときどこにアクセントを置くのか気になる,3
恩田陸 とりあえず学校を燃やす傾向が見られる,0
お金ないけどその気になれば芦原温泉いける,3
データしか持ち込んでないから流石にちょっと嫌になってきたな,0
神なので治験と企画の期間をぶつけて交通費二重取りした,0
固定バイトやめたのよくなかったな,0
「今年で引退の先生だし卒業はできるでしょ」って姿勢で気負いすぎず卒研にのぞんでいる,3
お客様のなかに外務省事務次官はいらっしゃいませんか！？,3
卒論の謝辞だけ書いた,3
非線形は最適化計算が面倒なので避けたい,0
取手の部分取ったらいい感じに対称で一様な剛体だったからマーカーつけて計測する用の物体にする,3
BGMにジムノペディが流れてるだけで「花瓶が重要な意味を持つこのシーンで古代ギリシャの壺に描かれた祭りの絵を見て作曲されたジムノペディをここで流すなんて粋だねぇ」とはなれない,0
自分探しの旅とか言って適当に一人旅するくらいなら12泊13日の治験に参加して誰ともしゃべらず自分と向き合ったほうがいい,3
配属先第一志望で通った,0
実際卒論って外部に出ないし質疑応答でちゃんと答えられて教授に認められれば「あやめ.......触るぞ.......」って書いただけでも卒業はできる,3
技能の習熟度はどの項目に注目すればデータとして現れるのかは興味がある,3
認知科学にいけば浜口あやめで卒論を書くことも不可能ではない,3
うちの研究室 来年誰も残らなくてマスターで配属される人が両方とも実情を何も知らない学外の人らしくて面白い,0
みるみるは定期的に消されて探すの面倒だから早く円盤にまとめれ売り出してほしい,3
中間発表準備 完,0
いろいろキリがいいしそろそろラブライブを見てもいいかもしれない,3
最近分かったけど執事好き,0
サークルPVに使った靴のアイコンを「性質の悪いキスマーク」と評されたことあり,2
これは、関節角の重み付けを失敗していたので角速度と角加速度と角加加速度をすべて修正する羽目になった哀れな男の物語――,2
弊研究室 緩いわけではなく単純に学生を放置してるだけなのが判明したので好き勝手することにします,3
天使の3Pは唐突にチリチリの黒人少女が現れてレゲエで勝負を仕掛ける展開があったらもっと評価してた,3
あんスタをアップデートしました(10連無料なので,3
福井にスガキヤないかな,3
うちの製図 立式と規格に適合しているかしか確認されないので計算結果を改ざんして規格に適合させる最悪行為を行った,0
いつもならスパゲティ茹でて食べればどうでもよくなるけど今日はスパゲティを茹でることもできないし,2
なんか結果としてちょうどいいタイミングで逃げ切れたっぽいし学生生活いい感じ,0
正直携帯すら持ち込まずに5日間すごしてみるのもアリだと思う,3
二週間前はデータ整理に追われていたけど今回は何もタスクがなかったので最高に充実した治験生活を送ってしまった,0
いい大学には治験を嗜む者が多い,0
徹夜でゲームのデバッグするバイトに応募した,3
入学説明会でライブをすれば希望者が増えるという前提,3
バンドリは早くカバーアルバムを売ってほしい,3
丸山彩の世界は恋に落ちているハチャメチャに楽しみなんだけど,3
JEBFes 今年は行くつもりなかったけど中間発表の直前にやるっぽいので人生余裕縛り勢としても参加せざるを得なくなった,0
「いい年した大人がペンライト振ってるのってヤバいですよねw」という話をイベントスタッフの派遣してた人としてた,0
ネギま！ハッピーマテリアルのアニメだから見たけど良い所は主題歌がハッピーマテリアルであるという点だけだった,2
通信制限かかってても画像が見れないくらいで生活に支障はないな,0
学校は楽しくあるべきだしハロウィンはハッピーであるべき,3
教員志望の機械お兄さんが教えてくれるよって言おうとしたらもう教えてた,0
明日は何して遊ぶか迷うな,3
丸山彩 大人になったら白鷺千聖おすすめの甘いカクテルを好んで飲んでそうで良い,0
中間発表で急激な進捗を見せる感じにするために明日の進捗報告の内容削った,3
層を増やすとディープラーニングと区別できないしシグモイド関数のままでいいやってなった,0
3人目の彼女に振られて3ミルが回るようになったディアボラーが最近4人目の彼女に振られて4ミル回るようになってきた,2
半月の夏目　中学時代は行動原理がまるで理解できなかったけど今読み変えすとけっこう分かるな,0
どうせ後々辛くなるだけだから今のうちに諦めておけばいいいのにという大人特有の感覚　分かるようになった嬉しさもあるけど分かるようになってしまった残念さの気持ちのほうが大きい,2
暇だし泥酔でもするか,3
チョコレートフォンデュで怒られたから来年はチーズフォンデュするらしいです,3
おそらくエックシーさんの失敗は機械工を選んだことではなく理科大を選んでしまったことな気がする,2
今になって院は理学に行くべきだった気がしてきた,0
所詮家族の問題だしあまりこういうところで言うのもあれだし自分の中で全部抱えこまなきゃいけないとは思っているのだけれど,2
今やってる分野が自分にハマってるせいかもしれないけど研究自分にめちゃくちゃ向いてる気がしてきたしD進したくなってきた,3
悪い精神にはたばこは良いです,3
計算したら今月のバイト代合計で20万行ってた,0
異質な雰囲気の人間がたくさんいる中普通にいろんな人に話しかけられるあの人すごいなーって思ってたら実は喋り声程度のボイスでいろいろな人の顔を見ながら独り言を言っているだけだった話,0
休憩時間中ずっと二本のペットボトルでオランジーナを行ったり来たりさせているおばさんもおる,0
isukに片言で「アイ キャン スピーク イングリッシュ ベリー ウェル」って言ったらちょっとウケてた,0
前島亜美 まだ20歳だったのか,0
息子がディスティニーバンパイアと呼ばれているのを知ったときの親の気持ち,2
治験の交通費分の領収書残しとけばよかった,2
「お言葉に甘えて←甘えるな」,1
理系の実験系の卒論は実験データを解析して有意な結果が得られればゴール、得られなければ1か月間がドブになるだけなので分かりやすい,0
発音が最悪すぎてファミチキくださいって言ったら割り箸が出てきた,2
4階からエレベーターで下ろうとしたタイミングで忘れ物に気づいて順番に階数ボタンを押しても止まらずに結局1階まで降りてきた,2
メべスさん好きだし影で馬鹿にしようってつもりはないけど割烹着着たら車もらえた人って表現は本当に好き,0
『だって可能性感じたんだ』←言い訳をするな！！！！！！,1
みるみるミルキィそろそろ見るべきだな,3
チンチロ最強になったっぽかったから焼肉の買い出し役をかけてチンチロしたらあっさり負けた,2
卒論の関係で神経のことしかやってないから世の中とかよくわかんない,2
暇だったから研究ちょっと進めてみたら「今後の課題:新しいシステムの構築」レベルの激重状態になったので研究お休みします,2
夜勤 普段夜型だし余裕でしょと思ってやってみたら肉体と肌にダイレクトにダメージが来て自分はやっちゃいけないやつだとわかった,0
赤ちゃんがミルクを過剰摂取して嘔吐する流れを飲み会と称するの好き,0
新しいシステムを今から考えても1月で間に合う気がしないので汎化性について論じて卒論終了っぽい,0
ニューラル結構限界感じるな,2
誤差逆伝搬は脳のシステム的にありえないからより人間に近いはずの順伝搬を見てたのに,2
ユーチュー婆のウメ(93),0
センター試験のイヤホン結構いい音しよる,0
「このデータとこのデータには類似した傾向が......参照先間違えて同じ画像になってるじゃん」ってなることが最近多い,2
突然ですが、ことりが留学することになりました,0
パワディレ　今見るとTAがめちゃくちゃかっこいい,0
未だに「閉園どうぞ」「開閉どうぞ」とかやってる人何なんだ,0
家電量販店の展示ノートPCでメモ帳を開き「lenovo最高～～～～」と書きこんでくるやつをやってきた,0
ダンスしてる場合ではない,0
計算の高速化に関する知識は別に無くてもいいやと思ってあまり真面目にやってきてなかったのはちょっと痛い,2
玄関から一切出ない真の引きこもり期間としては過去最長なのだけれどこの生活体力持たなくない？,0
Roseliaにすべてを賭ける覚悟はあるがおこづかいが足りない氷川紗夜,2
麻雀たのしかったので二度とやらない,2
春を乗り切る布がない,2
氷川紗夜 パスパレファンのみなさんからはおねーちゃんの愛称で呼び親しまれていてほしい,3
バックプロパゲーションを理解もせず畳み込み層でなぜシグモイド関数ではなくランプ関数が使われる事が多くなったのかも理解できてない輩｢ディープ・ラーニング・タノシイ｣,0
この前発表した理論について「もっと抽象的に説明して」って先生に言われた,2
ハッピーシュガーライフアニメ化！？,3
現状取り組むべき問題を簡単な形に落とし込むことができたのだけれど、解けない非線形連立微分方程式の過渡特性を代数的に解析しなければいけないことが分かったのでつらい,2
社長が重度の百合厨,0
所持金60円、マナカ残金80円で旅をエンド,2
今日の発表も先生に「もっと抽象的に話せない？」と言われた,2
その抽象化は本質からはずれるし考える必要なくない？となったのでまた改めて相談することにした,3
今日右折レーンから左折かまされて死ぬかと思った,0
理論屋なのに今のところ成果何も出してないから実質研究してないと言ってもいい,2
記号をa-zまで使い切ってどうしようか迷ってる,0
群衆心理の理解が足りなさすぎるから勉強したいだけど時間が足りない,2
結局10月のライブ詳細は伏せたままか　今日発表しなかったら発表するタイミングなくない？,0
社会に出たくなさすぎて寝れない,2
アニメを見ている最中に唐突に「面白いけど時間がもったいないな」となり消した,0
アウトプットが少なすぎて腐ってきてる,2
仙台行く交通手段確保してない,2
敵対者には「法的手段」の連呼でTLには信者のポジティブな言葉のみが並ぶ新興宗教の誕生を目の当たりにしている,0
8月自宅か上海以外の場所に行ったことない,2
暇じゃないけどのんのんびよりの映画でも見に行ってみるか,3
シフトキーのレスポンスが悪くなってQOLが低下している,2
外に出ないと死ぬ気がするけど外に出る時間がもったいないのでどうにかなってほしい,2
今日何もしてない,2
1日に一回くらいのペースでブログ記事を書ける程度の何かが得られればいいやとなった,3
そういう世界だししょうがなくない？って思うのだけれど案外みんな割り切れてないのかな,0
スルガ銀行は保有資産を水増しするためのクソコラ制作技術が重宝するっぽいしペンスピナー向きの就職先なのでは,3
満州鉄道でも爆破するか,3
昨日何してたかって言うと何もしてない,2
リーマンブラザーズ破綻10周年記念イベントとかないのかな,3
ラブライブの映画でも見ようかな,3
ハッピーシュガーライフ見て余力があったらラブライブの映画見る,3
無駄にステッピングモータ買った,0
週末の前にとっておきの紅茶でも飲むか,3
アンコール前のラストを君が笑む夕暮れにしたのは意外だった,0
人と話すと寂しくなる習性欠陥すぎるし改善してほしい,2
自分が帰るまでだとあまりに都合がよすぎると思った途端に通話欲消えた,2
論文の条件式を書き間違えてることもちょいちょいあるので無駄に惑わされることもある,0
とうもろこし買った,0
粘度と動粘度は次元が違うから覚えといてね,0
橘田さん寄りに行きたかったので今回はちょっと下がって真ん中に入った,3
ハナゾノランドちょっとほしい,3
深夜にデビルスティックしてたら日本刀振り回してると勘違いされて職質されたことある,0
たぶんタロイモさんはデバッグバイト要因として雇われているような気がする,3
ブラックスワンって言葉を見てSWAN SONGの存在を思い出したのでやらなきゃとなった,3
うっかり居なくなっても気づかれないくらいなのが理想,3
自制心ないとだらだら遊びがちだしスマホに関しては縛ってほしさある,3
11/11はguangun festivalでいろいろ安売りしてくれるので良いって中国人留学生が言ってた,3
車乗ってないからぜんぜんわかんないのだけれどガソリン代ってこの一か月で結構安くなってるもんなのかな,3
ココイチ行きたいって思ってから一ヶ月くらい経ったしこのまま一生行かない気がする,2
明日こそココイチ行く,3
スンズク行ったのに花園神社行きそびれた,2
MSCSの発表にいくので三月熊本いく,3
再生ボタン押したらいい曲が流れてきてびっくりした,0
材料系の知識皆無マンなので助かった,0
ミルキィベストアルバムのBD再生できなかったけど初回特典付きのほうの値段が無駄に跳ね上がってて返金できても交換ができない,2
コンセント直す人の監督ならできる,3
周期のTと変換行列のT全く同じ表記にするのやめてほしい,0
ミルキィギリギリ遅刻っぽい,0
sigfinちょっと行くかって感じで行ける場所じゃないのがつらい,2
左の肺？に結構前から痛みがあったのだけれど最近右側も痛むようになってきたので流石に病院に行かなきゃいけないのかも,0
タロイモTVの踊ってみた動画にあった「借金に踊らされる男」ってコメントすき,0
腕と足と胴体で仲良く五等分エンド,0
ラブライブの映画まだ見てない,2
同期の就職組全員転職先探してて笑った,0
IT部門で監視の仕事現場見て課長に感想を聞かれたときに「つまんなそうですね」って素直に言ったら「君わかってるねぇ」と言われてなぜか評価が上がってしまった回,0
5/18のポピパサイサイ対バン　前日にﾄｰｷｮ行く用事あるけど西部ドームの前評判を聞いて現地に行くかLVで済ませるか猛烈に迷ってる,0
昨日の朝までに出来てなきゃいけない資料が完成しなかったのだけれどめっちゃ怒られて事なきを得た,2
たばこの火をうんこに押し付けて消してほしい,0
明日の発表どうしよう,0
テンキーの感触が良い感じのキーボードを探してみるか,3
経済犯罪は重罪だからなぁ,0
セブンイレブンかヤマダ電機のどっちに就職するか迷ってたけど間をとって安川電機にした,0
根詰めすぎな気もするしちょっと旅に出るか,3
さっきなんとなく調べてみたけど現状の60歳以上の投票者数数と39歳以下の有権者数がほぼ同じくらいだし若い側が選挙で優位な立場になるのはめっちゃ大変そう,2
twicasでログインするアカウント間違えた,2
新幹線の改札をアップルペイで素通りするのめっちゃ便利そうだったし学割使えなくなったらやりたい,3
クーポン使うためにラインペイ登録してる,3
ガッツの自分語りあんまり見ないからやってほしい,3
今日も徹夜でメンタルに負担をかけているので胃が痛い,2
HDMIなので土曜17時開演のライブだと思って購入したチケットが日曜のライブだったことに今気づいた,2
香港デモの落とし所が分からん,0
形而上学ではございませんか？→ございません,0
明日はマクドでタダ飯を喰らうことにした,3
完全にナランハ行くつもりだったので虚無感半端ない,2
ナランハも終わって何もないのにわざわざロータス邸に泊まりにいったらウケるかな,0
ナランハの埋め合わせとして夏の陣行くのもあるけど雰囲気あんまり好きじゃなさそうだから迷ってる,3
家計簿付けるの面倒なのでなるべくカードかQRコード払い使って家計簿代わりにしてる,3
実はMS明朝ってかっこいいのではないかと思い始めてきた,3
論文紹介は行けると思ってもボロボロにされがち,2
ライブの曜日間違えてたことが開演1時間前に発覚するのより険しいHDMIプレイしたスピナーは流石にいなさそう,0
あと4日頑張れば3連休　あと4日頑張れば3連休　あと4日頑張れば3連休,3
今更だけど現金を普通郵便で送金するってどうかしてるな,0
本当は今日行くつもりなかったけど豊橋に金元寿子と中島由貴が来るのが面白すぎるので見に来た,0
東岡崎って実在する駅なんだ,0
6時に起きて天才になってる,0
学部も院も税金を浴びて勉強してる感がないのでけっこうお買い損,2
毎日8時寝の健康優良児なのでもう眠い,0
一応スーパーでストロングゼロ買い溜めしとくか,3
一時的にやること無くなったので時間とお金を持て余している,2
ビートセーバー6万くらいで一式揃うっぽいし購入アリだな,3
9時前には伏見のあたりにいるのでその気になればいのぺぺおじさんの命を狙うことも容易い,3
昨日高いワイン試飲したけど全然おいしくなかったので多分日本酒以外あんまり好きじゃない,2
ウイスキーは祖父にプレゼントしたそこそこ高いやつを飲ませてもらったけど微妙だったので飲めるか怪しい　こんなものプレゼントして良かったのかなって後悔するレベルだった,0
基本情報は取れって言われたけど言われたときには既に申込期限終わってた,2
日経は電子版だけど普通の新聞はなんとなく紙で読みたいので取ってる,0
今の同軸スプ世界記録更新するには技術力というよりかは筋肉の方が重要そう,3
今日はめちゃくちゃ疲れた,2
走馬燈がペン回ししかなさそうな皆さん,2
ヒゲ剃るの面倒すぎてヒゲ永久脱毛するか迷ってる,3
ちなみに船賃の記事は2020年に船舶硫黄分排出規制で脱硫装置が必要になって稼働できる船が減少するせいで船の供給が減少、それに伴って船賃が上がってるんじゃないのってだけのメモ書き,0
せめてここのTLくらい好きで埋めたいので,3
シミュレーション回るまで午前2時から4時間耐久ニムトをした経験があるのであまりいい思い出がない,2
グランクラス一回乗ったけど普通車でいいやとなった,0
屈折率をn_1で置いて途中から具体的な屈折率を代入することをn_1ヌーボー解禁と呼び習わしている,0
稚内ならギリ合法かな,3
香嵐渓オフしたい,3
来週簿記受けます(照,3
TwitterのTL　特に土日は不要な情報が多いので試験的にdiscordに必要な情報だけを集めたTLを構成してみることにした,3
初矢場とんはプニキの奢りで二回目矢場とんはこの人に奢ってもらった,0
業として映画を視聴,2
10万だと交通費しか出せなさそう,2
ヨーグルトにバファリン和えて食べる自殺って割とメジャーなの？,0
お金はあるので値段見ずにあったかいコート買いたい,3
食後に「コーヒーでも飲みに行く？」と誘うやつ　一回やってみたかったのがキマってめっちゃ満足度高かった,0
行きたいけど西武ドームいくの辛そうだから迷う,0
抗うつ剤の二郎を食間に服用したら太った,2
ブラックフライデーの直後にサイバーマンデーやるのやめてほしい,0
マインクラフトのゲームの雰囲気はよく見るけど中身分からないのでどうすれば勝ちなのか全然分からない,0
気づいたらippei(t)のラプラシアンを取ったりしてた,0
忘年会好きだからやってほしい,3
いままで強化学習にしか手を出していなかったので何となく画像認識もやった,3
tensorflow入れようとしたら何故かpipが死んだ,2
フラグの管理が下手という結論に至った,2
しみけんはまあ分からなくもないけどあとの二人は何関連でゼブフェスに呼んだんだろう,0
生活するうえで無駄だなとなったため自宅での禁酒を宣言,3
目の前にあるスタバにウーバーイーツで注文出したら電話かかってきた,0
いくつかシミュレーション回してみて説明変数の取り方さえうまくいけば割と安定したリターンが得られそうな感じはしてる,3
必要なものを抽出する能力は結構あると思うのだけれど必要かもしれない、あると便利かもしれないものを見つけるのが苦手すぎる,2
研究室内で「意識が爆散しないTwitterタイムライン構成」というタイトルの発表をした,0
先週金曜から家に帰ってない,2
めっちゃ胃が痛いし病院行こうかなって思ってから1週間くらい経った　わからんけど何か病院行った気がしてきたし解決したことにした,0
人のツイートのリプ欄で安倍政権の批判をするんじゃあないよ,1
1/16が学会原稿の締切なので正月が消えることとなった,2
自然に終電逃した,2
latexのロゴを美しく表示するコマンドは果たして必要なのかというと必要,3
抽象的な表現で相手に解釈を投げるのは甘えだと思うようになってきたのでなるべく誰にでも伝わる表現を心がけたい,3
マニピュレータの制御しかやって無かったので取り急ぎ機械学習の用法をある程度履修した,3
ATMの利用考えるとじぶん銀行じゃなくて住信SBIネット銀行メインにしたいんだけどSBIはQRコード決済のチャージに対応してないのでやりづらい,2
一応教養として計量経済学はさらってるけど、環境の捉え方を単純化しすぎているせいで回り道になっているんじゃないかなという気はしてる,0
多変量解析も重回帰分析くらいしかしてないし　簡単のために線形関数を扱ってる訳じゃなくてそもそも非線形扱う気なさそうなんだよな,0
ケプラーが天体の周回軌道を非円形のものを考慮して天体の運動法則を大幅に単純に表記できるようになったのと同じように、経済学者も非線形関数を考慮できるようになれば大幅に研究が進展すると思うんだよなぁ,3
非線形関数のモデルを考慮できないのならばパラメータの部分に非線形要素を丸投げして機械学習でオンラインで逐次更新していけばいいのではって考えのもとで試験的にトレードに機械学習要素を導入しようと考えている,3
道具として機械学習を使うのはそんなに難しくなくて、困り事の何を機械学習によって解決したいか、なぜ機械学習でなければならないのかをちゃんと考える方が大切だなと実感した　いやまあ当たり前なのだけれど,3
何となく良い悪いじゃなくてちゃんと感想を言語化する習慣はつけたい何となく感じたものをとっておくのも大事だとは思うけどその感覚をずっと覚えていられるほど優秀ではないので,3
ソレイマニ司令官、想像以上に愛されていたみたいで張作霖と対比させていたとはいえ司令官程度と言ってしまったことが申し訳なくなった,2
作りたいもののために仕方なく機械学習やってたはずが意外と面白くて自分にしては珍しく大きく寄り道してる,0
文献見てて思ったけど医療機器はそこそこ実績あるけど医療の研究で機械学習の利用例はあまりないし営業かけたら仕事もらえそう,3
個人的には言葉にして説明できないものは得たとは言えないので舐めるだけじゃなくて咀嚼までをワンセットにしてルーチンにしたいのだけれど面倒なのでなかなかできない,2
1月は派手ではないけどそこそこ良い感じに終わった,0
タイで呼吸したかったのに肺炎で帰れなくなるかもってことで行けなくなった,2
お金は気にしてないけど徳島ならバスの方が楽そう,3
なんちゃら情報なんちゃら　会社に受けろって言われたけど前回申込み忘れてたのでさっきハルの分申し込んだ,3
本当は新幹線で帰るつもりだったけど高速バスのポイント溜まっていたので消化した,0
今やりたいことを今のうちに実現しましょう,3
とりあえず厳島で工事中の神社見たい,3
卒業式消滅してたらしくもう学校行く理由なくなった,2
何故か親が卒業式消滅情報を知ってて親経由で自分も知った,0
せめて先生にありがとうございましたくらいは言わせてほしかったんだけど学校から懇親会禁止令出たのでつらい,2
補助チケ14枚消費してサポートUR出なかったのでユニット強化全然できなくてつらい,2
3月末から居酒屋始めた人が毎月160万掛かるのに客が来なくて休業せざるを得なくなっててかわいそう,2
なんちゃら情報なんちゃら受けるつもりだったけど試験中止になったので本買わずに済んだ,0
スガキヤのスプーンうまく使えずに苦戦してほしい,3
とりあえず感染者数を数えても幸せになれないので数えるのやめてほしい,0
高齢者を外出禁止にして若年層でうつしあっておいたほうが経済もあんまり止まらないし病床確保もしやすい気がするんだけど,3
この時間で寝坊は厳しい,2
通信ケーブル持ってないからポケモン交換できない,2
GW(ジーウィー)が終わる,2
時計買うのアリだな,3
受かったらお金もらえるっぽいのでITパスポートを来週受験することにした,3
このノリなら多分丸々二週間もらえれば基本情報は取れそう,3
わざわざ映画館で千と千尋の神隠し見に行ってきた,0
大学でやった内容はあんまり仕事に関係ないとか聞いてたので安心してたけど結局ガッツリ使うやないかいとなっとる,0
古賀葵ドラム叩けるの今知った,0
映画館に召集されて暴力的にペン回しを見せつけられるクソオシャ非スピナーかわいそすぎる,2
to doとwant to doの区別がつけられなくて義務感で楽しいことを消化することが多い,0
海外旅行解禁されたらインド行きたい,3
モチベが乗った瞬間に1000時間くらい自由時間が欲しくなる,3
関西の部署に移るだけで50万ボーナスが乗る会社があるらしい,3
人工知能は人間を超えるか、ずっと読もうとは思っていたけどタイミングがなかったのでさっき買った,3
自分が会計士だったら絶対こういう企業の監査やりたい,3
昨夜あいみょんのANNを聴きながら眠って、6時前にふっと気が付くと変声期特有の甲高い歌声が聴こえ、一瞬で目が覚めたのでおすすめしたい。郷ひろみの「男の子女の子」。,0
牧歌のクリームブリュレを買ったのだが、これはプリンの方がおいしかったっけ。どっちだっけ。好き好きもあるが。,0
結局今夏もオリエンタルトラフィックの7割引きで買ったサンダルを履いているのだった。去年オタ垢で安さ自慢したやつな…かわいい、疲れない。何度かサンダル探しにオリエンタルトラフィックも行ったけど気に入るものがなく。,0
徹夜した。お別れできてせいせいするぜ。,0
わたし、新潮文庫の三島由紀夫の表紙めっちゃ好みだよー。文字の圧があるところ、ミシマっぽいじゃん。,0
久々に数字をいじっている。嫌いじゃないけどこれを正職にはしたくないな～。徹夜仕事がアレすぎてどこの担当さんもめっちゃいいひとに見える。,0
オタク的な何かを埋めるために仕事で満たす。休みがないくらいスケジュール埋めてもまだ欲張る。オタクごとしてるときがいちばん楽しいな～。さみしい。からっぽだ。,2
という気分のままメールの返事を書いたらとてもセンチメンタルになった。書写しよう。,2
望まれるところにいたいね。,3
後からどうのこうの言っても無駄だし次回にいかせばいんじゃねえ？　と楽観的な物の見方をする方だが、さんざん確認した事項について「実はまちがってました?」と言って寄越した糞クライアントに「言いましたよね何度も確認しましたよね？」と言ってしまった自分がいやだ。,2
ごろごろちゃんが騒ぐので電源落とすか。データ飛んだら泣くに泣けんわ。,2
もろきゅう、ししゃも、（甘い）塩辛、テーブルは酒のみなのにオレンジジュースを供する,0
オタク的なアレはふせったー使います。すみません。,3
昨日友達になぜSNSやるのと訊かれ、さみしいからじゃないですかねあとは趣味を語りたいからと答えたけど途方もない。,2
まって、アマプラなのに在庫があって八月中まで届かないー！！楽天で買うか……,2
送料の方が高いー！わー！,2
書写しよー。休憩。,3
古い本を処分していたら友人からの手紙が入っていた。うちの家訓。①してもらったことは忘れるな。したことは忘れていい。よくしてもらったなー。忘れてないよ。,0
たぶん他人の本は２０冊きったな。ミニマリストかよ。,0
友達は何人かいるけどあのひとは特別だった。疑いもせずどちらかがしぬまで友達だと思っていたから、空虚。今は、ほらね～変わらないものはないよ～としたり顔で過去の自分に言ってやりたい。,2
バッターボックスでホームベースにバットをあてて験担ぎする野手なみに、わたしは眠りの儀式を大事にしている。最近おそ松さんで寝てるからANN終わるまで切り替えられない。,2
そして一行目で挫けたから迷いがあるあいだは趣味を封印。なさけない。,2
さすがに寝れない。昨日は3時半から18時まで寝たり寝ていたので夜型スライドしちゃったみたいだ。朝活したいよー。,2
さて働くか～～。,3
ピャッと迷いもせず通販してしまった。働くからいいもん。よしパンを焼くぞー,3
キウイちゃんは大きいほうを飼えばよかったな。また…。年内に旅行できるかしら。他県ナンバー狩アゲインで近県にも行きたくないや。,2
書写はタグ付けたし見られる意識があったからまだマシだったね?。字が荒れ荒れだ。,2
帰宅。票がなかったので考えまする。,2
ベッドを買って外食し、帰宅して通販。エコーデビュー―することにしました。アレクサ。,3
梨泰院クラスで何度かおっっと思ったせりふがあった。「逃げる？　悪いことをしてないのに逃げるというのか」言葉は選び方ひとつ。どう捉えるか相手にゆだねるわけだからねえ。,3
あとあれっすよ、スイッチっすよ。当たらない。購入するための抽選に当たらない……。,2
明日から難しい案件にかかるのできょうは数字を稼がねば～～。,3
そういえばまたZOOM会議がある。ほんっとヤダ。,0
みゅー、先週は見逃している。さぶすくでみれそうだからいずれまとめて。待ってるときは長いね、寝床のパソコンでやる。,3
おすすめいただいた「愛撫」を読んだ。冒頭ネコチャン好きにはキツイ始まり……からの着地で意外性がおもしろかった。御大は近々。,0
ディスカウントストアでカクノ840円だったのでわ～いと即決したのだが、よく見たら極細だった。下手がごまかせない。,2
8/2はパンツの日だそうです。パンツを贈り合うのはいかが？とお店のアナウンス……,0
書写したい言葉がたくさんたまった。,3
いけると思ってＯＫしたけどどうもやばい。追いつかない。これが半月も続くんだから～～～さっさと終わらせたい。,2
だよーんってリーマンだったのか…しかも仕事できる系。,0
良いBGMなのでもうちょっとがんばろー！いま頑張って明日遊びに行こうと思ったが午後から会議だったしょんぼり。,2
ぎゃー戻橋いきたいっ。きょーと近くて遠い。実は年末年始のホテルを予約しているのだが、行けるのかなあ。,3
またSwitchははずれた。当たった人どこで買ってるんだー！,2
きょうはだめな日だー。しょうもないミスしてしまった。つめたいものの飲みすぎで胃をやられてるっぽい。風邪もあるか。胃腸が弱いくせに太ってるってどういうことなんだろ～。運動しないからです。,2
そしてくそりぷをしてまたおちこむ。,2
書写の目的は、文章力の底上げなんだけど、字もうまくなれたら一石二鳥ね。荒れ荒れなりに読める字というものを。,3
大海神社にきました。曇天かつ黄砂かなあ、真っ白であります。,0
フォトジェニックな場所だったので長々とアベックがイチャイチャ……わたしは奴らが写らない角度で撮り、ネコチャンと話すなどして待ったがずーっと居座ったのだった。諦めたよ。,2
喧嘩売ってんのかってな慇懃無礼メールをいまごろ見ちゃって、イライラ。寝れそうにない。なんだあれ。,1
向こうはその返事を起き抜けに見るわけですが（ザマァ）。,1
仕事する気失せる。うまく使えばいいのにな～。ひとなんて使いようやん。ほら、馬鹿と鋏は使いよう！！,0
在宅しかできない。外面に疲れます。社交的で愚痴や悪口を言わず、いつもフラットな外面。それに分け隔てなく誰にでも気さくとか、我ながらむりすぎる。本性と違いすぎて。,2
アクタージュ終わったなーわぁ、馬鹿だなあ…もったいない…,2
働くか、二度寝か。,3
きょうはあがりー。まぁまぁいい感じの進捗です。,0
数年ぶりの号泣であたま痛いわ、歯まで痛みが出て、ロキソニンの出番。,2
温泉に行きたい。二泊三日くらいでいい。どーしよ、ヨギボーが福利厚生になるか。,3
kusoほど意地の悪い担当の上司にクレームをつけるか、放置するか。どうせ外れるからいいんだけど、あれは高確率で「また」誰かが嫌な思いをするぞ……。,1
睡眠不足なので正しく脳みそ働いてない気がする。寝る～。,2
「凪のお暇」作業用。シンジのツンが過ぎるところいいわー。,0
そういえば、会社を辞めたあと失業保険もらってなかった。もったいない……。,2
シンジのリュックが革なら悲惨な結末だし、合皮のかばんを持つビジネスマンは……アレじゃないですか。,0
結局徹夜仕事したのだった。,2
気がついたら寝ていた模様。テレビつけっぱなしジャーン。,2
小さい子もかわいいです。こっち「も」！,0
うーむ。勢い湯布院予約しちゃった。ホントはホントはキョートに行きたい。,3
というひとりごと！よし、まんがよも！,3
今はあまりこだわらないけど、運転のライセンスも取りたいと思っていた。レース出れるA級。たのしいねーGのかかるわくわく腹の底までたぎる熱量。,3
和裁は習おうと思っているので疫病が落ち着いたら先生を訪ねたい。隣町で教室を開いている方がいて、見学と不器用な自分でも諦めず教えてくれるかと訊ねるのである。,3
ツイハイの気があるので新しくパソコン買ったら抗って（ばかだねー）Twitterログインしないのだ。,3
クッション使われるふぉろわさん、ニトリ、無印、Yogibo、などなどこれ使ってますな口コミください……。当方、ヘルニア腰痛。,3
Yogiboは通販待ちが……在宅だと欲しくなるアイテムだろうし。,0
カバーに迷いそうだけどヨギボー買ってきまーす。決めてからビーズ詰めるのらしい。,3
座り心地良いんだけど、イメージとして腰椎圧迫してる感じ。腰ー！いたいー！と寝床でうめいて、返品できないし、これは父へ……ヘルニアに柔らかなクッションはだめか。,2
景気付けにケーキ食べよ。昨日もきょうも外食でした。明日から三日間旅行よー。,3
いまねー、バーゲンで半額！,0
ネット恋愛した相手が知り合いで「復讐」とはきつすぎるー。一様に大ダメージを食らって「ネット恋愛しない」異口同音の第5話まで。,2
古いiPhoneにSpotifyを入れて再生。アルバム一枚聴いたら立つ！,3
あまり迷わないし、決めたこと後から悔やむことも少ない。ヒトやモノに執着薄いのなんか違うと思うけどネー。,0
タダイマー。帰りに乳がん検診してきた。痛みがあって不安だったけど、ホルモンバランスが原因らしい。また来年?。暑かった！,0
働いたのでそろそろ寝床へ。,3
わたしはわたしで楽しむので顔色を見るようなまねはしないでほしい。逆にわたしも顔色は見ないよーん。,3
高知やす?い。台風が来るまえに遊び行きたいな。四国には行ったことない。,3
六月には解禁だったのか、情弱。,2
二時間も働いてない。ダラダラダラダラ……,0
蹴ったぶん取り返そうとして営業したら倍に仕事ふえたし、一緒に仕事したい人はいる。あれはだめだ。,0
ガラクタイチ行きたい?。東寺は去年八月以来だなぁ。あの暗がりのベンチに座ってヒトを眺めたい水族館。住みたいくらいすきよキョート。,3
帰宅！博多で行き倒れるところやった。あっつい。,0
月末に向かって仕事漬け。ねーむーいー。,2
９月は仕事で埋まりそう。どこにも行けそうにない。,2
ほたて風味の練り物、消費期限が昨日までだったのでおやつにした。多分ビールとあうやつと思っていたら「おつまみ」と書いてあっただよなー。,2
疲れた。もう三時間も座ってるので続きは明日と言って打ち切った。まぁそのあとも他社の仕事してるわけですがー。,2
Macなのに「右クリックします」ってどこが小技かよ！！！！役立たず！！！！！！！！なexcel for macという糞サイト。,1
節穴だから見分けつかない。ぎゃー、文章は見抜けるのに絵はさっぱり分からないわ。似てる気がすると検索してしまう。まぁ、似てるだけに跡形なく消えてるんだけど。,2
疲れたー（定期）。最近夜が眠れないから疲労感募るばかり。そしてTVつけっぱなし、電池が切れたように寝落ちする。照明はタイマーかけるけどTVはタイマーないもんね。,2
偶然かもしれないけど担当者は女性より男性が良い。端的で私的な部分に踏み込まないし、楽。女性は一言多い。わたしの引きがよくないのかもしれないけど。,2
何かでもらったA5の和牛を食べた。これで元気溌剌?になるといい。,3
「仕事は楽しくがモットーです★」という会社と話だけして断ったけど、楽しいわけない。「憂鬱じゃなければ仕事じゃない」、わたしも同意。ちな引用見城徹ですね。,0
ページ削除がてらDL回数を見たら頒布した数以上にDLされてるータダだからねと呟く。,0
Outlookさっぱりわからなかった。IMAPってなんぞ。がっこで三年半も勉強したのに全く相いれなかったぞ……。,2
三年半は長かった。苦痛でした。「なぜ」と思うことをやめなさいと言われてもなぜなんだと思うじゃーん。しょうもないミスも多かった。picを全てpigと入力して五桁のエラー出したことあるよ。,2
豚はおまえだっていうね。,2
ひぇー、マークイズしばらく行きたくないわ。,2
よし、久住を浴びよ?。,3
土日で月末締めを片付けてしまいたい。で、やっぱり来月は関西いこーっと。ぼっち旅きわめてやる。,3
自由と引き換えに薄給だし貧窮問答歌よ。,2
みゅー視聴。おもしろなってきたー！捕まるのか？？謎のまま終わってもよいんじゃ？（倫理観）,3
何も写真が……忘れてた……。,2
株主優待が十枚あるので父ときたのだが、あまいからそんな食べれない。遊んでくれる友達がいない！,2
かばんからUSBが見つかったので明日にもパンドラひらいてみるよ。何が出るかな?。,3
bills行けなかったー！モッタイナイ！！,2
QのほうがおもしろかったのでLの世界を視聴。メンヘラのキャラが強烈。恋人にしてほしいから「ジェシーは女の敵」と貼り紙、垂れ幕、チラシばらまき。誰かがしそうですねとちょっと過ぎったよ。,0
新幹線予約するぎりぎりで台風を知って（センキューついった！）関西は断念。被害が出ないといいけど。2018年は被害を目の当たりにしただけに。ああいう大阪は見たくない。,2
稼げてないけど！　高額納税者になって言いたい。,3
終わらぬ……。雨が降ってきた。きょうは外出の予定。アーッ寝ていたい……。,2
なーんや、台風うちがマトモに当たる。起きたら切符取ろうかな。,3
またSwitch外れかよ……。リングフィットしたいよー。,2
また何かありましたら宜しくお願い致しますと返事がきて「ねーよ！」とイライラした。いゃ?。,1
ネタバレ踏みたくないのでみうを視聴するまでサイナラ。,3
室内テレビの地上波だめだめすぎる。パソコン使えねーよーん。,2
みうよかったっすー！うまいなー。,0
そういえばこないだシナリオのダメ出ししてくれやという依頼があり、業界用語的な略し方だけ一丁前で「箸にも棒にもかからない」し、原稿用紙５枚も書くことがないよで終わった。もちろん無賃。悪いくせですぐタダ働きしちゃう。,2
のぎせんせーのきれいなシナリオ見て思い出した。プロ志向はどこで折り合いをつけることができるかな。,3
うぎゃ！iPhone11なのに、なぜわたしは低画質の6を愛用しちゃうかなあ！竹林シーンとしてましたぜ。画像は6に。そして財布を落とした。キャサリンハムレットの折財布。小銭用だけどかなしー！！！わーー！,2
ミスドはどこでもあるもん！クリスピードーナツは撤退したのだ。,0
うーばーいーつから「おいしかった？」と評価を促すメールがきたので髪の毛入ってたよ！と書いたら「全額返金」の連絡が……。クレーマーのようでいやだなぁ。,0
気分転換にクリスピードーナツ食べよう。,3
発禁本コレクションを手にしていたら横あいからおじさんが持っていった。一期一会やね。,0
夕方うーばーいーつで届けてもろたクレープ食べよう……仕事は忘れていい。帰って、家があったらがんばろう。,3
嵐山と稲荷限定の鬼滅の刃グッズを購入。友達は「京都コンプリートした！」と喜び、わたしは妙な羞恥心を失った。,0
表紙のフリー素材をあさっていたけど、よくよく考えればクラフト墨刷りなんだわ……。,2
「いくら？」「200円です」「じゃあ100円にするしかないねー」と100円で売ってくれたギャラリー白川さん好き。多分そういう名前だった気がする。「いっぱい使い倒してね」と最後まで感じが良かった。,0
あなたとはやはり幸せになれないやうだ、ってパンチ効いてる,2
きょうはまた増し増しで暑い。午後から祇園に出よう。,3
うーばーいーつ、注文してないカード引き落としがあり……なんなの……。お問い合わせで埒が明かないから電話してみた。が、コールセンターしまってるんだって！！！詐欺ジャーン。,1
友達が結構な観光地に住んでいるので旅行と言わず日帰りで遊べるやんと言えば「コロナ終息するまでどこにも行かない」と堅い決意のよう。在宅だからか隙さえあれば外に出たいよ、わたし。家飼いの猫みたいに。,2
関西弁の一人称が苦手だった。,0
疲れた。きょう明日で終わるのか。オワラセナイト。,3
徹夜って非効率だからコマ切れでも眠ったほうがいいと考える派です。おやすみ！できなかったら録画しているMステやMIUをみるなどする。,3
終わるのか？？？？　二徹すれば名誉は守られる。,0
ほんっとろくでもないわ……。,0
ダイソー万年筆がわたしの使ったなかでいちばん心地よかったなー。安上がりだ。,0
ラブレターを書きました。目に止まればいいなぁ。,3
残り4000文字。,3
終わった。なんか、戻ってきそうな予感……。ボヤーっとする瞬間があって、その時書いたものは大半「記憶にございません」なのだった。,2
さてデスクトップで別の仕事するざんす。,3
そういえば「卍」読了です。まともそうだった園子夫がまさかの……。でも情死は憧れの死に方です。次こそアレっすよ、今、まさに刺さる本を。,3
よしよしよしよく働いたぞ～～。,0
四時になる。おやすみ！,0
めっちゃもやもやするけれど沈黙は金だよ。多分。「口が開かないんでしょ。図星だからでしょ」って思ってんだろうな～馬鹿め。,1
しかし既刊すべてくれと言って全てを持ってる友人が「私、あなたの本は読んだことがないので」とどの面がって思ったわ。あれはねーわ。,1
夜の部開始です。がっぽり印税生活したいと欲は言わないから年収400万でわたしはいきていけます。,3
さてやるですよ。これが本日の〆切。,3
やっぱり液晶きれいだ。Macの軽さと扱いやすさめっちゃ好き。i7だから速くて当たり前なんだけど。さて寝るねー、おやすみ。,0
夜は友人とこじれた糸をほどくか切るかを話すのでガッツリ働いとこう。,3
来月のがらくた市は飛ばしてちょっとした品を買うことにした。,3
ヘッダー変えたよみてまましとく。もっとポエミーにしたい。,3
ダメなときは自分でわかる。頭が働いてない。,2
起床！途中から蚊と睡魔の戦いになった。どこから入ったんや……,1
きょうは髪つんできます。詰むとは方言か、とググったら広辞苑には載っているそうな。へぇ。,0
ただいま?。疲れたァァァ。週５通勤する方々、尊敬。かつての自分も。,2
さて書くですよ。,3
やはり菅田将暉ANNのない月曜日はつまらん。,2
短い記事でも泣けた。病気って天災とおんなじ。,2
＞ふむ。一次創作は見せてないのでちょっとスタンス変えようかなと。,3
確か、谷川俊太郎が「死なないことは魂の倦怠」と書いてて、自分が死なないなら他人にめっちゃ優しくなると思うな、などと数日考えてました。,3
あの垢を動かすことでまた奴らが騒ぐんだろうか。ヒマやな、としか……。わたしもそうだけど、余計なこと考えるのはヒマだからだよ。だからここ数ヶ月はめっちゃ働いた。,3
昨夜は早く店じまいしたのに睡眠が足りず、ボーッとしている。きょうも仕事なんですがねへっへっへ。,0
これだけ手に入らないSwitch、アメリカの友達が遊んでて「どこで買えた？」と聞いたら「Amazon」。定価らしい。どういうわけだ！,2
ご飯食べあと二回。仕事飯は食べた気がしない。,2
終わったー。あとは自由時間！,0
思うように書けないとイライラして寝れないし、４時から起き出してあれこれ調べ物をした。,1
新潮に投稿していたらしくて、しょーもない読み返してもない駄作を惰性で送りつけてすみませんという気持ち。つぎは、一次くらい通るやつ書くわ。,0
早くすんだから「富豪刑事」をみる。筒井康隆原作なら当たりやろ。,3
ただいま?。さて書くぞ?。疲れた?。でもこれで今月の仕事終わりだしという呪文。,3
父と延命の話をして、わたしは延命拒否かつ使える臓器は使ってほしい派で父は延命希望というので、どっちがどうかはわからないけど聞けてよかったし、言ってよかった。,0
そして半沢直樹をみる。,3
ぱらびに加入した。わるい菅田将暉を浴びるのだ。ラジオがないだけでつまんなかったなー、今週。,3
半沢直樹を見はじめて、一話でもうこれは面白い！　と久々に思った。飽きさせない。,0
Evernoteは同期した端末すべてで見れるからサラッと書くときは使いがち。見てくれを気にするならword様。,3
とまりさん好きだな。,0
寝なくては。朝から用があるのに。,0
知ってたけどインセンティブが出るので来月やっぱり旅行したいな?。天神市とか。,3
大阪でレンタカー借りて四国に行ってもいい。,3
今夏目漱石を読んでいるけど文章カチッとしてるけど柔いとこあって物語がスルスル入ってくる。市井の人が主人公で事件性もない。でも面白い。谷崎文とはまた違う。谷崎曰く夏目は「漢文調」らしい。漢文かー、習ったけど国語の授業自体が嫌いだったからうろ覚えで、教養ない自分。,2
数日まえから指がいたい。関節痛。寝るとき腕組みする癖があるからそのせいかと思っていたけどリウマチなのかー？親が自己免疫性疾患だったから因子はあるんだよなあ。,0
阪急はよ行こ。,3
富豪刑事のイラストすきだなー。今風。,0
あと二話でおわる。スパイラルはだれたけど政治家を絡めて話しがしまったな。,0
「あばよ！」に爆笑した。おもしろかった半沢直樹。,0
カニカマが食べたくてたまらない。カニカマ。口がカニカマの味！,3
呪術かいせんをみている。原作五冊くらい読んだかな?一読して終わった。,0
資料が揃わずやすみ！だらだら?。寝床でアニメを観ている。,3
ちまちまツイステやってるけど誰が誰やら。ゲームは飽きるってわかってるから熱が上がらない。,0
三浦春馬、いきいきして見えるな。俳優さんはすごいね。,0
月末締めで結構忙しくなった。前回落としたので今回は締め切り厳守。,0
WordPressってこんな厄介やったかな。,0
おでん出汁で作るカレーが美味しいらしい。良さそうー。,3
おでん食べたい……。朝からおでん特集のわが県。,3
資格持ってる人も医者や薬剤師とかだと「なぜ！」と。在宅でも仕事選べるだろうに……6年も勉強して国試通ってそれか。わたしは無芸大食だから誰でもできるこういうことしかできない。,2
離れられるものだなぁ。五日くらいツイッター放置してました。Amazonプライムセールで六万使った話しましょうか。毎日ヤマトが来てるし、きょうは二回もきた。,0
プライムセールはインクが安かった（２割引）のに、迷ってるあいだ終了！,2
それも外国人の友達に言われた。日本人の友達が言わないことをさらっと言うところ、好きだなー。ひとによるかな。,0
にしかわの食パンも買ってきたが、さきもと派です。なんばの。,0
しかし爺さんに「文句言う前に『並んでますか』と聞いたら早くないですか？」と言い返したので烈火の如く怒り狂い、ヤベー手を挙げられるかなあと思ったが、爺さんの方が「こいつヤベー」と思ったらしくめっちゃ挙動不審になり、目が泳いでた。,0
車の保険、どこにしようか迷う。毎年ギリギリまで放置して割引を逃すから今年は早めに動こう（と思う）。,3
最近は完全夜型で３時に寝て１３時に起きる日々を送っている。寝過ぎ。冬眠間近かもしれない。,0
数年前に古着屋さんで米軍の迷彩コートを買ってて、先月かな菅田将暉が着ているのを見て思い出したから袖を通したが、人を選ぶ服だった。,2
めっちゃ楽しいよね。大好きだよ。,0
寝るか?。明日からちゃんと働きます。,3
よくある校長先生のお言葉で「三つのき」ってなんだっけ。やる気、元気、根気がわたしは欲しいです。,3
今週末から八日の予定であります。ホテルは一週間予約している。PCも連れて行く。,3
河原町だったと思うけど、一泊千円のドミ宿に泊まって（フロントが中国人で日本語できない）楽しかったことを思い出した。ごちゃごちゃして面白かった。変な冒険はする……安すぎてまともじゃなさそうじゃん。,0
友人に、わたしから連絡するまで放っといてと返事した。もう連絡しないかもしれないし、気が向くかもしれないし。これで一応は終わったし、スッキリしました。,0
Amazonプライムセールで買ったエアロバイクに不備があり、この数日何往復もメールのやりとりをした。全額返金、処分費用5000円もらったけど、ペイパルの手数料込。,2
京都迎賓館はあまり興味がないかなあ。ノープランに肉付けしていく。go to eatも使ってみたい。,3
留守の間に回線工事してもらおうと折衝。三日もネットが使えないなんて！,2
ちな神戸お高い。昔から。なんであんな高いんだろ……。,2
鬼滅映画に誘われてしまったー！寝てしまうかもしれん。,0
自殺願望のある人は結局、自死を選ぶかなあ。ローズ！！,2
御所っていうと毎回、アメリカの友達が結婚した相手が御所勤務だったーという件と離婚してるのに「元嫁」と写真を見せびらかす不可解さを思い出す。,0
よしホテルはキャンセルしよう！　今まで祇園一辺倒だったけど四条の方がアクセス良い。どこへでもバス一本。,3
Googleアドセンスはすぐ取れるけど、書き続けることができぬ。飽きっぽいんだよね……。更新しないからだめよと警告を受けて終わるんだ。普通にしてれば通るアドセンス。,2
トラブルな日。厄落とししたい。,2
gメールをアラートなしにログイン、削除することってできるんだろうか。ハッカー様。,2
M５！,0
モーニン。ふくれあがるトランク。冬服はかさばる。,3
でもねえ地元だったら迷わず買ってる。送料がベラボー高いから熟考するよね。腿くらいまでの高さがあったから、相当ね。,0
急ぎの仕事があって、アーリーでチェックインさせてもらった。13時には部屋に入ってました。,0
三度目のアーリー。東横インはアーリー別払いで会員証も必要で、って闇課金が多かったっけ。もう一つはインターコンチネンタル。流石の対応だった。「お客様」じゃなくて名前を呼んでくれるところ質がわかる。,0
さて、あともうちょっとやるか。,3
ノルマ達成。買ってきたフルーツを食べよー。,0
筋肉痛！運動不足がたたる。,0
未就学の子供が「たんじろー」とキャラグッズを指すあたり、知名度すごいなあと感心する。,0
早く帰ってきてドラフト見ている。わくわく！,3
どう伝わるか考えながら仕事してこよー。,3
こっちは今夜おそ松さんが見れる（はずな）のでもう今からワクワク、あのロボットがどう絡むんだろう？,3
一松だけロボットを使わないところがいいなーと思った。あと折り紙！　背中を丸めて折り紙するかわいらしさ。,0
書写したいのにボールペン一本しか持ってきてない。駅まで5分くらい、駅に大きな書店があるので明日は何か買ってこよう。今勉強したいpythonとか。,3
アメリカの友達に大統領選の話を振ると、こっちで報道しないことをいうので4年前も聞いたっけなーと思い出している。当時はヒラリーとトランプでしたね。,0
インテ決まってるのかー。来年の一月には何か好きでいたいよ！,3
サンショウウオのぬいをお迎えするか……クラゲを見に行くつもりではいるのだが。どうしよ。,3
そういえば蛸薬師のとこにあるスシローは百円がない。場所代か。,0
ぼやーっとしてだめだめ。,2
語彙がない。「そういえば」の連続で失笑。,2
よし歯磨きしよ。,3
あっ、二次オタ垢消しついでに創作の方も消しました。どうもありがとうございましたー。癖があるらしいので表に出すことはやめます。,0
また泡立ちがいいんだわ。,0
おそ松さんが放送されるか確認しておかないと。ぼやっとしてANN待ちしそう。,3
ガッカリってもんじゃないー！！！,2
アーッ。土曜しか観れない。こうなりゃ月曜は大阪に泊まって帰ろうかな！,2
ガッカリ……。,2
でも適宜修正したい。,3
わたしのノベルティは何が好きでしたか？と聞いて、その話を刷ることにした。,3
こっちに来るまでの沿線に知り合いのマンションがあって、思い出したようにメールすると宛先不明で戻ってきたのでマシュマロに投じたが、動きがないところを見ると迷惑だった模様テヘペロ。,2
機能重視してリュックだから夜遊び不向き……。,2
夜遊びしたいよお。,3
あやかしまつりで羊毛フェルトのショルダーに一目惚れして、年甲斐もないかもしれんとやめたの。かわいすぎたんだよ。会計して戻ったくらい気になってたよ。,2
怠惰とはおれのことってくらい怠惰。,0
ANN聴きながら、ノベルティを作っている。,3
お腹減った……。１時を回ると必ず腹減り。,2
コンビニで買ったお菓子があるけどここはお茶で済ませる。いや誤魔化す。,3
デザインできたらいいんだけど、自分に諦めているのでテキスト直打ちして反転かけるのみ。,3
かわいそうーかわいそうで泣きそうー。これは五月の蠅です。,2
慣れないことをして疲れたーー。,2
おはよおはよ。朝でございます。,3
他の地域のイオンはスルー案件だろうね。,0
ホークスは商標にお金を払う必要がないので気軽に便乗できるのだ。勝手なイメージだが巨人は高そうだ。知らんけど、ただかも知れんけど。,0
夢もみず爆睡していた。,0
ぐっすり寝ている間に電話が鳴り、担当から泣きのメールが来ていた。きょうのきょうという仕事が今できるわけない。すまぬ。,2
四条大宮のフルーツサンドが気になっているからちょっと行ってくる?。,3
土曜か日曜に行ったら完売だった。,2
12時には出たい！希望。,3
着替えるのが億劫。だらだら?。,0
拡大できたら消す。,3
サイトのテキスト直打ちなんだけど……,0
画層ソフト使えたらいいけどふふふふふ。笑うしかない。,3
わたしが絵を描いていたら、難解ソフトを使役できただろうか。使役。,3
おいちゃんからフォロリク出した報告。,0
ヤオイソ。,3
カロリー表示が罪深いよー！,2
ロキソニンを飲んで出陣です！よしどっか行くぞ。でもまだ火曜なんよね。,3
日頃の運動不足から、歩いて痩せるはずがそれ以上に食べてむしろ肥えたかもしれない。,2
かなしみ。,2
きょう優勝決まるかもしれないのに地元局しか中継がない。,2
やはり延期にしてもらった元同僚のオネーサンにはまだ何も買ってない。漬物かなぁ。,0
おなかへったなり。,3
さて移動しますか。,3
バスに乗り遅れちゃった。まぁ急ぐことはないけど。,2
烏丸夜遊び何できるかなワクワク！,3
酒飲みになりたい。,3
人生で時間を使っているのは物を探す時間。次が睡眠だとバス中の会話。,0
所属するなら一番は行きつけの飲み屋を作ることらしい。居場所ってやつですね。,3
すんません。さて行きますか、本日のメイン！！,3
サラダにシーチキン入ってて撃沈！,2
こんな感じ。出前館のメニューを見て気になったのだ。,0
こだわりの強さは感じたけど好きな味じゃなかった。ガッカリ。残念です。うぅ。食べログのレビューあてにならんね。,2
優勝してくれロッテに勝ったら別モンやろ。,3
ホークスとロッテ、西武と楽天。パは痺れるゲームだなー。楽天は好きじゃないので西武！西武応援してるよ！！,3
優勝！配信するんだろうか。ちょっと気になるけど今回はもういいや。いいゲームだったな。油断せず明日からも勝って欲しいよ。,3
来年は内野手争いも面白いぞ！いえいえ日本一のあとでいうことやね。,3
おまけの文庫を書いてる。気に入らない……。,0
この書写垢やってよかったなあ、本のことツイートしてよかったな、と今でも改めて思います。,0
料亭はお一人様ダメな気がする。数えるほどしか行ったことないから気後れしそう。,0
初めて船便を使ったのだけど（SALはコロナのせいで！）うまくいけば年内着らしい。どういう航路なんだろう。,0
オート周回のゲームが終わるまで寝床に行けない。,2
おはざます。朝型にシフト出来た気がするーでも眠い。,3
昨夜のつぶやきを見返して、やっぱりチェックインで一言も触れないのはホテル側の手落ちにしか思えない。オンラインで取得せよ、なんてググらないと載ってないし。,1
いちいち、何も言わないけどね。,0
ググった理由が、ホテルに上限があってもう配り終わったんじゃないの?？って思ったんだもん。むち！,2
嵐電なうですなうです。,0
谷崎は、志賀直哉の「或日」を計算していると褒めていたけど、いろいろ読めば「或る」でも「ある」でもない「或」が志賀直哉の癖だとわかった。,0
謙虚！,0
パンフに笑った。幽体離脱してないかこれ！,0
とりあえず天龍寺に戻る。暑くて半袖よー。,3
ただいま。安パイのマクドナルドが昼ごはん。むなしーい。,2
つまり、夕飯何にしようかなと。,3
シャワー浴びてちょっと休もうか。朝ご飯どこで食べようかな！とワクワクした割に、人混みに負けて昼も食べ損ねてマクドナルドですよ。ふふふ。,2
BLより匂わせ系の方が読みやすいのでググってみると三浦しをん推しが多いなー。エッセイは好きだけど小説はどうも苦手。平仮名のあざとさが目についてもういいですってなる。,0
昔仲良かった小説書きが三浦しをんファンで、わたしの誕生日に既刊を全部送ってくれて、何冊か読んだけどダメだったなあ。,2
ねえ聞いて……。このホテルBS映らなかった……。,2
ファッキン！,1
go to eatでお得に食べたいなァと目移り。肉もいいけど中華もいいな。辛いもの食べたい。,3
金曜が雨の予報で何をするかな。もう水曜日だけど、帰りの切符を手配してないので延泊も視野に入れつつ。環境を変えて仕事すると新鮮でいい。引越ししたい。,3
食べログの美食家っぽい方のレビューでジャッジ。,3
美食家といえばネロ・ウルフ。,3
ありえないか、今も、宝探ししたくてたまらないもん。玉石混淆の同人誌で博打する楽しさ！,3
喫茶パーチのフレンチトーストも気になる。いやもう観光を決めてからの方がいいんじゃないかいと優柔不断。,3
その小説の上手い人がギアスの方だったので今夜再生しながら寝ます。闇雲ね。イエス。,3
今季初の暖房で喉が干涸び、目覚めちゃった。ついでにクレーム案件をきょう中に処理しますの御社から返事が来てないことにイライラしい。,1
ギアスは片手間で見れんなとおそ松さんに変更した瞬間に爆睡した模様。安定の睡眠剤。,0
トレンドの祖母殺害を見ているとうちの親族の方がマシかも。この世の地獄だな。怒り。,1
あ。ノベルティ、受け付けてもらったので帰ったら届いている算段。今後二度とありない高額ノベルティ。でもとても面白かったからまた遊ぶことがあったらいろいろやるぞ。,3
ぴえん。源泉徴収されていた。結構な金額。おかしいなあ、とは思っていた。一円単位だし。,2
起きたら伊藤健太郎がひき逃げ……菅田ANNの後枠25時のラジオやってたんだよね。露出が増えてやめちゃったけど。,2
東向きに窓があるのでブラインドをあげたら刺すような朝日が眩しい。,2
お腹減ったな。コンビニで買った春雨スープ。天神市で買ったピーナッツ。とりあえずスーツケースに押し込んだチップスター。どーれだ？,3
十代の時から白髪が多くてひどいコンプレックスから黒髪以外に染めたことがないのだけど、というか明るい色が入らないんだよ。黒は最終手段。,2
カーヴドケイは17時以降チャージ金額がかかるのでそれまでに入りたいところ。だって！酒飲みじゃないんですもん！んぎゃ！,3
少し寝る！おやすみ。,3
眠い！出かけるのが億劫だ。,2
ちょっとのつもりで爆睡。すっきりしたー。こういう緩さは他人とじゃできないことで、楽ではある。一人で入れない・入りづらい店はあるけどね。,0
河原町でご飯食べよ（買ってきてもいい）と食べログその他を見ていつものように「……わからん」って唸る。うーむ。わからん。,2
大阪もコロナ患者が増えてますな。100人越えたそうで。対岸の火事じゃない。我が県も観光客が多いしどこでも気をつけよう。,2
お妻様文庫落ちしたら読みたいな。,3
さて、食い尽くしたので食料調達に行くですよ。おなかすいたぜー！,3
十三夜だそうです。火星がとなりに。,0
本屋さんでも「２円ですけど袋入れますか？」。カバーかけてもらったし、イランイラン。今まで当たり前のようにレジ袋もらってんたんだなあ。,0
さっきのnoteのかたのコミケ漫画を読んで無性にイベント行きたくなった！あの空気いいよね（同意求めてんのか）。買い手も売り手も同じ熱意。イベント行きたくなるほどのジャンルにハマりますように！！！,3
向こうが簡単にわたしを見切れない変てこな情があるように、わたしは彼女に恩がある。,0
さて仕事するぜー。,3
覚えてろ肉将軍。,2
生活感のある一角を作ってしまった。,0
イーバンクが楽天銀行と最近知りました。イーバンクのカードかわいかったのに。楽天銀行はあれっすね……。,2
日記全盛期のころは文章だけで人に好かれたし、会ってみたいと言われたのに、今や地雷臭しかしない。メンヘラみある？,2
Netflixは継続にしよう。,3
あっ中華粥食べたい！と徒歩圏内で見つけたお店の予約をしようとしたが、ランチ受けてない?たかがでされどじゃないですか500円。予約した方が起きれる気がして。,2
大食いなので美味しいものは大量生産したい。強欲。,3
カーヴドケイみたいに独特の雰囲気のある店は友人が好きそう。付き合いが長いし旅行もたくさん行ったからそういう思考があっても仕方ない。,3
アマプラの悪口を言ったので何か再生しながら寝よう。「イエスマン」が面白そうやね。極めて後ろ向きって自分のよう。,3
フォロー&リツイートでさえ当たらないのに、ロスチャイルドのことまで考えてる余裕なし,0
今日必要火急の用事で娘と歩いてたら、向かいからくる女性にトリちゃんですか？！と確信めいた様子で言われた。全然そうじゃないんだけど、相手の子みたらそれっぽかったので、ああだから家にいればよかったと思った家を出るだけで世の中ふじゆうだ,0
防護服づくりで指紋がなくなり、在宅ワーク用に借用してるパソコンの指紋認識されなくなり、わたしは完全に失職しました。,2
朝から妻のアップルパイを勝手に食べて、もう少しカスタード入ってるのがいいねと言ったら、あなたシュークリームが食べたいだけでしょと口撃された,2
こんな時間まで妻がライン自粛パーティーを友だちと開いている。。。せめてもの魔除けとしてニベアを顔に塗りたくって寝る。。。リア充ばくはつしろ。。,1
ようやく息子、娘が寝た。。これからずっと私のターンだ。とりあえず論文仕上げる、、。寝不足でしぬ、、、、,2
子ども寝かしつけてんのに地震速報とか、殺。。。,1
ようやく子どもらが寝た！アーーーーーー疲れた、眠いけどコーヒー飲んで読みたい本読む！,3
子どもらようやく寝た（＾_＾）妻の持病が再発したようで、今日は少し泣いていた。子の難病、妻の難病、母の交通事故。なんか試されてる？笑事実上の父子家庭だが、しょげてはない。現状を誰かに評価されるのではなく、ここから自分でチャンスを作り、また大きくなる生きる、を諦めない。,3
7/1から通常出勤が決まった約3ヶ月ぶりの職場もはや何のために…,2
昨日仕事で はやりの感染症の検査に立ち会ったが、屋外検査本当暑い、本当にあつい！！！まかり間違えば本人よりもこちらがしぬ 抗原もぴーしーあーるも、ちょっともう本当過酷,2
私にとって内村鑑三先生の「後世への最大遺物」は大感動した本なんだけれど、現代版、後世への最大遺物［読みやすくしました］みたいなやつを大期待で購入したら、逐一感動文面を赤字ででかでかと表示されガッカリした経験がある。編集って大事なんだなぁと思う。私にとって本（文）の静かさって大事。,2
先程まで長男発熱と長女の夜泣きできますようやく一段落。今日は重大案件もあり職場に行かなければ行けないので妻に子を託し、洗濯物たたみ、これからサイト更新して出勤準備。今絶対試されてると思って、こころ安らかに行動。ここまでくるといつも脳内でサライが流れる（定例）,3
相談支援関連図書一冊見たので今日は寝る！明日はサビ管業務がほとんどだけどメリハリつけて集中します。サイト記事は今週中に高齢者分野1テーマ上げます。来年の試験、高齢分野は後期高齢者の比率が前期高齢者を上回った点が狙われるかなーと考えてみたりする。,3
気になるけどファンではないという仕事内容をファンに切り替えるのはチートだとも思うけど、それに越したことはない。元々その程度の熱量のモノをファンにまで引き上げるのはやはりお金か、わかりやすい名誉なのか。本人の今のこだわりってわからないけれど、そこにフォーカスできる関係性こそが文字数,0
本業と子育てが鬼多忙につき、ブログも全てストップしてしまったが、唯一毎朝コード練習だけは繰り返ししている。今のレベルでは社内で少しパソコンとか好きな人レベルから抜け出せないので、皆より少しでも多く努力を重ねて、積み重ねも発信していくと改めて決意。頑張れ自分。,3
HTMLで初めて表書いてみたけど（ドットインストールでチラ見して以来）あまりのショボさにCSSの偉大さが際立つ。最近では案件のCSS処理を試すのに、progateの練習画面使ってしまう悪い癖がついてしまった。,2
体質なのか考え事してるだけで一日二キロくらい痩せてしまう。,0
夜な夜な案件に手をつけるこんな感じでと提案された内容のフォントサイズやコードの其処此処に明らかにミスがあるが、これは修正して良いものかわからんので、これに準拠して完成させてお客さんの判断を仰ぐことにするとりあえず文書の差し替えだけ今日中に終わらす,3
同じおきゃくさまから継続の受注(T ^ T)嬉しすぎる！・丁寧な仕事を心がけること・一つ一つの意味を把握し、考えてコードを乗せること・疑問に思ってもとりあえず形をつくり、その上で相談すること。感謝！,0
鬼滅の刃にはまったふりして緑チェックのコタツ布団かぶって「ただいま」って帰ったら、一瞥して風呂入れば？と冷たくあしらわれたので、わかってるってばよ！！！！！！と、とどめを刺した,2
Netflixついに契約してしまった,3
未だにマグマグ使ってる3歳児と2歳児をどうすりゃいいのか分からず毎日除菌と洗浄してるが…,2
今日は子どもらが早く寝たので勉強しよと思ったが最近の無理の反動で全く何もやる気が起きない,2
今34なんだけれど、34歳というまあまあになってきた年齢からなんかようやく重い重い腰を上げて自分の皮膜というか、客体性みたいなのに順応してそれを生きようと思いはじめた反面、猛烈に足掻いて人生を終えるか本気で考えて行動しない定例行動に陥るかについて今5分だけ考えていますなう。,0
今日の息子は珍しくいうことを聞く。息子も体調崩す可能性を示唆。,0
よし寝た！洗濯物たたむ！今日はコンペのデザインやりたい！,3
おはようございます。さて、今週は本業の片手間にUdemyでフォトショイラレをスキルアップさせます。,3
ようやくの昼休憩 咳がつらいので勤務地にて受診、処方薬もらった！これで復活なるか！,3
娘がどこかで、オーケーって覚えてきて、どんなに頑張って嫌な時もオーケーオーケー言ってる。,0
仕事終わり。今日は格別疲れたといつも言ってしまう。勤務開始ギリギリに星野源聞くのほんとやめたい。その時間なくせばもう少し色々捗るのに…,0
ドットインストールから最近全然やってないね、とかいうメールきてた。汗,2
予防接種無事終了！,0
明日は、というか毎週土曜日はこの子らと3人だけのワンオペだが行くところやること決めてない、どうするかなー。,3
ハッフルパフが一番居心地良さそう,3
妻に、スネイプ先生に似てるよねｗっていわれて不服,0
今日は抱っこしたりしてて右手しか空いてないので、ひたすら、右手で100件ツイートする。,3
ゆるっとどうでもいい会話を投げかけてくる長男。そこにいるか確認してるだけの魔法みたいなものだろうか。,3
これ終わったら終わりにするからというマリオカート族の話。約束を破ってるのでゲームは封印する！,1
スプレーホイップをかけまくって何か食べたい。,3
皿洗いが一番好きかも。って一々やる家事に「一番好き」というタグをつけて内的動機を上げる作戦,3
秋冬の朝活ってもう、寒稽古,2
朝読はそろそろ終了を意識して、Udemy、Progateを五分やる。そろそろ怪獣さんたちが起きてくる頃。,3
ほぼ10分くらいで勉強が終了したらしく、元気に携帯で蝶々育ててます 息子さん,0
ラミネートが完了した！これで大体どこでも読めるぞ。,0
マリオカートを終えた息子が猛烈にピタゴラスで遊び始めた,0
ランサーズで100万貯めたら2万円くらいの、おひつが欲しい,3
ニヒル牛行きたいけど空いてるかな,3
粗大ごみ申し込み12月。,3
ベビーゲートもすてる、感慨深い。,0
フォントをもっと自由に、と、漠然と思っていたが、反復の理解とコントラストに問題があった。,2
妻が仕事に悩んでるらしいが…。,0
長男、カーズのベッドタイムストーリー読み終わったのでようやく寝かしつけ,3
長男は寝たが、長女が鼻を詰まらせて癇癪を起こしているため再浮上。,2
まずは基本姿勢、左ももに身体を沿わせて、赤ちゃんとか幼児までの子どもの体圧分散をはかりましょう。,0
この時、ももはなるべく高く、立てるようにすると、本人の呼吸も楽ですし、影になってスマホの光を直接浴びずに済むので便利です。,0
今月は3万5千円目標と、やや控えめに設定,3
そうだ、アンカーポイント表示されない問題の理由を考えていなかった,2
明日は明日の風邪をひく、保育園児の我が子たち,2
一か月くらい集中して勉強する時間があれば余裕！と言っているそんな時間はあと１０年くらいこないのだ。,2
今やるべきことは何だろうと思ったとき、このあがいている感じをしっかりと書き留めておくこと。,0
保育園送り終わり、今日は疲れたぜ！,0
アンカーポイント問題（定例）についてやらねば。,3
一個　自分の気に入るものを作ってみる。イチハラヒロコさん好きなので、そういう感じで。,3
よくわからない気温だなー。,0
夕飯の買い出し、炊事、風呂準備やってきます！,3
今日は文字の簡単なデザインが作れたので良かった！あと背景に上手く合わないなあ！と思ってだけれど、それはアウトライン化したから当然の結末だったということもわかった！つまり結果を先に見たいという気持ちをぐっとこらえてここのとこはあ辛抱だということを学んだ。,0
炊事終了,0
また雨。。。。,2
今日はバブ入れる…今日はバブ入れる…,3
そして覚える気あっても普段あまり会わない人の名前もなかなか覚えられない...(-ω-；),2
覚える気ない人の名前っていつまでたっても覚えられない...(-ω-；),2
最近どれが本アカかわからなくなっている_(:3 」∠)_,2
今日はリトバスとか神ないとかばっかり見てて、感傷的というかなんとも言えない気分になる(._.),2
終了2回前でやっと...と思いながらやっぱり行かない(._.)教材がいるっぽい(´･ω･`;),2
女子の集団行動は怖いよー( ´Д｀)いまでもそういうとこは好きじゃない。,2
気持ちが昨日のまま。ずーんってどん底。雨だし余計に。なんとかならんかなぁ(´-ω-` ),2
出ないなら家で寝ていればよかった( ´Д｀),2
いつもそう。本当は短気ですぐ手が出るタイプなのに何かあればみんなの仲介役。まぁただ私がお節介で、かつみんなに扱いやすい性格なだけなんだと思うけどねぇ(´-ω-`),2
結局こうやって全部引き受けてしまう。お節介。お人好し。人の事言えない（笑）自分も一緒（笑）ばかだなぁー（￣▽￣;）,2
付き合ってくるせに。目がハート。見てて痛々しい(._.),0
あーもーほんまに見てられん。酔ったら素でるねんな..。,0
あーうっとおしいー！！めんどくさいー！！ いい加減自分が出来る範囲がどこまでかわきまえろよ！?(°?°?)?,1
くそめんどくさい！(`‐ω‐´),1
人って今以上に大きい痛みがあると、小さい方の痛みを忘れる(感じなくなる) とかいうけど、逆にいうと大きな方の痛みが先になくなる(完治する)と小さな方が感じるようになるってこと。それを身をもって実感した…,2
私の食事の量の原因が実家の家庭環境にあったことを今更ながら実感(￣▽￣;),2
ボランティアしてる人を偽善者だなんだと言うのは勝手だけど、ボランティア先の被災者の方達を悪く言うことは許さない。不快。,1
話しても不快になるだけ。抑えろ、自分。,1
普通に話してたり声を聞くだけで不快って重症。自分の都合の良さも嫌になってくる。,1
暇だー_(:3 」∠)_そして明日・明後日のことを思うと欝になる(´-ω-`),2
もー無理！限界！｡ﾟ(ﾟ´Д｀ﾟ)ﾟ｡,2
あぁ...目にゴミが......(´；ω；｀),2
そういえば今年は何もイラスト書いてない(´-ω-`),2
レアチーズケーキを見て「豆腐」という私のおじ(￣▽￣;)笑,0
レジ行ってからお財布忘れたことに気づく恥ずかしさ(´-`),0
その制服に緑のタイツは似合わないよ...(´-ω-`),2
毎度おなじみのこのパターン。本日2回目の電車遅れε-(´-`*),2
明らかホームレスっぽい人がフィリピンの台風義援募金に協力お願いします、ってやってる。そのお金を自分に使う気なら許せないし、本当に募金ならすごいと思うけど、その労力をまず自分のために向けた方がいいと思うよ。,0
本日3回目の電車遅れ。ちなみに全部JR。.......どんだけ遅れんねーん！?(°?°?)?まぁいつもの事だけど。人身事故がないだけまだマシ。,1
いくら幼馴染みといっても、年頃の娘の着替えの場所を男の家に頼む母はどうかしてる！！しかももう7年くらいまともに会ってないし(＞＜),1
うわーメンタル弱いー(T_T)へこむわー(T_T)まぁ100％こちら側が悪いし仕方ないけど(._.),2
安定のみんな遅刻ww時間通りに来る人の少なさ(^_^;),0
人生で1番遊べるときって大学生の時だよね。一番充実させられるのも、クズになれるのもこの時期だと思う。,3
にく...らーめん...ピザ........とりあえず食べ物ください(´・ρ・),3
シークレットハニーのアリスver.のワンピースめちゃくちゃ可愛い(*´ｪ`*),0
アニメ一挙で見た後の虚脱感。,2
アニメ見すぎて違うの見ようと思ってももう頭に入ってこない（´<_｀　）,2
自分の精神力の強さがよくわかったwどんだけ普段気張ってるかってことやなww,0
とりあえず、暇。んでも出掛ける気はしないんだよねー_(-ω-`_)⌒)_,2
悪い酒は飲むもんじゃないねー(´-ω-｀),2
自分でしてきたことの結果、ってのは分かってるけど辛いねぇ(´-ω-`)まぁ嫌われてるわけではないから良いんだけどねぇ...てか嫌われてても.....,2
テスト期間は...暇になるークズになるーついでにデブになるー(かも),2
チーズが食べたい。食べても食べても食べたりない(´-ω-｀),3
ケイトちゃんかわいすぎ(*´ｪ`*)声優の久野さんの声もいい感じ(o´艸`),0
大学入ってから親友と呼べる女友達がいない,2
テストなんて暗記でなんとかなるものばっかり。アホらしくてやる気なくなるわ(´Д｀),2
殴りたい、暴れたい,1
Twitterおかしくなった(´・ω・｀)TLが4分前から17時間前まで飛んでて、更新しても戻らないってどういうこと(ﾟﾟ),0
TLがホモとゆりで埋まってる(´･ω･`;),0
んー、、これ身長何cmの場合だろうね？160くらい？,3
この時間で起きてて眠たくないから、なんかもう寝なくて良いんじゃないかって思えてくるw,3
今日ずっとアニメ見てるけどぜんぜん容量あかない(｡-_-｡),2
スクフェス人口多過ぎ(ﾟﾟ)ランキングの下がり方が......(´Д｀),2
あーあ、もう間に合わん(´・ω・｀),2
親とか関係ない人になら素直になれるのに...。,2
さっきから全然集中してアニメ見れてない(^_^;)笑,2
botに慰められてなんか虚しい(´・ω・｀),2
相手に彼女や彼氏いるの分かってて無理に誘うやつってなんなん？いや、誘うのは良いよ、のるか断るかは相手の自由だから。でもさ、相手が予防線はってたり断ってるの分かったら身引こうよ。,1
眩しすぎて辛い。,2
お布団良いにおい(*´ω`*)?,0
長財布ほしーな......,3
わーなんでこうも黒以外の髪が似合わないかねぇ(´･･`)もっと暗い色なら似合うんかねぇ...あ、リア友さん、染めたわけではないので(笑),2
晩ご飯...(´・ω・｀),2
時間余裕あるから良いんだけどさ(´-ω-`),2
早いけど今日は寝よう_(-ω-`_)⌒)_,3
昨日早く寝たから目が覚めてもう寝れない(´・ω・｀),2
寝れないけど寒いからお布団出たくない(:3[ ＿＿],0
ジモドルフェスタ...ちょっと行きたい(´???｀),3
ジン専門店！1回行ってみたいなー(ﾟﾟ),3
お？いまオリンピックやってるの？そんなものに興味はありませぬ。それよりアニメ見なきゃー,0
アニメみなきゃーって言っても今期のほとんど見てる。見たアニメは気に入ったのだけ残してほぼ全部消してるはずなんだけどもうすぐ録画容量1000本でMAXになる(´･ω･`;)もう消せるのないよ...見てるはずなのになんで貯まるの(´･ω･`;)？,0
アクセサリーショップ良いの売ってないのよね(´-ω-`),2
靴は今度買うつもなの。,3
最近RT多め。TL荒らしすみませぬ(´・ω・｀),2
おすすめユーザーにリア友ばっかり出てきだしてビビる((( °ω° ;))),0
なんかいろいろやらかした感ありすぎて自己嫌悪＼( 'ω')／,0
モクモク、、バシャ！ガッシャーン！ビチャッ！....って、私こんなドジっ子キャラになった覚えはないぞ(￣∇￣;),2
え、なんかいつもよりめっちゃファボられてる:(´?ω?｀):てかフォロワーさんいつの間にかめっちゃ増えてる！！ありがとうございます( ° ω ° ; ),0
あ、またやらかした( ° ω ° ; )今日は何もせず今すぐ寝た方が良いのかもしれない←,2
今日誕生日のキャラが多くて祝いきれない_(-ω-`_)⌒)_,2
通販で服買っても大体あたりやけど今回は大はずれ。,2
内からも外からもめっちゃ糸が飛び出してるし腕のつけ方がずれすぎて着たら腕がパツパツになる。生地もすぐやぶれそうやし...ここまで悪いのは初めてかも(´・ω・｀),2
こんな大雪の中、昨日の夕方発送の荷物を大雪の中ここまで朝一で運んできてくれた佐川急便さんはイケメン。,0
はぁ...,2
お隣は独り身達のバレンタイン？男達がわいわいやってるのが聞こえるw,0
迷惑メールのせいでさっき来たばかりの重要なメールが消えてしまったー(´；ω；｀),2
年々貰えるチョコも渡すチョコも減ってく...(´・ω・｀),2
こっちが雪で困ってんのに雨より雪がよかった代われとか言ってるやつ殺すぞ(°?° ?)笑,1
女が男に力でかなうことってやっぱり無理なんかな？,2
あー、か弱くなんてなりたくない...,2
ほぼアニメ、アイドル用の垢だからだと思うけどフォロワーさんにラブライバー多いよ。そしてスクフェスの上位ランカーさんも以外に多くてびっくりしてる。,0
雨降ってるし暗いし怖い,0
絶賛トラウマ発動中\(^o^)/,2
あ、もやしとかじゃなくてちゃんと食べてますよ←,0
ひまー_(-ω-`_)⌒)_,2
ひまだけど絵書く気にもプラモ作る気にもならないんだよねー(´-ω-`),2
今年も絶対アニサマいくぞー＼(^o^)／,3
BSNHKでアニサマ再放送やってるよー,0
ちなみに今夜は第一夜目,0
そういえばいまだにいろは最後まで見れてない。早く見よ…,2
アリカ様が好きすぎて,0
最近いろんな意味でキャラ崩壊しかけてて数少ないリア友フォロワーさんに引かれやしないか心配している今日この頃でございます,2
なんせ私の周りの女子は男に全く興味ないか彼氏ほしくてほしくて出来ない肉食orひがみ系の女の子が多いので気軽に相談出来ないのです(´・ω・｀),2
まぁ恋愛相談興味津々で聞いてくれそうな女の子は私が苦手で昔から遠ざけてるのが悪いんだけど(´･ω･`;),2
相談出来そうな子は何人かいるんだけど普段連絡とってないし言いづらいよ…,2
前のバイト先の子なら恋愛相談聞いてくれそうだなーなんせ初対面の私に男どもが赤面しそうな話を平気で散々してきたような子だったから（笑）,3
普段あまり興味ないけどガールズトークってたまに憧れるよね（笑）,3
日曜やから夜あんまりアニメないやん( °° ).....ひま_(-ω-`_)⌒)_,2
これ22時くらいにやってた地域があるのかと思うとすごいよねw,0
腹筋してたら身体下げすぎて勢い余って床に頭ガコンッてぶつけた。痛い......(´・ω・｀),2
うわー悩む。でも欲しい(´・ω・｀),3
我慢しようと思ったけど待てんくて買おうと思ったら値段が倍に跳ね上がってる(´；ω；｀),2
ピアスが布団に引っかかるせいでいつまで経っても穴が安定しない(´-ω-`),2
バス内から私が今から乗ってくる友人に手を降っているのに気づいていながら、他に席が空いているにも関わらず堂々と真横に座ってくる女はどんな神経してんだろうって思う。,1
ある意味迷子。暴走中。誰か助けてー,2
あ、なんか怪しいバイト見つけたwwしばらくしてまだあったら登録してみよ←,3
アニメ見てるんだけどつまらなさすぎて見れない←,2
クールダウンが必要です,3
悪循環(´・ω・｀),2
毛玉取りとくしを間違えて買いました←,2
プチ火事。地味に怖かった,0
自分1人で頑張ってそのことが周りに伝わらなくて頑張りすぎて1人で自滅して...そんなの絶対損だよね,2
趣味に没頭することもなく引きこもり怠惰を貪るのみの生活へいざ参ろう＼( 'ω')／,3
床に丸まって寝てたら体痛くて目が覚めて布団入ったら目が覚めました(´Φ_Φ`),2
関西で登録したのに東京からしか仕事来ないとかおかしいやろー,0
難しい( ??ω?? ).｡O?,0
他人のリプでアニメのネタバレをサラリと見てしまった。いや、私は見てない。ナニモミテナインダー（ﾟдﾟ）,2
ナナスタやってる人います？,3
銀行で。暗証番号間違えたのに振り込めた。何これ？番号関係ないの？コワイ…,0
凜々蝶ちゃん(妖狐×僕SS)のフィギュアほしいー,3
なんかねー飲食店やらコンビニやら、普通の人がやるようなバイトって一度もしたことがないような気がする...(ホテルは普通かな？),0
なんかもう自分で自分の気持ちがわからない,2
学習能力ないなぁ...,2
誰かとってくださいファーストピアスが取れません(泣),2
金属アレルギーなのはわかってたけど、アレルギー用のチタンにもアレルギー反応示すとは思わんかった(´・ω・｀),2
ニャル子さんのフィギュアほしい,3
あー！もう！おじさん何！？気持ち悪い！昼間っからそういうのやめてください。夜に出るならまだしも。(そういう問題じゃない),1
最近平和だったのに今日はよく絡まれる＆話しかけられる_(-ω-`_)⌒)_10分程度の間に4回（笑）もう勘弁してください(￣▽￣;),2
ツイッターってさ、不特定多数の人にどーでも良いことを呟くものやんじゃないの？特定の人に聞いてほしいんだったら鍵つけるなりLINEとかメールとか使おうぜー_(:3 」∠)_,1
柄にもないこと言って皆さんの気分害したらごめんなさいね,2
TL見てるとアニメやアイドルで癒される(*´`),0
やばい、こわい。,0
でも思い出す。,0
震え止まらん,0
思い出したくない,0
今日寝れる気しない(^_^;),2
人の家の前でたまんな！はよどっかいけー?(?`~´?)?,1
今日は大丈夫やろって思ってたら今日もか(´Д｀)しかもついてくるし....,2
駅員さんとこ行ったら消えた。よかった,0
ギャルこわい(´・ω・｀),2
ガチャイベ終了してる！！忘れてたー(´；ω；｀)G1枚しか手に入れてないよ(´；ω；｀),2
服欲しいけどさ、服買うために往復2000円も出費したくない(´・ω・｀),2
「16歳...あ！高校生ですか！」って高校生ですらない！！年確するなー！！ヽ(`Д´)ﾉ,1
アニメ見たいけどお気に入りのアニメは消さないから容量空けるためにどうでも良いアニメから見ていってたら結局お気に入りのアニメを見る時間がなくなってアニメ自体見る気がなくなっちゃうんだよね…,2
今頃気づいた！！5日間もアニメ見られんから見とかないとあかん！(>_<)容量開けられへん(´；ω；｀),2
うわーー久しぶりにやってしまった＼(^o^)／ちょっとプチッ（#＾ω＾）ってなって言いたいことを後先考えずにぶちまけてしまった......＼(^o^)／,2
アニサマとsweet love showerの日程全部被ってるやん( °_° )両方行きたいのにー(´；ω；｀),2
呑みたりなーい_(-ω-`_)⌒)_,2
さいきん雨女から雨女＋雪女に進化してる気がする,0
縞パン(*´`)?,0
ロナちゃん気になりすぎてことりちゃんに気づかなかった(´；ω；｀)ごめんよー(´；ω；｀),2
ナナスタはメンテいつまでだろうね.......(´・ω・｀),2
ベガスのワンマン行きたいーー！！当日券で行くか迷う。,3
止んでるからって外に出たら雨が降ってくる。なんなん、まじで。,2
当日券でベガス行くか真剣に迷い中。,3
4月から休みの日だけでもバイト頑張ろうと思ってたのに4.5月の土日の予定ほぼ全部埋まった。そして6月から夏休みまでの土日の予定も半分以上埋まってる......（笑）,0
ん、まぁ、良いんだけどさ（笑）友人と撮った写真等はまだ良いとして学校よ。学校側は一言ください。身に覚えのない写真とか、いきなり本名フルネーム出されたらびっくりするから（笑）,0
うちはフツーにみんなと仲良くしたいだけ。それって、都合良すぎ？,2
無視しておけば良いのかもしれないけど、それは嫌だから(´・ω・｀),2
いろいろ詰んだー＼( 'ω')／,2
スクフェスやってるけど手が液晶に反応しない(´・ω・｀),2
アニメがどんどん最終回。新アニメは楽しみだけどなんか寂しいなー(´・ω・｀),2
運動不足。体力が......(´Д｀),2
まだ3月か( °_° )なんか頭の中で今日から4月で増税って感覚になってた( °_° ),0
スクフェス終わったしナナスタ頑張ろう,3
マギのアニメの終わり方......(´・ω・｀),2
私は光輝く悪魔......(´・ω・｀),2
早く大学始まってほしい。大学始まった方がひまになる(クズになる)はず。,3
自分にとってはいらないものでも他の人から見たら欲しいものもあるよね,3
増税の瞬間よくあがってるけど、なんでみんなファミマなの？,0
はあぁぁぁあかんなぁ(´・ω・｀)年下に弱いなぁ(´･ω･`;),2
チャラい子嫌いではないけどさ。いつもの事だけど反応に困るなぁ(´･ω･`;),2
あかん、前のことも思い出してしまった(´･ω･`;),2
うわぁぁぁぁーー！:(´?ω?｀):,2
どーしよっかなー,0
知り合いがーどんどん増えていくーー嬉しいけど、ちょっと面倒だったりもする_(-ω-`_)⌒)_,0
バイトに関係あるもの以外出席してない。何しに来てるんやろな( ?-? )？,0
知り合いポツポツいるけど一緒に受ける気しないなー(´・ω・｀),2
バカな女は嫌いです,0
なんか、吹っ切れた！真面目ちゃんでいるのやめよーかな,3
紫だけじゃなくて緑もなんだよね,0
クソゲーや！！！！,1
これならまだ無理ゲーの方がやる気でる,2
位置テキトーでも反応するくせにまともに押しても反応しないって何なの？,1
リーダーなりたいくせに責任負いたくないからならんと下からでしゃばってくるやつと、かっこいいからって何も考えずになって責任感もなにもなくてどうしたらいいの？わからない！って言ってるやつ。まぁどちらもうざいよね（笑）,1
あと、リーダーは下の意見を聞いてうまくまとめて反映させるものであって、俺がリーダーだから俺の言うこと聞け！って下の意見無視して独裁政治をするものではないと思うの。よほどの実力あれば別かもしれないけど、大抵そんな組織は不信感やらなんやらですぐに潰れるよね。,1
根本的に間違ってる。,0
3日で3万か半年で4単位。どっち選ぶ？,0
最近荒れてたら「お前にはもっと自分の時間が必要やねん」っていろいろ連れていってくれた\(´ω` )/めっちゃいい気分転換なった！楽しかった！ほんまにいつもありがとう(*´`)?,0
もう一人の人、3日目やった。くそー！行きたいぞ！（笑）,3
わーやらかした。というよりTwitterバグった,2
見るならフォローしてね。でないと前みたいにブロックしますよ。,1
知らないところでモテモテだね（笑）頑張ってほしいよ、うん、ほんとに。,3
アニサマ、アリーナじゃない(´・ω・｀)しかもこれ、ちょっと待って？ステージ裏じゃない？あれ？そんな席発売してたっけ？？,2
ゴミばらまきすぎ。マナー悪いし危ない。,0
ああいう服って胸の大きい人が着ると可愛いよね。無い人が着ても....,3
WIXOSS＝まどマギ........？,0
欝アニメ.....,2
やばい、録画パンパンなん忘れて帰省してしまった。GW中何もアニメ取れない(´；ω；｀),2
親に今さら何言ってんの？って言われたw,0
あれ？これ大丈夫？知らなかったわけだし、善意無過失になるのかな？:(´?ω?｀):まあいいや....(´・ω・｀),2
･･･この荷物の量どうしよ( °_° )仕分けと片付け面倒くさいから明日にしよ_(-ω-`_)⌒)_,0
イベントやる暇ないやん←,2
お金もない(´・ω・｀),2
うわー！！先のこと何も考えたくない(´・ω・｀),2
田舎はゆっくりのんびり暮らせるからいいね。もうね、疲れたよ,2
女の子に気味悪がられたり怖がられるのって実はわりと傷つくんよね、、、,2
思い出なんていらないって思っても捨ててしまって後から後悔する。,2
やはり私は1日でも暇になると無理なようです_(-ω-`_)⌒)_,2
人と会うのが時間とお金の無駄って思うこともあるけど今は誰でもいいから会いたい,3
女子の好きそうなかっこいい男達(2次元)がネタにしか思えない,0
前のリア充カップル2組うざい。いちゃいちゃするならよそでやれ。リア充爆発しろ。,1
みんな大嫌い,1
人とあんまり関わりたくない気分。,2
平日勉強、休日バイト漬けの生活もいいかもしれない。,3
あの人キモい顔でキモいウインク誰にしてるんやろ？変質者にしか見えない,0
自己嫌悪。,2
これがあるから休日にイベ終わるのきらい。,2
今日バイトやからと思って、昨日寝ないでスクフェス頑張って今日の朝の段階で17000位くらいだったからまぁ大丈夫かなと思ってたら、終わってみたら30000位。泣きたい。石と時間無駄にした、、、、。,2
あ、これ無理だ(笑),2
リア友垢が野球でTL埋まる中、こっちの垢は安定してる,0
ロック・ライブ関係でこちらのアカウントをフォローしてくださったいた方がまだいらっしゃいましたらDM下さい！アカウント分けましたので別アカフォローお願いします,3
ClariS好きだったのに解散とか寂しい、、,2
前の人、髪の毛すごいしキャバ嬢かと思うけど、どうみてもおとk.....,0
ま、現実的に1人きりは寂しくて無理なんですけどね。,2
同じ部活とかサークルでも女子をそーゆー目で見てる人はやっぱりいるんだなって思うとなんか嫌だな、、,0
おばあちゃん、痴漢してごめんなさい。わざとじゃないんです(-ω-；),2
最近キャラがぶれてる(＾ω＾),0
暴走中⊂( ?o? )⊃,0
つまんない,2
え！みゆきち結婚！？おめでとーー?( *?0?*)?,0
フラレたんかな？なんか知らんけどこっち来るな、めんどくさい、、、(´-д-)-3,0
最近この時間帯に良いテレビないなーって思ってたけど、前までBSでアニメ見てたんやった・・・最近アニメ見なさすぎてそんなことまで忘れてる。時間に余裕がほしい,2
やらなあかんこと多過ぎ、寝不足で吐きそう。間に合わん。時間がほしい。,2
ここ半月以上期日に追われてる。そしてここからまた1ヶ月以上期日に追われる。辛い、、、,2
色んなとこに手を出して、手の抜き方間違えてる自分が悪いんですけどね、、、,2
やばい、可愛すぎる(?? ?ω? )?????,0
彼氏がいるのが分かってて声かけてくる男にロクな奴はいない,1
無駄なものを買ってしまった....まぁお飾りになるでしょう⊂( ?o? )⊃,2
焼き肉食べたい,3
カイシャってメンドクサイ,2
あれ？1話とばしてる？最終話を最初から見てるのに話が繋がらない、、まさかのネタバレぱたーん_(-ω-`_)⌒)_,2
限界突破\(^o^)/,2
無駄に頭使いすぎたんかなー_(:3」∠)_？,0
自分で自分が怖いレベル,2
なんでこのトイレこんなに怖いの。嫌な感じしかしない。冷や汗。ここまでなるのは久しぶり。,0
無視して無理して使うんじゃなかった、、,2
大阪行きたいけ。髪切りたい、ピアスほしい、服ほしい。,3
ネジのピアスほしいと思って調べてたら、工具屋が普通のネジをピアス用に売ってる・・・さすがに酷くないか(-ω-；),0
リア友さん、誰かウィクロス(カードゲーム)一緒にやろうず\( ?o? )/,3
飲めないんなら飲むなよって言いたくなる,0
(´・ω・｀),2
同じことでも嫌いな人に言われてらどうしてこうムカツクんでしょうかね( ＾ω＾ )？,1
何かが変わるかどうか分かんないんだけど,0
幕末ロックがうたプリにしか見えない,0
そんなの分かりきってることだけどね,0
Twitterでもよくリツイートされてたレベルの夏フェスのDQN集団。実は私の知り合いとその友人達だと知って、、、なんともいえないこの気持ち。,2
いつか彼氏とディズニー行きたいって思ってたけど、もーいや。行きたくない、、,2
デブ、こんなとこでハンバーガー食べんなや、臭いねん,1
後ろのおねー様方の会話がすごい、、昼間からこんなとこでする話では、、(;´･ω･`),0
自分かわいいと思ってるんかな？おしゃれやと思ってるんかな？見てて滑稽w,0
食堂でのカップル遭遇率......リア充爆発しろ?( *`Д´*)?,1
電車+バスのカード買ったらいつも動物とかの絵なのにかわいい女の子が書いていたから萌えた,0
マジでDQNやわー駅員さんに電車降りろって言われても降りないとかないわー電車にもブラックリストとか出禁制度ないの？あればいいのに。,1
もーいやー毎日つらい、、、就職とか絶対にしたくない。,2
病んでるな??_(-ω-`_)⌒)_朝っぱらから何考えてんねんって自分に突っ込みたい,2
純粋なのかどうなのかわからなくなるなぁ、、,2
EXPERT超難関よりHARDの方が難しい、、フルコンできねー(´×ω×`),2
通勤ラッシュ時の満員電車での痴漢。訴えられないレベルがよーくわかってるね(#＾ω＾),1
ばか！あほ！無茶ぶりすぎる！,1
女子ぶってカフェ女子なんてお洒落なことしてみたけど周りの話題についていけない...,2
ただの羞恥プレイでしかない,2
うほー！！アニメ化！どんなんなるんやろー？もう1回アプリもやろうかな(((о(*°▽°*)ο))),0
肌ボロボロやし髪ギトギトやし(デブやし)もー嫌い！！,2
ずっとウロウロしてる、、列待ち頼むなら頼んだ人の顔ぐらい覚えとけよ,1
初回の時は運営よりも早く着いてたのに、、,2
ほむほむのリュックかわええ(*n´ω`n*),0
ブース行って地下行ってイベント、、間に合うか？、、間に合わんよなー、、,2
分裂したい,3
しろ！ほっそ！可愛いのにたばこ、、似合わん(´-ω-｀),2
オープンで入ってブースの方に流れられないよね？,0
去年も思ったけど、年々殺伐としてただの物販と化してるよね、、,2
京まふ、まだみんな入れてないんや( °_° )ってことは、これからまだ人増えるの、、？,0
物販列、、、さっき一緒に買っておけばよかった、、(´;ω;`),2
隣のデブうちわで扇ぐな！こっちは寒いねん,1
ライトOKなら持ってくればよかったー！(;_;),2
CLAMP原画展締め切りとか聞いてないーー！！！それなら先に行ってたのに！ふざけんなぁぁぁ！！,1
CLAMP原画展の物販まだ残ってる？誰か代行して、、、,3
バイト終わってから当日券で来れるかな、、？無理だよね、終わってるよね、、,2
おばさんのロリータかわいかったーうちも年取ってもあんな風に可愛く服着たいなー！,3
原画展で買えんのあったから絶対買う！！,3
アニカプ限定のやつは入ってないよねー(´・ω・｀),2
自分1人以外の前で初めてこんだけ酔ったかも(笑)やばい(笑),0
ただの変態です、ごめんなさい←,2
茹でダコψ( ??? )ψ,0
おやすみなさい,0
酔ったら本性出るって言うよね。呑んで整理整頓したくなるってことは実は私はキレイ好きなのかしら←,3
やばいとある物を塗りすぎた、、熱い痛い寝れぬ、、、(´・ω・｀),2
サキナ、ドロップしなさすぎて発狂しそう( ^ω^ ),1
にーく！にーく！( ﾟ∀ﾟ)o彡゜,3
にくーーー三┏( ^o^)┛,3
肉食いたい(｢ﾟДﾟ)｢,3
必要なときに使えない力ならいらない,2
男ってばかやねw,0
結局みんな「他人」なんだ,2
取り締まる側なら何しても良いってわけじゃない。,1
全部引退してすっきり終わったと思ってるのになんでどの団体もまだやらせようとしてくるの。。,0
ただただ消化するためだけに1日30本とか見てた時のアニメを今見返してもまったく覚えてない。。,2
妖精さんとか公務員のやつとかパチンコ原作のやつとか懐しいアニメいろいろ見たい(全部タイトル忘れた),3
絵描きたい。アニメみたい。,3
銭の戦争泣いた、、、、って終わりかた:(´?ω?｀):,2
え？え？BRAVE10って前にやってなかった？？新しいやつ？？,0
ラブライブめっちゃ人気やん。見に行きたい。。,3
まあ1つ心当たりあるけど。,3
緊急の用件すべて片付けたのに心のストレスMAX。原因わからんしつら。,2
酔ったー！(たぶん)最近お酒弱い嬉しい(*´艸`*)?,0
優先って専用じゃないからこんなに混んでるなら使っちゃえばいいのに。逆に空けとくほうが邪魔。,1
いつか克服できるときがくるのでしょうか。,3
ガチレイプ撮影販売してるAV制作会社ってあるんやね。,1
特定はやいな。ネットこわ。。男の方も特定されたん？,0
プリズンスクールはマンガの方がおもしろいなーヾ(⌒(_´-ω-)_,2
きらいや( ??ω?? ),2
喰霊-零-東のエデンSTEINS;GATEサイコパスCLANNAD私の好きなアニメ達。他にもいろいろあるけど。OPED聞いてたら思い出して懐かしい！最近アニメ見てないけどまた見たくなる！！,3
ラブライブ大型アップデート((o(*?ω?*)o)),3
テストに就活にみんな忙しくて相手してくれん。おもんない。,2
一日3人以上の人と話さないと人間腐るっていうけど話してもこんな状態。,2
ボルテおわったな。,0
伏線回収して終われよー(°?° ?),1
こんなに空いてたの初めて！キュウべえ手に入れたし次は阿良々木さん頑張ろー！,3
音ゲーで突き指。わろた。,0
シークレットハニーの新作可愛すぎて買っちゃった(´??‐??`)?,0
今年はひい婆ちゃん帰ってきてなかったなぁ。。,2
何も知らずにSONICでプレイしてみたけど無理ゲーだった。,2
早くプラモ作りたいけど、今作ると明朝まで作ってそうなのでやめとく。。,3
ガンダム1/48が安くて買いたくて買いたくて仕方がない:(´ °ω° `):,3
あ゛あぁぁぁぁあぁあ！！！こんな時間まで起きとくんじゃなかった。さっさと寝ればよかった。こんなにはっきりは久しぶり。無理。怖すぎる。もう寝れん。( ´;ω;` ),0
第六感とかそういう訳わからんもん研ぎ澄まされなくていいです。ほんまに。,2
沖縄来てチュウニズムあってめちゃくちゃしたいけど、さすがにサークルの合宿で来て1人単独ゲーセンは駄目だろうと諦めてる,2
わろた。美術館3周目。横が混ざりそうな勢いやけど、これで割り込まれたらキレる。,1
列つめるとか列増やすとかなんとかしろよ。,1
お。列動いた。,3
欲しい物買えてもう満足(*´?`*)?今すぐ帰りたい気分やけど夕方から鈴木このみがまっているー！！,0
自分かわいいと思ってるぶっさいくな女2人組。「ヲタク見に行こ～wヲタ芸生で見れんねんでw」やって。アイドルや声優見に来てるオタクをバカにしてるとしか思えん、気分悪い。,1
(〃´?`〃),0
荷物どこかに投げ捨てたい勢い,3
アイドルフェス装備で「SiMってどんなんやろ？」っていいながら前行ってる奴、怪我せんうちに後ろ下がってた方がいいと思うよ(笑),0
女子の「で？結局何が言いたいの？」とか「意見求めながら自分の中で最初から答え決まってるやん」とか思える会話が大嫌い。,1
ムカツクから聞いて！っていう愚痴を聞くたびに私のイライラが増していく,1
女子会とか絶対参加できないわ,0
ティアラくださいーー,3
あの花1から見たくなってきた,3
死ぬほど飲みたい,3
今の自分が着れる服ないしかなしい,2
一番楽しかったはずの土日が楽しくない。自分の居場所がなくなっていく。心もお金も余裕ない。誰か助けて。,2
貯めるだけためて回さん間にイベント終わってた。さいあく。( ´;ω;` ),2
おなか減ったー,0
こんな終わりかたされたら次見なあかんやーん,2
マクロスΔまだ見てないけど楽しみやー！,3
アイドルとかアニメは女の子にしか興味ありませーん,3
終わりのセラフの最終回に消化不良。,2
良さそうなのが2つあって、PSPのソフトかPSvitaのソフト買うか迷ってたら、よく見たら表紙が違うだけでおなじソフトだった。。,2
もう見えないし感じなくなったと思ってたけど違ったー。間取りとか立地とかめっちゃよかったけど、お母さんとこんなとこには絶対住みたくないねー良い物件なのにもったいないねーって諦めた。仲介業者さんは、え？何がだめ？( ∵ )って感じやったけど（笑）,0
なんかもういろいろ精神的ダメージでかすぎて吐きそう。。,2
もう無理ほんまに無理。いい加減にして。本気でバックレたろかな。,1
もうやだ死んじゃう。,2
帰る。明日は帰る。明後日も帰る。逆にお金払うんで帰らせて。まじで。,1
旅行行くまでの4日間徹夜しても間に合わないです。まじで,1
明日どう考えても始発よね。んで帰らせてもらえんかったら実労14時間になる予感。もー無理無理。帰りたい帰りたい帰りたい。,2
さんざん待たせた挙げ句、オペレーターが対応の仕方わかってないとか糞。しかも1人じゃないし。,1
ホテルミスったーーあそこら辺いったい何かいる。帰りたくないーー,2
やっぱりかなりクズ。,1
通常ホテル高すぎてラブホ使おうかとわりと真面目に考える,3
引越し片付けせんと検定勉強もせんと何もせんとこんな時間まで起きてて何やってるんやろ。。時間の無駄。,2
Relifeキャスト発表されてるやん！！好きな声優さんばっかり(*´?`*)?,0
無理に来られてもこっちが迷惑です。それなら来んなよ。久しぶりにイラつきすぎて新築の家傷つけそう。目の前に壊してもいい家具あるから助かった。,1
うへへへ、嬉しい?? ?(? ?ω? ?)? ??しかし単行本かアニメ化なるまで見れないと思う。。,0
どんなに忙しくても体力的にしんどくても平気ですよ。ただ精神的なものは耐えれませんわーー,2
いえーい7月はちょっと余裕できそうやしアニメ全部消化するでー！！見たいアニメも今期はわりとあるし！,3
レーベルとかスポンサーの力って大きいね。レーベル変わった途端衣装もステージも演出もがくんとレベルダウンしたのを見て怖くなったわ,0
はいド──────ン!! .∧＿∧  　∧_∧.(  `・ω・)つ)゜Д゜)・゜(つ　   ｒ⊂　⊂)'｜　 _つ ⊂_⊂ノ`し´,1
酔いたい。酔えば積極的でコミュ力あって気配りできて悩みごとなんかなく何にでも自信を持てる自分になれる。,3
過去の経験から嫌なことは寝たら忘れられる、ひきずっても3日もあれば完璧に復活できる性格になったけど、反対に楽しい記憶や大切な思い出も3日経てば忘れてしまうようになりましたよ。言動や行動はそれなりに覚えてるんだけどね、感情がすっぽり抜け落ちてまるでテレビや本でも見てるみたい。,2
いつも風邪なんかに負けないんだけど精神弱ってる時は駄目だねー_(x3」∠)_,2
息吐くみたいにナンパみたいなこういう台詞言う奴大ッ嫌い！,1
ついでに人こと分かってないくせに自分の言いたいことだけ言ってくる奴も大ッキライ！,1
お酒強くて得したこともあるけど少量で酔えるのやっぱり羨ましい。。,0
疲れてるんだけど眠れない。。,2
人間関係全部面倒くさくなってきた(^q^),2
メンタルってそのまま体調に現れるよね。年明けそうそうもう嫌だーー何も考えずに遊んで過ごしたい,2
来週から何もしない。もう頑張らない。スイッチOFF_(　_´ω`)_,2
3期くるかな(((ο(*ﾟ▽ﾟ*)ο))),3
前期と今期のアニメ消費しなきゃ(使命感),3
やりたいこと全部して今買いたかったもの全部買って満足。でも節約する言うてこんなことした自分に自己嫌悪。。,2
ポーチと春服ほしい。ハンドバッグとピアスとヘアアクセサリーと靴もほしいし食器も揃え直したいしいろいろほしい*+.\( °ω° )/.:+*,3
早くちゃんと住みたいなぁ。誰にも隠さなくていいように。,3
2年ぶり？に京まふ行く！いろいろ見たい買いたいけどてぃんくる先生のガチャが一番したい,3
Loppiの紙なくなってアイスの機械？が異常音なっててチケット発券の紙もなくなって今度はLoppi画面固まって、店員のおばちゃんは何も分からず、店長呼んだら諦めたような顔して困ってるおばちゃん店員無視してレジ始めて店内カオス状態。,2
もーむり。限界。会社でも家帰ってきても自分のことだけじゃなくて人のことまでせなあかん。つかれた。,2
家に帰っても出るのはため息と涙だけ。 ずっとこんなんじゃなくてまだたった数日だけどほんと限界。,2
一応キリスト教なのでエルサレムは行ってみたいな、聖墳墓教会とか,3
テポドンの核弾頭が…発射……,0
起きた！！ 最高の一日にするぞ～！,3
久しぶりに萌え萌え坊主めくりやりたくなってきたな,3
つらくなるとまごころを君にの最後の方のずっと否定する声と踏切の音が流れるシーン聞き続けるのやめたい,2
雑誌『Newton』 死とは何かっていう特集やってたのでペラペラ見てみたら全部生命倫理学とか生理解剖の授業で習ったこと(死の三徴候とか死の受容プロセスとか脳死と臓器移植)しか書いてなくて少し悲しくなった,2
この前祇園のちっちゃい薬局でOD薬(ぐすり)を買おうとしたら薬が全部カウンターの裏にある上症状に合わせて｢この薬がいいよ～｣って出してていや祇園でやることじゃねぇだろって思っちゃったよね,0
拙者薬物の成分名と商品名をごっちゃに書くやつを許さない侍…参る……！！(他の学生のレポート読んで質問書くやつをやってる),1
限界まで脱色して透明になった髪,0
わたしの朝弱いエピソード→朝眠たすぎて机の上に倒れ込み朝食のヨーグルトに顔を突っ込んだ,0
『夏への扉』映画化されるのですね…… なんとなく夏になる前辺りに毎年読んでいるのですがいつの間に……,0
六花の勇者とブラックブレットと絶深海のソラリスの新刊が出るのを高校生の辺りからずっとまってるんですがまだですか？,3
グラコロ、時間別上位500位までのギルドにいたけど本戦出れなかったな やはり難しいのか本戦……,2
もちろん自動改札なんてものは存在しないし何よりほとんどの駅が無人駅、支払いはバス方式という,0
田舎すぎて一族での話題が｢この前イノシシに作物を食われた｣とか｢サルの集団が来るから鐘鳴らしたりロケット花火飛ばして撃退する｣とか農業とか動物の話しか出ない,0
なんか大叔父がFXで1億3000万溶かした話を笑い話にしていたりその兄弟が商売始めて数億溶かした話を笑い話にしてるんだけど今も土地持って普通に生活してるのはもしかして超金持ちなのか……？,0
チキンラーメン、初めて過食嘔吐した時に吐いてから食えなくなった(あと油っこすぎるし),2
ガチでリアルの知り合いが親と閉鎖病棟で知り合った人以外いないので普通にかぷりすって名乗るしLINEの名前もかぷりすにしてる(リアルの知り合いの定義にもよるが),0
三体の時代はもう終わり、今は四体の時代,3
なんでみんな家畜に神はいないっ！！ について言及してるんですか？,0
ウォータースライダーのあるラブホとかあるならタイムマシンのあるラブホだってあっていいだろ、やらかしをやり直せるし,3
ツイートのキレがいい女を好きになるのやめろ(サー○ルク○ッシュ○好会でよく見る光景),0
ポーカーでレイズしてくる人間をスリーカード読みでオールインしてフラッシュで勝って持ち金が5倍になって嬉しくなっちゃったな、まぁお金かけないネットポーカーですが,0
大喜利、完全な正解が出てる場合がたまにあってその場合それ以上いい応えが思い浮かばなくなる,2
鴨川でオフィーリアごっこしてたら濁流に流されてしまいました、オオサンショウウオと一緒に川を下っています……,2
不敬ツイート削除,0
同居人が涙袋を書いた上でわざと目付き悪くしたら｢スラム街にいる45才｣って言われました、あと元々かなり目付き悪いです,2
募集 ジブリ見に行く人(やってるのかな),3
周りの人間見てると悩んでることが考えすぎか考え無さすぎか考えるポイントを間違えているかなので人間合体させたらいい感じになるのになぁって思ってる,3
山崎ナオコーラ『人の留年を笑うな』,0
起きた！！ 最高の一日にするぞ！！,3
レポートでゲロ吐きそうなんですがゲロ吐いていいですか？ いやまぁ忘れてたわたしが完全に悪いんですが……,2
キモツイート削除,0
風俗大好きお姉さん大丈夫なのかな……,0
この一週間みんなメンヘラになっとるけど呪われてるんですか？ わたしもほとんど寝てたり記憶がなかったりなんですが……,0
10時半までタバコが吸えないので応援してください よろしくお願いします,3
京都のジャンポールエヴァン潰れるの悲しすぎるな,2
誰かキャスをしてください、もしくは自撮りください,3
人肉食べたいって言ったら｢不味そう｣っていうひといるけど不味いとかどうかとかじゃないんだよ、気になるからやってみたいんだよ,3
ツイッター早朝部～ いくわよ！！,3
アル晴レタ日ノ事 異常気象でウナギが 果てしなく 降り注ぐ 不可能じゃないわ～,0
昼間はTL追い切れないが夜は人が少なくて50回/秒でスワイプすることになるのでみんな深夜に呟いて欲しい,3
刷り込みにより、深夜にツイートする人間を親だと思ってついて行ってしまう,0
明日元気あればリンクスに行くので各位、対戦よろしくお願いします,3
まだオレの起床フェイズは終了してないぜ！！ 速攻魔法発動！！,3
今日はこのまま起きて起床時間を治します,3
ツイッター早朝部…いくわよ！！,3
脳がポンコツなので平均睡眠時間が12時間だし情報量が多いとすぐキツくなるので何も無くてもけっこう目をつぶってるし何より体力を使うと24時間睡眠になる,2
嘱託殺人って東海大学医学部事件以後ではこれが初めてなのね……,0
酒はぬるめの 燗がいい お米は硬い 方がいい,3
Twitter深夜部のお時間よ,3
すいません鋼錬両方好きです特に優劣つけてませんOPはFULLMETALの方が好きです(怒られが発生していた),0
紙に病院の予約今日って書いてあったのに親から｢今日祝日だから病院ないんじゃない？｣って言われてそっか♪ ってノリで病院行かなかった数時間前のオレを小一時間問い詰めたい,1
サークラ、オンラインになってから逆に行かなくなったな,0
共産主義カタン面白そうだな,3
ファウストで博士がディオみたいに｢時よ止まれ！！！！！｣とか叫んだらかなり嫌だな,0
タバコ高くなったらただの草にニコチン溶液を染み込ませた脱法タバコ作って売り出そうかな,3
今日みんな鬱っぽいな(わたしも同居人もずっと寝込んでた),2
関西のフォロワー、オフ会しませんか、お前のことです,3
まぁ発達丸出しで行動していたわたしも悪かったが,0
ツイッター早朝部…いくわよ！！,3
元気ない時こそ元気なツイートを心がけたい,3
大麻吸うと一度クリアしたゲームも初めてプレイするかのように楽しめるって某同人誌に書いてあったので鬱になるよりもオススメかもです,3
電車久しぶりに乗ったけど色々なものや人が色々な方法で五感に訴えてきてキャパをすぐ超えるので人間の乗るものじゃないと改めて思った,0
プリンターが思うように動かず3回印刷し直しとるんやが発狂してええか？ ok 発狂します ア゜,1
同居人が東京に行く間寂しいので関西の人、オフ会の誘いください,3
今日のハイライトは警察のPCがWindows7だったことです(xpだったらその場で笑い転げてたと思う) システムとかセキリュティーの関係で更新しづらいのはあるだろうけどシステムに接続しないはずの解析用のPCまで7だったのですが……,0
唐辺葉介の『PSYCHE』読み終わったけどウッッッワ負けたわ勝てねえってなるレベルでラストが良かった(語彙力),0
昔から過眠がひどかったけど最近特にひどくて隙あらば睡眠してるし何より起きている時間の方が短い、オレってどうすればいい？(明日病院に行きます),0
タバコ値上げに…発狂……,2
時差通勤の自殺の部分,0
パスタの茹で、やればやるほどタイマーの必要性を感じなくなる、環境とか火の強さによってかなり変わるし適当なタイミングで試食した方が美味しい、自分の舌を信じろ,3
食うもんがなさすぎてフルーツグラノーラ生でバリバリ食べてる,2
人は自分の理解の及ばないものを恐れ、迫害するものよ,2
@あすかすと東京で会おうとしていた人 あすかすは調子が悪くてずっと寝てるか起きてても発狂しているので東京に行くのは厳しそうです……申し訳ない……,2
何回もこの話するけど初めて過食嘔吐した時に食べたのがチキンラーメンなのでチキンラーメンがほんとに食べれなくなった、匂い嗅ぐだけで吐きそうになってしまう……,2
あなたの厨二病はどこから？ わたしは中学生の時に眼帯をつけてたとこから！！,0
思い出すシリーズ:トデスアワード,0
anan 禁忌特集,3
ゲエジのせいか解剖系のテストの時骨とかイラストがないと脳内にイメージが浮かばないからとりあえず関節とか曲げて自分で実演するせいでかなり挙動不審になる(別に覚えてもいいけど理論的に答えが出るものを覚えてもしょうがないので),0
某サイケなお茶のレシピが昔クックパッドに載ってたの今考えてもめちゃくちゃ面白いな,0
コンサタ36mgまで増えたし医者2(コンサタ出すだけの医者)に｢ナルコレプシーかもね～～～｣って言われ、ア゜(ナルコレプシーだとしてもリタリンはでなさそう)(最悪朝夕コンサタ出してくれるとか),1
麺生食ティアリスト GOD tear 素麺 細くて食いやすい上に塩味がついている、とても美味い S tear インスタントラーメン 美味しい A tear うどん 小麦粉の味がする 以下雑魚,0
Twitter早朝部…いくわよ！！,3
同居人の母と同居人の小学校の友達からいつの間にかLINE追加されたこと…アリ……,0
Twitter早朝部…いくわよ！！ 私事ですがネトゲをやりすぎた結果キーボードのEキーが反応しづらくなっており悲しくなっています,3
わたしの過去のイキったツイートをRTするのやめてください！！！！！,0
陰茎に根性焼きされそうです、助けてください,0
人間に煽られ、発狂してしまった……(よくない),1
煽り耐性がクッッッソ低いため煽られると｢ふ～ん、そっか～｣って態度取るけど毎回内心マジで発狂してしまう、普段プライド？ないよ～？ みたいなムーブをするけど毎回自分の自信の無さのせいかついつい……,1
仲良い人からからかわれるのは流せるけど微妙に関わる程度の人間からはマジで煽り耐性が本当に0,1
むかしは怒ったり発狂して壁やドアに穴開けたりしてたけど怒りで他のものを傷つけることの虚しさを理解し始めてからだんだんなくなった,0
JPSってジョンプレイヤースペシャルじゃなくてジャップ・ピース・吸えの略でピースを吸うことをオススメするタバコなんですよね、色がピースライトに似てるのはそういうことです,0
西成、行ったことあるけど空気というか瘴気というかがキツすぎて普通にいるだけでしんどいし楽しさが分からなかった,2
南村杞憂さんの展示行こうと思ったが都合と体力が合わずに行けず……(死),2
教科書より円城塔の教科書の方が難しいと気づいてから教科書読むのが捗るようになったので円城塔の小説を試してみるのオススメです、ちなみにわたしは円城塔の『エピローグ』を途中まで読んで投げ出しました、元気がある時に読みたい,3
ベースならあるが……(ほぼ貰い物の上わたしは弾けないので無料で送りますが……),3
イソジン静注したら血液がイソジン色になったけど血液クレンジングのやり方ってこれで合ってる？,0
歯医者に行きたいがお盆休みなので予約すら取れずひたすら痛みに耐える修行をしています、よろしくお願いします,2
モンスター飲まずにコンサタだけ飲んだら夕方になってた(死),2
募 寝れる曲(寝れそうな曲を流す度に同居人に曲にケチをつけられる),2
歯、剤飲んでもめちゃくちゃ痛いんやが一瞬死ぬほど痛いのを我慢して破壊とかした方がいいのかな,0
カフカが書いた香水 でも見てよ今の僕を 虫になった僕を,0
ヤリモクの いいねください 頼むから かぷりす,3
最近精神の調子が割と良くていや～みんな大変そうだな～ってなってるが短歌とか小説とかが全く書けなくなってしまっている、コンサータとストラテラで思考がバラつかなくなったせいかもしれないが少し寂しい,2
コミニケーション・タイム、色んな人と接したいのでやっています、普段リプライ飛ばしづらいな～って人も気軽にね！！！！！,3
嵐、幻のシックスマンが存在するらしい,3
sex2(ツー),0
大阪に｢淡路｣って駅がありますがあの辺菅原道真が左遷されて淀川をどんぶらこしてる時に｢これが淡路島か～｣って間違えて淡路って名前になったらしいです,0
複素数太郎さんがツイートしていた奥田民生になりたいボーイと出会う男全て狂わせるガールと語りえぬものについて沈黙するウィトゲンシュタインっていう画像めちゃくちゃ好きだったんですが持ってる人いませんか？,3
定期的に黒歴史RTの危機にあうが自ら黒歴史を見返したくないしかと言って全消去しようにも大事なツイートもあるし難しい……,2
かなり優しい杏子ちゃん｢中途覚醒は寂しいもんな… いいよ、一緒に寝てやるよ……｣,0
小説のプロット考える度にだいたい主人公が死ぬか主要登場人物全員死ぬのもしかして病気？？,0
プリクラ、撮る度に顔面が死んでるか目をつぶってるかゴミみたいな表情になるんですがどうすればいいんですか？,2
ハムレット型、ドンキホーテ型,0
何でも参照可能なテストなんてヌルすぎるぜ……(キリト風),0
リリイ・シュシュのすべてみたけど青春が無さすぎて共感出来なかった……,2
Creep久しぶりに聴いたらたしかにサビ前のガガッてなってた,0
定期的に目とか足とかないと困る部位を破壊したくなる、ゴミみたいな自分が五体満足な姿でいいと思えなくて,2
まぁこれはこれで差別的な意味になってしまいそうですがそういうわけではないです、ただただ自分がひどく無価値に感じるからです,0
ピロートーク(枕に独り言を話し続ける)やってる,3
最近元気がなくてフルグラ(生)かパスタ(具なし茹でるだけ)か雑炊(茹でるだけ)しか作ってない 野菜はどこからともなく送られてくる野菜ジュースにて補ってる……,2
他撮り、表情筋が死ぬとか目が大変な方向を向いているとか例外なく顔面がゴミになるんですがこれがわたしの素顔なんですか？ 死にます,2
一発芸、舌でタバコの火を消すとか体にライターオイルをかけて火をつける(爪に火を灯すみたいなのもできる)とかそういうのしか出来ないんですが飲み会で需要ありますか？？？？？,3
明日(明後日)の一限からテストあるので昼夜逆転させています、マジで朝弱いので……,2
デルタで爽やかに勉強してるので人と話したい人いたら来てください、話すくらいしか出来ませんが……,3
精神科で出会いを求めるのは間違っているだろうか 略して精まち,0
フォロワーが紹介してた又はやろうとしてたことのある怪しい仕事 ・飛ばしのケータイ買取 ・口座買取 ・プッシャー的ななにか ・よく分からない僻地への労働斡旋 ・薬物売買の親 などなど……,0
ツイッター早朝部…いくわよ……！！ そういえばむかしツイッターをやっていたフォロワー(今も繋がりがあるがツイッターをやっていない)が最近仕事終わりにフラッペにフォーナインを混ぜて飲んでるって聞いてかなり良かったわよ！！,3
恐ろしく早いブロック…俺じゃなきゃ見逃しちゃうね……(フォロワーが恋人とアカウントを共有したツイートがされた時にはブロックされていた),2
さて元気が出たところでシェアハウス行きますか,3
君と夏の終わり 将来終わり 希望も終わり 忘れない,2
ミサトさん、NIRVANAをニルバーナって言って過激派に怒られてそう,0
最近ずっとしてたネトゲとか甘いものを食べたいとかそういうしたいことがめっきりなくなってただ本(大学のも関係ないのも)を読むことが増えてきたんですがこれが大人になるということなんですかね,2
ツイッター早朝部、いくわよ！！,3
起きた！ 最高の一日にするぞ2(ツー),3
今日なんもないしコンサータ要らんやろ！ カフェインですごしたろ！！→日中爆睡、16時間睡眠へ……,2
明日は早いのでもう寝て早めに起きますわよ！！,3
引きこもりなのでクリアアサヒじゃなくてわたしが家で冷えてる 逆にクリアアサヒが仕事行ってる,0
向精神薬とかの授業のテスト、いま持ちえてる知識で全部解けるやろ！w って舐めプかましてたけど意外と難しくて鬱,2
テストじゃない、テストの予想問題？,3
sshdはSSDとHDD両方の性質を併せ持つ?,0
ループものの主人公｢最後の～花火に～今年も～なったな～(白い爆炎に包まれ消えていく)｣,0
シェアハウスのバケツに入れたタバコが地球を覆い尽くしてしまうシェアハウスタバコSF,0
自撮り 中動態 検索,3
ツイッター早朝部、いくわよ！！ 飲みすぎてゲロ吐きそうです助けてくれ助けてくれ助けてくれ,3
シェアハウスの住民全員でカラオケに行ってる 俺以外,2
君はカラオケに行かない featうつみょん,3
ツイッター早朝部、いくわよ！！！,3
周りの人がわたしを触媒に悪魔を召喚しようとしたらエクソシストにわたし以外全員殺されてその後逃げて気がついたらタイムスリップして5年後にいる夢を見たんですがこれはいい夢なんですか？,0
自信作のアンケートを見る前に消えてしまった,2
宇宙に核飛ばすボタンとか高値で売れそうだし地球にあんまり被害なさそうだし(知らんけど)良さそう,3
オレってどうすればE？,0
わたしも人間とむらや行きたいんですが、各位～～～！！,3
サッポロ一番が水だけで作れるのは錬金術師だけなので一般人はサッポロ一番を用意した方がいいですよ,3
選挙に、出馬するといいですよ,3
ツイッター早朝部、いくわよ！！ 近々限界メシ同好会というツイッターサークルでも作ろうと思います、よろしくお願いいたします,3
雑草で酔う人の裁判、京都地裁なのか、これは見に行にいきたい 誰か一緒に行きませんか,3
起きた！！ 最高の一日にするぞ～！！,3
まぁ口座買い取ろうとしてたり飛ばしのケータイを買い取ろうとしてたから裏に何者かがいるだろうし何で捕まったかもわからん,2
わたしの全ツイートを読まないでください、黒歴史が多いです,2
太陽系を支配する宇宙帝国とか作ったら｢望月の欠けたることもなしと思へば｣みたいなスケールの小さいことじゃなくて｢太陽デケ～クソデケ～クソでかいけどオレのものだぜ｣みたいなクソ短歌詠んでも許されるのかな,3
別に藤原氏を下げる意味合いはないです,0
最近ツイッターで秋田犬の写真を無限にあげてくれる人しか生き甲斐ない,0
おまいらにも共有します,3
ufotable版SAOにありがちなこと ・曲がLISAじゃなくてKalafinaで梶浦由記が曲を作ってる ・投擲物が飛んでくる時のアングルがめっちゃ回ってる ・ラスボスがめちゃくちゃ慢心してる ・ソードスキルの説明が異常に長い,0
俺の肉、焼かれてるらしいです,2
アヒージョ作るアヒよ,0
起きた！ 最高の一日にするぞ！！ 今日なんか眠くないです？ 何回か起きたんですがその度に異常な眠気により倒れてしまいました……,3
頼むから俺のスマホにシャドバをインストールできないようにしてくれ,2
うつ病,2
みんな鬼滅ガチ勢になってて怖い,0
丁寧に暮らしたいと思い、肉をグリルに突っ込んで焼いています…… 次はお前が焼かれます,3
WikipediaがYouTubeみたいにクソ漫画広告出し始める前に課金したい,3
デカデカデカダンス,0
スヤリして、救われタイムに……,0
体が動かなかったが労をする必要があるので鎮痛剤をちょっと飲んで脳を誤魔化して労しています、これが発達障害の僕が稼げるようになった仕事術です,2
今度から無理やり体を動かすためにODする時にクラウドみたいに「限界を超える！！」って叫んでいこうかな,3
労終了…テラ(鴨川デルタ)へ……,3
異常酒飲み人(さけのみんちゅ)になてり……,2
ウー○ーイーツ、一部の異常運転人(ちゅ)により世間の目が厳しく→正義マンがツイッターに晒して炎上→エスカレートして異常正義マンがわざわざ引き止めて警察を呼んできたり身内が身内を叩きまくる、まで発展してて地獄,2
ウーバーイーツやってて一番怖いこと→動画撮られてツイッターで炎上,0
前髪だけ切るか,3
誰かわたしと一緒にこの前ローンチされたMMORPGやりませんか、ロストアークって言うんですけど……,3
とかいいつつわたしは本当にネトゲしている場合じゃない(頑張るぞい),0
社会って(ほぼ)全員が(ほぼ)全員のことを狂ってない前提で話が進んでいてたまにその速度についていけなくなりますね,2
起床1,0
起床3なのでそろそろ起きます,0
今の労、9月中は死ぬほど忙しいがものの関係で9月中には終わりめちゃくちゃお金が入るので頑張りたいですわね,3
学振落ちた人間を合体させて最強の研究者を作る研究をしています,3
早朝ではないが……,2
いくつかあるうちのひとつの労、タダ働きになりそうな気がしてきたけど死んでええか？？？？,0
ちなみに躁鬱みてぇな依頼主もこの会社です クッソこれだから意識高い系のベンチャーは 勉強になったね～ってノリで給料払われなさそうだぞこれ 一応クラウドソーシングのサイト通してるから問題にしてでも払ってもらうからな,1
今授業消化しきったし一番忙しい労も今日終了したのでとりあえずalways労＆授業の日々は終了しました、頑張ったので誰かストゼロ奢ってください,3
小説から公式の書類、最悪なのだと情報商材のリライトまでしている最強の人間なのですが養い手いますか？ すいません働きます,2
顔を覚えるのが本当に苦手でだいたい声とツイッターアカウントでどんな話をしたかとかを覚えているのでツイッターにはラインみたいに名前欄を変えれる機能を実装して欲しい 酒の席とかだとどこで会ったか本当に分からなくなるので,3
実習で色んな漢方食わされたけどナツメの実と甘草(名前の通り甘い木、鎮痛消炎に使われる)だけが救いだったな それ以外はクソ苦かったりめちゃくちゃ渋かったりマトモな味がなかった……,2
甘草、本当に美味しくてエッこれお菓子としてボリボリ食べたいんだけど…… ってなるが食べすぎると腎臓がやられて最悪死ぬので残念すぎる,2
定期的に天才美少女ポエマーの事を思い出してはツイートをRTしてる,0
起きた！ 最高の一日にするぞ～！,3
よく分からないが2日ほど死んでたっぽい おはようございます,2
2日前から発熱しており、倒れている……,2
よく分からないが栄養のあるものを食いまくって今起きたらだいぶ熱下がってたし体のだるさもだいぶ消えた,0
路上喫煙が禁止されているので即身仏になって地下で喫煙しています,0
ハイターを飲む,2
GAFA会長界隈,0
クソメールを送ってしまった,2
学の職員、これまで歴戦の障害者と戦ってきたのか大抵のことでは動揺しないし毎回かなり優しい……(教授は些細なことでもガチでキレる人もいる),0
久しぶりにlolとかいうtftのサブゲームをレートが大変なことになり抜け出せなくなった垢でやったらDCしてないのに相手マスターイーがLv9で味方レンガーがlv3で赤バフが狩れなくて泣きそうになってたりエコーが20分cs50だったりエズがIE青斧RFC積んでキャリーしてたりしました、やはり時代はtft,2
ワンピース、全く読んでないが定期的にwikipediaだけ無限に読んでしまう時期がある(が、読んでないのですぐ忘れて定期的に読むことになる),0
ツイッター寝落ち部＆早朝覚醒部、いくわよ！！,3
Fate UBWでアーチャーが士郎に「お前も俺とように、絶望する！！」 って言うシーンめちゃくちゃ好きでずっと見てる,0
お金が無いって本当にしょうもないことに色々悩むことになるので嫌ですね、ちょっとしたものでもまず買う買わないで悩むし最悪なのでいえば窃盗のやり玉にあげられたこともある,2
｢生ぬるい絶望の半身浴をしている｣って小説かなんかのフレーズでしたっけ？ 昔からその言葉が頭にあるけど自分から出てきたのかどこかで読んだのか分からなくなってしまった……(どこかで読んだような気がするが),0
go toキャンペーンで東尋坊行ったら残機増えた,0
鴨川デルタで隣のベンチに座ってる人が当事者研究らしきものをしていてめちゃくちゃ気になってる,3
鴨川デルタで当事者研究してる人はリプライください,3
アードベッグを もうワンショット で終わる短歌,0
鬱病のキャプテンファルコン｢ファルコン・永眠(残機が減る)｣,3
ツイッター早朝部、いくわよ！！,3
自分、発狂できます、やらせてください,3
関西弁、場所によって全然違うし田舎に行けば行くほど謎の表現が混ざります、わたしのところでは｢～してた｣のことを｢～しとんなった｣って言います,0
みんな、わたしを置いていかないでください,2
国勢調査820点あった！！ 京大に出願します！！！！！,0
ノーベルお前はダメ人間で賞受賞しましたありがとうございました,0
恋愛的な文脈とかでの容姿、こちらが相手を見て欲望するように相手もこちらを見て欲望したり選んだりする権利がある上に自分は相手を品定めしていいほどの絶対的な美しさを持っているわけではないのであまり言及したくないと常に思ってる,0
常に全てに絶望していますが、絶望しているということと諦めるという事は違います やれることは全てやって、万策尽きるまでやってそれでやっぱり～ダメだったな～ って素直に思えるのが絶望しているということだと思っています 何もやらない人間は絶望している訳ではなく、ただ諦めているだけです,0
ツイートに他意はなく、ただ頑張りたいねって思っているだけです,3
全てが無理になり一日中酒を飲んでいる,2
た、タスケテ～,0
今日は青井硝子さんの裁判見に行きますわよ！！,3
別にアヤワスカやらないです(そもそも飲んでる薬的にやると死ぬ可能性がある)が、論点と結果に興味があるので見に行きますわよ！！,3
裁判なのにめちゃくちゃカジュアルな服できてしまったんだけど大丈夫なのかこれ,0
毎日たすけて?って言ってたらフォロワー増えた なぜ,0
ガチで限界になるまでひとに頼れないのを治していこうねって感じだ,3
治していこうという話になった,3
エヴァの４ＤＸ見てたら天井からロンギヌスの槍降ってきて死んだ,2
アッ……(転生していたことを今知った),0
起きた！！ 最高の一日にするぞ～！！,3
久しぶり(2日空いた)に酒飲んだらすぐにめちゃくちゃ面白くなっちゃっててたいへ～ん！！,0
ツイッター早朝部…いくわよ！！,3
ツイッター早朝部…いくわよ！！,3
コンビニへ 角瓶とブラックニッカ以外の700ml瓶を置いてください ちょっと高くてもいいので,3
本当に総理大臣になった妄想に囚われて国会議事堂でマニフェストを全力で歌う野田洋次郎,0
鬱病で飯を食わない同居人に起きて戦え！！ のノリで起きて飯食え！！ って叫んでる,3
救いかえち自撮りかオフ会の誘いください というかオフ会の誘いください,3
起きた！！ 最高の一日にするぞ！！,3
清少納言の 生は深夜。酒飲みて酔ひの冷むる頃にうつつ思ひ出して死なまほしさが溢れく。つとめてはなほ厳し。 って言うところガチで共感しかない,0
人間仮免試験落ちた,2
天候が悪い時みんなが調子悪いと、アッ低気圧なのかな～ って分かるのでツイッターは便利 でも低気圧の鬱っぽさはツイッターでは消えない,2
みんな～～～今日の晩御飯は秋刀魚よ,3
毎日朝のために同居人に味噌汁やら卵スープ作ってるんだけどこれってもしかして結婚してる？,0
かにパルサーさん生き返ったな,0
ツイッター早朝部、いくわよ！！,3
まいにちスペイン語6月号買いに行ったらスペイン語だけなかった…,2
アドベンチャーワールドに一眼レフ＋望遠レンズ装備して行ったのにメモリーカードを忘れるという痛恨のミス,2
何が言いたいかというと、Twitter経由でブログ見てくれる人がいるから頑張れます！ありがとうございます！,0
最初はブログ収入どころか閲覧者さえいない孤独な状況だと先輩ブロガーさんたちはだいたい皆言ってる。書くことが好きだから気長に続けていくよ。,3
今日は朝起きてから猛烈な胃痛に見舞われ、心当たりもないままキャベジンを飲んでそのまま寝た。こういう時「午前中を無駄にしてしまった」と落ち込まないようにしたい。,3
全国民東京マグニチュード8.0見て,3
自分もそうだったから分かるけど、中小企業で「なんかいい感じの採用ページ作って」って言われた時、素人が業務の片手間にできるもんじゃないよね。インタビューして写真撮ってサイト作って……あぁ。,2
私は冬が苦手なので、冬の間だけ南国で暮らすという選択肢もありなのではないかと思えてきた。,3
こういう心のやわいところを言葉に昇華したエッセイを書きたいんじゃ。,3
ありがとう、私、ベジェ曲線を少しは使えるようになったよ……（空を見上げながら）,0
和歌山県民としては、和歌山市民図書館が流行って市駅周辺が活性化して欲しいなぁと思いますね。,3
ドメインパワーとか権威性とか言われるけど、「個人が趣味で」やってるからこそ信頼できるブログって絶対あると思う。,3
和歌山城と熊野大社のあじさいを見に行きたいな。,3
旅に出たい。,3
子供たち、中高生たちが登下校してる姿をよく見るようになった。今まで本当に学校なかったんだなぁ。,0
今朝NHKで特集してた味の素の働き方がよかった。自宅・個人の作業・簡単なオンライン打ち合わせオフィス・意見を交わすミーティング・雑談社内には広いフリーデスクと個別打ち合わせ用の狭いデスクがある。オンもオフもどっちも大事だよね。,0
ああああ！うさぎ！うさぎかわいすぎる！！（飼っていた）,0
TLで聞き覚えのある名前が出てきて、まさかと思ってFBなどを辿ったら大学の同期だった。とはいえ向こうは私のことなど知らないど思うけど、印象的な名前だったからこちらは覚えていた。実名で活動するって素直にすごいなぁ。,0
これが本当の仕事だ！というものに出会った時、そういう話を先輩から聞かせてもらった時、初めて経済社会で生きて行くことの意味を知りました。「作業」だからって手を抜いていたわけではないですが、どうせやるなら楽しく仕事がしたいと思ったものです。,3
性別変えるアプリで自分を男にしたら弟と同じ顔になってびっくりした,0
TL追ってたら、人様のめちゃくちゃ神妙なツイートの上に「ぬか漬けにハマってます」というツイートがきて、Twitterのこういうところが愛しいと思った。,0
【悲報】歯医者で虫歯を治してもらったのに以前より痛む,2
やっぱり私も休業日を設けよう。シングルタスク人間なので、この日はこれしかやらないぞ！という時間が必要。,3
「あーこれ今考えても時間の無駄だな」ってことをぐるぐる考えてしまうことがあるんですが、そういう時は思い切って棚上げ。本読むとかご飯食べるとか、全然違うことして頭から追い出すしかない。,3
定期検診に通ってた頃に「虫歯ないですね」と言われてたのに別の歯医者に行ったら「なんでこんなになるまで放置してたの」と言われて怒り。,1
なんかもう多少虫歯でも、日常生活に支障がないなら耐えた方がマシな気がしてきた。,2
ほんと、痛くなかった歯ほじくられて痛くなってもう一回行ったら仕方ないですって言われたの解せない。,1
私はリクルートの人間ではないが、「どうする？」って言われたら「お前はどうしたい？」って返したくなるな。人と一緒に行動するというのは難しい。,2
ご飯の思案をしなくていい世界に行きたい。この時間になるといつも、ご飯のこと考えなきゃ、買い物に行かなきゃ、ご飯作らなきゃと考えすぎて気がおかしくなりそうなのです。,2
さーて100万円当たったら何しようかな（このワクワクが大事）,3
う????ん……。う?む……。平気だと思ってたけど今になってちょっと疲れてきたなあ……。,2
今日もご飯を作りたくなくて3時間ぐらい経ってしまった,2
右足が、切り傷的な痛みだったのが化膿的な痛みになってきた。大丈夫だとは思うけど。,0
私は、夢で見た場所を覚えているので「今日の夢はあそこだったな」「今日の夢は初めての場所だったな」などと起きた時に思う。同じ夢を見た時「あぁ、またここに来たな。変わらないな」と感じるので脳内のパラレルワールドを信じている。夢日記をつけたら面白いのかもしれない。,3
まさかマスクでおしゃれしたり、マスクに涼しさなどの機能性を求めたりするなんてほんの1年前の夏は誰も考えていなかっただろうな。,2
新井リオさんの英語日記をスペイン語verでやりたいな。,3
朝の家事ルーティンをしたらなんだか心がどっと疲れてしまった。思うところが色々ある。,2
わかる。わかります。強欲は身を滅ぼす。そして大切なものや必要なものに気付いていない人がどれだけ多いことか（自戒を込めて）,0
Kindle、ビジネス本はたくさんあるけど読みたい小説はちっとも揃っていない。小説が豊富な電子書籍ストアはどこなんだろう。,2
しいたけ占いに関して、刺さる週と刺さらない週があるんですが、今週は刺さりまくったのでしいたけ占いのことばを大事にしようと思います。,3
これは活字中毒者あるあるなんですが、（いわゆる）ビジネス書、小説、エッセイをバランスよく読まないと死ぬ。,0
私は、学生は時間があるとか暇だとか思ったことは一度もない。学ぶべきこと、考えるべきことがあんなにたくさんあったのに、生活費のためにバイトしたり一応サークル活動したり、何かと忙しかった。できることなら大学に入り直して120%勉強をしたいよ私は。,3
筋トレや運動してる人は信頼できる。継続する力がありそうだし、心と体を自分でリフレッシュできそうだし、何もしなければ体は衰えていくということをちゃんと見据えていそう。,3
Twitter、永遠につぶやいてしまうな,0
早くnote書きたいんですが、この土日のっぴきならない用事が続き、さらに体調が悪いのでちょっと休みます。,2
人のことなんて分からないという大前提ではありますが、例えば極端な話をすると「ペットが死んでしまって悲しい」という話をして「ふーん、私は悲しくないけど」と返されたら悲しいじゃないですか。,2
私は幽霊というものを信じていないし、怖い話嫌いだからこういう話は滅多にしないけど、なんかこう嫌な感じがする場所だなぁって思うことは時々ある。何だろうね。,0
不安は不安だけど、長い人生の中でこういう1年があってもいいさね。だからこそできることをやる。,3
うちの子（うさぎ）は、抱っこ嫌いのナデナデ好きだったのでこういうのが羨ましい。私もうさぎのように本能のまま「撫でて！」「食べる！」「寝る！」と生きたい。,3
ADHDと言われている太宰治や、HSPと言われている夏目漱石の文章を読むとほっとするんですよ。あぁわかるわかるわかりすぎる。だから私は、キラキラじゃない自分のこと、ちゃんと言葉にしたいと思った。,3
話すということは、私にとって情報が多すぎるんです。表情、声色、身振り手振り、空気。そう、空気としか言いようがないんです。空気がしんどいんです。これ、チャットなら楽しいのに！って思うことが5万回ぐらいあった。,2
今長崎を旅してるんですが、長崎はすげーです。バイタリティがやばいです。会う人会う人みんな賢いし、過去を学んでいるし、未来に向かっている。,0
早起きしたい欲と早起きしたくない欲が交互にやってくるんですが、それは決しておかしいことではないと最近開き直りました。早起きは確かに気持ちがいい。でも、寝たい気持ちの時に早起きしてもなんか気分が乗らない。,2
半沢直樹、そんなに面白いなら見たい！,3
関西は笑いに厳しいので、スベるというあの空気が本当に耐えられないんですよね。おまけに私は共感性羞恥もちなので人がスベっても自分が大ダメージを受ける。,2
「ちゃんと」しなきゃと思いすぎてちゃんとできなくて死にたくなるほど落ち込むという悪循環。外に出て、久しぶりにこの感覚。外っていうのは知らない土地って意味です。,2
「話すのが苦手問題」は積年の課題なんですが自分の中で一応決着はついたはずだったんですよ。だから片田舎で引きこもりのような生活をして、傷付かず傷付けず楽しく生きていたはずだったんですが、旅に出て、やっぱり人と同じようにできない自分に絶望してしまったんですよね。,2
何者にもなれない自分でも生きていていいのか。いいんだよってひとは言ってくれるけど、自分ではそう思えない時が一番苦しい。自ら死を選んだ俳優さんを想いながら思う。,2
ペットを飼って、その子に全愛情注ぐような生き方もあり？,3
心が落ち込んで苦しい時、いつも行き着く先が「こんなダメな私は生きてちゃダメだ」になるのがしんどい。メンタルヘルス系の本を読むとだいたい「あなたが何かを持っていなくても、何かができなくても、生きているだけでいいんです」と書いてある。,2
折り畳み傘を、店の前とかで、それなりに綺麗に畳んであの小さな袋にすばやく入れるという芸当ができないので折り畳み傘は苦手です。もたもたしてる自分がまた嫌になるので。,2
自分たちとは違う属性の人を「変わってる」と呼ぶあの空気がたまらなく苦手。,2
清潔で静かなおうちの中で、死なない程度に栄養のあるものを食べ、時々外食でおいしいものを食べ、本を読み、映画を見、散歩し、ペットを愛で、インターネットで傷つかない程度に交流し、心を満たせればなんかもうそれでいい。,3
マッチングアプリはマーケティングだと思ってるので、マッチングアプリを使ってる層に狙ってる層がそもそもいないならCVしないよって友達に言いたい。,0
書きたいと思ったことを書きたいだけ書く。読みたいと思ったものを読みたいだけ読む。やろう。これをやろう。,3
Adobe税きつい。Illustrator、Photoshop、Lightroom、XD、In Designあたりを使うはずだったけど結局イラレとライトルームぐらいしか使ってない。勿体ない。,2
人といる楽しさと、一人の気楽さ。バランス2:8ぐらいでいいな。,3
風呂掃除もトイレ掃除も同じ。今サボれば未来の自分が気持ち良くないと知っているから。でも、「自分が」どれだけ気をつけていても、そういう経験がない人は平気で新しいものを買ってくる。モノの価値って何だろうな。,2
ブランディングは義憤から始まる,0
でも、何か言わなきゃその場を取り繕えない。言葉選びって本当に難しい。書くように話したい。書く方が得意だから。,3
「思ってることを書く」だけならnoteで十分なんだよなぁ。特にツイッタラーには。,0
おはようございます。長崎は雨。,0
とかくこの世は生きづらい。,2
「私が私のままでいるために、誰にも会わない方が健やかである」という真理に辿り着いてしまった。そんなんじゃ仕事できないよ。視野が狭くなるよ。生きていけないよ。どうしよう。,2
人ってのはね、コミュニティの中で無意識に自分の立ち位置を推し量るものさ。犬だってそうする。比べるなという方が無理な話さ。だからせめて、そういうしんどい場所に行っちゃった時は、一人になった後自尊心を回復せねばならぬ。山月記で言うところの尊大な自尊心というやつをね。,3
最近Twitterを開く時間がほとんどない。それほどオフで人と接している時間が長いのだけど、一人になった瞬間こうして膿を出すみたいに言葉を吐き出すということは、書くことでストレスを解消しているのだと思う。こういう原石を芸術に昇華できたらな。,3
私は、おしゃべりが下手なので、そもそも人と関わらないことで人を不快にさせないという気を遣っているつもりなんだけど。Twitterは別だけど。,0
「みんなとほどほどに愛想よく付き合っていきたい」派の人を4人ぐらい集めて話したい。居心地良さそう。,3
例えば綺麗好きな方が綺麗好きじゃない方の分までやってあげるという構造が苦手で、放っておけば？と言われても汚い状態が嫌なもんは嫌で。それぞれの強みを活かして?って言われる度にそれって強み搾取じゃない？結局自分がやりたくないことを他人に押し付けてるだけじゃん？と思ってしまう。,0
言う方も労力がいる。言ったら言ったで「細かい」「ルールで縛らないで」と言われる。私は、自分が気持ちよく暮らすためにそうしているだけなのに。「シャンプーがなくなったら詰め替えようね」なんてルールってほどのルールでもなかろうに。,2
お金の心配をしている時は本当に不幸だ。何で生きてるのかよく分からなくなる。,2
冷凍マグロのようですね！冷たい！,0
なんだか今日は電気がまぶしく感じるので寝ます。そんな理由で寝ます。,2
バーベキューとかで、余った食材を「一人暮らしだから持って帰ったら？」「お子さん多いからどう？」とか言って残り物を押し付けるのも押し付けられるのも、きらいです。いらないものはいらないんです。持って帰るの大変だし。食べられる分だけでいいんです。,0
私は川遊びは怖いのであんまりやらないけど、あの川底のぬるぬるしたのを素足で踏む感触や川の水のつめたさを知っているのは財産だと思った。楽しめる範囲で自然を楽しみたい。,3
仕事しなきゃなぁと思うんですが今はのんびりしたい時期なんですよ。貯金が減っていく恐怖と隣り合わせなのはつらいですけどね。,3
思えば幼稚園の頃から顔と名前覚えるのが苦手で、いつもおともだちの名札を見て「あっ、これは○○ちゃんだ」と認識してやっと安心するような子だった。,0
人の顔と名前覚えるのが本当に苦手。覚えてもらえないこともまたつらい。,2
地方、都市部、60代、若者、男性、女性……。大きな主語で語られることに違和感。あくまで一般論の話をしているという言い分は分かるが、そうじゃない人もいますよって反論も分かる。そうじゃない側に立った時になおさらね。,0
ソロキャンする人達の「必要な分だけ持って行って、必要な分だけ食べて、ちょっと自然の一部にお邪魔して、一人で思う存分楽しんで、ゴミはもちろん持ち帰る」っていう姿勢、まさに理想の人生。,3
幼い頃は、几帳面であれば褒められた。すごいね、えらいね、よくできたね。そう言ってもらえるのが嬉しくて、自分でできることが増えた。正しい躾だったと思う。大人になった今、あの時培った几帳面さは、面倒くさいことを押しつけられる格好の材料になっている気がしてつらい。,2
徒然草読みたいな。定期的に読みたくなる。,3
ふと、私は自分のことを知るためにこの気質を持っているんじゃないかと思った。いいこと、いやなこと、得意なこと、苦手なこと、結構はっきりしている。これまでの人生でだいぶ考えてきたから。,3
パソコンもスマホも置いて2?3日旅に出たい。近々やろうっと！,3
長崎駅で5Gが使えるという噂を耳にしたので試しにいきたい,3
台風に備えるため、買い出しに行かなきゃ。,3
田舎でひきこもって、インターネットで世界を覗いた気になって、自分のペースで働いたり勉強したりして、それが幸せだったんだけど、このままじゃいけないと焦るのがつらい。いいじゃないか、幸せならそれで。それなのに手放しで喜べない。,2
絵が上手な人の線画、見たことありますか？漫画でも絵画でもいいんだけど、絵が上手な人は決定的に描く線が自分とは違うということに幼い頃から気づいていた。どんなに真似をしてもあの線を描くことができなかった。なんだか今、とてもその心境に似ていて。,2
世の中はつらいことばかりなのに、どうしてみんな大真面目に生きていられるんだろう。,2
いい文章を書く人を徹底的に真似したいなぁ……と考えてハッとした。これが本当の……TTP(徹底的にパクる)！,3
8月後半と9月は読書強化月間にしようと思います。今やりたいこと。それは思いっきり本を読むこと。人に会って疲弊してる場合じゃない。,3
「暇つぶし」という言葉はなんと失礼な響きなんだろう。暇があるというのは人生で最高の瞬間ではないか。,0
保険適用外の白いセラミックの？詰め物、1本1万円だった……。前歯だから目立つしそれでお願いしますと言った。歯のメンテナンスは将来の投資と言い聞かせながら……。,2
涼しい顔をしていますが、ブログの感想というのはとっても嬉しいものなんですよ！ありがとうございます！,0
フルーツオ・レが飲みたい！フルーツオ・レが飲みたい！,3
岩盤浴に行ったら若い男子たち（大学生?新卒ぐらい）の団体がいて、なんと岩盤浴の部屋の中でYouTubeを見ておしゃべりしていた。全然リラックスできなくて不愉快だった。,1
ピクサーの最新作「2分の1の魔法」に番宣の時点でイマイチ共感できないのは、「死んだ人を魔法の力で生き返らせる」という設定が好きじゃないからです。死んだ人は本当に生き返ることを望んでいるのか？などと考えてしまう。,0
やっぱりブログをもう一つ作ろうかな。マルチドメインでWordPressもう一つ始めるのは大変そうだから、はてなブログで。,3
ゴールデンレトリバーを抱きしめるのが夢です。,3
50mmの単焦点は旅には不向きだった。持って来たNikonちゃん、あんまり活躍してません……。,2
身内と仕事の電話してて「ほな、おおきに?」で電話切った自分、関西人やなと思った。,0
感染防止対策。あぁ、変な日本語！（だと思う）,0
最近とても眠くて疲れやすい。無理しないで生きることにします。,3
なんだろう、寝ても寝ても眠い。胃のあたりが痛い。こんなにストレスフリーな生活してるのに。明日はゆっくり寝かせてください。ご自愛。,2
長崎新幹線がトレンド入りしている。長崎に来てから、長崎（九州）のニュースを敏感に察知してしまう。,0
昔言われて（されて）嫌だったこと・悲しかったことが心の中でふつふつと湧き上がってきて止められない。こういう時は瞑想？,2
「仕事は仕事と割り切って心を無にする」ということが、私にはできなかった。会社や人が好きじゃないと頑張れないよ。綺麗事だと言われても。,2
インターネットは全然世界のすべてなんかじゃないよ。田舎にいればよくわかる。,0
私は自分のことをとてもつまらない人間だと思っていて、ただただ努力が足りなかった結果が「今」というふうに考えているんですが、未来を変えるのもまた「今」しかないという事実にもがきながら歩き続けるしかないんですよね。大丈夫、何かを始めるのに遅いということはないよと言い聞かせながら。,3
自分は体力がなく、疲れやすいことを最近になって認めた。ジュニアスポーツや部活もやってたけどただただしんどかった。でも、体を動かすのは気持ちがいいので、できる範囲でウォーキングなどを楽しむ。,3
台風、苦手だ。心がざわざわする。,0
3000字書くのって大変なんだからね！（筆が遅い）,2
今改札で入れる切符を間違えてしまって、ピンポーンと止められてしまい、恥ずかしくて情けなくてとても心臓がドキドキしてしまった。悪い意味で。図太く生きたい,2
都会の広い駅も人が多くて苦手だ。真っ直ぐ歩いてればまだいいんだけど、皆歩く方向もスピードも違って、「どこをどう歩いたらいいのか分からない」。この感覚お分かりいただけるだろうか。昔は私もここまでひどくなかったのにな。,2
1万年後ぐらいに「スマートフォンを見ながら歩くホモサピエンス」っていうタイトルの絵画が美術館に風刺画として展示されてそう,3
支出が重なって悲しい気持ちになったのでそろそろ働きます……。,2
帰り、四国通ってフェリーで九州入りするの楽しそう?とか考えてる。,3
スーパーのレジに並んでたら、「間をあけてお並びください」って足跡マークまであるのにのそれを無視して私の斜め後ろ（30センチもないぐらい）に並んできたおばさん、さすがにソーシャルディスタンス意識してほしい。,1
和歌山から長崎に帰るルート、どう考えてもPEACHが安くて早くて優勝なので、変に四国横断とかしない方がいい気がしてきた。,3
今日何故か夢にスラムダンクの流川が出てきました。なんで。,0
駆け出しフリーランスの皆さん、まずは名刺を作るのです……私は名刺を作ることで顔と名前を覚えてもらっていろんなご縁ができました……今時名刺w日本文化wとか言わずに作っておきましょう……人生何があるか分かりません……,3
太宰治を読みながらバスを待つ秋、最高では？,0
人がくっついたり離れたりするのは致し方ないことだと思います。リアル人間関係も、Twitterも。嫌いになったとかではなく、今はこれじゃない感。私だってそういうことあるよ。またいつか交わる時、昨日の続きみたいに話そうね。,3
私自身スッと人から離れることがあるので、離れられても何とも思いません。あぁこの人も「同じ」なんだなと。わざわざ絶交だ！嫌いだ！と言われたらそりゃ傷つきますけども。,0
美しいものを美しいと呼ぶのはもちろんいいと思うんですが、イケメン、美女という言葉で俗っぽく表現されるのことに違和感を感じてるのかもしれない。,0
私は、執筆する時は音楽も話し声も聞こえない静かなところで書くと決めています。音は遮断して、目と肩が凝るぐらい集中して書きます。カフェや新幹線など、ザワザワした場所で書けない自分は非効率なのか……と悩んだこともありますが、最近は「静かな場所で言葉と向き合う自分」を認めています。,0
時間は有限。それなのに今日も眠ってしまいました。疲れていたので回復のためと言い聞かせます。,2
久しぶりにポモドーロテクニック回しながらお仕事しよ。アプリに記録されるので、執筆（調べ物や構成含む）にかかった時間を可視化できるのがよいです。1つのタスクに対してどの程度の労力がかかるのかを知るのは大事だと思います。うんうん悩んでても時間だけが過ぎていくので。,3
リモートワーク、結局40分なり1時間なりの通勤がなくなって業務時間増えてるだけの人いっぱいいるな（体感）,0
いつも行く歯医者、先生の腕はいいのに受付の人の愛想が悪くて残念。そこまでムスッとしてて逆に疲れないんだろうか。,2
外を歩いてると、ちんたら歩く人を抜かせない時イライラするし、抜かそうとした瞬間急に斜めに歩かれるとさらにイライラするし、まっすぐ歩いてたのに何故か急に進路を変えて突進してくる人もいるし、とにかくお外は苦手。,1
冗談めかしているとはいえ強い口調で言ってしまったのは、ちょっと疲れていたのかもしれない。「?して欲しい」は傲慢だと分かっています。だから自分でやる。そして誰もいなくなった。,2
墜ちない。私は墜ちない。同じところまで堕ちたりなんかしない。私は私のためによく生きるのだ。生きるとはつまり生活することなのだ。,3
心が疲れている時こそ小説を読むのがおすすめです。ビジネス書や自己啓発書ではありません。小説を読むのです。読むという行為はとても頭のメモリを使います。それが逆にいいのです。余計なことを考えずに物語に没入するのです。暗い気持ちから視点をずらす。それだけで少し楽になれます。,3
昨日もツイートしたけど、やはり心が沈んでいる時こそ文章を読むのです。鬱っぽい時って頭に薄い膜がかかっているような、そんな感覚がするんですが、少なくとも文章を読んでいるときは「読むこと」に脳を使えるので楽なんです。,3
【シェアハウスの受難】もう知らん,0
リアルの私は超絶早口なのが子供の頃からの悩みなんですが、メンタリストDaiGoのYouTubeを見ていると早口という個性を活かして私も動画いけるんじゃないかと思えてくる,3
好きな本、アニメ、漫画についてはちゃんと精査してそれぞれベスト5ぐらい語れるようになりたいですね。ブログに書きたい。,3
ひとつ学んだことがある人は人の話を聞かない,2
言葉って本当に人に伝わらない。書き言葉も話し言葉も。なんにも難しいことじゃない、業務連絡の一つさえ伝わらない。伝える側の誠意とは関係ない。人は結局見たいものしか見ないのと同じで、理解したいようにしか解釈しない。不便で不自由なものだよ、言葉って。,2
最低限の礼儀・マナー・作法・気遣い・生活力は躾られたり自分で気付いたりしてアップデートしていくしかない。何歳になっても日々、常に。歳を重ねるほど恥ずかしいことになっていく。よーく分かった。,0
えっ由布院から博多まで車だと1時間半で行けちゃうの！,0
ただ、インターネットの情報が全てだとは思わないようにしている。「ネットに載っていない＝存在しないのと同じ」ように扱ってしまうのは、観光する側もされる側ももったいない。自分の足で得た情報は大事。いい取材ライターになりたいなぁ。,3
インターネットに頼りきってる現代人が言うのも何ですが、インターネットがなかった頃みたいな旅をしたい。,3
年上の人に「若いね?（青いという意味で）」って言われたことはもちろんあるけど、年下に「若いですね」って言われたの初めて。そうか、私、そういうステージなのか。,0
私は「読みもの」が書きたいんだと気付いた。,3
プレゼンするとき、今までスライド作ってから原稿作ってた。違う、「逆」だ。本当にいいプレゼンは音声だけ聞いてもちゃんと伝わる。筋が通ってる。つまり、原稿がしっかりしてるんだ。何でこんな簡単なことに気付かなかったんだ。次は原稿から作ろ。,3
アウトプットするためにはインプットしなければならない。取材もエッセイも小説もそう。もっと読まなきゃな。,3
これ前も言ったけど、漫画でもアニメでもドラマでも映画でも、いいなと思ったものは皆もっと軽率に呟いてほしい。「あの時○○さんが話題にしてたな」って結構覚えてるから。それがきっかけで同じ沼にハマることも多々ある。,3
Nintendo Switch online、「無料期間終了が近づいています。解除する場合はこちら」ってちゃんとメールきて親切。好感度高い。,0
歯医者貧乏です。9月末までしか通えないって8月から言ってたのに治したかった銀歯の治療を後回しにされ、小さい虫歯ばかり少しずつ治して、銀歯はいつ治してくれるのかと思ってたら結局間に合いませんと言われ、お金だけがなくなった。あぁ。なんやこれ。,2
私は初回の問診票にめちゃくちゃ詳しく症状を書くタイプなのですが、それだけ書いても結局見てくれない。賢いはずのお医者さんですら見てない。一応「今日はどうしましたか」って聞いてくれるけど、そこに全部書いたのにまた言うん？って感じです。今日の歯医者の件、私もっと怒ってもいいのでは。,1
もうね、怒ることもしんどいんですよ。疲れるんですよ。それならもう我慢すればいっか、って。でもそれって緩やかな死ですよ。主張しないってことは個人としての尊厳を手放してるのと同じなんですよ。生きていること自体、そういう生きづらさを孕んでいるんですよ。,2
10月はお仕事月間にすると決めている。ライティングじゃなくてもいいからとにかくお仕事したい。,3
子供の頃から、基本的に誰も自分を助けてなどくれないし、人に迷惑かけたくないし、自分のことを自分でやるのは当然というマインドで生きてるので、逆に「誰かがやってくれるだろう」という気持ちが全然分からない。,0
これはもう福岡に導かれたと思うしかないのでこの1ヶ月をバッチバチに充実させてやるからな。,3
これからは特急電車や新幹線の中がコワーキングスペースになるのではないかという意見をニュースだか何かだかで見て、勘弁してくれと思った。,0
ワーケーションやコワーキングスペースは本当にホットワードだと思うし、地元のワーケーションのこともっと深く知りたい。関わりたい。,3
全パソコン、キーボードを打つ力が一定のレベルを超えたら「あなたのタイピングはうるさいです」ってポップアップ出て欲しい。,3
「書けるかどうか」は書いてみないと分からんなって今更思う。明らかに無理って直感で分かる時もあるけど。,0
スタバのテイクアウトを済ませたママさんが「○○くん、帰るよ。おいで」と言っても王様のように椅子に座り続ける坊っちゃん。「ママ帰るよ」「ねぇねのお迎え一緒に行こう」「ママの荷物持って」とあの手この手で説得するもふんぞり返る坊っちゃん見てちょっと笑ってしまった。子育ては大変。,0
私は少し音楽をやっていましたが、そんなに才能はなかったので音楽自体を語るのはおこがましいんですが、メロディに乗ってる詞にはやっぱり注目してしまいます。歌詞というのは詩ですからね。,3
住んでるマンスリーマンションの1皆の管理会社に「郵便物届いてないですか」と聞いただけなのに「さぁ、うちは知らない」と冷たく言われて都会の洗礼を受けた。きみたちは何を管理してるんだ。,1
部屋に「お困りのことがあれば1階の管理会社へ」という貼り紙があるのに「さぁ、うちは知らない」という言い方に2時間ぐらいモヤモヤしてた。大事な郵便物なのに。,1
10人いたら10通りの悩みがあるわけで、住んでる地域も違うので「こういうサービスがありますよ」ともなかなか言えない。結局使えなきゃ意味ないから。,2
人を助けたり人に助けられたりするためにはまず人間関係の中で自分を認知してもらわなければならない。大勢の人間なんて樽の中のじゃがいもみたいなもんですから。じゃがいもを区別して名前をつけるところから認知が始まる。,3
あの、マジで1日終わるの早すぎません？（限界フリーランスの戯言）,0
両親ともにお酒が1滴も飲めないし兄弟もほとんど飲めないんですが、奇跡的に私だけそこそこ飲めるように生まれついてしまった。お酒が飲めない人にとっては「今度飲みに行こうよ」は苦痛だと思うので言葉に気をつけたいと思った。,0
ちなみに私はコーヒーが飲めないので、ティータイムに「コーヒーでいい？」って言われた時にシュンとなるのでお酒飲めない人の気持ちは分かります。,2
5分のプレゼン作るのに何時間かかったんだ……。でもね構成がしっかりしてないとフワッとしたまま何も伝わらないし自分が恥かくだけだから。,2
売れたらラッキー、売れなかったらしゃーない、ぐらいの気持ちでメルカリにいっぱい出品し始めた,3
クマレルやってみたいな?。お話聞く側になってみたい。,3
嫌味な意味で「あなたは慎重派だね」って言われるのが嫌いでした。ドコモ口座みたいに、穴だらけなのにリリースして取り返しつかないことになるよりマシだと思うんだが。,1
Go Toの恩恵を受けて博多で4万で暮らしてるけど、11月からは厳しくなりそう。,0
実名で書きたいことと匿名で書きたいこと。転換期だなあ。,0
眠くない夜は永遠にネットサーフィンしてしまうな（今深夜2時でびっくりした）,0
ラーメンを食べにちょっと外に出ただけでなんだか疲れてしまった。人とは……愚かだ……みたいな気持ちにすーぐなっちゃうのであつ森に逃避します。,2
鬼滅アニメ、自分が幼稚園や小学生で見てたらトラウマだわ……普通にショッキングだよこれ……,0
ネットで見る限りまだまだ席余裕あるけど、これだけ上映してりゃそうだろうと思うし、映画館でチケット買う人ももちろんいるからね。興行収入が楽しみだ?。,3
牛丼のテイクアウト、メニュー多くてバカの一つ覚えみたいに「ぎゅ、牛丼並盛で」しか言えないので今日はメニューを予習してテイクアウトに臨む（真面目か）,3
日記というものが全然続かないタチだったのですが（書きたい時にガーッと書くスタイル）、旅をするようになって、あれもこれも忘れたくなくて毎日書いてる。いよいよ3年日記買おうかな。1年前何してたのか見返したい。,3
なぜ旅をしているのか、布団の中で考えていたら眠れなくなったので呟いてみる。私はこの世界があんまり好きじゃなくて、人間もあまり好きじゃなくて、生きていくのがしんどくて、少しでも「マシな」人や場所に出会うために旅をしてるのかもしれない。,3
「好きな人たち（これは尊敬できるという意味をさす）」と「ノイズの少ない場所で暮らす」のが理想だと今気付きました。そんな世界ある？知らんけど。,3
ラクスルで名刺を新調！シンプルなやつ。フリーランスはやっぱり名刺持っておいた方がいいですね。,0
嫌いな言葉「ご連絡遅くなり申し訳ございません」面談日程候補をいくつかお知らせください→○日と△日は可能です→返信なし→ご連絡遅くなり申し訳ございません→ほんまやで。遅いで。,1
分かるよ。チャットだったらボタンひとつや一行で済む話って事。でもさあ、先方がチャット導入してない以上仕方ないじゃん。面倒くさいとか言ってられないじゃん。,2
鬼滅、早速もう一回見に行きたくなってる,3
思いつき（ひらめき）がアタリの時ももちろんありますが、その後にリスクのことも考えた方が絶対いい。,3
寒いのが苦手という理由で次は宮崎か鹿児島に行きたい。,3
ごめんちょっと言いすぎた。よくしてくれる人はもちろんいた。でも私、疑っていた。あの人もこの人もうまいこと私を乗せて利用しようと思ってるんだと思っていた。心の中では馬鹿にしてるくせにって。とにかく自分も他人も信じられなかった。それくらい心に余裕がなかった。,2
ぐぬ、書けない。どう料理してもいいエッセイが書けない、そんな日もある。具体と抽象どっちも大事。抽象だけ語ってもいいものは書けない。,0
何かあったら嫌なので私の方から×日の前に辞退の連絡した。これでよかったよね？,0
めちゃくちゃ行きたい会社じゃなかったから私は別にいいけど、信用落とすのはそっちの方よ？と思っちゃうよね。,0
ちょっと暗い作品を読んでみたいという人は重松清の「ナイフ」を読んでください。私には闇が足りなかった。あれは本なのに目を背けたくなるほど心を抉られる。,2
取材は苦手とか言ってられん！やらねば！,3
やらなきゃいけないこといっぱいあるのに、こんな時に限ってあつ森の島づくりをガチでやりたい。カフェと公園作りたい?！,3
ディレクターから連絡こない（あかんやろ）,2
感染症予防のためマスクをつけましょう→わかる秋のトレンドマスクはこちら！有名ブランドがマスク発売！コーデに合わせたマスクでおしゃれ！→疲れる2020年、今までなかった価値観が急に沸騰してちょっとしんどいな。,2
事前に計画したりコツコツ取り組んだりリスク回避の行動を考えておくことを「真面目だね（笑）」って馬鹿にする文脈で使うのはゆるせない。（急に過去の古傷が開いた）,1
回復志向に見えて最上志向1位なので野心は強い私,3
今までマスクでおしゃれをしようとかトレンドに乗ろうなんて人はごく一部の人だけだったはずで、黒マスクさえちょっと奇抜な目で見られていたのに、人の価値観なんてそんなもんだよなぁと思う。,0
1月は行く2月は逃げる3月は去るという言葉がありますが、私は10月、11月、12月の方が過ぎるのが早い説を提唱したい,0
これだけコンテンツが溢れてる時代。何を書いて生きていけばいいんだろう。時々思い悩む。,0
あなたにしか書けないことはあるよ。絶対にある。音楽なんてドからドまでの音階と休符の組み合わせしかないのに、同じ曲は一つとしてないんだから。,3
おすすめのノンフィクション作家さんがいたら教えてください。作品でもいいです。私はねえ、今読みたいのは星野道夫さん。,3
XXさんのコーチングを受けて、「仕事を作る」ということに俄然興味が出てきています。ライターという枠にとらわれすぎていた。私ができることなんて本当に小さなことだからこそ「これができます！」とニッチなところを攻めてアピールしていかねば。,3
近々、お仕事についてのnoteをパワーアップさせます。,3
分かってはいたことだけど、オンとオフの切り替えをしないと潰れてしまう。1人だと特に。終わってない仕事のことを考えるのはやめよう。明日あれを納品したら好きなことをしよう。,3
人間生きてるだけで素晴らしいなんてありゃ嘘だ。税金が払えない恐ろしさが分かるか。,2
前職は楽しかった。比較的まともだった。でもまともじゃない部分もあった。でもそれは多分世間的には当たり前のことで、人とお仕事をする以上私が耐えなければいけなかったのに、耐えられなくておかしくなってしまった。とても傷つきやすいことをどうか許して。,2
自分を客観的に見たら矛盾してることは分かる。するべきアドバイスも分かる。稼げないなら稼げる案件を作るか探すしかない。戦う場所を間違ってる。そこまで分かってる。,2
3時……？ねむれないな。,2
「noteの感想を書き合おう企画」やろうかな。,3
むしゃくしゃしたので鬼滅の刃レイトショー予約した。1回目泣けなかったので2回目で泣きたいと思います。,3
家庭料理が食べたい。料理上手なおばちゃんが作るやつ。,3
私は、家から出ない日も自分のためにメイクをするし服も着替えるけど、それと外に出ることは全然別なんだよなぁ、などと思ったり。外に出て、自分が相対的な存在になった瞬間、固めた自己肯定感が脆く崩れ去る。,2
混んだ時間に一人でご飯を食べるのが苦手。ということを自分で分かっているので、昼食と夕食の間に静かに、そっとご飯を食べて帰ってくるという生活をしている。,0
応募してる案件、全然連絡来ないなぁ。サイレントお祈りだったらせめて「合格者のみご連絡します」って明記しといて欲しいなぁ。,2
会話のゴールを擦り合わせる人からアドバイスを求められたとき、頼られたっ！と、ここぞとばかりにアイデアを喋ってしまう人をたまに見かけるが(自分もある)まずどうなりたいのか？どこまでいきたいのか？認識を合わせられるかどうかが1番大切だと痛感した今日,3
学生と関わるときにいつも思うこと今は見えなくても、可能性が眠っているんだということを強く強く伝えたいわたしが学生の頃、自身も知らないようなわたしの才能を見出してくれた人がたくさんいた。そのおかげで今がある。できるだけいっぱい世間に還元したい,3
しごと、幸せだな。 (毎日いうてる),0
お散歩しようかなと身支度をはじめたその瞬間、どしゃ降り！！さあ、どーする,2
言ったことは守る破られる経験をしてきたからこそ破ってしまった経験もあるからこそこれからの自分はここにこだわる。自分との人間関係が1番大事,3
フォロワーさんが、500名に…！目標とするところに比べたら全然まだまだですが、ゼロからはじめたこのアカウントでこんなに繋がれたことが嬉しいこれからもよろしくお願いします,0
このアカウントより遥かに前からやっていた、プライベートアカウント垢のフォロワー数を超えることができた！！たまーーーーに、しょうもないことを呟きたい気分になったらこちらでやってます→(@mnr72q),0
【虫嫌いな人ごめんなさい】虫が超絶苦手なわたしの家に…Gさんがついに現れたー殺虫剤噴射したいわたしvs殺虫剤の匂いが苦手なパートナー(Gは生かしてほっとけ派)マジでマジでマジで心揺れましたが、パートナーのために殺虫剤を諦めることにしたこんなとき皆さんどうする…,2
自粛期間ずっと家で仕事してたせいか、久々に電車に乗ったら反対方向いっちゃった,0
しごと、幸せだな。,0
「正しさより楽しさ」って一見らくちんに見えるけど、正しさ押し付けちゃうほうが一時的に楽だったりする。笑実は、楽しさの方がちょっぴり勇気を必要とするよね,3
オフィスを引っ越しました全社員がんばった1日！最後に乾杯明日からまた気持ち新たに！！,3
Twitterばかりしてるとパートナーに怒られる「人にイイネしてる暇あったらいいこいいこしろ！」がヒートアップした結果「いいこしてる暇あったらイイネイイネしろ！」こんがらがっちゃったんだろうなぁ…,0
魔女の宅急便みたことないって パートナーにいったら 「それ人生の5分の1損してるよ」 絶妙な割合…,0
人に対する失望はいままで期待していたことのあらわれ期待はするけど、押し付けないバランス！！,3
おはようございます！今日は学びに使い尽くす1日です,3
無難に上手にやる人よりもへたっぴでも必死にやってる人を応援したくなるどれくらい限界突破感があるかチャレンジ感があるか8月後半戦…がんばるぞ！！！,3
「ご機嫌でいることを選ぶ」これはすごく大切なスキルだと思うわたしのパートナーは、ご機嫌を選ぶ天才一緒に居酒屋行ったりしても、一滴も飲めないのにニコニコ店員さんに話しかけるから、一品サービスしてもらえたりいかなるときもご機嫌であることを選ぶ天才です(^^),0
最近、ガミガミいうことを辞めるチャレンジをしているパートナー。「みのり！野菜大きく切りすぎだよ！もう！…うそ！ご飯作ってくれてありがとう！」撤回制度が導入されました。笑,0
パソコンが壊れたー次これ買おうかな？というのはなんとなくありますが、有益な情報お持ちの方がいたらお助けくださいー,2
「安物買いの銭失い」ってホントにその通りで、安いからという理由で買ったものって大抵心に残ってない,2
人それぞれ、大切にしたいことの優先順位がちがう。自分が大切にしていることを優先順位低く扱われたら愛されていないんだなと思うのは自然なこと。相手が何を大切にしているかを第一に考えられるようになりたい自戒もこめて,3
「自分らしく生きる」とは、好きなものを好きだと堂々と言えることなんじゃないかな,3
野球ってかっこいいなー＾＾,0
四国の渦潮みるーよ(*^^*),3
レンタカーのナビしねー！(￣ー￣),1
きょうノースリーブとか、私はやぱばかだなぁw w w,2
グッド・ウィル・ハンティング、久々の当たり映画だったー！,0
バイト削られ三田メディアー(´Д｀)寒くて顔がしぬー！(´Д｀),2
『悲しみよ こんにちは』ずっと読もうと思ってたから幸せー！しかし翻訳文学を真の意味で読み解くのは難しいと何となく思ってたけど⇒どんな表現物も何かしらを媒介して伝わるものだから、翻訳ものに限って壁を感じる必要はないんだなと思った。,3
てかgossip girlのシーズン2のレンタルはじまっとるーけど乗り遅れたー,2
でた、aiko赤いランプ。。。いい曲ー(T-T),0
電車ねすごした(T-T)ぜったい3限、教室いっぱいで入れないパターンだ(T-T)なえなえ,2
あたりまえの幸せに気づくべきだと(..),3
こわいし悲しいし虚しいし痛いし切ないし重いし平気じゃないよ,2
くるときは一気にきて、さるときは一気にさるなー＞＜何事も流れが速くなってくるのが、大人になるということかな,2
ねむいよねむいよーしかも寒いよー(>_<)でも支度して行かなきゃ(>_<)さすがに2度目の正直NTT(>_<),2
そして、わたしはちゃらちゃらくそやろうではない∩＾ω＾∩自己暗示自己暗示,3
ケータイにつけてた犬が割れた ほんとうにショック わたしの幸運の源の気がしてたのに,2
こういうのは勝ち負けの問題ではないけど、完全にわたしの負け。でもすごくポジティブに考えると、感服？してしまった。,2
だからとりあえず、あと半年の期間、自分のために精進して、精神的な部分で追いつくしかないと。,3
インディージョーンズ3時間待ちなう＼(^o^)／,3
ストパーかけたら中学生になった＼(^o^)／てか、なんで自分、1カ月前に高いお金はたいてパーマかけたんだろ＼(^o^)／飽きっぽすぎ髪型変えすぎまじ愚か。,2
そろそろイライラしてきた！東戸塚だめ！遠いよ！1限間に合うわけない(●｀ー´●),1
(´Д` )ﾓｳﾞｪｱﾓｳﾞｪｱｽﾝｽﾝｽｰﾝ,2
《マルメロ、レモン、梨、葡萄》っていう、まっ黄色の静物画みたら元気もらった。でも、もう会えない(T-T)だからポストカード買ってみたけど、本物に勝るものはないよお(T-T)とくに美術に関しては本当にそうだと感じる。,2
自分を信じるとか好きになるとか、もともと苦手分野だったけど、でも目指してたんだけど、もう二度と叶いそうにない。もう人生に希望もてない馬鹿みたいにネガティブが止まらない。,2
おわったおわった！セミナー行くために京葉線のるなんて！ディズニーいきたい。電車の人みんなリアじゅー(；ω；),3
ゼミがchaosなう(　｡∀ﾟ)ノ゛,0
眠いけどこれから１人映画.｡ﾟ+.(・∀・)ﾟ+.ﾟノルウェイの森だぁー,3
なんか知らないが、原作であんま好きじゃなかったワタナベが、松山ケンイチだと好きになった。てか松山ケンイチの声がやばい(；ω；)好き,0
バイト先にマフラー忘れた寒いよぉー(´；ω；｀)ｳｩｩ,2
えりあし聴くと何とも言えない気持ちになる(..)あぁーこれからニッセイ(..),2
その人なりが果たすべき使命にただひたむきであれと諭すのに　蒼いい曲＞＜,0
本当に嫌な予感がしてて、ずっと逃げてたんだけど、やっぱそうだった。わたし算数数学が篦棒に出来ない。その手の能力が抜け落ちてるのです。よってSPIの計算とかめちゃくちゃ苦痛(´；ω；｀)ｳｩｩ,2
チャットモンチーめちゃ好きー(●´ω｀●)♪♪♪,0
やばい戸塚まで行っちゃう....快速止まらないとか東戸塚ほんとだめ....,2
わたしが好きじゃない人なんてほんの一握りで、それ以外の大多数の人とは上手くやりたいし嫌われたくないし幻滅されたくないー。,0
走ってるだけなのに、なんだか本当カッコいいねー(*´ω｀*),0
あと3ヶ月で先輩いなくなっちゃうのかぁー(;o;)やだなぁやだなぁ....そりゃ泣くわー(;o;),2
去年泣きながら働いたのがなつかしい....(;o;),0
こんなにはってたのにセミナーとれなかった(;o;)ネット環境(;o;),2
バイト先のおじさんが優しすぎる(*ﾟ∀ﾟ*)(*ﾟ∀ﾟ*)(*ﾟ∀ﾟ*),0
外でたら、10年後が楽しみすぎる気分になった！めっちゃ幸せな家族つくってるはずー＾＾すごく安易だけど、最強の絆を育みたいよー＾＾,3
ていうか常々思ってはいるんだけど、死にたいとか、軽々しく言っちゃうの、癖みたいになってるけど、すごくやめたいんだよね＞＜大抵言ってしまってからすぐに、そこまで辛くないし生きたいって思うんだもんー＞＜,2
んー！テスト遅刻なんだけど！4単位なんだけど！電車....(´；ω；｀)ｳｩｩ,2
社会政策論の勉強が進まない。。。やっぱ過去問ない科目って、だらだらなあなあになっちゃうよー,2
いちばん勉強したのに全然出来なかった....4単位....(´；ω；｀)ｳｩｩ,2
やばい！！ダルビッシュ今さら知ったけどショック！！,2
意味わからん電車とまた(ﾉω･､) ｳｩ･･･,2
最近電車とまりすぎ...でもイライラしちゃダメ(´；ω；｀)今この電車にのってる数百の人イライラしてるだろうと思うと...集団として見る人間の心って、すごい恐いときある。,0
寒すぎて心臓とまりそう(#ﾟﾛﾟ#),0
まじで自分の方向感覚のなさに愕然とした・・・(#ﾟﾛﾟ#)平気で正反対の方いっちゃう・・・(#ﾟﾛﾟ#),2
六本木で迷子(*_*)じんせいまいご！！,2
しょっくしょっくしょっく(´；ω；｀),2
大学一緒だけどなかなか会わない友達と再会！彼の切ない話を聞いて、もらい切なくなりました(´；ω；｀),2
手作りキットで作ったにも関わらず、恐ろしくセンスないものが出来上がった。まじで理想と現実の差というものを思い知らされた出来事でした(´；ω；｀),2
初めての面接だん！てか雨とかなに(´；ω；｀)傘もってないよぉーさむいよぉー(´；ω；｀),2
ブラジルイパネマブルボンだっけ(..)？？わたし的にさっぱり飲みやすいー(*´ω｀*),0
だめだ(；ω；)タバコの煙の中に長時間いると、気持ち悪くなる(；ω；),2
まじでいらもやする(・ε・),1
なんで初対面なのに、ぼんやりしてる人だと見破られるんだろーか(´・д・｀),0
てか、選考会に予約したと思ったらできてなかった(´；д；｀)かなしい・・・,2
生まれ変わったらカエラちゃんになりたい(*´Д｀*)かわいーなー,3
なんもできないお(；ω；)ねむいおー,2
初めて手相を見てもらったんだけど、占い師の人に心酔してる人の気持ちがちょっと分かる・・・わたしにも、アドバイスくれていつでも味方でいてくれる専属の占い師がほしー＞＜非営利で！笑,3
あ゛ー・・手がびりびりする(；ω；),2
眠いとか疲れたとかを通りこして、きもちわるくなってきた＞＜うー,2
もやんもやんするー＞＜外出たいけど、みんな寒い言ってるのでぴぴってます笑,0
まじでまずい漢方をお母さんから無理やり飲まされる・・・さっき食前に飲んだばっかなのに、就寝前も飲むらしく・・・ＥＳと同じくらいいやだ（；＿；）泣,2
雪だー(*´ω｀*),0
西口のみんな温かすぎるー(；ω；)わたしは人に会いたくて仕方ないけど、西口に来れば満たされるー(；ω；)あさみクッキーありがとー(；ω；),0
どうしよパニック泣きたい(ω),2
英語と作文の試験とか、わたしが通過できるわけないだろ(T-T)弁護士秘書とか、やってみたかったのになー,2
そう考えると独身生活もあと６年か＾＾みじかー＾＾まじ現実逃避しすぎてるＥＳかかなきゃ・・・・・・・・,2
早稲田生にも、4女は屍と言われた(^o^),2
ようやく帰宅なう；今からＥＳかく；だめです。ねむいです。,2
てかまじで寝坊の恐ろしさぱない,2
webセミナーっていうのを初めて受けた。らくだ！,0
心臓ドキドキする(´；д；｀),2
久しぶりにバイトしたらまじで疲れたんだが・・・ココアカプチーノ！,2
まりん。。。,2
園遊会いけないの同期わたしだけなのかな(T-T)でも面接だからぜったい行けないや(T-T)もうきえるどろん！,2
三田は15日から授業なのねorz....まじ面接2時間とか鬼だた(T-T)てかわたしが面接官だったらわたしとらないわ的な出来だった(T-T)腰がいたい....,2
だめーくらくらする(´・ω・｀)風邪かなぁ・・・,2
どうしよ、寒い(´・ω・｀)ずーん。,2
まじでやだ。もはや就活こわい・・でも、お昼ご飯のカレーうどんを想って頑張ろうと(´・ω・｀),3
その人がその人であることは、壊れて行く自由も含めてこんなにも美しい、人に決めてもらえることなんて何一つ本当じゃないんだな(´・ω・｀)じーん,0
もう(T-T)浅草線のりたかったのに、東西線のった(T-T)東京の地下鉄いみわからない(T-T)出口も多すぎだし、乗り換えめちゃ歩くときあるし(T-T),2
あんな風に真っ直ぐに生きられたらいーのに！！自分のどす黒さになえなえorz,2
あああああだめだ、面接だめだ・・orz,2
面接いく前の憂鬱はんぱない(；；)何回やっても志望度に関係なくガクブル…,2
だめだ・・・やる気スイッチ入らない・・・（；；）,2
ぎゃぼ！！！りーむーりーむーいらいらいら・・・・・・・・・・・・・・・・・・・・・・・・,1
とりあえず明日の面接準備してるけど、よくわからんねー（●＾o＾●）にゃー,0
家畜の所有者の人、相当辛いだろうな…,2
この時間に、カップカレーうどんとか、自分。。。太るとかなんだとかってより、生活おわてる＼(^o^)／お風呂はいろーっ,2
シャーペンの芯が、あと1センチしかないー・・・・ヽ(´Д｀)ノ,2
竹野内豊かっこよいー(*´ω｀*)私がこんなに見ていたいと思う顔、なかなかないー＼(^o^)／あと堤真一と江口洋介っ☆☆,0
apに誘われたから、早速チケット申し込んでみた＼(^o^)／「１枚申し込んだよー☆」って言ったら怒られた＼(^o^)／倍率高いんだってね＼(^o^)／何はともあれ桜井さんに会いたいなぁーでも１人で行くのは嫌だな！笑,3
就活がわたしの誕生日をはちゃめちゃにしていきます。。(´；ω；｀),2
久々ロックアップ楽しかったー☆祝われて幸せなうっ(*´ω｀*),0
スピルバーグに会いたいです。スーパー8観たいなぁ。あと、ap当たるといいなぁどきどき。夏フェスってやつデビューしたいなぁ。,3
昔から自覚してたけど、私には絶対的に欠けてるものがある（；；）どうやって取り戻したら良いのか、今でも分からないからダメ。,2
口に出すと本当になっちゃいそうでこわい（；；）口に出すと自己暗示かかるんだな,2
土居の財政論か普及学か南アジアかアジア社会史か人の尊厳とかとってる人ーヽ( ﾟдﾟ )ﾉ？？,3
はやく梅雨去れーヽ( ﾟдﾟ )ﾉ,3
久しぶりに読書でぞわーっとした。全く趣旨じゃない気がするけど、時代のせいにしないで本質を生きるってこーゆーことかぁと！てか今わたしが生きてるこの時代もすごい(*_*)とりあえず今を生きるしかないと。,3
怒濤の1週間も、今日を頑張れば終わるー(´；ω；｀)！！のりきろー！！,3
今日の空、絵みたい！,0
なかなか家出る気が起きない…┐(´д｀)┌ごろごろごろ…,2
暑いー！夏ぽいことしたいー！お祭りとか花火とかドライブとか海とか山とかビアガーデンとか鮎のつかみ取りとかヒマワリ畑とか…,3
だめだベーシック問題すらまともに解けない…自分の英語のできなさに引く…(ﾟ⊿ﾟ),2
疲れすぎ暑すぎで、なんか気持ち悪い…むしむししすぎ(´・_・｀ ),0
雨降ったら帰れるのに、天気もつなぁ。。,2
前髪、どーしたら良いか分からない時期に突入した……,2
びっち・・・・・・・わたしそんなこと言ったっけ・・笑,0
この雨のにおい、夏って感じねー.｡ﾟ+.(・∀・)ﾟ+.ﾟもう梅雨とんでったね.｡ﾟ+.(・∀・)ﾟ+.ﾟ,0
あー絵の前でぼーっとしたいヾ(*´∀｀*)ﾉでも都会の美術館って混んでるんだよね・・,3
だめだ…ここ最近ずっと探してるけど男物のアクセサリーで良いの全く見当たらない…わたし、深いところで男の子のアクセサリーに抵抗感あるんだきっと。特にシルバー系のとか、だめ。もっとカジュアルなのってどこ…ヽ( ﾟдﾟ )ﾉ,2
花火買い出しなうー.｡ﾟ+.(・∀・)ﾟ+.ﾟ,0
調べてたらマルタ島いきたくなったきた。ねじまき鳥・・・(*・∀・*),3
ラッシュライフからのオーデュボンの祈りは微妙だったなあ。,2
まじいらいらしながらの普及学テストだわ(^-^)/,1
むりぽ！！暑くて歩けないからタリーズで英語やろ(^^),2
ap bankへの備えが足りなさ過ぎる・・・明日買いまくるしかない＞＜,0
わたしー気合いをいれて頑張らなきゃだめだーヽ( ﾟдﾟ )ﾉ,3
気分よろしくないー(´；д；｀)湿気どっかいけ！！,2
明日晴れてくださいー.｡ﾟ+.(・∀・)ﾟ+.ﾟ,3
自分からタバコの臭いしかしなくて、いかつい。,2
富士山のぼったことある人いますかー？？わたしに山について教えてほしいです。,3
ファンタズミック待ちなうヾ(*´∀｀*)ﾉ,3
FPの勉強が進まなすぎて笑えてきたもはや…,2
もうぴったり！運命！この人だ！って始まるのに、なんでおわっちゃうんだろー。完全に自分のこと棚に上げて言ってるけども。いつまで経ってもこの思考回路で、だから子どもなんだろうな。,2
えーこんなとこからじゃ流星群見れないよー。け。山の上から、降る星見てみたいな。,3
ふがいない僕は空を見た、良かったなー！文庫化待たずに買っちゃったけど後悔しないな。,0
なぜか線香花火やりたいなう…,3
やばい。くまのプーさんの映画、観たい。さすがにひとりで観る分野じゃないかなぁ笑,3
雨ふらないで雨ふらないで！！ミスチルライブ楽しみすぎるー(*・∀・*),3
このまま冷めてって老けてくのは嫌だなー,2
すり減ってくんじゃなくて積み上げてくような歳の取り方したいんだけど,3
どうしよう、たすけて、来週まじで暇になったんで遊んでください,2
まじで変質者きもすぎる。こういうときは、世の中の男いなくなれ的な気持ちになるごめんなさい。,1
ダーツとかビリヤード雑魚すぎるんで、人並みレベルになりたいと思った今日この頃。,3
前回みた夢がサバイバル系で恐かったから寝るのが恐いという悪循環w こわい人にキスされて魂吸われるのから逃げてた…現在の心理状況を教えてほしい。,0
この怒りの押さえどころが分からないorz,1
意味わからん。もーかえりたいー。,2
さあー昨日までの廃人生活とはさよならして、只今から元気に生きてくぞー。るんるん,3
もうパンみたいのじゃなくて、がっつりしっかりしたモノ食べたいー（ＴＴ）そんなこんな食欲の秋ー（ＴＴ）,3
フジファブリックいいなって今夏気づいた。生で聴いてみたかったー(TT),2
どうしよう超絶アウェーなのは嫌です。,2
秋っぽい遊びしたいー(*´`*),3
がしかし、秋っぽい遊びってなんだー。,0
みかんの皮むきすぎて手がみかん臭になるくらいみかん愛してる。,0
なんもないのになんか焦って生きてる気がする、よくない！,2
男女の友情とか危ういでしょ派、に転じました。笑,0
旅行なのに一眼の充電器忘れてしまった…なえなえなえー,2
ひっさしぶりに割とたくさんお酒飲んだら、足の関節が痛いなえ。,2
スキマスイッチ予習してないなえ。知らない曲多くても楽しむー＼(^_^)／,0
アメフト楽しかったー＼(^_^)／もうねむいよー＼(^_^)／,0
あと3日しかないのに、合格ラインまであと20点も足りない(T-T) 何事にも100％本気ってのができない自分がイヤ(T-T),2
ぎゃー早く日曜日の午前中おわれ！,3
くしゃみがバカみたいに出るし、鼻かみすぎて穴の回りがひりひりする。オワタ,2
認めるところから風邪は始まるから、わたしは決して認めないもん。健康なう,0
あああああああーうざいわ！！反面教師にしてやるもん、ばか。,1
はやく髪伸びないかな(´･_･`),3
伸びろ(´･_･`),3
癒しがほしいよー（´ｍ?）,3
もしかしたら私、城フェチかも…,3
運命の美容師さんに出会って、この冴えない髪型をどうにかこうにかしてほしい(´･_･`),3
さむすぎ…,2
雪景色の温泉街を浴衣で練り歩く旅がしたい。,3
渋谷かおす！もうこのシーズン連日渋谷！,0
わたし太ったの。ダイエット開始。,2
もう分からないページに貼ってるポストイットの量が尋常じゃないよ。何も分からない人みたいになってる(´･_･`),2
大晦日バイトなうなんだけど皆たのしそーなイベントしててうらやましいなう(´･_･`),2
あーそれにしても店長に見捨てられそうで胃がきりきりする！,2
区役所、もっと気合いれた方がいいと思う。まじで萎えるん。,0
もう感情が複雑に絡まりすぎてて誰にも説明できないんだよー。この状態が実はずーっと続いてるんだよ。,2
『僕らがいた』を読み返して泣く率、100％だよ(/_<｡)なんでか不思議なくらい感情移入できてしまうからコワイわ。,2
大学４年生にして、久しぶりに大学１年生みたいな飲みをした。すなわちマンションゲームとかリズムゲームとかウパウパゲームを極めてしまった。,0
初めてモザイクかかってる映画みた！DVDだとモザイクなしなのかなぁー。なぞ。,0
自慢話ばっかりする人も無理だけど、自信なさすぎる人も無理だから難しい。,2
咳が止まってくれないよー(T-T)風邪はやってるよね…(T-T)はやくインフルの予防接種受けなきゃ！,2
もう自分ダメだー(´･_･`)って呟いちゃうくらいダメ・・・(´･_･`),2
人生初のスノボで全身がやられてるナウ(´･_･`),2
銀行の手続きってめんどう…(´･_･`),0
みなさんすみません。家までの道を一往復しましたが見つかりませんでした。警察はいませんでした。店には忘れてません。明日から九州だけど荷造りしてません。助けを求めることがあるかもですがそのときはどうぞ助けてください。ねむい。,2
速報：わたしの携帯警察に届いてました(TT)もうこんな時間に届けてくれた人と対応してくれた警察の人に感謝(TT),0
もう自分のバカさに呆れたよーん…(-_-),2
となりのオバサンがうるさい。すごいマトモなこと言ってるんだけどうるさい。笑,0
あーーースタバで流れてるこの洋楽の曲名をだれか教えてーーー,3
やばい研修の荷物が膨大すぎるやばい…………！,0
有川浩のストーリー・セラー読んで泣いた(ﾉ_`｡),2
うあぁ((((○｡○))))･････,2
ローラまじ可愛い＼(〃ﾟ∀ﾟ〃)/,0
大阪いってきまーす＼(〃ﾟ∀ﾟ〃)/初めてなので、何かオススメあったら情報くださいな。,3
カフェでしか勉強できない病気(TT),2
だめや。暑いらいら。,1
ラーメン食べたいー！！(TT)そーいうもの久しく食べてない気がする。,3
やばいー隣の人が簿記1級の勉強してる…わたしなんて3級何回落ちたと思ってるんだー(；；),2
桜井さん∩(´∀`∩)∩( ´∀` )∩(∩´∀`)∩,0
わー遊びたい！外で遊びたい！ふぅ(o´_`o),3
竹野内豊かっこよすぎや∩(^∇^)∩,0
まじ人生で初めてヘルペスができたんだけど、やっぱストレスフルなのかもしれない(;o;)てかヘルペスかゆいんだけど、どしたら良いのか分からない(;o;),2
くうっ・・・！いちがん持って、東京スカイツリー行きたい・・・！,3
わたし、最近まじで性格悪くなってる気がする。こわいー。,0
アルマゲドン泣いたー。,2
ぜっったい今日は化粧落として寝る！,3
最近、きもちわるい迷惑メールがくる…夜ひとりきりになると、ほんと不吉(*_*),0
ちゃんと苦労してきた人の方が、人の気持ち考えられると思う…。プライドばっかり高くて人のこと見下す人、ほんとむり(*_*),2
鞄のなかでバナナが爆発した…今日はもうだめだ…。,2
むかーしむかしは誰とでも仲良くなれることが強みだったんだけどなー。最近気力が足りない・・・はやくミスチルに会いたいよー・・・,2
もう！！！迷惑メールうぜぇ・・,1
本屋さんで弟を見かけちゃう地元クオリティー。都内で研修したかった・・(´･_･`),2
またやっちゃた(T-T)電車降り過ごしたー(T-T)(T-T)(T-T),2
もうこんなちんちくりんな格好で横浜行っちゃうのは、今日で最後にすると誓う(T-T)(T-T)(T-T),2
初出勤ー！こわすぎる・・。,3
えっと。えっと。わたしの社会人としての目標が、この部署では達成できない・・・新たなSMART目標を設定しなくてはΣ(´`lll),2
夏の夜のにおいが、ちょっとする！いいにおい！,0
やっぱりこの町あかん。切実に引っ越したい・・,0
やばーい。スタバ来ちゃうと、もっかい働きたいなーっていうへなちょこな考えが頭を過る(´･_･`),2
最近本読んでる人、なに読んでるのかなぁーって見てると高い確率で1Q84！わたしも文庫で読み返したーい！,3
ドタン場でキャンセルをエンドレスリピートして、ずーん。,2
むり。高温多湿むり。,2
わたしの仕事のできなさ異常。しょんぼり一人うどんなう(TT),2
いまから1週間くらい引きこもって誰にも会いたくない気分だけどそんなの無理だからツライ！くんな月曜＼(^o^)／,2
精神的に向上心のない者は馬鹿だ。ということで、やっぱりも少し向上心をもって仕事に取り組むことにします！,3
横浜でさきちゃんと飲むよー(^-^)暇な人きてきてーはぁと,3
もうわたし本当に実家を出た方が良い(TT),2
だめだ。お金がない。８月の予定がアクティブ過ぎワロタ・・・,2
専門課程に落ちたって言ってもメンターさんが信じてくれないw w w  わたしバカなの。信じてください・・,2
ドライブに行きたいよー。夜の。,3
うわ、かっこいい・・と思った男の人の薬指には98パーセントの確率で指輪がある、この現象はなんなの(´･_･`),2
帰りたい・・,2
もうすぐ９月がくると思うとドキドキする！８月に対しては抱かなかったこの気持ちは何！,3
機種変したら、ここ2年間で友達になった人と連絡先変わった人たちのデータが全部消えました(  ；∀；),2
なんで私がハンバーグ作ると、こんなグロいの。,2
今の私にとって一番重要なのは自分の心の平穏。そのためには手段を選ばない。本当にワガママ(´・ω・`),2
あぁー幸せになるための計算が止まらない..,3
財布忘れて会社もどるよ(  ；∀；)あははははははいれるかな(  ；∀；),2
わたしの良いところって何もないな・・・っていうのが今。おわってる。,2
絶対みんなに会ったら涙腺崩壊的な妄想が止まらない！もう早くみんなに会いたい(´；ω；`),3
もうやめ限界。癒しがほしいほしいほしい。,3
イルミネーションの破壊力をこの歳でようやく実感(・_・),0
寒すぎる(  ；∀；),2
家に帰って冷蔵庫あけたら、みかん！！効用最大！,0
あんなに否定されたのはトラウマになるなー強くなってやるー(｀´ ),2
なんでパソコン5時に切って7時半まで残らなきゃいけないんだよ。くそ。,1
遅くもなく早くもない22:22が好き！,0
モヤモヤがすごいよー！,2
これだめなやつだ。助けて神様ー,2
こゆときはみかんを食べるんだ！(°▽°),3
だれか簿記教えて…このままだと延々と落ち続けてギネスに載っちゃう…簿記3級でTACに通うとかありかな…(´・ω・`),2
なんだかアホらしくなってきたのが今(´・ω・`),2
チーズカフェないし伝兵衛いきたいー(´・ω・`)おいしいものたべたいー,3
イルミネーション行きたい(´・ω・`),3
ストレスのはけ口がこあらのマーチしかないよ…,2
もうお腹すいた死ぬっていうピークを超えてから食べてるから、幸福感いまいち。,2
東京駅から乗れば、電車座れる！！これはクセになる・・(°▽°)(°▽°)(°▽°),0
やっと熱海で、あした月曜とかシネる(/o＼),2
いえぽんに遭遇！笑,0
映画のレ・ミゼラブルが良すぎて！！,0
ああぁそんなこんなでもう全然寝れない(/´△`＼),2
上司に「この仕事やっててもう一度観ると見方変わるから是非」って薦められて2度目に観た映画から、予想外のメッセージを読み取りました。,0
トイレに逃げ込み涙する時代がくるとは…,2
毎日2分間スピーチという茶番から逃げ続けた1週間だった(´・_・`)わたしの最近の仕事を一言で表すと、茶番！,2
起床なう…(´-ω-`),2
社会人になってバレンタインが茶番と化した(´・_・`),2
もう帰れるo(*⌒―⌒*)oストレスフリーo(*⌒―⌒*)o,0
メール届くしtwitterとかはできるのに、昨日からずっとインターネットに繋がらない(´；ω；`)なんだこれ(´；ω；`),2
最近の引き継ぎ被害の甚大さに、まじでイライラする…,1
そう思うと他人と結婚して家族になるということは改めてすごいことだと思う。今の時代は付き合い方が多様化してて結婚のメリットも薄れてるとか言われてるけど、結婚の本質って損得とは別次元のものだよ…血の縁に巻き込むんだから,0
最高の離婚が次で終わっちゃうの悲しすぎる…(´；ω；`)光生とゆかさん可愛いすぎる,2
この暴風は春一番って解釈でおけ？,0
小さい頃はへっちゃらだったのに、今現在は本当に恐ろしいものってあるよね…,0
もう今日はだめだ。寝る→2ちゃん→寝るの無限ループ繰り返して今に至る。,2
今日は楽しすぎたo(*⌒―⌒*)o明日は一日中ねてよo(*⌒―⌒*)oあー人生たのしい,0
今日入社式の手伝い行って、壇上29名の役員の顔と名前分かっちゃってる自分に引いた…こんなんなるとは1年前想像もしてなかったよ(´_`)(悪い意味で),2
大江アナの可愛さったら異常！,0
にゃんこ大戦争、沖縄までいった(^o^),0
横浜帰ってきちゃった…次の楽しみを作らなきゃやってられん(⌒‐⌒),2
今年の夏は花火いく！！たくさんいきたい！！,3
会社いきたくにゃー,2
道路に笑えないほど大きな蛙がいて引いた・・こんな地元やだ,2
なんか天気悪いよね(´・_・`)月曜の憂鬱を体現してるよね(´・_・`),2
顔のイマイチさをごまかすのが髪の毛の役割じゃないのか。ロングにすればごまかせると思って頑張ってるけど、一向に伸びず、若さをどぶに捨ててるという現実の悲しさ,2
迷惑メールコレクションが350通をこえたよ。ドコモに詳しい人に出会うまで続く果てしない迷惑メールコレクター生活,0
行きたくない気持ちとは裏腹にすこぶる体調いいからおかしい,2
ちゃんと話聞いてくれる人を欲しています,3
幼少の頃から親の死とか病気の恐怖ってたまに想像して絶望してたけど、自分で稼いで暮らせるようになった今になっても続いてる。ってかさらに現実味を帯びて絶望感が増してる。,2
今日は久しぶりにひとり映画するぞーヽ(^○^)ノ,3
シャツに朝食べたプチトマトの染みがついてたことに今気付いて、出勤の意欲がいよいよ地の底に落ちた,2
親切な人のおかげで落とした携帯が見つかった(；ω；)世の中捨てたもんじゃないを実感。,0
迷惑メールコレクションが2000通をこえた( ´_ゝ`),2
花火大会いきたい( ´_ゝ`),3
出勤したくない気持ちを誤魔化しつついかに出勤し続けるかゲームにもう負けそう,2
会社やめちゃう人とやめない人との差は大きいようで実は小さいんだよ。もうあっちの世界に片足つっこんでるよわたし,2
不意打ち過ぎる採血に唖然( ゜Д゜),2
くちびるに異変→薬剤師に虫刺されだと鼻で笑われる→放置→悪化→医者に薬剤師は信じるなと鼻で笑われる→まさかの採血→3000円徴収ほんと凹む,2
現実逃避しすぎて明日がツラいよー,2
電車のスカスカ具合がやばい快適！,0
こんな風にひどく蒸し暑い日が似合わない季節になってきたのに毎朝聴いちゃう,3
そろそろ憂鬱タイム突入だよ。。,2
CATSの中ではラム・タム・タイガーが好き。猫っぽいから。,0
東戸塚駅の器狭すぎ。,2
ベストパフォーマンスを発揮するには6時間勤務が最適だと判明しました。,3
本当に本当に今更気づいたんだけど、ゆずのゆーじんってまじ好きだ。。また会いたい。。ライブいきたす(´・ω・`),3
最近心臓の鼓動がおかしい。今はまだ死にたくないよー,0
どうしよう…本当に明日の忘年会行きたくなさすぎてヤバい。入社以来1番行きたくない…1分自己紹介がどう頑張っても20秒しかもたないし、こんな紹介すること乏しい自分の存在を呪う,2
だめだ～(´・・`),2
どうして会社の人間関係ってこうも難解なんだろ。冷めてる人間故に巻き込まれる覚悟ができない。,2
死ねって心境,1
獺祭デビューしたいです。,3
イキタクナサ,2
アオハライド買う。わたしにはトキメキが不足している。,3
スノボに来たけどこのまま骨折して出社不能になりた,3
ど う し よ う 全 て が 気 だ る い,2
これからはアウトプット人間になる！,3
今日の送別会では、そう遠くない未来に送別されてる自分を夢みて高揚するという完全個人プレイな2時間を過ごしました。,3
お花見いきたい,3
カレー食べたい,3
ラーメン食べたい,3
社会に出て以来「自分の父親だったらやだな」と思うおじさん率の高さに愕然としてたんだけど、どんなに理想的なおじさまでも外では何してるか分からないし、何してても良いよね。人間だもの。,0
この先自分が妻になって、例えば母になったとしても、今のまま、自分を許してあげてゆるく生きていきたい。人間だもの。,3
絶賛サザエさん症候群中,2
終電が運転見合わせててやばい?（ ｉ _ ｉ ）,2
明日会社いくの無理なメンタリティ,2
会社いきたくなさで空も飛べそう,2
出勤が1日の山場,0
ほんと爪噛む人ムリ…撲滅すべき存在,1
虎ノ門ヒルズ虎ノ門ヒルズ虎ノ門ヒルズ,3
ここ最近神木隆之介が好き過ぎて、プロフィール調べてたら誕生日が同じだった…運命しか感じない…,0
荷づくりしてないのに遊んじゃだめだよわたし！！最近自分に甘すぎる…,2
昔爆発して死人が出たとは思えないくらい平和な職場である,0
朝から教習車ボコボコしまくって心折れた。,2
全てほっぽって東京へ向かう快感?,0
ついに…名古屋に帰ってきてホッとするようになってしまった…！！,0
てか寒いー( °????????з°????????),0
か え り た い 泣,2
元々のポテンシャル以上綺麗になろうと思ったら本当にお金がかかるし、お金稼ぐために働くとストレスで老けるから、結局は現状維持がせいぜいという矛盾を抱えて生きていく,2
もう血迷ってヤフオクにお世話になってしまった,0
とりあえずツムツムは時間の無駄だから封印する,3
会社のこと好きじゃないけど辞めるほど辛くない、この状態は生殺しというか本当に時間のムダ…でもわたしの暇つぶし人生で感じられるやりがいはこの程度だという諦観が大きいから、どんどん重くなる腰があがりません,2
もうツムりません絶対に,3
今夜は映画みにいく！絶対いく！今ようやくぼっち飯にありつけたけど負けない！,3
免許??親知らず4本とくるとラスボスは出産か…いやだ…わたしには成し遂げられません((((；ﾟДﾟ))))))),2
会社って辞める申し出したら1、2ヶ月とかで実現するもんじゃないんだっけ？なぜか3月までいることになった件,0
いよいよ東京こわいと感じる程度には名古屋に染まった模様,0
結構前からの約束をドタキャンされた理由が、”犬に餌をあげるために帰らなければいけない”であったことに若干イライラした自分がいる…,1
犬だってガマンくらいできるだろ…南極物語見習えよって思ってしまったわたしの心は氷のように冷たい,1
むかつく（ ;  ; ）大人にならなきゃ,1
ごくまれに訪れる自炊衝動に今日は乗ってみるのだ！,3
ネタのような職場BBQが最旬の悩み,2
ストレスがないことがもはやストレス,0
もっと一生懸命生きたいのに、ちっともやる気のでない夜だ,2
夕食後に旦那がお茶漬けだのコーンフレークだのを貪る現象はなに？このムカつく現象に名前つけたい,1
お米炊く水も味噌汁の水も絶対ペットボトルの水使う私の目の前で、旦那がお茶漬けに水道水かけて食べてる…到底相容れない…添い遂げられるか疑問,2
名古屋にきて初めてやった終電逃しW(`0`)W,2
ハリネズミ飼いたい,3
家に帰ったらハリネズミがいればいいのに,3
あたまがわるいじぶんにぜつぼうしてきたなう,2
風邪のせいでニート生活を2日もおじゃんにしてしまった(´･_･`),2
大人になったのに100点が欲しくて頑張ることは疲れる。,2
最終出社に遅刻、自分の運命を呪うなう,2
私のみかんへの執着が一人の男の人生を狂わせてしまったかもしれない…,2
何を許されてるのか,0
2万円紛失してしまって今日は悲しい記念日（ ｉ _ ｉ ）,2
例えば欠伸する時に口に手を添えることで奥ゆかしさを演出したいと、気持ちに余裕がある時に欠伸をするといつも思う。,3
ブレーカー落ちたらどうすれば良いかが分からずひたすら手持ち無沙汰。,0
何事も経験である精神で乗り切るなら今,3
旦那へのイライラがMAXに達したのでピザを頼んで今ちょうどむしゃむしゃしてるところ。(ピザの到着時間はハリポタに照準を合わせた),1
すごい久方ぶりに渋谷に来たけど、人波とか色々恐くてベローチェに逃げ込んだ(;_;)都会に生きてる人みんな速いよ…,2
料理にまつわるトラウマがまた一つ増えてしまって悲しい,2
コロッケ揚げてたら油が急激に泡立ち始めるこの現象は一体何・・・,0
しかも一人で繰り広げてるから笑えないし泣けないし原因も闇の中,2
激務の夫さんがここ何日かは特に忙しくて4時帰りだから、過労で死んだらどうしようって悩んでるんだけど,0
逃げ恥ロス(´･_･`),2
わたしほんとうに頭おかしいのかもしれない,2
21:07分発の名古屋行き新幹線で帰るはずが同時刻発の東京行き乗る→乗車券なくしたことに気づいた今,2
大学のときサークルの練習もっと行けばよかった…10年前に戻って自分に言いたい(._.)でも当時は週に1回行くのも気乗りしなかったなぁ(._.),2
ネットバンクで1桁間違えて、10倍の金額を振り込んでしまっていた自分がポンコツすぎて引く….こんなことならAIになりたい…,2
運転に関してここまで臆病なのは、本当どっかおかしいんじゃないかなと我ながら思う...もういけないのにまだいけると思ってしまっている高齢ドライバーと、心意気交換したい。そしたら道路の秩序は保たれる。本気で、心底、安全100%自動運転の時代だったらなぁ?と思ってしまう泣,2
そういえば息子が飲んでる粉ミルクもげって感じだし、離乳食も試食したらげげって感じ。こんな自分が食育とかできるか不安。,0
今日散歩してて、テニスやってるおじさんおばさん達を見た。なんとか育休中にテニスやれないかなぁ?と思ったけど、彼らの仲間に入れてもらえたとして、0歳の息子がいるんですとは口が裂けても言えないなぁというところで思考が停止した。,2
息子預けて何かしたいと現状強く思ってるわけではないけど。ちょっとでも離れたら気になっちゃう母親の精神と、ふらふら自由になりたい気持ちが並行している。わたしは絶対100％母親とか無理だし、たまには息子に弱音を吐いちゃうような人になるだろうな。息子に励ましてもらう日が楽しみである。,3
「旦那さんが子どもみててくれるなんて優しいね」的な発言、美容院とか行くとよく言われるんだけどめちゃめちゃ引っかかるw でも過去のわたしは、友達に同じこと言ってた...というか子どもについて何話したり聞いたりすれば良いか分からなくて口から出てた言葉がこれだった…,2
生徒が先生に恋する的な話ほんとにどうでもいいけど、有村架純が可愛すぎるからみちゃう。,0
ママ友に関して、量より質を求めるフェーズへ突入しました。,3
本当に悲しいことが起こったやばち。,2
先日の胃腸風邪で指が痩せてたことが要因の一つである,2
運転技術についてだがショッピングモール行って1Fの駐車場停めるくらいまで成長した。（これまでは立体駐車場の上の方まで行ってた）,0
数日前からたまにママ?って言ってくれるようになったんだけど、可愛すぎてやばい。邪悪な気持ちが全て浄化される。笑,0
女として生きろ、と言われてありがたく街に出てきても、ご飯食べながら子どもの誕生日プレゼントポチって、帰りの電車でも子育ての本読んで、依然として親として生きている(´･_･`),0
相変わらず毎日8時に起きるゴミ。今朝は親子共々9時起床だった。ほんと保育園どうなるんだろう....,0
昨晩は保育園の先生が子どものこと全然みてくれない夢みて泣きながら起きたし、今日は子どもの笑顔みてたら切なくなって泣いてしまうという情緒不安定ぶり。明日はならし保育初日(´；ω；`),2
今日は月イチのお弁当の日で、心の焦りがあり4:50に起きた。自分成長したな?と思ったけど、昨夜寝た時間は19時半だった。笑,0
保育士さんいわく、うちの子トイレしたら「出た」って言うらしいんだけど本当かよ...それわたしの知らない息子や,0
今日は19時前に寝てしもた。保育園ってめちゃめちゃ疲れるんだな…,0
わが子、私が悲しそうな顔するとめちゃめちゃ心配そうに顔覗き込んでママ?？って言ってくれるのが可愛すぎてやばい。でもやり過ぎちゃって、今日はもう心配してくれなかった…,2
アンパンマン依存症の息子と過ごす夜がこわいよ。。,2
子育てってえらく孤独だなぁと感じる。,2
なんかほんと、今こそやればいい家事があるんだけど絶対毎日やれない。ダラダラしちゃう。今やれば明日の朝とか夜楽になることは重々承知なんだけどダラダラしちゃうんだな?,2
いろいろ落ち込んでたけどわたしの周辺の悪いもの全部持ち去って消えてくれたんだありがとうと思うことにする。13日の金曜日こわい。,3
なんで愛知が入ってないの？笑,0
まさか自分が車で出勤できるなんて、感動すぎ,0
今まで「はんぶんこ！」で私と夫を分離させてた子どもが、今朝は「まっぷたつ！」と言いながら分離させてきた。なんか縁起悪い。笑,0
コインチェックのレバ取引再開したら絶対入金するのでがんばってほしい,3
研究で進捗出してないから学校でbtc触れない つらい,2
ドテン君はみんなに忘れ去られてそうな頃に試験的に運用してみる,3
秒スキャの才能ないのでもうしません 今度秒スキャしたら反省文書く,2
100枚ポジった状態でユニバをエンジョイできるこんがりチキンさんのメンタル管理の話は読みたい....,3
今日はスキャ勢が生き生きしてる,0
人の爆益報告見るとわくわくするしもっと損益画像上げてほしい,3
まだ進捗がないので今日は研究に集中します......,2
今日は難しいので研究に集中できそう,3
わたし知識がないのでなにが改善されてるのかわからない,2
跳ねたタイミングと決めたせいで結構値幅逃して反省,2
スイングでもないのに低レバトレードしてたのはもったいなかったけど感覚を養うのに必要な期間だったということで納得はしてる,3
今日は天気がいいし一目雲じゃなくてリアル雲でも眺めて穏やかに過ごしたい,3
改めて売る位置でもないしもう少し見守ってよ,3
月次損益+300万ではしゃいじゃったのでコンビニでプリン買ってきた,0
30分くらい前の下げは美味しそうだったけど部屋に先生がいて拾えなかった??,2
今週末発表なのに進捗出てないからSFD 発動はもう少し待って欲しいのだけれど......,2
せめて91万のリバ狙いLくらいは拾いたかった......,2
今日は徹夜で貼りつきたい気分なのだけれど,3
プラ転も普通に狙えそうなボラなのに学校行かなきゃいけないのつらい,2
発表緊張したーーー,0
こういう大きく動きそうな時にはれ場100倍BitMEX二垢両建てをしてみたいところなのだけれど,3
火傷したくないので触らない,0
原油こわい,2
思いっきり下げるきっかけになるからいっそ乖離5%をタッチしてほしいのだけれど,3
今日は寝たくないのにめちゃくちゃ眠い,0
下の堅いラインをブチ割ってくれたらお見事という気持ちでお金を支払うしかない,2
含み益込みだけどなんとか月次+300万まで復帰した,0
気分的に今日はあまりエントリーしたくないのでお休み,0
危ないことしてるし今日明日は謹慎したほうが良さそう,0
しばらくbtcはお休みでいいや　MEXでアルト触ろ,3
うっかりこの状況でSFDが来たらフィーバーモード突入しそうだし損切りアルゴ考えて準備しとこ,3
これでstop-limitもちゃんと効くようになってたら本格的にスイングできるようになるのだけれど,3
深夜から早朝の上下で長期目線は上に切り替えた　要所で現物拾ってこう,3
どうせ日中はレンジだろうし研究しよ,3
拾える位置まで来たので買った,3
２週間前から何も進んでないけど月曜発表です,0
チャート見てる場合じゃない,2
86万台で上下してたときは部屋に先生がいたので一切触れてない,2
今日はbtcお休みでいいな,0
終電で帰ろうとしてたら失敗してた　セーフ,0
明日発表なのに進捗ないです,2
感覚はちゃんと麻痺してるから損益額自体はどうでもいいのだけれど価格乖離にだけ囚われてスケベ心でエントリーしてしまったのが本当に悔しい,2
流石にここは一旦跳ねてほしいのだけれど,3
休憩2nd コンビニでプリン買ってこよ,3
この額はちょっとダメージデカいなぁ.......,2
今日は触らない　遊んでくる,3
売り直したいからもっと上がってほしい......,3
損切りラインにかかったのであきらめてＳ切った,2
完全にビビってさっきの噴き上げで売りなおせなかった　今日はもうダメっぽいのであきらめて寝ます,2
来週月曜までトレード休むのもアリではある,3
進捗が出た,0
40枚持っても1000円幅くらいしか滑らなさそうだったしもっと持っていたかったのだけれど......,2
ショートが利確したくなるような形が来るのをただただ待ってる,3
1分足を見過ぎて自分の好きな15分足の底判定を見逃してた......,2
個人的にはコインチェックの効果音がテレビで頻繁に使われるせいで一番ドキッとする,0
XCPがバブル以降の最安値をつけている,0
昨日一昨日で卒業式を迎えたプレイヤー多そうだししばらく休憩してお金撒いてくれる人が増えるのを待つのもアリ,3
7月は忙しいからSFDゲームが開催されなければトレードしないつもりでいるけど何だかんだで惰性でチャート見て分析してそう,3
二段目の上げが来る前に家に帰ろうと思ってたら帰宅途中で来られたのでちょっとつらい,2
おいしそう...... キャンペーン期間中にちゃんと動けるように今のうちから実弾エントリーの修行しとこ,3
100枚単位で動かしてるのに急変時にドテンできる人しゅごしゅぎ,0
今日やらかしの損益画像多い気がする,0
ブレイクしたら順方向に最低1万幅はすっ飛ぶ去年のBTCさんを返してほしい,0
SFDもう二度とできないのかな　寂しい,2
73.3万前後で買い込むか迷ったけど弱気だったので買わずに傍観してた,0
ショートの利確以外でこのタイミングで買う人の根拠が気になるところ,3
証拠金もフルレバで30枚は持てる額まで増えた,0
17時の動きは見てたけど取れる気がしなかったので触れてない,0
どれだけ証拠金が減っても入金は意地でもしない,3
エリオット波動あんま真面目に勉強してなかったし今週はエリオット波動強化週間にする,3
これもう一段いける可能性あるやつだやつだ,3
ずっとチャート見てたけど結局朝一ショートしかエントリーしてない,0
そんなつもりは全然なかったけどツイートのタイミング的に後輩を煽った感じになった,2
今はAPIの注文スピードもそんなに遅くないから低ボラヨコヨコでは間違いなくbotに負ける,2
このままうっかり乖離5%まで行くハートフルサクセスストーリーはまだですか？,3
この時はちょうど寝てたおかげで助かった,0
この価格帯でSFDやられてもそんな値幅抜けないしもっと上でやれって思いはある,3
取れないタイミングでSFDアラート鳴るのやめてほしい......,2
資金もある程度あるので現物を絡めたSFD攻略を検討中,3
SFDがなかったらbf主導でもう一段上がってた気がしなくもない,3
ねむいので触らない,0
乙カレーもらえないかも,2
暇すぎて現物絡みのSFD攻略ボタン作ってる,3
いまのbfに人間いるの,0
深夜寝ちゃったけど普通にトレードしてたほうがよかったな,2
「SFDつらい」みたいなツイートをみて癒されようと思ったのに圧倒的含み益が襲ってくる,2
自分ももっと勉強してbotウマコテになる,3
雰囲気変わってしまったのと現物連動がまだうまくできてないので一旦SFD攻略から手を引く,0
このまま上がるのはロンガーに甘いってDMで言われたけど逆にここで落ちたらショーターに甘くない？,0
SFDを取りに行くプレイヤーが複数いたのもあってSFD勢がうまくいっている節もある,0
SFDで勝ちたい欲が高まってきた,3
SFDbotの損切り設定どうしてるのか気になる,3
もっと見守っていたいのだけれど学校に行かなければいけないのでつらい,2
乖離5%↑になったのはあの人の売り圧力が消えたのも大きい,0
SFDbotのつくりかたノートでも出すか,3
帰ったら参加するので1時間は境界維持頼みます,3
手動でSFD取りに行くと負けた時のストレスが尋常じゃないのでキツい,0
ギルティロング40枚のせいで完全に冷静さを欠いているので休憩,0
SFDは油断すると無自覚のうちに含み益全部飛ばすから気をつけなきゃ,0
SFD取ろうにも人がいないのでどうにもならない,2
このツイートでどれだけの無限ナンピンbotが散っていったことか,2
今日の勝者は誰なんだろう,3
これは自分も「勝てる保証はありません」って言ってクソSFDbotを売りつけるチャンス...?,3
SFDbot販売の流れが来たらSFDゲームはおしまいかと思いきや強欲なパラメータ設定でカモられ続けるプレイヤーもいたりして面白い,0
作為的相場形成が規制された結果乖離が拡大してもいいんですかね......？,0
今帰った　なにこれ,0
現物との価格乖離みたけど通常トレードの範囲でSFD取れそうな雰囲気だな,3
さすがに連日の短時間睡眠で肉体が朽ちかけているので寝ます,0
どうせもう世界に迷惑かけてるんだから最後に一発「FXやめてQtly先物だけ扱います」ってTwitterで宣言してもらうだけで解決なのに......,3
Qtly先物に移行が決まったときに備えてOKexでSQ直前の動きを学んでる,3
初めてbot動かした人はいきなりガンガン売り玉集められて焦っただろうなぁ,0
bfが現物買いレバショート入れて社内現受け現渡しでノーリスクで利益確保できないのかな,3
SFDbotはbanされたところで空いた席に座りにくる新規のbotがわらわら沸いてくるから意味はないと思ってる,0
それでも5月頭みたいにガンガン乖離広げられることもあるし結局先物移行が手っ取り早いのだけれど,3
うちのbot（中身はほぼ借り物）の成績が落ちてきた,2
台風来たしTMレボリューションごっこでもするか,3
寝ているだけで朝起きたらお金が増えているやつやりたい,3
TeXもAtomで書けることを知って人生が豊かになった,0
さっきしたテストの結果を見てSFDやる気完全になくなった,2
パスワード複雑にしすぎてバイナンスのパス忘れた,2
sfd損切連鎖の対策をしたのでまた狩りにきてほしい,3
ある程度データ回収したからSFDbotのパラメータ設計したのだけれどSFD終わった,0
SFDにかかってた時にここぞとばかりにbot軌道したら維持率100%トレードの設定になってて130枚ポジられた話でもするか,2
ためしに何回か30枚撒いてるけど結構自然に撒かれてて良い感じ,0
今月こそはFX頑張って冷凍食品屋さんでたべものをもらう,3
保安教育はトレード下手なので定期的な出金で資産防衛をしてる,0
bfにbot用のアカウント欲しい　少なくとも証拠金分離させて使える用にさせてほしい,3
利益のびりゅ,0
分からないので動くまでは休憩,0
cwのチャートがスッカスカすぎてテクニカルが使いものにならない,2
エントリーやドテンはドテン君と違って同時じゃないから旨味はないし　そもそも自分はスイング前提の人の逆ポジもってもしょうがないからなぁ,2
ドテン君bot（オリジナルのほう）を組んだのでとりあえず1分足で機能するかテスト,3
SFDbot 自分と成功者の何が違うのか答え合わせしたいのだけれど自力で正解に至りたいという思いもあるのでまだnppさんのnote買ってない,3
決済タイミング逃した感はある,2
BTC見てるうちに同値で切られてた,2
はじめての雇用統計実弾参戦は同値2回の引き分けだった,0
この上昇ファンダだったのか　ここで抜ければ跳ねそうだしがんばれー,3
初動で取れなかったので押し目待ち　そのまま跳ねたらしゃあなし,3
トレビュならcwと違ってちゃんとチャート描けてるしやっぱ課金しろってことか,0
ポジションの取り方も分からず自分が狩られたことにも気づかないプレイヤーが多数参戦するのか　アツい,0
戻りとは言えない戻りで売ってじわじわ含み益が伸びるのを眺めてる,3
「ブロックされているわたしでもbotの購入は可能でしょうか？」って聞いてみたい,3
ちゃんとこのブログで勉強してればドテン君もSFDbotも普通に自分で組める,0
人が席を立った一瞬の隙をついて価値が落ちる電子ゴミ,0
乖離改正のインサイダーでも入ったのかってくらい売り入れられまくるな,0
価格乖離の数字はあくまでもオシレータの一つとして考えないと痛い目を見るので気を付けてほしい,0
200万だった証拠金もここ数日で300万まで膨らんだので勝負所でもまあまあ大きく張れるようになった,0
ユーゾーキャノン警戒でユーゾーとbfの通知専用の端末を準備してある,3
色々言いながらtrading viewにまだ課金してなかったのだけれどcwで必死こいて書いてたエリオットが一瞬で書けて流石に課金せざるを得なくなった,2
こういう日にはノーポジでチャート見酒を決め込みたい,3
ぷよぷよ配信多すぎてぷよぷよやりたくなってきた,3
上がりながら乖離が下がる現象もそんなにおかしいことではない 逆も然り,0
正直夏の旅行の予定全部キャンセルしてカノウコインいじってたい,3
修論の謝辞で学費を援助してくださったbitFlyerの皆様に厚く御礼申し上げたい,0
寝たはずなのに気付いたら拾って差し上げていた......,0
起きたらビットコイン終わってた,0
配信盛り上がって来たら起こしてください,3
自分でトレードするよりも面白い,0
フルフリ握力高すぎでは,0
この維持率で140枚寝ポジできる胆力はすごい,0
ノリでポジった72.6万Lはフルフリの建値で散った,2
去年の11/30みたいなワクワク仕掛け発動しないかな,3
自分も遅延中でも板を見れるようにがんばってみるか,3
結局チキって10枚単位でしか売買してないし証拠金100万に減らしてもパフォーマンス変わらない,0
でもビットコイン年末1000万だしなぁ,3
カノウコインをおやすみして健全な生活習慣と強靭な消化器官を得た,0
2日くらいは証拠金10万くらいで感覚取り戻しプレイをするつもり,3
ちょいちょいこの髭何って感じのがあるのでツイッター漁ってその時の状況調べてる,3
早速5000円幅取れて調子いい,0
スプ奪取mmbotがめちゃくちゃ利益抜いてそうな動きしてる,0
ずるいのでわたしもmmbot合戦に参戦する,3
現物用にちょっとお金欲しいからやっぱ600万だけにしとく,3
bot回すと忘れてると裁量エントリー勝手に決済されるからつらい,2
わたしのmmbotが負けるようになってしまったのもほかの強いbotに喰われているせいな気がしてきた,2
無知なのでVIXを売買できるの知らなかった,2
今日新たな恋探ししかしてない,3
1000円幅で撤収になった,0
目線あまりあってない気がするので一旦為替見て休憩しよ,3
スキャも楽しいしデイもたのしい,0
為替　出来高が見れないからちょっと苦手かも,0
この位置でエントリーする気にもならないから去年の今くらいの時期の足を眺めてる,0
逆乖離のSFDゲームはリスクに対して獲得できる値幅が小さすぎるので参戦するつもりはない,0
トレードをはじめたばかりの頃はお金が欲しいという純粋な気持ちでプレイしていたのに、今となってはそんな気持ちは消えてトレードのためにトレードをしている,0
ぐらっちぇ欲しいけど財布に200円しかないから花火買えない,2
MEXでひたすらアルトのモグラ叩きをしてどこまで資産が増えるか試してみたい,3
6370ドルでBTCレバ100倍ロングしたので6340ドルまで降りてほしい,3
強制ロスカットまでもうちょいだったのに......,2
長期で引きずるレベルの失敗をしたことないのはちょっと怖い,0
ショートしたいからアルト上がってほしい,3
ぷよぷよテトリスやってみたかったけど3DSもWiiUもプレステ3以降もVitaも持ってなかったのでそっと購入画面を閉じた,2
最近汗かきトレードしてないから税率70%に引き上げられちゃう,0
ドドスコスコスコ株収入って言いたいのにまだ株収入一円も得てない,2
ゴリゴリ稼いでるbotって実は中身は意外と単純なのかも,0
面白そうなので損切り浅目でL持ってる,3
mexのLが建値まで戻ってきた,0
(結局同値で切ってしまったのだけれど）,2
mexの手数料の都合上makerに回ろうと頑張ってしまうのだけれどちゃんと成行も選択腋に入れておかないといつか首を狩られそう,0
陽線つけられたので撤退した　逆張りはメンタル的にも結構キツい......,2
-1億のポジションを自分で切る気持ち......,2
ノートやサロンよりもお安くて情報量の多い書籍がたくさんあることを忘れちゃいけない,3
ccのイナゴは結構いいタイミングで鳴るので参考にしてる,3
金額はもちろんだけど1か月が無駄になった事実を受け止めなきゃいけないのがキツい,2
年次が線形に下降している人　次に入金するときには間接的ではなく直接お金をもらいたいのでダイレクトに保安教育の口座に入金してほしい,3
起きた時になぜか爆損食らってた感触があって萎えてたんだけど損益確認したら気のせいだったので安心した,0
hatさんに写真貼られるならちゃんとツメ切っておけばよかった......,2
出金してしまったので強制ロスカ回避でmax30枚までしか持てなかったのは痛い,2
面白いからこのままノートレで一日終えて損益グラフ出すか,3
せめて倍持てる証拠金があれば......,3
BO この超高速ギザギザでポジション持ったら確実に不利な方向で約定するんだろうなぁって思いながら上下それぞれエントリーしてみたらちゃんと両方不利な位置で約定して笑った（2000円溶かした）,0
為替やBTCと同じでBOもボーナスタイムまでの待ちが長いけど判定が30secで終了するせいで射幸心煽られまくるの結構きつい　全然入るべき場所じゃないのにエントリーしたくなってくる,0
1発千円でパチンコをしながらトレンドフォローの重要さを味わっている,0
保安教育おこづかいゲット,0
毎度毎度TRXの大髭が邪魔でチャートが見づらいしいっそ超高速で600satまで上昇してほしい,3
お祈りトレードしようにも有名ハイロー芸人ほど全力で祈れないしやっぱ彼らは祈るのウマいなと思った,0
ほしい......,3
quoinexもbfみたいに激重モードでもAPI叩けばたまに注文が通ったりしたのかな,3
保安教育、quoinexでスケベ指値bot運用を決意,0
軽い気持ちで買った,0
維持率80%寝ポジはなかなかのエンターテイナー,0
流石にメンテ開け時間はアナウンスからの板寄せ再開するよね？,3
相変わらずmexのオーパーシュートっぷりすごい,0
エマージェンシーボタンのテストしたら間違えて20枚成り売りしたｗ,0
なんか知らないけど利益出た,0
みんな凄すぎ,0
月末の爆益公開祭りでちょっと焦っている気がするので月初は枚数少な目で確実にプラスにしたい,3
朔日餅買ってもらった,0
実質成り買い30枚がいつ通るかわからない恐怖におびえながら板を見てる,0
本当はあのまま抜いてくれると助かったのだけれど,0
腰の限界が近い,2
finexの意思を尊重して買うか,3
MEXとfinexで40ドル差ならアビトラしても普通に利益出そう,3
このタイミングで売るfinexマン何者なんだろう,0
下からL持ってたけど天井で増し玉して利益飛ばした,0
ちょっとSの枚数軽くした,3
TRXロングストップ掛かって切られててた　悲しみ,2
相場に早い段階から触れていたのは悪くなかったのだけれど枚数持つ訓練をもっと早くできていればと思うこともなくはない,2
なんにせよ今日はそんなに張り付く旨味もなさそうなので研究でも進めることにする,3
買うか迷うってことは必要ないものなので結局ヨーロピアンさんのnoteは買わないことにした,0
そろそろ口座開設してQUOINEXで最高のトレード体験しよ,3
枚数持つつもりがなかったら結構よさそうなので約定時にスワップを取られないコインチェックみたいな感覚で使うことにする,3
日給を鉄骨の往復回数でカウントできる人間になってみたい,3
冷凍食品屋さんから焼きおにぎりが来るのを楽しみにしてる,3
鍵山社長に頼み込んでZaifの無限上下運動中に割り込める権利売ってもらいたい,3
おかねいっぱいもらった,0
今日学校行くつもりだったけど雨降ったからやめにした,2
為替の利益はほぼリラ円とランド円のおかげなので一発当てただけみたいな感じになってる,0
ちゃんと割って下髭つけてほしいなぁ,3
だめみたいなので撤収した,2
fineの底を見ながらSをクラウチングで準備してる,3
最近MEXに雑な売り方する人いない？,0
なんかショートチャンス来てたから売った,3
実はちょっと前からとあるサロンに潜入してる,0
面白い返事が思いつかなくてDMに返信できない病にかかっている,2
今までと比べて鉄火場相場に弱くなってる気はする,0
乖離が埋まりつつある,3
苦労の末にたどり着いたけど文章量多くてやっぱいいやとなってしまった,2
曜日感覚のないニートだから日付まちがえた,0
金額と時間のことだけ考えたら4月にsfd攻略関連の情報を高額で売って仮想通貨取引から手を引くのが一番かしこかったのだけれど,0
このまま11月中に年度末の中間発表までの成果を出して専業トレーダー化してみたい,3
楽天カードマンになりました,3
今までの経験だとメンテ中は動きが一方通行になりがちなので安易な逆張りをしないように気をつけたい,3
ロジックの都合上ボラが小さすぎるとリバ取りの翁botも稼働させられないので何もやれることがない,2
上海旅行最終日に所持金が5元になったときは流石にここが局面だおじさんが出てきた,0
テックビューロ解散はプラスファンダ,0
やっぱふるさと納税で外れ引いた人は高級段ボール肉まんとか送られてきたりするのかな,3
安全設計が甘すぎたらしい ただ2か月の運用で根幹の邪悪なロジックはちゃんと通用することが分かったので引き続き回していく,3
例の通知カウントアップだったからよかったけどカウントダウンだったら震えてた,0
トレードで稼げる人ってトレード以外のところでも結構な額稼いでそうな人多いし自分も就活がんばらなきゃなとなった,3
逆張り我慢比べやるにはまだ低いしSはまた上がってからでいいや,3
わたしは一体何を取引しているんだろう......,0
今月サボりすぎてまだ月次100万に至ってない,2
暇相場すぎて休みなのに学校行きたくなってきたしやめてほしい,0
ウマい人 当初予想していた方向と逆に行ったのになぜか利益を出しがち,0
ルービックキューブで指痛めた,2
含み損を花火に変える方法しか知らない,2
このままわたしの就活が終わるまでヨコヨコしていてくれても構わない,3
就職祝いでボラほしい,3
これで価格が動くとは思えないのだけれどバラエティ的なノリで見てみるか,3
素晴らしき日々やり直したくなったので明日は休校になった,0
日曜の朝なのにあかりが付いてる研究室がたくさんある......こわい......,0
指数触りたいので早くあしたになってほしい,3
扶養のことは稼いでから考えればよかったのに頭悪かった,2
レバ取引なかったらチャットで神ポジ自慢する機能使えないじゃん......,2
cc新規登録再開アナウンスがあったし近いうちにbfの新規登録もそう遠くはなさそう,3
明日も朝早いのに結局起きてる　ﾔｯﾊﾞｲﾖｫ......,0
知らないうちにアルトが暴れてたらしい,0
そういえばお昼食べてる時にBCHのロングポジション清算メールが来てた 残念,2
3-10時にぐっすり寝てしまったのちょっともったいなかった,2
授業抜けてBTCさわりたい......,3
先週意地にならなければ今日で月次プラ転してたんだよなぁ....,2
今週いっぱいトレードに振り込む余裕あって助かった,0
板薄いしここで拾う理由ないな　もうちょい寝るか,0
今日は3分だけ就活した,3
おかねふえても今のところ使い道ないし学校さぼって何やってるんだろうってなることはある,0
爆損もそうだけど研究の進捗が出てないのがけっこうマズい,0
今月最高月次更新でプラス八桁のプレイヤーも増えてきたなかでマイナス月次をたたき出してしまったのはさすがに実力不足を感じざるを得ない,2
今日はロング握って祈ってるのでまだ寝れない,0
トレード中にウイルスバスターのスキャンがはじまってPC固まるやつやめてほしい ウイルスバスターのせいで累積で結構な額飛ばしてる気がする,2
HDMIみたいな病名多すぎてどれがどれだか全然わかってない,0
今日もチャート見ない生活頑張るか,3
ナンピンか損切か迷ったけどここ割ったら戻るのなかなか大変そうな気がするのでおとなしく切った,3
SFD芸人するチャンスだったのにアラームとアラートを無視して熟睡してしまった......,2
起きたら寝る前とほぼ同値で何とも言えない結果になった,2
そろそろ日時マイナスを出し始める時期なので一度どちらかに動くまでは大きく動くまでは入らない予定でいる,3
ほかの取引所のチャート見れないからなんとも言えないけど36万手前までじわじわ下がってきてほしい,3
研究進まなさすぎて怒られた ここでBTC謹慎できるかで人生の方向性変わりそうな気がする,2
noteで荒稼ぎするためにそろそろ別人格を育てるか......,3
昨日ちょっとだけバイトしてたのだけれど課税額考えると時給500円だし泣ける　汗水たらしてコツコツはたらいてるのに普通の人より稼げないのだけれど......,2
年末は駆け込み1000万やプラテン報告が多くてたのしい,0
明日は学校に行きます。理由はクリスマスだからです。,3
来年の原資相当額をなにかで錬金してリスタートしたい,3
無から提供できるものってなると情報か技術か労力くらいか,0
来年の原資捻出方法をいろいろ考えてるけどなかなかいいのが思い浮かばなくてお金稼ぐのって難しいなとなってる,2
弟子入りを頼むのが下手なので誰かの弟子に弟子入りしてデシニカルを磨くところから始まる,3
一度は誰かの弟子として人の意見を吸収する練習をしてみたいのだけれど......,3
みんな10万スタートならわたしも10万からやりたい,3
今日で研究納めにしたいのでがんばる,3
4月頃はボラもあって椅子取りもそれほど過酷じゃなかったから日給数万をたたき出せていた時もあったのだけれど......,2
怖いのでこの動きずっと見てただけで入ってない,0
急いでポジション持たなきゃいけないほどの枚数動かしてないので自分は動き始めてからの参戦でいいやとなった,3
もうちょい寝るのを遅らせていれば.....,2
昔Bitmexで髭キャッチのつもりで入れた指値が約定後5秒でゼロカットされたときは笑ってしまった,0
あれはXRPが祭りになってたときのおみくじ逆張りS入れたときだったかな,0
ツッコミロング引かされてる最中だけど今切ったとしてもまだL入れたい位置だからずっと持ってる,3
昨日のマイナスは完全に実力不足が原因なのでくやしい 1時の下落をちゃんと取れていれば余裕でプラスだったのだけれど......,2
ツッコミ入れた位置と同額くらいまで来たのでちょっと枚数減らした,3
根拠があるわけではないのだけれど日足更新前にカチ上げるイメージがあんま湧かないので仮眠取る,3
センター試験の日付今日だと勘違いしてて無駄に学校休んじゃった,2
都会で消耗してなさそうで羨ましい,3
イーサしんじゃうの,2
暇相場の時にトレーダー向けにペン回し講座を開いてお金巻き上げるか.....,3
1回目のCB初動を見ていたのだけれど卒論の発表練習があったので落ちているお金を拾えなかったのを覚えてる,2
ココイチたべたい,3
先物の板乗りから昔のbFを感じる,3
日次撮るの忘れてた,2
上に抜けたら大きいし落ちたら切るだけだからそんなに難しいことはない,3
買い向かいが早すぎて火傷ナウ,2
ノーポジだけど一回38万ちょっとだけ超えてほしい,3
思ったよりもピザ高かったので使わなさそう,2
土日も泊まりだし学校にピザ召喚するのもアリかも,3
損切りした 貴重な時間を20分捨てた,2
Sは切って微量ロングナウ,0
損益調整のために雑エントリーしたら損切りポイントも利確ポイントもよく分からなくてめちゃくちゃ消耗した　次やるにしてもせめて枚数は控えめにする,2
昨日みたいなことしてると即退場レベルのダメージを食らってもおかしくないので猛省ナウ,2
普段使わない取引所の2FAが入ってるからちょっとログインしたくなったって時にめんどくさい,0
ちょっと祈るの疲れてきた,2
めちゃくちゃ脳死ロングしたい,3
値動きがなかったら寝てもいいんですか！？,0
今日触れないのは惜しいけどしゃあなし,2
どうせならお祈りトレードも真剣にやりたいので祭壇とかつくりたい,3
例のノート　迷惑メールのnoteバージョンみたいな感じで捉えてるので特に感想はない,0
株の連続ストップ安で数日かけて殺されるやつ無理 BTCみたいに一気に殺して欲しい,2
MEXの板がどいた途端喜々としてロングを打ち込むbfすき,0
このまま就活終わるまでヨコヨコしててほしい,3
この日のランキングで自分を発掘してくれた人たちのおかげでツイッターが続けられているので割と思い出深いものがある,0
前の見た目のほうが好きだったのだけれど,2
なんか上がってたから売っといた,3
久々に楽しかったのでよしとする,0
貧乏ゆすりより富豪を揺すって焼き肉した方が圧倒的に良い,3
ロング放置でよさそう,3
自分の理想は超たけしさんみたいな天才アカウントなので凄腕トレード情報や日常的な損益ツイートは必須ではない,0
今月はもうお休みでいい気がしてきた,3
おはようございます　全然儲かってないデス,2
REKTのTシャツ欲しくなってきた,3
ショート半分利確できた,0
諦めてBTCショートの残りも利確した　はじめて寝ます,3
つらいのはイヤなので体調悪い時は寝て起きたら全快か即死してますようにって祈りながら寝てる,3
Q社のロング思い切って放置してればめっちゃお金増えてたのになぁってなっとる,2
BTC日足を見たら堅調で笑ってる,0
怒りの成行損切りをかました,1
来年の抱負は臨機応変なので状況に応じて抱負を変更していく,3
自分を大蛇丸と信じて止まない一般男性がBybitのトレードバトルで優勝する動画が見たすぎる,3
世界一有意義な5万円の使い方してる,0
熊谷さんもともとフォローしてたけど抽選外れた勢いでリムった,0
持株会に十万突っ込むと単純にお得なのもあるし、配属先で「持株会に十万突っ込んだあいつ」みたいな感じで覚えてもらえるのでおすすめです,0
「同じクラスの棋聖がさぁ～」って言いたい,3
フィボナッチも流石にチャートにぐるぐるするために黄金比を使われるとは思ってもいなかっただろうな,0
現代の子供はマッチ棒のことをパズルのために作られた謎の模様付きの棒だと思っていてほしい,3
マックでハンバーガーを注文したら店員に「ハンバーガーは無いです」と言われたので、そんなわけ無いでしょと思いながらもチーズバーガーを注文した,0
今日中にこれをやらないと死ぬみたいなノリで課題をこなしてる　実際に殺してくれる人を雇えたら多分作業効率めっちゃ上がる,3
メル友でも募集するか,3
おさかな券はまだですか,3
平凡さんが好きってよりもタワマンで女装概念が好きなのでもっとやってほしい,3
やっと大麻辞められたのに代わりにタワマンで女装が降ってきた　つらい,2
BTC取引所の運営が次々逮捕されてるし朝山が大根販売罪で逮捕されるのも時間の問題か...,3
asayama逮捕上げはめちゃめちゃアツいので見たい,3
ついでにCoinExchangeが閉鎖してたことを今知ったのでピンチになる前に色々終わってる可能性もある,2
とりあえず神社で祈ってから考えるか,3
kimetu no yaiba多分面白いし見たらハマりそうだけど面倒でなかなか見れない　だれか椅子に縛り付けて暴力的に視聴させてほしい,3
AtomのPlatformIO IDE Terminalが死んだの結構痛い,2
めっちゃ充電したら2FA用の端末復活して助かった,0
今日の千代田線行きも帰りもキモイな,0
ダイエット必須イベント海が発生した,3
フジロックの田中みさきのTシャツ超欲しい,3
社会人になって、後輩指導経験のない人の下につく、辛さ,2
誰か木馬座のキーマカレー食べに行こうよ,3
相手を置いてけぼりにして、要点をおさえて説明する気になってる人には、ならないぞ,0
Kindle買おうかなあ、悩,3
また、飲んでしまった,2
林檎ちゃん聴いてると自分がいい女になった錯覚に陥る,3
まーた、飲んだよ,2
すーぐ、オタク爆発する,0
青野くんに触りたいから死にたいを早く全巻揃えたい,3
山ちゃん、別に全然よくない？,0
根拠のある自信と落ち着き深みのある趣味のある方が好き,3
電車に割と出没する混んでいようが自分は頑なに動かないマン、転生してほしい,1
再来週のランニング用のスポーツウェア揃えたけど、我ながらかなり可愛いし、好みの色調、アガる、後はキャップだけ,0
丸香のおうどん食べたい,3
こないだ先輩に連れて行ってもらったおでん屋さん…、ミシュラン☆…、お料理もさることながら、すてきな店長さんだったから、仲良くなりたいなあ…,3
先輩方みたいに営業車ほしい,3
ベース引き語りとかすごいなあ・・・,0
タマザラシ可愛いのんなあ・・・,0
たまたま流れてきて、死ぬほど練習したDiscommotionリベンジしたくなった昼下がりなあ・・・,0
月～金頑張ったから、こんくらいの楽しいアピールは許して,3
最寄駅からとほ30分のお客さん渡すなら、車くれ,1
IKEAで買った家具、全然手じゃねじ入らねえし、何なんだよ、電動ドライバー即ポチしたわ,1
うさぎの名前だけ決めたんだ・・・,3
浴衣が！！！！！！着たい！！！！！！！夏！！！！！,3
日照不足で根腐れを起こし、落ちていくー,2
なんか、仕事へのモチベーションが分からん,2
自分が直接言われてるわけじゃないんだけど、高圧的に脅せば動くと思ってんのかな、その考え方が無理・・・,0
友達の彼氏さんが流してくれる不動産、資産形成系のツイートすごくためになる、人生設計だいじよなあ,0
満員電車で腋臭の男と場所詰めない女、しんで,1
同調圧力しね,1
コメダ珈琲の海老かつパンうますぎ,0
忖度の使い道・・・,2
元気なくなった,2
ネイルしたい・・・,3
クレイジージャーニーおもろすぎ,0
なんか悪いことしたのかなあ・・・、今までこんなぞんざいに扱われるようなダメな奴だったか・・・,2
書いて整理しないと色んな感情が爆発しそうだったので、すみません、マルマインだわ,2
10人中9人無害な人がいても、1人が有害だと、しんどいんだよな・・・、無害な人に目を向けなよって言われても厳しいんだよな,2
どこも冷房強すぎる,2
ほんとにカレンちゃんが好きすぎる,0
ヴァンヘイレンまだ65歳だよ、、、,0
死ぬこと以外かすり傷って言葉を聞くたびに軽く死ねる。,2
やはりCBDを摂るとニコチンを余り欲さなくなります。CBDを摂取するまできついタバコを日に1箱吸っていましたが、最近は数本で済んでいます。このままいくと完全にニコ断ち出来るかもしれませんが、CBDリキッドが高いので良いのか悪いのか分かりません。,3
ああ、明日プラリア注射だあ。やだなあ,0
やっぱりヘルペス拡がった。トリマー使えないので暫くだらしないヒゲで生活。,2
時計の針ってあるじゃないですか？ あれ凶器になるんですよ。凶行に及んだ後元にもどぜは暫くはバレません。バレるかバレないかはあなたたちの未来にかかっています。3.2.1スタート。,3
花火大会が始まりました。音だけで花火が見えないなあ。マンション建てすぎだよなあ。,2
街の本屋が潰れていっているそうですが、本屋から紙の本をなくしてタブレットをたくさん置いて電子書籍専門書店を開いたらどうかしら。インディーズ作品の棚とかあって私の本が読めたりするの.w,3
朝起きたら鼻血が出てた。辛いけど、正面突破。,2
空を見上げて「何度目の空だろう」なんて考える人には多分一生追いつけないから、別方向へゆっくりと歩いていければいいなあ。,3
blog全く更新してなかったので書いてます。,3
今週末はEFO/SGT/F2/F1/Indy500があるので寝る暇がありません。,3
弟と電話していたら甥っ子が割り込んできたので「小学一年生はもう寝る時間だろ」と言ったら「外国にいるからまだ寝る時間じゃないよ」と返されました。冗談言えるようになったんだなあ。,0
いやあ合評会楽しかった。,0
物凄くどうでもいいことを思い出したのですが、中学の卒業文集で「かっこいいと思う男子」3位に選ばれました。女子とほとんど接点がなかった私は友人たちにそれを自慢していたのですが、同窓会の時に女子から3位に投票するのは1番キモイ男子と内々に決めていたと言われ愕然としました。,2
寿司食いてえ,3
物凄くどうでもいいことですが、タバコを吸う時にベランダに出るようになりました。引っ越す前は部屋で吸っていたのですが、真っ白い壁紙を見ているとここで吸ってはいけないと言われているようでベランダに出て吸うようになりました。昼間は昭和歌謡が聴こえてくるけど今は静かだなあ。,3
何がやばいって昼寝しててウェーブに乗り遅れた,2
またしばらく療養することになったから今日と明日は死ぬほど飲んで食べてやるう。そんで療養中公募小説書きまくって日向ぼっこしてお花を愛でてやる。なんだ最高じゃないか笑,3
冷凍庫に入っている食品を取り敢えず食べなきゃと食いまくったら今日だけで5000カロリーたべた気がする。10日かけてゆっくり減量してたのが昨日今日でリセットされて悲しいです。,2
生まれ変わったらとにかく善良な人間になりたい。,3
ライトニングケーブルが断線したからAmazonでやっすいの買ったら、前のより何倍も充電に時間が掛かるようになりました。ケーブル品質で充電時間が変わるんですね。,0
わあ、ブラックミラー観るのを止められない。今日中に全部観ちゃうかしら。,3
オレこの酷い二日酔いが治ったら結婚するんだ。,3
次回合評会のアイデアが浮かんだから、先に仕上げようかしら。なんか被りそうな気がするので早めにあげよう笑,3
難病申請の更新が終わり合評会作品の推敲及び投稿が完了したので寝ます。昨日あまり寝てないので眠剤食って12時間寝てやるう。,3
書く書く詐欺はある意味マーケティングとして成功してるのではないかしら。気になりますもん。取り敢えず誰も読んだ事のないミステリとホラーとサスペンスとSFとロマンスとコメディと薔薇と百合と官能と純文と哲学と数学と物理とレーフラーとモロゾフを書く予定です。,3
TLを眺めていて思い出したのですが、工場で働いていた頃仲良くなった男女6人で海に行きました。膝まで水に浸かる場所でワアワアキャッキャしている仲間が楽しそうで、俺も混ぜてって勢いよく走って海に飛び込んだら海パンがずれ下がってしまい顔を上げたら女の子にワアワアキャーキャー言われました。,0
Netflixで全裸監督の配信が始まったあ。一気に観るぞお。,3
フォロワーさんが貼っていた「ハシヤスメアツコ」のソロいいっすね。なんだか5周くらい聴いてる。,0
洗濯機に洗濯槽の掃除ボタンがあったから洗濯する前にやるかと思って押してみたら残り10時間とか表示されてキャンセルしようとするも蓋が開かないわ洗濯機が熱を帯びてるわでキャンセル出来ないです。デスゲームの罠のようです。仕方ないから今日は洗濯しないで小説書きます。,2
お袋から電話で徳永英明のコンサートチケット取れないんだけど何とかならない？と言われ調べてみるとチケットサイト全滅で念のために興行主ではなく文化会館に電話してみればと言ったところ、いい席が取れたみたいです。こんなことあるんですね。,0
とりあえず30枚ちょっとの文フリ作品を書き終えたので（まだ推敲してませんが）次は合評会作品に取り掛かります。坊っちゃん文学賞や星新一賞は余力があったら応募しよう。破滅派の方がプライオリティ高いです笑,3
変な時間に起きてしまいました。昨日は久しぶりに一日中酒を飲んでいたので気持ち悪くて頭痛いので熱いお風呂はいって酒を抜こうと思いましたが若くないのでやめてもう一度寝ます。眠れればいいなあ。,3
SFを誘拐した。返して欲しければバッグの中にファタジーを詰めて橋から落とせ。くれぐれもホラーには通報するなよ。,0
ブンゲイファイトクラブ予選敗退でした。返り討ちにあった都々逸は燃やします。,2
無職になったので生活費を見直している私ですが、携帯代節約できんじゃね？　と思ってソフトバンクからワイモバイルに変更しようと思ってます。10月1日から変わる料金体系より、9末までのプランの方が安く上がるのかしら？,3
今日も合評会面白かった。みんな参加したほうが良いと思います。,0
ああ、今日からレターパックに追加切手貼らなきゃいけないのかあ。忘れないようにしなきゃなあ。,2
起訴されてからも殺人事件など重大犯罪の場合は家族の接見は判事により却下される事が多い。となると必然的に弁護士しかない。接見内容を立会警官は知ることが出来るが、例えそこで真実が明らかになったとしても外に持ち出すことは出来ない。マスコミに売る悪徳警官を登場させなきゃ行けない嫌だなあ。,2
さて、明日役所行ったら暫く自宅待機なのでセルパブ読みまくってこのパブ投票するぞお。アンリミお得だよなあ。昨日はお外で待ち時間にシックスサマナ読みまくってました。,3
多宇さん、こんな私に付き合ってくれてありがとうございました。またよろしくお願いしますね。,0
回覧板を全く読まずにサインしてお隣さんに渡している私ですが、先ほどキッチンと洗面台とお風呂場の排水管清掃の人が来て、「洗面台とお風呂場に髪の毛溜まってたんでよけときました」と言われて恥ずかしい思いをしました。回覧板見なきゃいけませんね。,2
iPhoneから完全にAndroidに移行できた。できたと思う。できた気がする。やっぱ心配なのであと一ヶ月はiPhone残しておこう。,3
坊っちゃん文学賞の応募総数が5000を超えていて愕然としています。,0
いい感じに酔ってきたので合評会作品を読むことにします。ええ、私は酒が無いと読むことも書くこともできないのです。,3
ハギワラさんのキャス、とても面白かったです。こういったブンゲイファイトクラブの楽しみ方ありですね。,0
やっと合評会作品半分読みました。一度にたくさん読むとあら捜しを始めて闇落ちするので続きは明日にしよう。,2
破滅派以外ではハギワラサン、淡野さん、Q平さん、斎賀さん、深澤さんとお話しました。(抜けていたらごめんなさい)皆さん知的オーラを纏っていてな物怖じしていまいました。,0
ものすごくお腹が減ってしまって今からラーメン食べに行くかなやみまくってます。幸い深夜までやってるラーメン屋さんが多くて。わあ、どうしようかしら。,3
ミステリを書いていてよくあることなのですが、推敲の段になって致命的な抜け道を発見してしまって、大幅に修正を余儀なくされる。気付かれなきゃいいやと思っても、それを許さない自分もいる。現在そんな状態な私なのです……,2
編集社から過去のTweetを全部消して下さいと連絡を待ってるうちに１２月になりました。,2
ペイペイフリマとやらで中古のiPhoneが売れたのですが、購入してくれた方のコメントが高圧的でキャンセルしたくなってきました。どうしようかしん。,2
本庄照さんの『夜を急ぎて』読みました。途中で着地点を想像して読み勧めたら「そうきたか！」と、唸りました。心情描写(この作品において適当な言葉ではないかもしれませんが……)は流石の上手さだなあ。,0
キャス来てくれた方、ありがとうございました。またよろしくお願いします。,0
オートチェス流行ってるそうなのでやってみようかしん。,3
両親が隠居している田舎に来ているのですが、先程お隣さんの農家に農業実習に来ているベトナム人女性とお袋が立ち話していて、お袋が「もうすぐお正月なのにベトナムに帰らないの？」と聞くと「ワタシ、オカネナイ、オカネナイカラ、カエラナイ」とベトナム人女性がこたえてました。,2
日本翻訳大賞にエメーリヤエンコ・モロゾフがノミネートされたら世界の理がガタガタと崩壊するさまを見られるんだけどなあ。,3
ああ、酔っぱらいすぎて推敲が進まない。酒がないと何も書けない私だけど、推敲はシラフでしなきゃだめだなあ。,2
この歳になってバイク乗りたくなってきました。普通免許持ってれば4日で小型MT免許が取れるそうなので教習所行ってこようかしん。暖かくなったら125ccバイクで一般道をのんびりと行けるところまで。,3
小説書くのを完全に忘れてる。,2
コメント読み返してます。本庄さんが丁寧に説明してくれてる。ありがとうございます。,0
ネット麻雀二連敗中。ＣＰＵ強いなあ,0
出版社から電話が来て「今までのツイート全て消してください」「はい、喜んで」といった会話を妄想しながら寝ることにします。,3
あーあ、起きたら1000年経過してないかな。,3
渋谷のラーメン探しておこう。あっさり醤油or塩ラーメンがいいなあ。,3
ネット麻雀で一日が終わってしまいました。もうホント10時間以上やってた。多分これから2時間くらいやってから寝ます。,2
今日は殺した女の幻覚と一緒にクローズドサークルで起こった殺人事件を解決する長編の推敲と、精神病院で仲良くなった友人と一緒にTwitterで知り合った人達と吹雪の山荘で殺人に巻き込まれる短編を10枚書くことが出来ました。今までで一番書いたり推敲したりした日でした。ブラックニッカすげぇなあ。,0
2作品書き切ったら『破滅派連続殺人事件』に着手します。,3
今日通院日だったのですが発熱していて喉が痛いことをドキドキしながら伝えたら「諏訪さんは感染症に罹りやすいからね、抗生剤出しときます」だけで終わりました。まあ風邪なんでしょうけど。,2
TLで流れてきた原稿合宿行ってみたいなあ。数年前、ふと鬼怒川の温泉旅館に一人で泊まった時に、旅館の人が凄く良くしてくれたなあ。その時はチェックイン時に東京バナナを渡したからだと思ってたけど、帰ってから考えたら自殺しに来たんじゃないかと思われたのかなあと笑,0
そういえばハンターカブを買おうと思ってたのですが先生に止められてしまったのでいい自転車がないか探してます。スポーツタイプではなくて小型でおしゃれなやつ。,3
やんごとなき事情により非公開にしました。ごめんなさい。,2
誰も来ない気もしますが明日F1テスト結果纏めて戦力分析的なキャスをやろうかな。開幕戦開催するのかわからなくなってしまいましたが。,3
ノットオーケー観ました。淡々と進んで最終話の衝撃的なシーンで不覚にも笑っているとそのまエンドロール。え、ここで終わるの？　続きやるのかしら。,3
家にいるのに目が痒くてくしゃみが止まらないです。私の場合、自己免疫疾患になって免疫機構が花粉を攻撃するどころではなくなったのか、ここ数年花粉症とは無縁に生きてきたのですが、今年花粉症に苦しめられるということは自己免疫疾患の方が弱まってきたということかしら。だったらいいなあ。,3
そういえば今週末カタールで開催される予定だったmotoGPの開幕戦キャンセルなんだよなあ。moto2/3はやるみたいだけど。今年はガッツリ2輪も観ようと思ってたんだけどなあ。,2
むむ、マクラーレンが参加辞退かあ。これは開幕戦なくなりそうだなあ。,2
オーストラリアGPの開催権料は幾らなのかしら。サウジアラビアが1年100億で交渉しているのは特殊な例として、20億は下らないかなあ。バーレーンのように観客でペイすることを考えてないGPは無観客でレースすることできるけど、オーストラリアは無理だろうなあ。,2
家の前のアパートの部屋に防護服に身を包んだ人が出入りしてる。特殊清掃かしら。,0
今日も粘土をこねてギター弾いて麻雀やってお酒飲んで終わりました。,0
厄災が収まったら何がしたいのかってTLで流れてきたので考えるのですが、世界一周旅行に行きたいかも。貧乏旅行はもういいので豪華客船で、ああ、不謹慎。,3
私も謎解きバカミス書いてみたくなりました。,3
こういう時勢だからカラッと笑える話を書こうかなあ。,3
2週間に1度診療を受けてお薬もらってる身としてはオンライン診療でちゃちゃーっとお薬もらえるようになりたいなあとは思うけど難しいのかなあ。,3
本庄さんの謎解きミステリ『この中に一人、全裸がいる！』に触発されて『わたし以外全員全裸』という話を書いているのですが、何も考えずに一人称で書き始めてしまい詰みました。三人称で書き直します。,2
『わたし以外全員全裸』は簡単すぎるので解説いらないと思いますが、もし解けない人がいたら教えますので連絡ください。と言うかミステリというよりコメディ小説として読んでもらえると助かります、、、,3
Jujuちゃん、お父さんにすごく似てきたなあ。,0
星野源と安倍首相の怪映像が流れてきたのですが、これ本人のアカウントだとしたら早目に日本を逃げ出さなきゃいけないレベルだなあ。,0
こんな私なので確定申告を今の今までやってなかったので焦ってやり始めたら退職共済の源泉徴収票が無いのに気付いて再発行の手続きめんどいなあ酒でも飲むかってなってアコギ弾いてます。,0
病院と薬局の領収書を纏めてそれにかかった交通費を算出したところでめんどくなったので明日から本気出します。,3
ああ、息苦しいなあ。窒息しそうだから音楽買って音楽聴いて音楽作る。,3
ソシャゲやるかってなっていくつかインスコしてやってみましたが、一時間後にはネット麻雀に戻ってます。ああ、雀荘いきてーなあ。,3
うへえ、また飲みすぎた。,2
これだけうちで踊ろうが流れてくるとパパと踊ろうが読みたくなってきます。昔全巻持ってたんだけどなあ。漫喫行こうかしん。,3
私の３大東京は「前野健太」と「踊ってばかりの国」と「GEZAN」です。,0
ご飯食べててガリってなったから歯の詰め物でも取れたのかしらと思ったら奥歯ごと抜けました。なんねこれ,0
アガサ・クリスティー賞に落ちたのでお酒飲みながら一人反省会を始めましたが全然反省できないことに気が付いて今のスタイルを変えないでまた応募しようと思った次第です。,0
大学のミステリ研究会メンバーが絶海と孤島となったリゾート施設で殺人事件に巻き込まれる小説の表紙を夜明けから描いてますが描いては消して描いては消してしてる間に12時間たってしまいました。絵描ける人すげぇなあ。,0
きさめさんにアドバイスもらって、今日はもうやめておこうかと思ったけど、何だかやる気が湧いてきたのでもう少し頑張ってみます。,3
AudiのDTMからの撤退マジですかあ。BMWだけになって存続できるのかしら。やっとスーパーGTと車の規格が統合されたというのに、、、,2
冷凍鶏肉を冷蔵庫で解凍をはじめました。その間に一眠りし。諏訪康彦は冷凍鶏肉の夢を見るのか。はては完成形の親子丼の夢を見るのか。久しぶりのまともな食事だから楽しみだなあ。,3
なんてったって高卒,0
そろそろ合評会の作品書き始めよう。,3
ブログや読書メーターで取り上げて頂いたものでした。宣伝ごめんなさい。,2
おれっちも合評会作品書き始めます。もう一杯飲んでから書き始めます。,3
合評会のお題に沿ったアイデアがやっと浮かんでウェイと書き始めたけどもうぐでんぐでんなので１枚書いてアイデアは箇条書きにして明日以降締め切りに間に合うように書くことにしたのは今日できることは明日もきっとできるはずだし明日できないことは今日もできないとおもったからです。,3
ボッタスには申し訳ないけど、ベッテルにはメルセデスに行ってもらいたいなあ。ハミルトンとバチバチやってほしい。,3
ルノーの空いたシートにはアロンソが復帰してオコンとしっちゃかめっちゃかやってほしい。,3
今日こそ合評会参加作品全てにコメントして評価するぞと意気込んで飲み始めましたが、ぐでんぐでんになってしまったので、続きは明日にします。意気込んでお酒を飲むのはやっぱ良くないっぽいです。,2
「フランスにはキョート大学がないらしいけど、発展途上国なのかい？」こんなん卑怯ですよ笑,0
飲みすぎたなあ。肝臓が追い付いていないのがわかるなあ。,2
初めてエモい文章が書けたあ。でも似合わない文章書くとどっと疲れるなあ。,0
どなたが言っていたか忘れましたが、本というものは高級品として残るのでしょうね。回帰なのかしら。装丁屋さんに頼んで皮を張ってもらって家宝となったり。,3
物凄いどうでもいいことですが、最近10キロほど痩せたので今日(昨日)病院の先生から「どうやって体重落としたんですか？」と聞かれ「お酒ばかり飲んでいて、食べるのがめんどい」と正直に答えたらなんかめんどい検査をされる気がして「毎晩外を歩くようにしました」と嘘を付きました。ごめんなさい。,0
「日本人が他国と違うのは民度です」という人は信用できませんが「これはあくまで観賞用のミントです」と勧められたら信用します。,0
あげていこう,3
朝まで形而上学の激論を交わしていたので、ネットスーパーの宅配があるのを忘れて昼まで寝てしまいました。宅配員さんごめんなさい。,2
変な時間に起きてしまったので小説やっつけよう,3
ダンガンロンパv3再開しました。まだ殺人起こらないなあ。,3
うう、また知恵熱出てきた。酒量を増やそう。,2
色々反省して眠ります。お休みなさい。,2
盛大な二日酔いだけど、向かい酒をしてしまう私は終わってるよなあ。,2
合評会作品を全然書いていなかったので、明日から書きます。グビグビ,3
今日も今日とて酷い二日酔いだなあ。なんだか最近凄く弱くなった気がします。流石に今日はお酒控えたほうがいいなあ。,2
喉が痛くて熱がある。けど、多分アルコールで除菌できた。,3
オーディオインターフェースが死んでしまったようです。わあ、ギリ保証期間内かしら。,2
すげえこと言ったし、フォロワー減ったけどもういいや。私は間違ったことを言ってない。,3
「私は月には行かないだろう（行けなかった）」改稿してどこかで発表しよう。最終選考に残った方、おめでとうございます。,3
ふう、やっと落ち着きました。読後スマホを叩きつけて画面がバッキバキになっても保証しないバカミスの続きを書こう。,3
破滅派合評会作品（お題「初めてのUberEats」）を読んでいてたらUberEatsを頼んでみたくなったのでアカウント登録しようとしたら名前入力欄でどうやっても先に進まない謎現象が起こってしまってブラウザ変えてもだめだったのでスマホアプリで登録するか悩んでなんかアプリ増えるの嫌だなとなりました。,0
意見が合わないと表明するもよし、同調するもよし、霞のような絆で結ばれるのもよし、霞のような絆に溺れるのもよし、霞のような雰囲気にのまれ黙るのもよし、霞のような雰囲気に抗うのもまたよし、稀代の天才無国籍作家の小説を翻訳するのもよしよしよし。,3
「ぐだぐだトーク ONLINE」我孫子武丸×北野勇作×小林泰三×田中哲弥×田中啓文忘れてたあ。観ます。,0
久しぶりに沢山飲んだらから二日酔いが過ぎるなあ。,2
タバコ吸いに行こうとベランダのドアを開けた瞬間カナブンが侵入して来てこんな時間なのに「があああ」とか「うおおお」とか叫んでしまってカナブンは去ったけど通報されてないかビクビクしてます。,0
最近酒量を減らしているのですごくお腹が空きます。食レポブログやTwitterの美味しそうなご飯を見ているとたまらなくなってしまって悶々とする日々なので明日はもう何年かぶりにカレーでも作ろうかしん。玉ねぎを飴色になるまで炒めてちょっとお高い牛肉買ってカレールーは何にしようかなあ。,3
二日酔いが過ぎるのでもう一度寝てしまおう。,3
メルセデスが速すぎるなあ。,0
破滅派第16号「失われたアレを求めて」の応募原稿を書き始めました。他の破滅派同人の方とネタが被らければいいなあ。,3
下津光史の件のnote読みました。真偽の程は分かりませんが、こんなもんでしょうとしか。もう聴かないとか言う方は彼に何を求めてたのかしら。,0
エアコンがあまり効かない上に一日中つけてるから電気代すごいことになりそうだなあ。23度設定でも28度あるんだよなあ。,0
やっとお外が涼しくなって来たなあ。28度あるけど。,0
フェルスタッペンが速すぎるのか車がフェルスタッペン専用車になってるのか単純にアルボンやガスリーの実力不足なのか良くわからないなあ。がスリーは降格後クビアト圧倒してるしアルボンが降格されるようなことになったらガスリー乗ってほしいなあ。メンタル弱いところに親近感覚えてます笑,3
今日は酒を飲むかあ。,3
明日は病院、尿酸値とγGDP下がってればいいなあ。ここ一ヶ月恐らく酒量は半分近く減らしたはず。,3
都々逸がかわいいよ、かわいいよ都々逸。もう全然小説が進まない……,0
弟家族と両親とZOOM飲み会することになったので緊張してます。,0
うちのPCが意識を持ってフォロワーに悪意あるにDM送りつける悪夢を見て汗びっしょりになって起きてあわててスタンバイにしていたPCをシャットダウンしてからスマホでDM履歴確認してホッとしてサクレ食べてます。何やってんだろお私。もう一個サクレ食べてからまた寝ます。,0
うひゃあ、懐かしい。,0
柔軟剤詰替えパックを足で蹴って倒して踏んで運の悪いことに注ぎ口のキャップが開いていて更に注ぎ口が玄関方向に向いていたので玄関が柔軟剤まみれになりました。もう何もしたくない。,2
インディ500の興奮が収まって来たので執筆するぞお。童話書くぞお。,3
大学ではみんな論文とか一度は書くのかしら。高卒の私はその辺何もわかりません。でも反省文はむちゃくちゃ書かされたので得意です。,0
燕三条ラーメンが食べたいです。岩のりと玉ねぎトッピングして背脂はほどほどで。,3
9月締切の公募が多すぎます。10月中旬締めの紙の破滅派を含め4作品同時に書いてるけど1つも書ききれなかったらどうしようかしら。そろそろ的を絞った方がいいのかしん。,0
アニメMAJORのSEASON1から3まで一気観しました。努力が報われて友情の力もあって試合に勝って初い恋愛なんかもある話し好きなんだよなあ。私もいつかこういった話書いてみたいなあ。,3
表彰台も見えていたのに……こんなレースもありますね。,2
「いまのはなんだ?　地獄かな」を超える小説のタイトル思いつかないかなあ。,2
小説の資料を漁っていたらざざむしについて書かれた論文の中に今年初めに亡くなった叔父の名前を見つけてびっくりしてます。同姓同名ではなさそう。MyHeritageで叔父の名前がある論文が35件ヒットしてたのだけど同姓同名かなと思って無視してました。確認してみようかなあ。,3
異常論文の初稿が出来たのですが、読み直したら後半から完全に小説になってしまっているので頭を抱えています。,2
そういえばオール読物新人賞一次にも残りませんでした。2500を超える応募数があったから仕方ないよね、と自分を慰めています。グスン。,2
書き出し祭りでは、この怪文書はなに？　物語として成立するの？　的なのを書いてみたい。,3
弾き語りキャスやってみたけど。恥ずかしすぎて一曲弾いて止めました。ハギシンすげえなあ。,0
角田ポールだあ、やった！,0
AmazonMusicのPCアプリ、うちのDACだと排他モード使えなくてへこんでます。Windows標準ドライバ使えば使えるっぽいけど切り替えるのめんどいなあ。,2
リップスの新作が一片の曇りもないドリームポップなので、パルチザンの小説を書いてます。,3
自分の作品のセルパブランキングを見るのが趣味なのですが、1週間前にモロゾフ入門が読まれて2日後にサイファイ・ララバイズが読まれてまた2日後に短編集が読まれて、次は小四女児連続自殺の解読んでくれという気持ちになってます。ハプニングバーの殺人には行かないでください。あれは地雷です。,0
GoToEatで牛角の飲み放題付き焼肉定食が無限に食べられてしまうのだけど、認識あってるかなあ。,3
1ポンドの福音好きだったなあ。,0
神様はサウスポーはジャンプに切手いっぱい送ってテレカ貰いました。なくしてしまいましたが。,2
国内のモータースポーツメディアがHONDAのF1撤退について感情的な記事をあげてるのスキです。,0
足立区が滅びる云々のTweetを追えてないのでよく分かってないのですが、私が住んでる隣の区なので仲良くしていきたいです。多分全然関係ないことなのだろうけど中学の頃は足立のヤンキーはつえーよって有名でした。,3
SUSURU TVで徒歩圏内の煮干しラーメンが紹介されていたので行ってみようかしん。朝６時半からやってるみたいなので眠る前に丁度いいなあ。煮干しラーメン好きなんだよなあ、エグいくらいのガッツリ煮干しだったらいいなあ。コロナのせいで釣りに行けてないからなおさだら。,3
最怖ホラー短編の企画を見て小林泰三の玩具修理者に出てくる「ようぐそうとほうとふまだなのか！？」が脳内再生すごいのですが、調べたらそんなセリフはなかったようでナイアルホテプの言い換えで「ぬわいえいるれいとほうてぃーぷまだなのか！？」だったらしく愕然としてます。クトゥルフしらんけね。,0
ブンゲイファイトクラブ応募しなかったけどジャッジとファイターの殴り合いのケンカを見たいなあ。バックグラウンドとか優しみにまみれた戦いとかそんなんじゃなくてガチのケンカが見たいのよお。,3
紙の破滅派を〆たので書き出し祭りと次回の破滅派合評会の作品をノーアイデアだけどノーアイデアなりに書き始めました。プロットが書けない私ですが今まで何とかなったので何とかなるだろうという軽い気持ちで適当に書いてます。書いてるうちにいいアイデアで出るといいなあ。,3
明後日、ゴートゥーイートを使って焼肉の食べ放題に行くので、今から断食します。,3
私も染める髪がなくなる前にアッシュグレーにしようかしら。,3
ポルティマオサーキットは高低差があって見てて面白いなあ。最終コーナーからホームストーレトにかけてはSUGOみたい。,0
うーん、今日は予選できないかなあ……,2
おお、予選始まりそう。,3
MotoGPはBS日テレのダイジェストで見ていましたが、中上がポールとったのでリアルタイムで観たくなりました。Hulu契約しようかしら。,3
一ヶ月やってどれだけお金になるかだなあ。正直そんなにお金いらないからマンションの管理費と税金と酒代が稼げるならこのスタイルを続けていきたい。文章力も上がりそうだし。,3
出かける予定なのですが、間違えて眠剤を入れてしまいました。まあ、なんとかなるっしょ。,0
待機(｡･ω´･｡)ﾄﾞﾔｯ,3
はぁぁ･･･王座戦激アツやった。。両先生方、お疲れ様でした(  ; ? ; ｀),0
御二方の今日のお着物、渋くて素敵ですね(´?ω?),0
お願い、辞めないで。,0
天彦先生不足･･･U´???`U,2
弟の高校受験が不安で眠れない姉33歳←私立専願じゃないと無理とかマジでどうにかならんのかな･･･まだ間に合うと思うんやけど、、あかん泣きそうになってきた あぁぁ,0
私も苦労したなぁ。ルイボスティー･ごぼう茶･根菜たくさんのお味噌汁･･･その他もろもろやってみたけど、完母になることは無かった。あの時は主人も気を使ってくれるくらい追い詰められてたなぁ。。,2
今からが正念場でしょうか？ あたたかく見守ります。 先生頑張ってください。,3
遥人くん頑張ってたのに負けててつらい･･･。悔し泣きしてたなぁ。。,2
次の試合楽しみにしてます。君は強くなるよ。,3
最近ふと思ったんやけど。今までどんなに体調が悪くても、無理して仕事行ってた人が多かったのかな。今はコロナが流行ってるから念の為に大事をとってお休みされる方が多いけど、これからも体調不良ならお休み出来るのが当たり前になるような環境になればいいなと思った。,3
御二方とも、今後もより高みを目指して。お疲れ様でした。,3
当たりますようにぃぃぃ･･･！願,3
明日でいよいよ決まります。楽しみすぎる。,3
増田先生、明日に備えてゆっくりお休みください。楽しみましょう＼(^o^)／,3
将棋を見るきっかけになった。いろんな先生を知ることが出来た。将棋の面白さを知ることが出来た番組。皆さま、頑張ってください。私は寝る！笑,3
ビンゴ当たれー＼(^o^)／,3
はわわ･･･。ストレート勝ちしちゃうのかしら( ´??` ),3
木村九段、おめでとうございます(?´ω`?)両先生方、お疲れ様でした。,0
クソワロタwww,0
天彦先生、おめでとうございます( ´????ω????`)激闘いはまだまだ続きます。,0
とても素晴らしかったです(?´ω`?) ありがとうございました。,0
木村先生は？( ??ω?? ).｡O?,2
お月様を見るのが大好きな娘にうさぎコスさせてお団子たべたい。濃厚ふわとろ月見も食べたい。マック食べたい(  ?-?  )願望,3
いやぁ･･･ないわ。さすがにないわ。なんで人の通帳まで持っていくねん。ないわ。,1
待受に貼れるメモ、すんごいいいわぁ( ?-? ),0
旦那に腹立ちすぎて虚無,1
不眠症かしら。。,0
今日の将棋もアツい。,0
おい旦那、聞こえとんぞふざけんな,1
嗚呼、もう好きなものだけに囲まれて引きこもりたい,3
働きたいな。でも保育園がな。。うーん,3
21:00まで待機！天彦さん待機！,3
藤浪がんばれ･･･！,3
豊島竜王強い！永瀬叡王めっちゃ苦しんでる。,0
キター！＼(^o^)／,0
どちらも大好きです！＼(^o^)／,0
うちの息子、何かに似てると思ったらうさぎだわ･･･???,0
命の母ホワイトをマジで考えてたのに授乳中はだめとか･･･。もうあかん。おかあちゃんしんどいよ,2
豊島竜王、かっこよかったな･･･,0
三月のライオン、こんな話だったのか･･･泣きそうだ,2
ああ、切ない,2
棋士の先生方も、こんな風に視えているのかな,3
古き良き本が、また消えてしまうのかと思うとつらい。別に今のままでも困るわけじゃないし、不便でもないので。必要ない。反対です。,2
三月のライオンの映画見たいな。,3
最近真夜中に子供たち起きちゃうのなんでなの( ･?-･? ),2
大量のチョコが本日も犠牲になりましたありがとうございました(  ?-?  )痩せられるわけないよねー?(´･?･` )?,2
【本日の怪獣たち 夕方～】18:30 ごはん？食べたくない19:30 お風呂？入りたくない           お着替えしたくない20:30 遊びたくて眠れない22:00 ご飯食べてないからお腹すいた22:30 遊びたいから寝ない00:00 お部屋全部真っ暗でも関係ない01:30 やっと1人寝た(あと1人)←ｲﾏｺｺ,2
うさぎさん見て癒されよう･･･,3
無になってごはん作りまくったった(  ?-?  )もやもやは晴れない,2
旦那にメール見せたら、あたし同様驚いている･･･！家宝だ。我が家の家宝だ。額買わなきゃ。((((((((((?-?)))))))))),0
大変見応えのある一局でした。両先生方、お疲れ様でした。,0
豊島二冠も勝って欲しい･･･,3
次の対局も楽しみだなぁ(?´ω`?),3
次はカレーうどんでお願いします( *`･ω･),3
弟の模試の結果がぼろぼろすぎる。。高校の受験校決定まであとチャンスは数回しかないのに。。ほんまにやばい事に気づいて欲しい。ゲームしてる場合やない。出来るだけフォローはするけど、もうほんまにがんばれしか言えんのが心苦しい･･･(　-? ω -? ),2
もう1回見たいなぁ･･･(遠い目),3
渡辺先生の感想戦、勝ってるのにとことんやってる所がほんと好き。,0
野良猫さんの鳴き声で目が覚めてしまった(  ?-?  )oh…,2
朝寒い･･･、、もう扇風機も要らんやね(´･ω･`),2
嗚呼、あたしの青春･･･(*´?`*)?観にいきたいなぁ。。,3
とても秋めいた、爽やかな朝。ノースリーブ(笑)でお洗濯干しながら、いつの間にか夏終わっちゃったなぁと感じました。今年もあと3ヶ月。。はや。,2
羽生九段とさいたろさんの対局、激アツやった･･･。,0
もやもやしてもしょうがない(´･ω･`)母ちゃんがんばるよー,2
冷凍うどん好き(*^ω^*)←,0
諦めるか･･･,2
双方素晴らしい対局でした。お疲れ様でした。,0
今日15度台なのか･･･。そりゃ寒いわな(´･ω･`),2
しんちゃんオープニング変わってるー！,0
久々にメイクしたらコテ壊れとるわヤンキー抜けへんわで大変やた←,2
こんな時に限って熱出たやん･･･(　-? ω -? ),2
パパにお風呂連れてかれる時に｢わんわんわわーん｣と言って拒絶した1歳8ヶ月むすこ←,0
アイス食べたいー雪見だいふく食べたいー,3
明日は三角チョコパイ買いに行くんだ･･･(?´ω`?),3
ぇ、何これ終わるの？ほんとに終わるの？,0
昨日、大事な仕事道具とさよならしたんです。さみしくないよ。後悔してない。,2
5年間眠らせてたんだけど、誰かの役にたつなら。それでいい。大事に使ってくれるならそれでいい。使ってあげられなくてごめんね。いい持ち主様に出会いますように。,3
寒くなるとチョコとか雪見だいふくが食べたくなるよねぇ(?´ω`?),3
パソコンほしい座椅子ほしい,3
うーん、いつデータもらえるんやろか･･･。催促するべき？,0
一択･･･,0
なんやめっちゃ笑うやん娘w,0
今日のお姉さんの声聞きやすい。どなただろう。。,3
安定の徹底した感想戦,0
藤川さん今日ベンチやったんか･･･。雨天中止残念やったなぁ･･･(´･ω･`),2
よし、これ終わったらちょっと仕事しよ！,3
達 成 感 ･･･｡ﾟ(ﾟ´ω`ﾟ)ﾟ｡,0
もうすぐバドミントンでハッスルした旦那帰ってくるなー･･･(　-? ω -? ),2
(memo) 井道先生,0
昨日娘とさんぽしてたら、一軒家の駐車場にチョークでけんけんぱのやつ描いてあって思わずやりたくなったのは内緒だ,3
さぁ、次は何のいたずらかな･･･？,3
あの件は断って正解だった･･･,0
なんか強いのでてきたで,0
洗い物出来ないよー,2
この子が禰豆子か･･･！,0
気配が鬼(パワーワード),0
避けきれない･･･(迫真),2
今日は寝れない日か。そっかそっか(´･ω･`),2
投げない幸子,3
息子、ぽんぽんしてる場合やないんやで,2
ぁ、今日の粕汁はとても美味しく出来ました。薄いかな思ったけどちょうどよかったの(?´ω`?),0
(朗報) 娘、寝る＼(^o^)／,0
井道先生からいいねが･･･！ありがとうございます(  ; ? ; ｀),0
めちゃくちゃお母さんしてて、すごい親近感。ご近所さんならお友達になりたい。(恐れ多いことを←),3
ぉ、寝るか？ 寝てまうんか？(^ω^≡^ω^)嬉,3
寝たー！やったぁぁぁ,0
･･･というわけで終わりそうにない。絶対絶命だ･･･。,2
おしりも腰も肩も痛い。がっちがちやで･･･涙,2
1Lの罪とは･･･( ?言?)笑,0
ニトリのローテーブル買ったんです。楽しみ。,3
次は絶対座椅子買う。しりを守るんだ。ふっかふかのやつにするんだ。,3
なんと恍惚なお顔のキツネ様よ･･･。一度は行ってみたい宮城蔵王キツネ村?^???^?,3
この髪型と衣装かわいい,0
藤井くん、持ち時間少ないのに全然気にしないの、ほんとすごい,0
AI出てこない･･･,2
作画崩壊,2
こまっちゃったねーこまっちゃったよー,2
うーん、どう出る,3
はよ寝ろってことか,2
吹き出物できてる･･･ショック。,2
願わくば囲碁の中継もこちらに･･･,3
うどんたべたいよ,3
加古川と言えば久保先生,3
ひとつ賢くなりました,0
聞き手は美人揃いの回でしたか,0
おもちなら何個でも食べられる。,3
おもち食べたいどうしよう。,3
天を仰ぐ稲葉八段,0
めっちゃ大切な局面やんか,3
ゆっくり流れるコメ欄すき,0
よく考えるんやで,3
グラフバグじゃないんですか？笑,0
頭) こんにちはー,0
言うねぇ･･･,0
扇子持ってると、やっぱ落ち着くものなのでしょうか？,3
いつの間にか持ち駒がたくさん･･･！,0
苦しい稲葉八段,0
あぁ、2時間切っちゃう･･･,0
解説お疲れ様です,0
今すごくいいとこなんです,3
全部かわいい！全部尊い！天使！,0
でも体大きくならんくて、3ヶ月で天国行っちゃって。今ならもっと助かる方法あったのかもしれないけど。辛かったなぁ、、,2
しょっちゅう痙攣起こして、どうすることも出来ずたださするだけで。最期はレタス1口食べて亡くなって。かなしかったなぁ。,2
おしりおしりおしり,0
やっと落ち着いた･･,0
かいかいかい･･･,0
きのこもたけのこもどっちも好きだよ明治さん,0
いつか頼んでみたい･･･,3
子供たち、熱心に聞いてますね。お利口さんだ(  ?Ο?  ),0
かわいい･･･かわいいよあぁぁ･･･,0
理想のごはん,3
尊いとはこの事,0
マスクの女子力,0
見習いたい←,3
すぐ復活。タフやなw,0
末次先生からいいねが･･･(震),0
紅葉見に行きたいなぁ。,3
これは悲報,2
とらほー！,0
抱きつきたい･･･,3
お天気も良さそうですね(?´ω`?),0
皆様、頑張ってください,3
破壊力(笑),0
酷い話だ･･,2
恥ずかしがり屋さんなのかしら･･･。何にせよかわいい(?´ω`?),0
一生懸命食べてえらいねぇ(?´ω`?),0
富士サファリパークの公式様からいいねが･･･(  ; ? ; ｀) ありがとうございます。,0
私はいい時代に生まれた(笑),0
こういうのを凪というのかしら。違うかな。,3
ごっろごろ取れるもんな。おいもって凄い。,0
もう食べたい,3
アップ！アップ！幸,0
ママもかわいい(?´ω`?),0
ゆっくり。ゆっくりね。,3
愛しすぎて爆発した,0
おしまいか。そうか(笑),0
けんかしないでぇー,2
気持ちよかったんだね(笑),0
まん丸おめめ！,0
食べたい,3
買う。絶対買う。,3
迫力ある1枚,0
美味しいねぇ,0
今ごんってしたな、息子,0
合同稽古楽しそうだなぁ･･･,0
佐藤会長･･･!!!,0
のあくんお大事に(´･ω･`),2
今年のクリスマスプレゼントはこれを買うんだ･･･。,3
なんとまぁ･･･萌,0
美しい,0
おめでとう＼(^o^)／,0
鉄オタの娘が息子に強要していらっしゃる･･･,0
あぁぁ･･･おもちゃ箱が列車に。。,0
うんうんとその場では頷く娘。,0
遼くんすごいやんか！,0
どの業種でも言えることですよね･･･。生き辛い社会。,2
故意落球って何事？,0
急にホットケーキ作り出した父に群がる子供たち,0
混ぜ混ぜしてるね おいそーね(美味しそうね),3
アンパンマンうーすいるね(アンパンマンジュースいるね),3
攻めてるのに抜けちゃうのか･･･,2
もうすぐ！,3
大きな一打･･･！,3
バリア機能皆無w,2
素晴らしいです。,0
うちにも諭吉くんほしい,3
保存しにいかなきゃ･･･！,3
プール楽しかったのね,0
ぐでんとしてる姿も尊い,0
おめでとうございます＼(^o^)／,0
ごめんね、今年はお祭りないのよ(´･ω･`),2
ちたっ(ぺたっ),0
なんとお利口さんなんだろう,0
アンパンマンの曲がそこいらじゅうで流れまくる我が家。すてきでしょう(ﾆｯｺﾘ),0
寝てた,2
おむつ放り投げてる。あーぁ(笑),0
私はシングル派。旦那はダブル派。,0
ルフィじゃないの。,2
待って。おっぱいは伸びないの。,0
さて何を指しますか,0
久保先生良かったですね＼(^o^)／,0
私までまったりしてしまう,0
実際に見てみたらもっと綺麗なんだろうなぁ,3
これあと2･3日もすればいけるんじゃない？,3
はわわ、渚先生まで･･･！ありがとうございます( ´????ω????`),0
明日の対局も天彦先生だしね。,3
お洗濯取り込みたいよー,3
こねこねー,0
あ、起きた(笑),2
久保先生がめちゃくちゃ喜んでいらっしゃる(笑),0
お寿司食べたい,3
たーしいね(たのしいね),0
ヨットするのがね,0
みんな、お疲れ様でした。,0
くっくー,0
ルンバ！,3
あはははは こんちはーった(こんにちはーっていった),0
旦那はコロッケが食べたいらしい。,0
天彦先生が住んでそう･･･,3
天彦先生が好きそうですよね(笑),3
もうすぐだ･･･！,3
達筆,0
おしっこ緑って何？,0
ルンバ流行ってるのかな？笑,0
久保一族、爆誕,0
あんぱんまんを大声で歌う娘,0
お風呂入ろうぜ(笑),3
タイヤwww,0
梨のパフェ･･･(^q^),3
あ、お昼寝天彦先生終わってた･･･残念←,2
こんなナチュラルな被り物もあるんだね。全然わかんないや。,0
あ、指しましたね,3
先生、大盤の駒は綺麗に並べないタイプですか(笑),0
順位戦楽しみだなぁ,3
わぁ、寝なきゃ。順位戦見られなくなっちゃう！,0
はねた。ぴょんぴょんした。,0
素敵なお写真(?´ω`?),0
自分で押せよと,0
温厚なトキさんがお怒りになっている･･･,0
覚えてもらえてむしろ光栄･･･(うっとり),0
チーム稲葉も捨てがたい･･･,3
ネクタイかわいいな,0
チームまったりのまったり感,0
楽しそう,0
編集も大変でしょうし3分がちょうどいいのでは,3
どっちもがんばれ！,3
今日も寒いからね。カイロもってるのかなー。,3
はぁ、何とか間に合った･･･,0
両先生方頑張ってください ,3
それにしても綺麗な駒だなぁ･･･,0
攻める天彦先生,3
私も名人佐藤天彦をまた見たいです,3
頭抱える天彦先生,0
娘、アンパンマン見て騒ぎ出す,0
ゆっくり座る稲葉先生,0
ごはん選んでる姿も尊い,0
今赤文字出てたね。こわー,0
うちの子ほんと旦那に似てるな･･･(´･ω･`),0
なんかビリビリ破る音がするよー･･･？(ﾆｯｺﾘ),0
気が済むまで破らせとくか･･･,0
このままお昼休憩ですかね,3
カメラ止まっちゃった,2
あ、盤面に切り替わった,0
紅葉いいなぁ･･･見に行きたいなぁ。。,3
冨田先生だー！よろしくお願いします(?´ω`?),0
遠藤関おめでとうございます。,0
まだ考えてるみたいだし洗い物済ませるか＼(^o^)／,3
秋の大山,0
そうか･･･岩隈選手も引退してしまうのか(´･ω･`),2
互角ですか･･･,0
御二方とも頑張ってください･･･(>_<) ,3
天彦先生頑張ってください･･･！,3
天彦先生まだ気持ちは負けてない･･･！,3
天彦先生頑張ってる。。すごく粘ってる。。,3
ハラハラする･･･,0
よしよしよし,0
御二方とも覚醒している,0
天彦先生ベスト！,0
タイトル取り払って手数表示してください(願望),3
つらぁ,2
長時間座ると体にダメージが来る年齢になりました(涙),2
･･･寝よ,3
今日は予防接種にコンタクト購入に1歳半検診に美容院に仕事にと1人でやってはいけないミッションが山積みなのだ(  ?-?  ),0
みなさんのツイートいいねだけして寝よ,3
私もデスラインが近い。。,2
よし、やりたいスタイルは決まった(  - ?ω -?  )?カラーはチョコレートみたいな色がいいなぁ。。,3
1歳半検診終了＼(^o^)／ 予防接種で暴れた子が嘘のように大人しく検診してくれて母はとても助かりました(?´ω`?),0
え、怖。,0
どゆこと！？爆,0
明日は久々にがっつり仕事出来るな。私の尾てい骨痛と左手首の腱鞘炎が爆発しませんように。。,3
えぇぇ･･･ドメさんもう見られんの？,2
よし、落ち着いたらameba見に行こう･･･！,3
本田先生だー(?´ω`?),0
ローテーブル届いたぁぁあ旦那帰ってきたら組み立ててもらおう(?´ω`?),3
私きっと長生きしない(笑) したくもないけど･･･←,2
おぉー！(感動),0
ごはん行ってらっしゃいませ,3
ローテーブル組み立ててもらったら子供たちがもう離れない(  ?-?  ),0
コーラ美味しいよー。美味しいよコーラー( ´????ω????`),0
真夜中のマックは背徳な味がします(ﾆｯｺﾘ),0
よし、これで頑張れる！,3
息子覚醒。母がんばる←,2
めっかわ,0
楽しみにしています。ご苦労さまです(?´ω`?),3
寝て。お願いします。母はお仕事が溜まっているのぉぉぉ,2
湿布してるとやっぱ違うわぁ･･･。,0
肩がバキバキだよぅ。首が重いよぅ。,2
来月は座椅子を買うんだ。そして3月くらいまでには新しいパソコン買うんだ。,3
あと2日頑張ればすやぁっと寝れる。。あと少しだ。(他にも〆はあるけども),3
このままお昼休憩ですかね(´･ω･`),3
すすむすすむ。,3
そんなに進んでるんですか？ はぇー。。,0
礼儀正しい記録くん,0
もうどうにでもなれよあーぁ,1
羽生九段頑張ってください･･･(>_<),3
仕事バリバリしてたら離婚届突きつけてたと思う,1
よ か っ た な,1
わたしはすいみんをもとめている,3
雨よく降ってるなぁ。さむいさむいー,2
うとうとしながら仕事してましたが覚醒しました。さぁ朝まで頑張りましょ(?´ω`?)ｳﾌﾌ･･･,3
夜用にミルクティー作って冷やしといたけど、いまはアイスコーヒーの気分だったわ･･･,2
って思いながら飲んだら、ミルクティーに復讐されおててがベッタベタになりました。すみませんでしたァァァ←,2
しゃあないよね、ダメージ毛だもんね。。さぁどこまで落ちるのか見物だね(?´ω`?)ｳﾌﾌ･･,2
ブリーチしてた部分が1日で黄緑色に･･･(???),2
くそっ･･･！今日は尾てい骨でもなく、左手首でもなく、両ひざが爆発する日だったか･･･！,2
困った。。早く続きしたいのに息子が寝ない(絶望),2
ごろごろしてるから眠たいと思うんだけどなぁ･･･,2
お寿司食べたい焼肉食べたいケーキ食べたい王将食べたいひとりでいきたい,3
何でいいね押しても消えちゃうの？(´･ω･`),2
あと少し･･･あと少し･･･。焦りは禁物だ･･･。,3
あーぁ･･･覚醒してしまった( ´????ω????`),2
ねむむ。。お昼寝はよしてくれ･･･(´-ω-`),3
おやつ食べてるのかな？,3
涙が止まらない(パワーワード),2
何指すんだろう･･･。,3
みんなで考えてる。。,0
感想戦めちゃくちゃしっかりやってる･･･。,0
記録くん、めちゃくちゃ勉強になるね。よかったね(?´ω`?),0
寝不足で頭がふわふわ･･･。今日はさすがにちゃんと寝よ･･･。明日からまた頑張ろう(´-ω-`),3
カーペンターズが好きだと気が付いた。,0
今、多分日本で3番目くらいに動揺してる,2
今だけはカラオケでオレンジジュース片手に大騒ぎしたい気分。,3
初めて地震の通知が鳴ったんだけど、あの音でかなり怖さが増す。心臓に悪い。,0
体調管理も業務の責任範囲って言われてもさ、こっちも健康状態の時と変わりなく普通に生活してたら急に喉痛くなって熱出たんですよ。好きでウイルス採集してる訳じゃないんですよ。そもそも極寒の外での仕事で風邪引いたんでむしろ責任取ってくださいと言いたい。,1
?が達成できるまで固形物食べれないって決めたけど終わりが見えないから餓死しそう。,2
今猛烈に、ちょっと素朴な味のバター風味クッキーみたいなのが食べたい。,3
うるせえやってらんねえよ！って小室さんもやけ酒してるのかな。,0
熱が出ないインフルについて詳しく聞きたい,3
お金がないのでそもそも覚醒剤に手を出すことが出来ない。,2
どこでその人が降りる予定かパッと見てすぐわかる札とかが電車の席上にはあるべき。足が死んでる人には助かる機能。,3
年パスをついに買うかもしれない,3
迷子のプロなので、訪問行くたびにこの先も迷い続けると思う。グーグルマップ以外の良い地図誰か教えて。,3
せっかくの休みなのに、順番にホテルで殺される夢を見て疲れた。しかも最後に私はドラゴンに宇宙まで飛ばされたっていうすごいチープな完結。,2
誘拐の時に口を塞いで縛るみたいなシーンよく映画とかであるけど、鼻詰まってたら普通に呼吸できず死なないの？って鼻が詰まるたびに考える,0
ハロウィンのギャル、いいねえ?。もっと谷間出してスカートの丈短くしてこ。見えないギリギリエロラインで攻めて欲しい。よい。,3
よく考えたら1時間で5千円稼げたじゃんラッキィ?,0
久しぶりに仕事でわくわくわくわっしょい。これ成功させちゃったらそれ以上のこと出来なそうで仕事辞めそうなレベル。,3
反社の人って判断なんて不可能に近いんだから反省しなくていいよって言いたくなるな,3
小中高大とあまり恋愛ドラマや俳優とかにも興味なく過ごしていたけれど、社会人になってから恋愛ドラマ見ればトキメくし佐藤健のラインにもまんまとハマってるしこの先大丈夫なのだろうか。,0
自分の身長と同じサイズの傘持ってる3歳くらいの子がいた可愛い子供欲しい4人くらい。,3
コロナの今の時代、ウォーキングデッドみたいなもん。ゾンビにならないだけで。,0
誰か土日オンライン飲み会しよ今しか無さそうだしやってみたい,3
明日から急に、お店に物が並ぶ姿が見られなくなるかもと思ったら寂しくなったので駅でお惣菜を二つ買った。,2
アビガンは、奇形児が生まれる確率がグッと高くなるから子供産む予定の人は飲まない方がいいっていう情報を最近得た。このコロナを経て、”人はどう情報を得て飲み込むのか”がいかに 重要かがわかってきた感がある。,0
ずっと家にいたら頭おかしくなってきた、笑笑,2
ちなみに同じ学科にも森高千里的存在の私の推しの美人が1人いて今でも可愛かったなあって思うし、本当に写真集とか買うレベルだし体育で同じになった後輩の女の子もめちゃ可愛くて、はあ可愛いってずっと気になってしまっていた2人とも仲良くなりたいとかじゃなくて斜め後ろの席から眺めて(キモいな私,0
明日からついに断食5日間。前回は色々あり準備食で断念したけど、今回こそ頑張る。明日以降狂った投稿があってもそれは乗っ取りではなく単に腹減りで頭狂ったワタシなのでご安心くださいませとか言っちゃったりして。すでにフレンチトーストが恋しかったりして。あとチャーハンも食べたかったりして,3
AKB48の大声ダイヤモンドとマジスカロックンロールを聞いてJC時代を思い出した…男子が他中のやつと放課後タイマンするって言ってた時はこの世界はドラマかよって思ってたな治安の良い学校に自分の子供は通わせたいもんだ,3
もうとりあえず、塩バターポップコーン食べながら映画見て爆笑したい,3
なんでメディアがそんなに毎日数値で煽って(?)くるのか分からなくなってきた??通常季節性インフルのが10倍の人数死んでるなら毎年そっちの陽性者数を報道したらいいんじゃない？？？コロナのが感染力は強いんだろうが、軽症で終わる人が多いなら最早風邪みたいな存在なんじゃないのか分からん,0
城田優が行方不明の女性を探してて、なぜか私と友人も一緒に探すことになり、夜は良くわからない公園で3人で川の字で寝っ転がって起きたら城田優は消えてて、私は狼とかもいる怖いエリアを探すという変な夢見た。城田優、めっちゃいい人だった。,0
この3年が楽しみ超楽しみ。んも?最高の気分。身体は動いてないのにテンション上がって心拍数上がるこの感じ久しぶり。,3
トトロ?トトロ?,3
コバエシネ,1
前向きスクリームのおかげで元気になったよ！笑 頑張るよ(o^^o)今日途中ボロ泣きしたけどね…久々にあんな情緒不安定になった笑,3
むっちゃくっちゃ美味しいご飯をご馳走になったーー満腹そして食べきれずに吐く シャンパンで酔っ払ったんだよ?,0
同期の子の仕事に対する考え方に違和感…。でも私が口出すことでもないよね。わたしは、もっともっと、頑張りたいって思うけどなぁ。,2
仕事もりもりだなー3月はきっと忙しすぎて死んでしまいそうになるねよい24歳の終わりだあ,0
サリースコットのスカート欲しいな買っちゃう？買っちゃう？悩むところです、3万円ちと高いオニツカタイガーの赤いスニーカーも欲しい物欲そして微妙に高級志向それが楽しいから仕方ないでしょ働かなきゃね,3
いつ恋の木穂ちゃんすごく分かるすごく分かるよあのね新しいペンを買った日からそのペンが出なくなる日のことを考えてしまう人間ですっていうところ切なすぎた私もそう、終わりばっかり考えてしまうから幸せになれない思考なんだって反省はするんだけどいつか来る日が怖いの,2
Charaみたいなすべすべお肌になるべくスキンケア頑張るわたし,3
この間買ったクリニークの美容液がさらさらしてていい感じ！今日はお肌に厚塗り感がなくて綺麗に仕上がったー幸せ最近は濃いめ口紅が気分ですチークの位置も変えたよ?化粧品大好きでお買い物がやめられません…,0
明日のワンマン、半分セットリスト公開されてるんだけど、レモン演るのかあ！いいなぁ、レモンだけでも観たいなぁ。あと久しぶりに水の中のナイフが聴きたい。リアルラブ?夜の子供たちも好きだけど、やっぱりアートの序盤には水の中のナイフが欲しい本音。,3
別に怒ってないよ、怒ってないけど電車遅延とか嘘つくのやだな遅れてないよ全然。だけど仕方ないかあの子はきっと私より要領がいいんだもん、生きるのが上手なんだもん、私はせめて誠実でいなくちゃと思う,2
charaになりたかったけどやっぱり髪切ろうかな切ってみたくなった,3
明日、ライブ行ける！そしてそのまま怒涛の撮影に突入しますわよ頑張るしかないってことだね明日髪切ろうかな！,3
明日からは、また、ポジティブに生きてみよう！いっぱい笑う、,3
仕事だー仕事だあー今日も忙しなくいきましょバタバタしましょ必死にやり抜きましょう,3
ヤフオクで狙っていたミナのベルトをGETした！同じ額で出品してたもの売れたし今月の物欲は満ちたぞふむふむふむ,0
少し暖かくなり始めたね春のお洋服が欲しいなぁ！可愛いやつ買わなくちゃね、女の子だもん可愛くありたいの！,3
スカート履けるように直しにいかなくちゃ、明日行こっかな？,3
会いたいな会いたいのにすごく遠い,2
完全に寝不足…ねむい…ねむいなぁ,0
結局昨日は3時に終わってホテルは満室だったから帰って寝た、死ぬように寝た眠い。頑張れるのかな頑張らなきゃなんだけど頑張れるのか不安だ今日もやることがたくさんある…深呼吸して頑張ろ,2
なんで笑うんだろうみんな頑張ってるのにね死にたいなぁって心折られながら毎日ちゃんと立ってるのにね。私が泣きそうになったなんか…今日は少し心が苦しくて辛かったです会社好きだけど淋しいなぁ人とうまく話せもしないのよ,2
会社での立ち位置…完全にいじられキャラ…何故か常々怒られている…,2
幸せだからちょっと怖い今度はどんなオチがあるの？って思ってしまうんだよ。もう、また何か出てきたら、今度こそはやだ！たぶん息が出来なくて、死んだも同然の人間になる。,2
なんだかんだでみんなから愛されてるなと感謝の気持ちになります昨日食べたお肉は非常にうまかた,0
仕事終わった?今日も長かった。毎日眠たいな…頑張らなくちゃ。帰り道、懸賞で当たったビールを引き換えたよ、やったね。,0
クーポンとか試供品とか…懸賞大好きなんだよなー(^_^)おばちゃん(^_^)貧乏性(^_^),0
発熱。。明日には治ってて欲しいな。これじゃ仕事になんないよ！,3
恋人忙しそうだったな?(´；ω；｀),2
アレクサンドラ・スタン大好き??,0
やっぱりダンス習いたいな。mr.saxobeatを踊りたい！,3
会社で、いじられキャラ？なのは構ってもらえるだけいいのかなって思うけど、顔のこととか、話しかけるとうるさいって言われたりとか、好き放題に暴言吐かれるのは、やっぱり悲しいな。冗談か本気か分からなくなってきた。。仕事、出来てないからたくさん言われるのかな。。,2
きっとわたしは取り柄がないからいつも色々言われるんだね。つまんない人間ってことかな。,2
だいたい笑っていられるけど、死ねとか、殺すとか、本当に無理なの耐えられない。冗談だって分かってても心臓がぞくっとする。,2
帰って寝るだよ。なんか疲れちゃった。,2
今日、もう元気ないや。感情どっか行っちゃった。何か怒らせるようなこと、したっけなー…。先輩に今日は一日中ほとんど無視されてたなぁ…,2
仕事中泣くかと思った。やばかった。。考えて動いてたつもりが、空回りで迷惑だったみたい。,2
泣きそうなのが、多分デスクさんにはばれてた、恥ずかしい>_<,2
頭ぐるぐるする。どうしたらいいのかな？,2
気の重かった撮影も無事に終わり。全身筋肉痛、身体の疲れがやばい！気持ちだけ少しすっきり。,0
今日も無事に終わりー＼(^o^)／夕飯のヒレカツ弁当が美味しかった♪明日は出勤前にファンデ買いたいな…時間あるかな？,3
GWずっと会えなかったら悲しいな?…,2
幸せだけど、少しだけ不安だから、占いに行こうかな。chino先生に話を聞いてもらいたい。。,3
一日中フチ子のこと考えてた…はぁ…幸せだ…,0
いま激務。過去1番プレッシャーやばい。やること多すぎて死にそうだよ・・・撮影無事に終わるのか謎だよ・・・,2
そして今日もフチ子買ったよ…ウルトラスとタワレコと巫女さん?かなり安く御神籤と日本代表をフルコンプ出来た?幸せだ??今の幸せはフチ子さんだ??,0
今日は先輩とふたりでご飯を食べに行った。声をかけてもらえて嬉しかったけど、ずっとスマホいじってて、そしたらなんか話しにくくて、話しても返事が返ってこなくて、目の前にいる人に嫌われてゆくのは辛いなと思った。だけど恋人の笑顔を思い出して、あぁ随分幸せだなぁとも思った。,2
大体、人間関係が辛い時、コレクションにハマるんだよなあ。じゅんちゃんの時はAKBの写真、ひーさんと別れた時はサッカー観戦、今は会社の人たちとの関係でフチ子。フチ子に救われる人生…(*^_^*),0
ブレンディのフチ子が欲しい?めちゃめちゃ可愛い。。,3
恋人に初めてイラッと来たよ今日電話もメールも仕事の連絡返さないの何なんだ？？むっかー！今日1日困ったじゃん(●･??･?●)病欠かもって心配しちゃったじゃん(●･??･?●),1
つかれたーー！予期せず明日から現場入り。過酷だわ…。頑張ろう。先輩が優しいから頑張れるかなって思う。ここは居心地がよすぎる。,2
さて。出陣,3
わたしは可愛さじゃなくて媚びじゃなくて仕事面で気に入られたいな…O(*･ω･*)Oﾞでも入社半年、結構馴染んできたかもなあ??,3
tommyのインスタ見てたんだけど…なんか昔よりほっぺがもちっとして口が小さくなった印象で、わたし結構似てるのかもって思った(っ´ω`c)図々しい笑,0
自分磨きはきっと裏切らないよね。美人でも可愛くもないけど、魅力的になるための努力を諦めたくないな。,3
休み明け。出陣ーO(*･ω･*)Oﾞ頑張らなきゃ??力になれるように??,3
あと恋人に会いたいなー,3
ボロボロだよ?撮影行くと絶対こうね??,2
今月はお金を大事に使おう…??と、なんとなく思った(*･ω･*)でもいい加減洋服買おう…,3
めちゃめちゃ安く微糖フチ子買えた??！しかもシークレットさんもいるし…落とせたの奇跡だあ∑(??口??)!!,0
やっぱり引っ越そうかな悩ましいなーー,3
Charaかchocolatに、なりたい,3
グリコみたいな逞しさは、わたしにないのかもしれないね生き方が分からない息苦しい…居場所がない淋しい,2
アイノネ泣きそういま本当に苦しい。,2
そして余計な心配をして悲しむのはやめよう。,3
仕事をしなくちゃ仕事を、仕事を,2
あさってyen town bandの新曲発売だよ、my town。グリコ??,3
仕事、ようやく終わって、いまからカプセルで寝るーー今日すっごい安く取れたラッキー怪しい気配を感じたら予約、これ鉄則ですな,0
週末もしかしたら鹿島行けるかもしれない…歓喜の瞬間に立ち会えるかもしれない…！仕事休みたいから明日死ぬ気で働こう(ﾟoﾟ;;,3
サッカー好きな友達ほしいな?…,3
今日帰れるのかな？笑帰れる気がしません、ふーーーでも仕事してないと不安だ,2
余裕で24時間働いてる。。ねっむーー服きがえてーーー、,2
やっぱりあんな言葉でしか叱れない先輩は間違っている,1
さくっとお金使っちゃったな欲しいものたちだったからいいんだけど、買い物してもあんまりストレス発散にならなかったな疲れちゃったなー…,2
仕事で3徹…いい加減ふらっとしてきたよわたし！,0
壊されてたまるかわたしは,1
だけどあの人はわたしと彼に何かあるって知った上であんな風にするのかな見せつけられたみたいで少し切なかったなー,2
お前なんなの？って今の先輩にも前の先輩にも言わせてしまうわたし情けなくて涙出てくるよ,2
お前最低だなだって最低なんだろうか最低なんだろうな,2
わたし本当に凹みやすくて心もそんなに強くないんだけどCharaの曲聴くと本当にねふらふらでも女として凛として笑っていたいなって思うんだよね今から会社行って勉強してこよう 色々と！,3
ストレスフルで家に帰ってもむすっとしてしまい家族の空気が悪くなっている引っ越さなきゃかな誰かを傷つけるのは嫌だからひとりで飲み込むのがいいかな,2
わたしはきっともう友人に戻れない気がするよ,2
酔っ払って気持ち悪かったけどちゃんと最寄り駅まで電車で帰ってきた タクシー魔人節約に励む の巻,3
会社での肩身が狭い一生懸命やらなきゃと思って一人前になれるようにと思って頑張っているつもりだけど、作った映像資料を見てもくれないわたし必要ないのかな？間違っている？,2
ごはんを完食しようという意欲がまったくない怒られてしまうかな。今日もハンバーガー屋にきて見事に全部半分ずつお腹いっぱいなんだもの…,2
わたしは好きだったよすごく大事でした,2
いじられてるんじゃないきっと本当に嫌われているんだな笑えなくなっちゃった。会社行くの辛いなぁ,2
オリンピック見て徹夜卓球→柔道→体操→サッカー→卓球と見て…競泳も見なきゃ(o_o)寝る暇なしっ！,3
coccoかわいいな??天使みたいね,0
恋をしてよかったもはや愛です,0
どろどろに煮込んだ桃のジュースに飛び込んで埋もれてしまえ体調が悪くてどうしたらいい…,2
友人、寂しくて出会い系にハマって、上っ面恋愛をしているんだろうね、かわいそうに。本当にかわいそうに。でもわたし、その友人の上っ面恋愛より価値ないんだもんね。笑える…。もう縁は切れたのかな、いつか私が結婚することになってもあなたは呼ばないから安心して。,2
抱きしめたいなー会えない時間は愛を育てるけど五感には勝てないな きっと,2
朝、起きられなくなって、どうしても眠くて眠くて、情けない。会社行かなきゃって思うのに、会社行きたくないなってそればっかり思って、どうなるんだろう？人生,2
身体がすごく怠い。やばーーい,2
明日も仕事かぁ大変だ…,2
仕事行くのが嫌すぎ辛すぎ憂鬱すぎるよもうやだほんと現場向いてないよ頑張るしかないけど、頑張る力がなくなりそうだよ,2
謎の予感ねたぶんそーなる,3
先輩やばいな、、、可愛いなぁおい、、、ふにゃっと力抜けてて可愛い,0
会社の先輩 むかーー！きらいすぎてやばいです！,1
なんかいま、何もやる気が湧かなくて、起きたくない。仕事やめたい。どこか遠くに行ってしまいたい。母親とふたりきりでいたい。何もかもが、いやだよ。,2
facebookやめよかな人様の近況を知る必要があるのかとふと思ったのと、自分のために生きようと思ったんだよねーーー人に見栄張っても仕方ないよな,3
とりあえずダゾーン 入るかな！サッカー観たい！,3
来週末プチ旅行?伊香保温泉でのんびりしよう元気を出さなくちゃなぁーママちゃんと2人旅だね！,3
しかしながら来週怒涛の仕事量撮影やだーー撮影やだようーーーでも居場所がここにしかない不条理死にてえーーと言いながら働く毎日 ははは,2
苦しくても悲しくても乗り越えなきゃ生きられない忘れることは出来ないから,2
自分を見失わないようにせめて私は私を愛してあげようとそう思ったら少しだけ、目の前が明るくなった毎日はかけがえのない1日だ,3
DAZNは便利なのですが止まる！画質が微妙…仕方ないけど…うーーーん,2
スンテーーー！ありがとうスンテ！やっぱり鹿島やめられない,0
フェフ姉さんーーー面白すぎて涙出てきましたはぁーー明日も頑張れますーー,0
GKは昨日川島がよかったから何とも言えないけどやっぱり本来は世代交代するべきポジション。若手育てないと。DFは長友に代わる選手育てたい。酒井高徳見たかった。センターバックの控えに昌子がいる頼もしさ。ただ試合に出さないといざという時も使えないからなぁ なかなか難しいけど。。,3
前半見た感じは充孝、レアンドロが非常に微妙そしてPJ覚醒しないなーーー中盤変えてほしい、勝つためにも,3
やはり充孝とレアンドロがフィットしていなかった レアンドロに関してはフィットとかいう問題じゃなさそうだけど。遠藤と土居入って少し安心したけど、永木も不調ですかね。PJの決定力のなさは結構深刻だと思うのよね 金森まだ試してないし赤崎放出しちゃったし何気に層が薄いんだよね。,2
あと札幌が強い。強いのに勝ちきれないのがもったいない！今日も磐田に2点先制したんだよね、すごいな? 都倉大爆発してるね。サッカーは面白いなぁ ちゃんと戦術とか分かるようになったらもっと面白いんだろうけど、15年見続けても相変わらずミーハーなままだな ふふふ、、、,0
分かってるんだけど、多分本当は変えたいんだけど気弱いから反抗しないし、明るくないし可愛くもないからなんとなく見下されるのよねーー男の人からはひたすらいじられる女の人からは単純に好かれない 笑なるべく笑ってなるべく化粧頑張ってるけどあんまり変わらないなーー,2
なぜ大声で人の悪口が言えるんでしょう 謎です、、どんな気持ちで言ってるんだろ、、せめて自分は穏やかでいたい話しやすい人でありたいなーー,3
電話だけ優しい先輩 謎シカゴでもう仕事嫌だーーとなっていた時だったのでホッとした、、この尋常じゃない肌荒れはなんだ会社行きたくないーーー,2
再来週からの仕事乗り切れる気がしないです、とりあえずfantasista聴いてテンションだけ上げているkjって本当に顔整ってるなーー,3
会社の人、口悪すぎ言葉汚すぎ悪口多すぎ無理だ！心が蝕まれてゆく。聞きたくないから狭い部屋に逃げる。ぞわぞわする。悲しくなる。,2
毎日こんな風に好きな人といられたらなぁいいのに。なんて。,3
人には笑える話と許せないラインというのがあります 私は笑い話に乗ってずけずけと踏み込む人が嫌い。笑ってばかりの人間にもちゃんと悩みはある。人の痛みが分からない人や相談に乗れない人にはガッカリしてしまうんです 強くありたいけど、でも、1人では吐き出せないでしょ。,2
久しぶりに20時間ぶっ通しで働いたら疲れがやばい 今からお風呂入って仮眠3時間？,2
久慈アナ お顔しか知りませんがなんて可愛い人なんだろう！女の子の中の女の子って感じ、お人形さんみたいな。。でもわたしはやっぱりテレ朝の久冨アナと弘中アナが好き ^v^,0
逃げちゃいたいなーーもう全部投げ捨てたいです,2
ずっと行ってみたかったお花屋さんで紫陽花のお花束を買ったよ。野草を摘んだような感じで、すごーく可愛い！帰ったら、部屋に飾ろう♪,0
明日撮影！規模は小さいけれどメイン2本目スムーズに進むといいな?めいっぱい頑張るぞー,3
docomoとミスチルのCMいいね♪やっぱり昔の携帯電話ってかわいいなぁ?って改めて。,0
服の趣味と顔のくすみが合わなかったので笑、初めてコントロールカラーを使ってみたのですが よい！ブルベの色白になって口紅がよく映える、嬉しい?,0
アートスクール新曲！どきどきしながらDLです昔より愛に溢れてる感じがするライブで聴きたいなあ、スカートの色は青evil city / cool kids,3
今日高校時代の女友達に会えるかも? わくわく♪(*'v'*)仕事切り上げられるといいな♪,3
体質変わったのかお肌がめちゃ弱くなった…にきびが全身に発生中&よく使ってたパックで頬ひりひり(T . T)きれいな肌に戻したいーー,2
最近は朝ネバヤンを聴いて出勤している、幸せな気持ちになる！一時期とても仲良くしてもらってたから、最近たくさん人気でわたしまでなんだか嬉しい！わたしも頑張ろう、頑張らなくちゃって気持ちになる。生きて夢を見なきゃ^v^,3
石川直宏選手引退、、サッカーファンでナオを嫌いな人っていないんじゃないかなプレーも人柄も素晴らしくて他サポながら本当に悲しいよーーー,2
夏バテなのかなーー昨日からなぜか固形物食べられず…,2
増田誓志、清水移籍！もう1度Jで見たかったから嬉しい。あの頃の鹿島懐かしいな、田代に野沢に興梠にマルキーニョス…左サイドには新井場…贅沢…！,0
今日も長時間労働なぜか脚がつりそう。。週末なにしよ♪わくわく^o^,3
初 GINZA SIXkalen walkerでピアスと指輪を買いました、可愛くてうっとり ^v^おろしたてのpar iciの外行きワンピースを着て。なんだかウキウキの土曜日になりました！,0
コンペ〆切まであと1ヶ月。書き上げるぞー！！！仕事忙しそうだけど両立頑張る！,3
脚本が書きたい。だけど恋もしたい。,3
中村くんすっげーーー！,0
あした撮影あした撮影緊張します、お腹痛いですスムーズに進むように頑張ろ出来るはず、出来るはず…,3
仕事が出来なさすぎて自分にがっかりする、あーあって泣きそうだったよ 先輩が厳しいなりに気を遣ってくれて申し訳なかった。。今日は頑張りたいな泣いてる暇ない,2
毎日屍のように寝てる現実逃避 現実逃避,2
わたしはわたしとして、生きるのみ なのだと誠実に生きて行くだけなのだとあの人には浮気されて、あの人には2号さん宣告されて、あの人には実は妻子がいたと知って、あの人は私と別れてすぐ結婚を決めたけどわたしにはわたしが必要だ愛してあげなくちゃいけない,2
あと会社で軽く見られすぎてわたしはもう消えたいです。セクハラで訴えたらどうなるのかな、どうにもならないんだろうな。上司は会社に必要な人だし、どうせわたしに隙があるんだって思われて終わる。気持ち悪い。それ全部知ってるのに私を差し出す上司も気持ち悪い。,2
頭悪いからさ わたし恋なんかするとダメね,2
久しぶりの美容院！思いきり自分磨きデーです髪をきれいな色に染めてるよなんだかわくわくします,3
なんか色々ヤケクソ感あるけど、わたしは好きな人が好き でも抱きしめてはもらえないんだろうなぁ嫌われてしまうかも、もう嫌われてしまったかも、でも好き。,2
当たり前のことを、当たり前じゃなく、誠実にこなしてゆくこと。そうすれば大丈夫だよ探さなくていい、求めなくていいんだよっていい歌だなあ泣きそうになりましたでも笑顔になりました,0
顔のこと、声のこと、人から言われるたびにわたしやっぱり傷付いてたんだなって今日思った。不細工だって言われて、人と違う声を笑われて、いつも笑って返していたけど、うまく笑えなくなって、今はただずっと苦しい。,2
東京はひとが多すぎて息苦しい嘘がたくさん蔓延ってて目眩がする電車には美人がたくさん乗っている生きているのがとてもつらい神経図太くなるセミナーとかないのかな こんなところにつらつら書くことしか出来ないです。,2
1週間で残業55時間っておかしいよね…1日8時間も残業してる もはや仕事しかしてない。ギリギリまで寝たくて今日はすっぴんで出社してしまった、想像を上回るブスさに多分引いたと思う ブスって言われるの辛いから化粧頑張らなくちゃいけないんだけど眠気に打ち勝てなかった…,2
悩みも失敗も全部笑い話に変えなくてはいけないのかな。助けて、なんて言ったら、冷たい目で見られるのかな。わたしを助けてくれるのは誰なのかな。そんな人誰もいないのかも。,2
日差しが強くて美白死守との戦い状態。早くも今日2度目の日焼け止め塗り直し。今晩はまたパックだな(*???*)そして久しぶりに美白点滴も行かなくちゃ。,3
本当に会社の女性陣なんであんな大声で悪口言えるのか謎。。いくらなんでも暴言吐きすぎ、失礼極まりない。ほんっとに不愉快。そういうのは内々の飲み会で言えばいいこと。死ねばいいと言いながら笑ってる大人の女性って…もう軽蔑の対象でしかない。。,1
仕事終わったーーいま5時前 出社は4時間半後寝れるのはだいたい2時間かな今月まだ休みがない行きたかった明日のライブも行けない 土曜日もまた仕事らしい空っぽになりそうな26の秋,2
今月だいたい終電逃してて、3日に1回は徹夜で仕事してる。こんな風に働いていたら人はいつか死んでしまうんじゃない？今日も2時間しか寝れない＋明日も朝までコース確実という絶望感。。,2
千代田線がストップしたので急遽タクシー運転手さんってなぜ見ず知らずの人に政治の話や宗教の話、他国の人の悪口を言うのだろう… もし私が反体制派だったりその宗派だったり在日の外国人だったらどうするんだろう といつも不安になる,0
テトリスに白熱してたらこんな時間に、、、時代間違ってる感がすごい、、、,2
鹿島vs浦和DAZNにて観戦中残り3試合か 早いな?1年ってあっという間,0
縁は繋がる。ちゃんと繋がる。会いたい人には会えばいい。気持ちは届くし伝わる。わたしはわたしを信じる。,3
気が強くないと笑われてオイシイと思わないといつだって明るくいないとそうじゃないとダメなら、私はもう生きるのつらいっす。,2
ナンバガ、アート、バーガー聴いてると堕ちるわ?そうしないと光が見えないタイプダウナー系の曲が好きなんです今はノーベンバーズを聴いているpicnicが名盤すぎて抜け出せぬ,0
先輩の顔が見たい。,3
鹿島のDFみんな代表入り…！！三竿も夢生も！嬉しい?！これは観に行かなきゃですね、、,3
明日も仕事がてっぺん過ぎに終了→翌日10時出社?朝までコースでまた睡眠不足なのが目に見えているので 徒歩1分のホテルを予約。ぎりぎりまで寝たい(;o;) 働きづめの12月だや…,2
俊輔と富田さんの対談よかったな?！互いにリスペクトを持っている感じがたまらなく素敵 少しウルっときたよいつか俊輔が引退するときには本当に富田さんを試合呼んでほしいね,3
あと1ヶ月で脚本書ききれるのか不安だけど、手抜かずに頑張ります！生きろ愛すべきダメ女たち。ストーリー書いてると感情移入して泣けてくるのよね。ダメ女もダメ男もそれなりの葛藤とともに生きてるんだなぁと思うと苦しくなったりする。,3
あみみ結婚！おめでたいーー！なんかとても嬉しい,0
クラブでも行って踊りたいなたくさんの痛みと痛み止めのような場所,3
仕事てんこ盛りで間に合わないかもと思ったけれど脚本無事に書き終わりました！コンクールにも応募完了です素敵な旅だといいなどうかしなやかに戦ってきてね,0
まぁ、選考は無難にならざるを得ないよね。あとでゆっくり予想しよう。,3
仕事お休みもらえたので鹿島vs名古屋をテレビ観戦中DAZN最高！飽きない！やっぱり土居聖真と鈴木優磨のプレーは魅力的だな?今季ほんと勝ててないけど、ホームのパワーで頑張ってほしいなあ,0
独り言の掃き溜め知り合いとも繋がってないツイッターだけど 誰か知っている人に見られていたりするのかな？なんてね。さすがにそれは自意識過剰か、、、,2
録画していたコンフィデンスマンJP、やっと観れた！やっぱり古沢さんの脚本面白い?！長澤まさみさんの弾けっぷりが可愛くて最高だった(=´∀｀)東出くんも小日向さんもコメディ合ってる…！,0
あーーーサーティワンのキャラメルリボン食べたいよーーと思いながら今日の夕飯は鶏肉と刺身蒟蒻と豆腐にします。,3
休日出勤すると昼食代が出るので、それに甘えてバナナジュース飲んでしまった。。ダメだなー。反省。。今朝は43.5kgだったけど、どうかな…(´；ω；｀),2
コンペに出すための脚本ネタ、早く決めて動き出さねば。まずはテレビドラマ創作大賞、次に城戸賞、そのあとWOWOWとテレ朝。頑張るぞーー！！,3
今日2試合目、FC東京vs札幌を観戦中。上位対決！札幌はワクワクする試合が多いから今日も楽しみ。しかしF東は選手が豪華だわ(*'▽'*),3
トーレスも決まったら鳥栖戦もぜひ観たいです。最終節だからこれはまぁどっちみち観に行くかな(???),3
ジーコジャパンが上手くいかなかったのはやっぱり中田の孤立、これに限る。松田みたいな、中田をいじれる人間がいなかったのが大きかった気がする。,2
あっでも、ポリバレントに関しては「は？？？」って全力で思ってます。スペシャリストの何が悪いのか分からん…,0
仕事が長引いて4時帰宅、これからシナリオ講座、お昼過ぎからネイルを替えにvirth。かなり眠い。がんばる。,3
でもやっぱり生まれ変わったらCHARAになりたいんだけどねわがままな猫ちゃんみたいな顔とハスキーな話し声とキュートな歌声…どれも今の自分と違うからどうしたって憧れちゃうのよ (??ω???),3
柳沢の不倫報道。。なんか 男の人ってみんな不倫するんだな…ってガッカリしちゃった。っていうか一途な恋愛なんて 私の幻想だったりするのかな。会社も浮気や不倫ばっかりで、現実の厳しさにちょっと疲れちゃう。,2
昨日観た「万引き家族」をまだ引きずっている 何が辛いってあれが現代の日本ってこと。。背を正して生きられない人の中にも愛はたしかにあるのだということ。,2
コロンビア戦、私の希望はGK中村、DF酒井宏樹、昌子、吉田、長友、MF柴崎、山口、乾、香川、原口、FW大迫です（???）過去2試合と今日の試合を見る限り柴崎、酒井宏樹、乾、香川は当確。というか使わないとおかしい。GKは分からない。長友はやはり堅いかな。CBも混戦。,3
昌子、柴崎、香川、乾の重要性を今分かっておけたのはデカい。一発勝負の決勝Tでは、槙野は出してはいけないということ。宇佐美は乾の代わりになり得ないということ。,3
ラウンド16はベルギーと。2位抜けなのでどえらい強豪の山に入ってしまったけど、せっかくのW杯だもの。ただ個人的には案外いい方に入った気すらしていて、日本の下剋上が始まる予感がふつふつ。ベルギー超強いけど、日本は試合毎に調子を上げてきているからいい戦いをして勝つと思う。言霊。,3
気が早いので次の代表について考えている。有望株いすぎて未来は明るいな?（???）当分は柴崎が中心、キャプテンは昌子、GKは中村航輔の時代になると思う。久保、中島、堂安も入るだろうし楽しみだな。,3
アイナナライブに行ってきました！すごく良かったなあ…！仕事で関われて、アイナナに出会えてよかったです(*'ω'*)??大好きな曲いっぱいで盛り上がったわ??,0
仕事が出来て可愛くて器用で愛されキャラだった同期の退社は思ってた以上にどっしり来る。週末の送別会も人がたくさん集まっていて、愛されるってこういうことなんだなぁって。。花束たくさん抱えて笑ってる姿がとってもとっても可愛かった?でも すごく淋しい。,2
頭痛がひどくて会社休んじゃった。体力つけないとダメだな。。明日は気合い入れて頑張ろう！！,2
私やっぱり日本が好き。1番好きだと思う。ここに生まれて、ここで育ってきたことは幸せだな、と思う8月6日。過去があって今があるということを忘れてはならない。,0
帰省する人々に混ざり身軽に大阪出張です新幹線大混雑なのでグリーン車に乗せてもらいました、贅沢！仕事は超絶気が重いけど…明日、大阪でサンリオ満喫してから帰る計画♪(?????)♪ ポップアップショップに行きたいな? だからそれを楽しみに頑張る！！,3
シナリオコンペ締切まであと1週間…書ききって応募しますよ！！！,3
やっと初稿上がったー！今からプリントして赤入れ。明日速達で応募します。間に合うかわたし_(:3」z)_,0
無事に明日提出の課題書き上がりましたーー 今回のタイトルは「アウトサイダーズ」今までで1番内容的にお気に入りかも。すらすら書ける感じがしたし。。しかしながらやっぱりコメディです 自然とそっち側行ってしまうのです。本能だな！,0
誰にも期待しないのが一番いい自分しか信じられないのだたまに自分すら信じられないけど,2
今日の日本代表戦までに家に帰れるかどうかが私の戦いである。スッと退社したい。18:45までに会社出れば、キックオフに間に合う！！,3
口軽い人ってきらい。おやすみ。,1
花の金曜日、上司の誘いを断ってひとりファミレス敢行中。明日提出のシナリオ課題が全く終わってないからですヽ( ´o` )ノ 家に帰ると気が散るからね…頑張る！！,3
脚本家になりたい。いつかは母になりたい。そういう夢があるから。まだまだ頑張りたい。生きていたい。そんな朝だよ。,3
今日も鹿島勝利！しかも5-0で完封！！ここ最近ずっと超過密日程なのに勝ち続けてて 本当に強いんだなぁと思う。若手が育って層が厚くなった＆外国人勢が好調なのが大きい！あとは優磨が夢生抜けてからエースとして覚醒したね??(?ω?*)??,0
また1週間が始まってしまう、、、でも毎朝まんぷくがあるじゃないかっ 今週末もサッカーのチケット確保してあるじゃないかっっ！と自分を鼓舞して何とか生き抜く。,3
黒岩くん、すごくきれいな顔立ちで素敵なんだけど、いかんせん頑張っても高校生にしか見えない。そして聖ちゃんも大学生にしか見えない。。だからあんまり禁断感がないような。比べちゃいけないけど、「魔女の条件」の松嶋菜々子さんとタッキー、最強だったな。。,2
月末やっぱりお休みもらって弾丸で韓国行こうと思う。ACL、鹿島vs水原三星を現地で観たい??,3
準決勝敗退。あと一歩足りなかった。後半のプレーがよすぎただけに、前半の失点が悔しすぎる。今日は守備陣がどうも良くなかったね。。あとはなぜ曽ヶ端と金森がスタメンだったのだろうか  謎。。,2
今日は「まんぷく」「忘却のサチコ」「獣になれない私たち」観ました、全て録画にて。ドラマ漬け！,0
誰かに助けて欲しい訳じゃなく、ただ、誰かと話をしながらご飯が食べたかった。今日は。淋しかった。,2
12/1の鳥栖戦チケット確保♪最終節、トーレスも気になるけど夢生くん出たら嬉しいな！こちらもスンヒョンをスタメンにして、、みんなで愛の大ブーイング合戦をしたい 笑。,3
ニュースに出てるけど昌子 来季は海外だよね、優磨も行くかもしれない。でもなんか山口一真には昔の優磨みたいなギラギラした闘志を感じるし、スンヒョンもわんちゃんもマチも育ってきた、強い鹿島は続いてゆくと思う。,3
もう仕事したくないって思って朝起きれなかった。でもそしたら私は何をして生きていくんだろうね。,2
昨日、何をどうしたのか、感情の行き所が分からなくなって、悲しいのか疲れたのか嬉しいのか楽しいのか、でも何故かすごく泣きそうになって10時には倒れるように寝たのに、こんこんと眠って朝11時。身体が重くて重くて動けず、なんとか起きて今から会社。自分でも自分が分からない。風邪？？,0
仕事を早々に切り上げ高速バスでカシマスタジアムへ?(^?^)? 発車時間ギリギリになってしまいオフィス街を走るわたし、なんでこんな日にヒール履いた！！と自分を恨みつつ。なんとか間に合った?！肺が痛い！お腹空いたから着くのが楽しみ♪,3
世の中の人はなんですれ違いざまに睨むの？駅で豪快にぶつかっても謝らないの？？そこに何の意味も感情もないとは分かっているけど、それでも、いちいち悲しい気持ちになるよ！,2
気温6℃、私は既に寒過ぎて死にかけです。末端が冷えきってて感覚がにぶい。遂にヒートテック極暖着ちゃったよぅ。会社用に足元ヒーター買っちゃったようぅ。,2
冬ドラマはちと偏った印象。刑事もの、弁護士もの多めかな？個人的には「いだてん」が1番楽しみ！クドカン脚本！！あとは「3年A組」「スキャンダル弁護士QUEEN」「初めて恋をした日に読む話」「ハケン占い師アタル」「みかづき」あたりを観てみようかな。コメディ系は一旦全て観たいな?,3
罵声って浴びせられ続けると無になる。,2
板倉の海外移籍はびっくり！しかもマンC経由フローニンゲン行き。DFがどんどん海外で経験積める時代になったんだなあ、すごいな?！頑張って欲しい！！,3
頑張っても頑張っても別に報われはしないのが人生。ナンバーガールが沁みる。,2
先輩が猫みたいで（見た目もぼさぼさしてて野良猫みたい）ワシャワシャ?！可愛いね?！！ってしたくなるこの欲求と感情なんなのだろうか。なんかとても飼いたい。,3
池江璃花子ちゃんのニュース、本当にショックだった。あんなにも必死に努力しているのに、病気は平等なんだからやるせない。,2
残業しすぎて電車走ってる時間に帰れる！しかも有り余るタスクをこなすのに必死で眠気なし！ただ虚無感がすごい朝焼け。だけど耐えろ、生きろ、ナンバガを見るまでは。,3
最近毎日残業祭り、2日に1回は16時間労働、胃が痛くて吐きそうでも仕事は一向に終わらないし、上司は容赦なく新しい仕事を私に渡す。,2
全てのオーダーに10分以内に応えないといけないような風潮。わたし他の案件も抱えてるんだけどな。毎日ぎちぎちで働いてるのにな。ていうか私の睡眠時間は？食事は？お風呂入る時間はどこー？？,2
約束って大事だよね。,0
早起きして京都出張。ミッシェル聴いて目を覚ます。,3
令和、とても素敵な元号！凛とした日本らしさを感じます。やはり漢字って美しいな?。,0
土曜に飲んだお酒がまだ抜けないアラサー。,2
U20W杯観たいので寝ます。起きれるかなー。おやすみなさい。,3
電車の冷房強すぎて凍える季節。。,2
仕事、なんだかやるせない。ひとりぼっち。頑張りたいけど、たまにすごく弱音を吐きたくなる。,2
無気力。仕事したくない。何も考えたくない。,2
むぎゅーって潰されて少しずつ萎んでゆく感じ。寂しいなぁと、辛いなぁと歩いても街は知らない人ばかり。ドラマみたいなことは起こらないよ。わたし、今日もお疲れさまでした。,2
無気力だ  なんだか今日は無表情だ  消え入りたいけど仕事は途切れることがない。,2
だから先々のことちゃんと考えて仕事している先輩に色々聞かれた時、あーあ、私の仕事ぶり最低だなあって虚しくなった。今日を生きるだけでヒーヒー言ってるような低レベル人間。,2
幸せは自分で見つけに行かなくちゃ。来週はサッカー観戦、再来週は親友とフェス、その次の週は母親と山形旅行。大好きな友達の誕生日もお祝いしたい。そのために生きるし、仕事頑張るさ！！！,3
今季観るドラマは「スカーレット」「時効警察はじめました」「G線上のあなたとわたし」「モトカレマニア」に決定！コメディはやっぱり大好き??,3
明日はU22代表戦！堂安と久保も合流しての試合、楽しみ。オリンピック近いからアンダー世代が今1番気になる。,3
今年観に行けるのはあと2試合かな？Jの神戸戦と天皇杯準決勝の長崎戦。あっという間に1年は終わるのだね。そして願わくば  年明け一発目は国立競技場で迎えさせてくれ。,3
仕事忙しいな。やだな。休み明けの現実感すげえな。頑張って乗り切ろっ。,2
完敗！そして優勝戦線離脱。試合前の「奇跡を起こせ」大合唱は身震いがしたけど、終わり側のこの曲は悲しかったな。まぁ今日は西大伍に愛の大ブーイングを送れてよかった。気持ち切り替えてJ最終節、あとは天皇杯優勝を目指して頑張りましょう！！,3
大岩さんついに退任かあ。色々言われていたし私も一時期は思うところがあったけど、主力がごっそり抜ける中、若手主体で奮闘してくれた。昨年はACL制覇もあって夢のようだったな。大岩体制最終戦は絶対元旦にしよう！優勝して花道飾るぞー！！！,3
会社辞めたいなぁ…生きていくためには働かなきゃいけないともちろん思うけど…起きるのがつらい…毎日頭痛がする…上司に会うのが嫌だ…なぜ明日も明後日も仕事なんだろう…いま猛烈に鬱々としたモードだなぁ わたし,2
やっと帰る。ただただ寝たい。毎日16時間くらい働いていて割とつらい。そして明日も早い。明後日はもっと早い。,2
どんなに仕事辛くても死にたいとまでは思わなかったけど今何故か猛烈にスッと消えたいよ??  でも天皇杯観たいしオリンピック観たいし生きる  時たま陥る人生つらすぎる期、何もクリスマス直前に来なくてもいいのに…,2
今日は少しゆっくり寝れるなぁ  と思っていたら急に朝プレゼンへの同席を求められるの巻。朝は眠くて寒くて全面的につらい。,2
2020年は、新しいお財布にしたいな?。心機一転。今のイルビゾンテもお気に入りだけど、7年使ってだいぶくたびれ気味＆元彼にもらったものだからそろそろ手放しても良いんじゃないか  という気持ち。,3
昨日久しぶりにちょっとだけお酒飲んだら、帰路で見事に貧血起こして辛かった。。おかげでサッカーの冒頭5分を見逃した。やっぱりお酒合わないかも。飲んだところであんまり幸せにならないな。,2
明日も月曜も仕事なので全く気が晴れないいぃ。今の上司が苦手すぎて名前を呼ばれるたびに目が回る。会社つらい。,2
仕事したくなさすぎてもう消えたいなって思いながら微量に残った責任感だけで起きて、働いて働いて、終電飛び乗る。帰って夕飯食べてお風呂入ったら寝るの2時かな。明日は8時過ぎに家を出ないとだから5時間くらい寝れるかな。働いて寝るだけの人生だな。やめたいな  この生活もうやめたい。,2
毎日が尊いなあー　虚しいし苦しいなあー！頑張れないよ  余力がない,2
毎日頭痛がすごくてバファリンジャンキー  寝たら明日になるから寝たくないよ。,2
撮影終了！！ライトな仕事のはずなのに異常なほど疲れ果てた。くうぅ。爆睡したい。,2
仕事が終わらなくて悲しい早朝。寝るべき時間に働いていると身体の節々が痛む＆脳が揺れる　つらい早く辞めたい,2
備蓄用に色々買い出し。マスク、ティッシュ、水、お米、乾麺、冷凍食品、缶詰、お菓子、コーラなどなど。まだ余裕あったけど、マスクの入荷量が来たる有事を想像させる。わたし、普通にビビっています。人一倍死にたくないんだなって思う。,0
耳が妙に過敏になっていて、音が刺さる。これもストレスなの？笑い声、食器の音、痛い。,2
最近の悩み、朝起きられないこと。本当に本当に起きられない。はあ。心が弱い。明日は朝早くて失態が許されないのに起きる自信がないから会社近くに泊まる。,2
0-3。完敗！！せめて1点とりたかったけど、広島のスピード感と決定機の正確性にやられました。鹿島は前半右サイド崩されまくったのと、攻撃が単調でゴール前までなかなか行けなかったのが敗因かなぁと思った。悔しいなーー,2
来週から会社を2週間お休みするので、地方でひっそり暮らそうかなと思っていたけど…コロナウイルスのこと考えると、東京の人間が地方に移動するのは既に迷惑行為にあたる気もする…ずっと家にいるのも嫌だけど、このご時世、そうするしかないのかな？？,2
sentimental girl's violence joke 原曲通りに歌ってくれて嬉しい！！ライブ版も上がるけど、原曲のメロディがすんっごく好きなの。,0
こんな時に38.8℃の熱出すわたし…インフル？？？何かの厄落としだと思って大人しく寝込む。,2
体重増えたからダイエットモード発動！,3
ようやく「パラサイト」観た！確かに面白かったけど、アカデミー賞？と思ってしまった自分がいる  テーマに対する期待感が高すぎたのか、ザ韓国な展開が自分的にハマらずなのか。もっとじわじわ寄生していく様子とか貧富の差を見たかったな。私は日本的な描き方が好きなのかも？,0
昨日「mother」一気見していたら精神やられた。芦田愛菜ちゃんは天才。,2
なんかもう結婚出来なくてもいいや。それもそれで私の幸せな人生であることに変わりはないのだし。と思った。恋やトキメキを無理に求めなくてもいいのかな?。,3
4/5のイエモンドーム公演チケット持っているけど、強行開催したとしても行けない。行く勇気ない。行かなきゃ二度と観れないとしてもコロナ怖いという気持ちが勝る。,2
Jリーグ再開初戦は5/10鹿島vsガンバになりそう？敵の昌子も含めて直接観たかったけど、アウェー戦だから鹿島サポは行けないのかな…このご時世だから色々我慢しなきゃ。,2
今週打ち合わせまみれ。毎回10人くらい集まるから本当に嫌、憂鬱。プレゼン前は帰れないだろうから会社近くのホテル泊まらなきゃだし。。こんな時だけは働き方変えて欲しい。。,2
もしまた好きな人に会えたら、その時に、少しでも可愛くなったなって思われたいじゃないか。全力の一目惚れだったから、まだ会えるって信じていたいな?。,3
今日はなんか、仕事出来なさすぎて凹んだなあ。反省。,2
昨日のお昼から徹夜で仕事して、少しホテルで寝て出社して、それで「お肌ぼこぼこだよ？」って上司に言われるの本気でしんどい。,2
脂肪吸引してきた?！麻酔入れて痛い痛い…って思って気付いたら術後のベッドだった。瞬殺。たくさん取れたよー！って言ってもらえたから仕上がりが楽しみ！！出血もほぼなかったみたいだし先生優しいし最高だな。,3
親友が水戸に越したから、今年の夏はロッキン行こう！って約束していたけど、3ヶ月後、5万人の観客、その時点でチケット買う気に全くならん。コロナ収束してる訳ないよね。,2
NUMBER GIRL、ART-SCHOOL、THEE MICHELLE GUN ELEPHANT、そんな夜。わたしは2000年初頭に置いていかれて、現代を生きるのに必死っす。,2
一人暮らしを出来ない理由、怖い夢を見た日にどうしたらいいか分からないから。,0
約1ヶ月ぶりに出勤中。電車の中、みんなマスク。人はいつ死ぬか分からないね。,0
テレビで不意に鈴木隆行つま先ゴールシーンが見れて嬉しかったあぁ。やっぱり2002年は特別すぎるのですよ。久々に「6月の勝利の歌を忘れない」観たいね?若かりし松田直樹が素晴らしいんだよねーー,0
毎日嫌な夢見て目が醒める。悲しい朝。,2
ヴェルディvsマリノス  1993年Jリーグ開幕戦始まるーー！！初めて観るから楽しみ！！,3
3ヶ月ぶりの美容院予約しましたワクワクです。当たり前のことがすごく特別だね。,3
「愛していると言ってくれ」全話観てしまった。この歳だからだろうなぁ、晃次の愛の深さに胸を打たれたよ。ずーっと紘子をただ愛していたんだなって、なんだか胸がいっぱいになるドラマだった。最終回が切なすぎて、やるせなくて、苦しくなる。フィクションであることが救いだとさえ思った。,2
youtubeでEXITチャンネル見てげらげら笑ってしまった、底抜けに明るい人って見ていて気持ちがいいわ。,0
伊参スタジオ映画祭〆切まであと3週間弱。中篇予定。頑張りたい。,3
世の中の不倫が多過ぎて結婚に幸せを見出せない。憧れない。悲しいけど何も思えなくなった。こうやって自由に生きて1人で死ぬのもまた幸せの形なのかもしれない。,2
北杜市シナリオコンクール、勢いで書いて応募した。行ってこーい！！！,3
眠れなくて眠れなくて朝方やっと寝落ちる生活。だからまだ起き上がれない。。,2
大学1年の時に書いたほぼギャグな青春脚本を披露する時が来た。と思う。ブラッシュアップして応募するぞ！,3
大事な撮影の直前に熱出して在宅勤務になり私の労働時間を倍に増やした我がアシスタントから「先輩もコロナ気を付けて下さい！」とメールが来てもやもやしているわたし23時。私は心が超狭いのだ。,1
なんか、本当に何もやる気なくなるくらい疲弊してる、心が苦しいな。,2
今の仕事ずっとしていても先はないな。抜け出すには脚本で有名にならなきゃだめだ。やっぱり、それが私の夢だ。,3
眠れないのです。,2
眠れない夜ART-SCHOOLは人生を救ってくれているといつも思う  12年前に初めてライブを観に行ってからずっと。,3
困り果てて泣きそうな日もあるよな　分かるよ。,2
体調不良で1日寝てた。もう体キツいから仕事やめたいな。,2
シナリオ全然進んでないやーーー新人シナリオ間に合わせたいけど厳しいかな  頑張りたいけども最近堕落してる。あと世の中が不倫まみれで何一つ信じたくなくなる。わたし本当にセンスないから信じていいものを見分ける自信がない。,2
あと5ヶ月で30歳ニートで迎えても全く構わないから会社から離れて空の広い場所がいい,3
WPでサイト作り。ようやく、記事作成に着手。なかなか進まないけど、1週間で1記事を続ければ365日で50記事。3日で1記事を続ければ120記事。コツコツ頑張って良質なページを増やす！,3
メルカリで間違えて送られた商品。無事に出品者から連絡が来て返品完了！匿名配送だったのに、結局お互いの住所を教え合うこと,0
記事1本納品しました！自分が書いてて楽しく感じる記事は、執筆スピードも上がります。コピペチェックも10%台。自信満々で納品できました。,0
記事の執筆。文字単価に目が行きやすいですが、私は「自分なら何分で執筆できるか?」と時給換算してから応募します。単価が高くても苦手ジャンルなら時間がかかるし、得意なジャンルならそれほど労力が要りません。私の場合、得意記事は0.8円。苦手記事は1.5円位で大体同じ時間になります。,0
失敗をした時は、やってしまった過去の自分を後悔するのではなく、「未来の自分に同じ過ちをしないように、『気付き』を今与えてくれたんだ」と感謝するようにしています。失敗しても落ち込まず前向きに生きましょう??,3
天気が良いから出掛けたいと思ってても、なかなか準備が出来ないー。,2
久しぶりに家族四人で出かける予定が、長男のわがままで夫＆次男と私＆長男に別れる事に。子供たちの行き先の希望が異なる時は、こうやって分断される事が多々。教育上どうなんだろう。,0
在宅ワークやる前に必ずラジオ体操をする様に。肩こりがラクになりました。,0
お昼何にしようかなー。子連れだといつもマックかファミレスの2択になってしまう。,2
最後にお皿に残った一つを「遠慮のかたまり」と言うんですよね。以前働いていた会社で、「僕は親に『遠慮のかたまりを堂々と食べる人になれ』と言われて育った」と言っていたすごく仕事の出来る人がいました。出来る人は意識も違うんだなと感じました。,0
さっきお会計したファミレスの店員さん。無愛想でも笑顔無くても良いけど、「ありがとうございました」位は言って欲しい。,2
ちびまる子ちゃんやドラえもん。自分が子供の時に見ていた番組を子供が見ていると不思議な気持ちに。歳を取ったなーとも。,0
さぁ、夕飯作らないとー！,3
朝寒くなると布団からなかなか出られない。15分になったは起きようかな・・・。,0
年末年始17連休の案。良いんだけど、世のママ達の家事育児が大変そう。。。,0
17連休＋10万円支給にしたら、かなり経済潤いそう。,3
空きっ腹でコーヒー飲むと気持ち悪くなるのかな。カフェイン好きなのにたくさん飲めないの辛い。ノンカフェインも量飲むと気持ち悪くなるし。,2
ランサーズで心がけている事。とにかく疑問点は質問。単純な事だけどちょっとでも「？？？」と思った事は何でも質問しています。細かく説明してくれるクライアント様も、ザックリ回答のクライアント様もいますが、どちらにしても質問した方が良いです。初めは聞きづらいかも知れませんけどね。,3
友達が今年から年賀状辞めてLINEにするらしい。私も毎年悩んで結局。年賀状出してるけど、思い切ってLINEに統一しようかなー。悩む。,3
幼稚園でママ友できるか心配してたけど、そこそこ楽しく交流。小学校ではママ達と会う機会が無さ過ぎてびっくり！小学校違うママ達とは連絡取り合わないと一気に疎遠になりそう。,0
3歳次男。まだ旅行中や遠出する時はベビーカー乗せてるけど、何歳くらいまで大丈夫なのかな。持ってるベビーカーの規定は20キロまでだけど、そろそろ卒業させたい。,3
昔はWi-Fiあるファミレスが珍しかったけど、今はWi-Fi無いと珍しいと思ってしまう。,0
たまに1人で電車に乗ると「いつも何してたっけ？」と手持ち無沙汰になってしまう。,0
昔少しだけやっていたNaverまとめ。見込み額が416円で振り込み可能みたいだけどいつ確定になるのかな？？？申請忘れそうな人多そう。,0
コーヒーは好きだけどカフェインが苦手。なのでジョナサンのカフェインレスコーヒーは有難い。ガストやバーミヤンでも出ないかなー。,3
6歳長男と3歳次男の仲良い時と喧嘩中の温度差が激しくて疲れる。仲良い時は本当に微笑ましいんだけどなぁ。,2
昨日の夜はブログのタイトルフォントを少し変えるだけで1時間かかってしまった。でも前よりスッキリして満足。,0
おはようございます！今日は、依頼作業を進めるのと、ランサーズで何件か提案をします。提案（滅多に無いけど）全部が通ると作業量がオーバーするし、かといって全然提案しなくても収入が無くなるし調整が難しいです。,3
懸賞やろうかなと思ったけど、宅配装い強盗のニュース見ると怖くなってしまう。依頼してなくても「当選？」と思って開けちゃいそうだ。,0
あすけん。せっかくプレミアムにしたのに、いつもカロリーオーバーになってしまう。ちゃんと節制しないとな。,2
家事のやる気スイッチ。誰かに押して欲しい?。,3
SNSはいつ身バレしても良いと思ってやってます。前にブログバレした人の話で「元々バレても恥ずかしくないブログを意識して書いてたから、ノーダメージだった」とあり、なるほどなぁと思いました。,0
今テレビに出てるタワマン強盗被害者の人。素人じゃない感がすごいと思って見てたら元タレントさんだった。,0
カフェで在宅ワークの仕事するの憧れるけど、家とどっちが効率良いのかな。,3
幼稚園時代。お友達の誕生パーティーで仲間外れにされ泣きながら母親と帰宅。その記憶が強く私は「幼稚園では友達が少なくて上手く遊べない子だった」と思ってた。最近、母親がたまたま当時の日記を見せてくれた。実際は沢山のお友達と毎日のように遊んでた事に衝撃。記憶って不思議ですね。,0
年賀状、今年こそ辞めようかなぁ。皆んなLINEやってるし切り替えても問題なさそうだけど。,3
GOTO eat予約してみました！土日は結構混んでるみたいですね。ポイントちゃんと付くのかドキドキ。,3
夕飯はなんだかやる気がなさ過ぎてガストに来てしまった。ダメ主婦だ。,0
次男のお弁当。レパートリーほぼ毎回同じだ。。。,2
ずっと売り切れてたクリエイトの除菌ティッシュがようやく買えた！しかも個数制限無し。良かった！！,0
子供達の兄弟喧嘩。怒り方が私にそっくり。はぁ・・・。,2
シカゴの映画。またAmazonプライムでやらないかなー。,3
ここ最近気になっているデンマーク式ダイエット。リバウンド率も高いらしい。やる理由を見つけるのは簡単だけど、やらない理由を見つけるのはもっと簡単。迷うならやるべきか！,3
朝、着替える前にヨガ&ラジオ体操をやるように。肩こりが少し楽になったかな。,0
子供が用意した水筒忘れてるー。,2
子供に水筒届けて、図書館行って、買い物しに行かなければ！,3
今週末もどこも混みそうかなー。,0
鬼滅の刃の年賀はがき、受注発注か。人気出そう。予約しようかな。,3
子供に水筒届けに行ったら嬉しそうでした。私も子供の様子を見れて良かった。,0
IKEAのシナモンロールが食べたいー,3
寝不足が続くと一日寝たきりになることも。結局毎日、きちんと睡眠を取る方が結果的に効率的なんだと実感。,3
暇な時にすること。スマホの画面整理とTwitterの予約投稿。,3
図書館で借りた去年の雑誌。感染症予防の特集にコロナが載ってなくて何か新鮮だ。,0
最近また寝るのが遅くなってきて寝不足気味です。夜更かしは百害あって一利なしなのに。,2
ランチタイムだけとかの週1のパートないかなー。外に出たい欲が高まってきた。でも在宅ワークの方が都合は良いから悩ましい。,3
Twitterまだまだ初心者。2000人とか3000人とかフォロワーさんがいる人たちすごい！自分も頑張ろう！,3
1日100ツイートしてる人もいるんですね。すごい！,0
ケンミンショー久しぶりに見た。旅行行きたいな。,3
レベルEの漫画。久しぶりに読みたいなー,3
赤こんにゃく食べた事ないなー,0
飛び出しぼうやに似たキャラ。実家の近くにもいる。,0
子供達が「オレオ買っていい？」と聞いて良いよーと言って会計したら、2つ入ってた。油断も隙もない。,0
次男が幼稚園で大好きな女の子に猛アタックしてるらしい。ウザがられてないか心配。,0
うなき茶漬け美味しそう,3
カフェイン無しの飲み物を探してたけど、結局白湯が一番手軽な気がしてきた,3
カレー年360日ってすごい。,0
ブログ記事。次は何を書こうかな。ダイエット記録とか実益を兼ねてやってみたい。,3
はじめてのアコムこのキャッチコピーに毎回感心してしまう。,0
ランサーズでBUYMA登録の仕事多いけど、提案してる人も少ない。大変なのかなー。,0
キッチンの作業スペースもう少し広くしたいな,3
アレクサ買おうかな。レビュー見てたら欲しくなった。,3
コロナの話題がニュースに1日1度も出なくなるのいつになるんだろう。,2
コロナ収まっても「第二のコロナ！？」的なネットニュースの見出しが出そう,0
「ここの壁汚れてるよ?」と教えてくれるけど拭かない夫。子供達が乳児の時にも「なんか泣いてるよ?」て教えにきたな。,1
またメルカリで無駄遣いしてしまったぁ！,2
来月は目標金額達成できるかな。この3カ月ずっと達成できてたのでちょっとプレッシャーです。,3
伸びが良いブロガーさんは本人にも勢いがあるな。見習わなければ。,3
今日も天気が良くて気持ち良い！やっぱり日の光は人間に大切ですね。南の国で過ごしたい,0
他の子たちを見てると手作りマスクの子少なくなった気がする。普通に買えるようになったからかな。,0
お昼ご飯終了！記事納品までしちゃおう！,3
デザインとかイラスト書けるようになったら在宅ワークの仕事の幅ももっと広がるんだろうな,3
超PayPay祭くじで800円当たったけど、これはすごいのか？？？判断が難しい。1600円以上で利用可みたい。,3
アグレッシブな人が羨ましい。体力付けないとなー,3
育児にまつわる夫から言われてカチンときた言葉。「子供に風邪を引かせないようにしてね」無理っす。,1
アレクサ、アプリでインストールできた。使えるかなー,3
昔、共働きなのに家事を全くしない夫と話し合い。「だって家事を覚えたら次からしなきゃいけなくなるだろう！？」の言い分に脱力した思い出。,1
雲パン美味しそう,3
米ぬかはじめて飲んだけど、きなこみたいで美味しい！,0
米ぬか。パンに混ぜて焼くことにした。どうなるかなー。,3
5Gどれくらい早いのかな。,3
伊藤健太郎もったいないな。事故は仕方ないにしても逃げちゃうのはだめだよね。,2
マスククリップとか、ヘアアクセサリーとか色んなアイデア商品考える人すごいなぁ,0
ハリーポッター見てるとUSJ行きたくなってくる,3
また白髪染めないとなー。,3
ホグワーツ怖すぎ,0
早くCM終わらないかなー。,3
いよいよクライマックス,3
来週も見ないと！,3
だんだん寒さが冬の気温になってきた。風邪を引かないようにしないと。,0
おはようございます！毎朝、ラジオ体操とヨガを日課にしはじめました！昔と比べて体が明らかに固くなってます。老後に向けて体のメンテナンスも大切ですね。今日も頑張ります！,3
壁の角に貼ったコーナーガードが何度も落ちてしまう。,2
ハリーポッター効果でHuluの加入者増えてそう,3
夫に布団二階に上げといてと頼んだら、本当に上げただけ。干すまで頼まないとダメなのかな?。,2
子供達、マック行く前に公園でも少し遊ばせたいな。,3
子供はわかってあげない、くっそ面白かった。勢いでツイッターに上げちゃうくらいおもろかった,0
本日まさかの上下1200円コーデ,0
料理をおいしく撮影させるための店内照明って今大切かもね,3
通勤途中にアカホリって言う駅名があるけど、いつも「アカデミックホリック」という言葉が思いついて、それ絶対あかんやつやと思うけど仕事行きたくない,2
三連休を謳歌した者達よ、俺は明日休みだ、おやすみ,0
松阪牛の松阪ってまつさかって読むんやな,0
なんか最近占いを見るたびにふたご座が最下位なんだけど一日のハッピーな気持ちをダメにしたから賠償請求いいっすか,2
やっぱ日の上がってねーうちから飲むびーるはうめぇなぁ！,0
野球中継で左上にアイドルが映ってんだけど、カメラ目線かつなんかカメラに向かって変な動きしてて非常にイラダタシイ,1
行けやん,2
一皿ウン千円の鰻重を食べてしまった。ここにいるのはもうかつてのちゅんキーではない。もうあの頃には戻れない。,0
今なら分かる。鰻屋の匂いで飯を食ってた春日の気持ちが。,0
テレファングみんな持ってたよね、ね？,3
森山未來の死刑執行中脱獄進行中とりあえず抽選申し込みした。芝居のチケット高いお…,3
工具と作業台と綺麗な部屋と冷蔵庫とビールとバーベキューセットと倉庫とソファと時間と金と友達がほしい。,3
制作者の顔の広さを理解,0
9000円とんだー(´；ω；｀),2
おもろかったけどこれまた大風呂敷広げるタイプなんやろなぁ。,0
ちげえねえ,0
酒豪に潰された！お休み,2
家の周りに丸亀製麺ないのと人生初の偏頭痛を味わったの辛い,2
ネコに戻す,3
翌週体育祭とかイミフ,0
二日間で80分ものを7公演とかやってる,0
こういうの地上波で流してほしいわ,3
お腹空いたー,2
図らずも座椅子と冷蔵庫を同時に手に入れた。やっほい,0
種も仕掛けもないですが、本を読んでて感心したので,0
大学院に入るまで統計にベクトルが関わってくるとか全く理解できなかったけど、卒業直前にようやく分かってきた(笑)統計も3つ目以上の要素が現れるとベクトル必須なんですよね。この問題大学に入って線形代数とか解析学の初歩でなぜ次元を移す必要があるかって言うののデモンストレーション…,0
…になるだけじゃなくて、高校生とか中学生に三次元とか虚数空間って何かとかを教えるのにもいいと思った。うまくリードしたら小学生でも解けるかもしれない,3
無料かは分からないけど、多分いろんなサンプルがクラウドで公開されてると思うから、プログラムダウンロード→かんたんな使い方になれる→サンプルを改良する、で中級レベルには使えると思う。ただもっといいソフトも出てるかも。,3
今度から寝る時もパンツはこうと思う,3
でもおれひとり,2
酔ったー吐いたー死ぬー,2
死ね、サケ死ね、飲も,1
今朝雷すごかったからまた地震かと思ったわ,0
子佳さんめっさ美味そう,3
審判間の会話公開って斬新,0
前半ラストには思わず声が出た,0
力対力ではあるけど、攻め方がたくさんあるのがいい。展開が速いから目が離せない,3
寝るわ,3
今日のマツコとマツコ殆ど失敗じゃねーか！！,1
番組表でガンダム00って書いてたから録画したらガンダム0083やったやんけ。最高やん,0
たまには意識高い系の本を読んで、会社でのいいこキャラに磨きをかける。意識高い本ではない,3
マジか、旧工学部棟ももう壊されるのか,2
出るのはあんなに時間かかったのに壊すのは一瞬だな,2
今朝、どんだけメガネを吹いてもメガネが綺麗にならない夢を見た。恐ろしい夢だった,0
みなのもの！！はなきんじゃ！！はなきんじゃ！！,0
酒を飲むと英語がしゃべれるわたくし,0
アニメのすべてがエフになる、ちょっとくさいけど、とりあえず萌絵がエロ可愛い,0
ぜひ見ていただきたい。,3
ほら、電車に乗る人の目が死んでるよ。僕のメモ死んでるよ,2
なんで乗り継ぐ先ざきで満員電車なんですか。激おこですわ,1
ﾄｴｴｴｴｲ三田線,0
これがモンスタータウン、ＳＨＩＢＵＹＡ…,0
俺なんでこんな日に渋谷で飯食おうとか考えちゃったんだろうな,2
芸術経営か、なるほどなと思ったらアートマネジメントやんけ,0
もう毎月の定番となった本大量購入の時間です。,3
筋トレを再開して一ヶ月、明らかに身体が変わってきている。腹の脂肪の下では間違いなく腹筋が割れてる。そう、腹の脂肪さえなければ,3
勢いつけなくても三点倒立とかできるようになっている。とりあえず摂取カロリーを落として走る,3
今日ボジョレーか、ということは学祭の仕込みか,3
風呂入ってたら日本負けてた,2
明け方の中洲にいそう,3
この前聞いた話だけど実際の場作りの現場にはビジネス、教育、芸術の3つの派閥？があるらしい。この本はビジネスの分野なんだろうけど、知識を作品とか体験とかに言い換えたら他の2つにもよく当てはまるんじゃないかと思う,3
とりあえずトヨタってやっぱすげえんだな,0
創造的な場には内因的なモチベーション(個人的な夢や達成感)が必要らしいですよみなさん,3
この時間に味に関する本を読むんじゃなかった。お腹すいた。おやすみなさい,2
森博嗣の新作読んでるけど、ついに千年シリーズが日の目を見そうなので嬉しい,0
明日はこってりのラーメン食ってやろう,3
今回のスターウォーズ、いろんなブラック社員が出てきます,0
実家の愛犬の前をランニングマンしながら通り過ぎたら噛まれて今日買った寝間着に穴が空いた,2
制作の殴り殺したくなるやつ、妄想代理人にも出てた,0
羽織きてるひといるなーとおもったら、完全にそれやった。直前までスマホ見ていたことが悔やまれる,2
久々の大阪、就活以来。落とされた会社の思い出つらつら,2
今からNHK教育で合成生物学の話ですってよ奥様,0
黄色はアベレージ二分半で調子いいと二分15くらいやった。師匠は一本ずつ刺す派だったけど、俺はチップを束ねてまとめて刺す派だった。果てのない探求よ,3
RPGのやくそうは麻薬で痛みを感じなくさせるっていう漫画があったけどなんの漫画か思い出せない。ダンジョン飯な気がするけど、もっとダークな話だったような。誰か教えてくだせえ,3
今更だけどスプラトゥーンやりたくなってきた。,3
羽田、国際線人多し,0
草しかはえん,0
今日はすっぽんを食べる男子会、つまりすっぽんぽん会だったけど、その日すっぽんの販売会社が福岡市西区田尻で、学研都市のめちゃ近くだったんだけど、あのへんすっぽんいそうだなぁ、牛の匂いするしなぁ、と言う思い出,3
きょうのアンラッキー曇りで富士山見えない途中電気系のトラブルでエンジンがかからなくて焦る会社に防寒着忘れてたせいでむちゃ寒い帰りに休憩しようと考えていた温泉が休館日で休憩出来ずぶっ通しで運転帰ってしゃがんだらズボンの股が避けるなんて日だ！,2
まあ事故という大厄が分散してくれたと思えば…,3
ちゅんきー、怒りの健康診断で4キロ増し,1
賃上げにわくわくするような人間になってしまったよあたしゃ,2
ここ2時間くらいビリージョエルのロンゲストタイムをループしてる。アカペラいいよな。おれも大学で演劇部なんか入らなくて、アカペラやって男女仲良く練習してそのまま宅飲みしてキャッキャしてオールで大学行って昼休みも人目につくとこで練習してキャッキャっていう大学生活おくってみたい,3
そういえば大学の学科の事務室の住所が変わってた。もう大学に私の思ひではぽろぽろ,2
来年は桜の種類をめぐる旅でもしようかな,3
じゅうかんしか思いつかなかった死に体,2
弁解させてもらうと、今日のやつとかパントマイムのお姉さんだったから最後お姉さんが少年を抱っこしてバイバーイって言いながら衝立の向こうにエスカレーターみたいな感じで消えていくんだぜ,3
いいなと思ったのはレッスンの中で違和感に感じた行為を取り上げて、他の人も含めて再現してみる。どんな気持ちでその行動をしたのか、それによって周りの人にどんな影響が出たのかを追体験出来る。これによって他社を理解するための自分の中の多様性とか引き出しが増える,3
各言う私も生まれは広島,0
今日の深夜青春舞台の再放送予定だったけどあるかのか,3
若い人が劇場を運営、プロデュースするってとこにぐっと来てる,0
ふううううううううう,0
じゅぶないる。コロコロで漫画やってたのと、山下達郎が主題歌やってたのと、ロボットがガンゲリオンで操縦桿がプレステだったのしか覚えてないわ,0
何ふぁぼってんねん,0
俺は！明日のパフォーマンスのために！！締めのラーメンを！！食う！！,3
しまむら布教アニメええなぁ,0
原付東海道爆走(30キロ制限)しゅーりょー,0
ゴールデンウィークにハイブリッドカーに乗ったら思いの外楽しくて車欲しくなった,3
ゴールデンウィーク明け初仕事は朝から久々の満員電車。社内は殺気で満ちていた,0
ウィン10は普通に使う分には使いやすい。特にMacのSpacesみたいなの使うと前に戻れない,0
今日歯医者行ったら親知らずないって言われた！虫歯が5箇所あった！,0
みんな、虫歯になったら金が飛ぶぞ,2
今日展示会に行ったら結構高校生がいっぱいいた。修学旅行か分からんけどええ社会見学と思う。マイナーな企業も多いから就活にも向くかも知らん,3
福岡で一番ソウルなうどんは何処か…。安易に牧のうどんといえば小倉の海に沈むし、資さんといえば博多湾に沈む。大地のうどん勢を敵に回すと生の松原の養分になる。ウエスト？焼肉屋ですかね？,3
おおさかーおおさかー,0
今日は死にそうに暑い中野球の試合。隣のテニサー女子がクソエロかった,0
山笠いきたーい,3
みんな！一度しか言わないからよく聞いておけ！ミッキーの声の人は大学ky,3
最近の小学生、ませてる,0
ショーマンシップの東京公演の様子がNHKのニュースで流れた,0
ブラジルの文化は健康的でええのう、,0
シンゴは首都圏に住まないと分からないあるあるがあると思う。思わずけいきゅー！って心の中で叫びたがってたもんな。,0
今からのぞみ乗るよぅ。行き先にゴジラとかいないよね…,3
あと神田正宏の武者ガンダムシリーズがもっと見たかった,3
JRの必殺技ほんと好き,0
なにげに今季初ビアガーデン,0
歯科衛生士のおねいさん(五十代)が頭におっぱいあててくるんだけどこれって脈アリ？,3
書いてて虚しくなった,2
最近演劇に飢えてたから明日は早上がりからのどくんご,3
ここがポケンゴ聖地井の頭公園か、あれ、案外ひといなきがする。思えばあるきスマホは私ただ一人、傍から見ればトレーナー,3
休みよ…、終わるな…,2
どうも糸キャン爆破二番煎じ男です。,2
観光よりも先に仕事で行くとは、初東北,2
スーパーで角天が売ってない。この時期は辛い,2
ラインの名前本名じゃないやつ同窓会誘わんぞオラァ,1
仮面ライダーあまりみてないけど、ワンダースワンが出たと聞いて,3
東工大の図書館、演劇関連の棚には劇場の工学とかの本があっておもろい,0
財閥系商社に入った知り合いがどんどん禿げてて泣ける,2
最近ツイッターでよく見るもろに乳首とか見えてるように見えるPR非常に不快で、さらに痴女風な文章をおっさんが書いてると思うとさらに地獄,1
文理のどちらが優れるって話より、各々の専門性とは別にそういうセンスを磨くことで何かを生み出す力が磨かれるんではないか。,3
とりあえず獣フレンズ録画予約した,3
今日祝日やん！,0
割りと勉強になる,3
あー強風で美女のスカートめくれなかな～,3
博多住みたいわぁ,3
芝居観に行ったら2つ前の席に多分野田秀樹いた,0
なむはむ、観てきた。破壊力すごくて隣にいたおばさんと一緒にゲラゲラ笑ってた。子供も多くて割りと自由な感じの客席でゲラゲラ。計算のない言葉と展開のぶっ飛び、誤字の嵐。ちっさい頃は嬉々としてふざけてたなぁとしみじみ,0
連続公演の一つくらいわ,3
一定頻度でエエ声出すコンビニ定員に会うけどあれなんなんだろうな。顔と声があってなくて,0
関東のインプロ関係者のフェイスブックをフォローしてたら、高松インプロWSに見覚えのあるイガグリボウズの御大将がいた。,0
larp武器という素敵な言葉を見つけた,0
筒井康隆の「旅のラゴス」、文庫の書評に書いてあったが、要するに最近の異世界物の走りである説,3
ついに原付きを手放す決心をした。かなし,2
昔の見てねぇから比較しようがねぇ。脚本は読んでたからあ、こんなんなんだぁって気分。背後の開演前にもうまさしく若者言葉で大学の話を嬉々としていた二十歳の女子大生二人が終演後テンション低かったのが印象深い,0
いい授業だったのに悲しい。屋久島を知ってほしいという教授の気遣いの時間だった。自分も楽しむというリスクを取ってたけど,2
今日は引っ越して大きめのバンのボンゴを借りた。まじで隙間ないほど積んだ。自転車が乗らなかったので人生初輪行,0
クリスマスだからってみなとみらいに来るやつ何なの,1
何処かから育ちの良さよ降ってこい,3
新幹線に乗り無事帰京出来たが、乗ろうとしていた飛行機が引き返していてウケる。神様は俺の明日からの出張へ道を繋いでくれたぜ（救ってはない）,2
行かねば,3
月食見えた！,0
イーコトなつい。無線シャボン玉装置はここからアイディア貰った,0
昨日帰り道で熱がかなり出て、体の節々が傷んだから、恵方巻きちゃんと食っとけばよかったなとか思って、今朝休んで病院行く気満々だったけど、朝体温何回測っても違う体温計で測っても平熱だったから何だったのだ,0
北九の聖地、白頭山へ,3
まだこんなにポケモンゴーしてる人いるのかって気になる。,0
突如組曲ニコニコ動画というワードが十年の時を経て舞い降りた,0
なんというかコウペンちゃんってもう愛だよね,0
オフィスからの脱出?成功？エンド:午後半休（ただし仕事が終わっていない）?,0
個人的には著作権を無視して勝手に大学ホームページから引用していたツイッターのプロフ絵が変わっていて嬉しい,0
成田空港に髪の色奇抜で気合入った外人多いなと思ったらコミケに来た人だ多分,0
テアトルハカタという単語を久しぶりに聞いた,0
ノーベル賞とったひと高校母校OBやん,0
放送事故級のハズレだった。人生三度目の途中退場するとこだった,0
ボヘミアン・ラプソディ観にいくさー,3
昨日までの海外出張、行きは寝ぼけてスーツの上下を別々の組み合わせできて、帰りは空港にコートを忘れた。師走みある,2
会社早納めして、帰省ついでの韓国旅行たまりませんわ。,0
こう、頭の中で氷室京介が踊ってる感じ,0
五時間新幹線地獄のデスロードの始まりだ。お供はKindleFireに入れたゆるキャンとグリッドマンだ,3
旧グリッドマンをつまみ上映したあと、新グリッドマンの最終話を改めて見たら、やはり特撮意識した作りだったことに改めて気づく。悪役がなぜ謎ビームに負けるのかと恨み節を完結に説明したあと、きちんと今から消滅しますよーってやられ方をする。最後のシーンで消滅せずに捕まっていたけど。,0
東京ついた。キャンプしたい,3
横の通気口部分が思いの外角度がつかず平たくなってしまったけど、着色、全体的な形は満足の出来。使うシーンを考え中,0
名前に懐かしみある,0
10年以上前の大学受験で覚えた?So far no less than two hundred people have died of the flu epidemic.っいう短文が未だに思い出される。再生CDの息継ぎのタイミングまで分かる,0
故障修理のためにドコモショップいって代替器にしてもらったけど何も言わなかったらラインとかおサイフケータイとか一切引き継ぎせぬまま初期化するのね,2
昨日は発表会付きインプロWSの四回目に参加。シーンの時、観客は困っているのをみたいという観点から、何か起こさなきゃと考えているとの指摘。～しなきゃより、～したいのほうがシーンとしての強度が増す。その「したい」を引き出すために、そのシーンで転がってる状況を改めて俯瞰してみたり、,3
ないなとか考えて、場もスローリーにしていたので、まずは自分がその状態にあることを認識し動くことを次は試したい、次の稽古も楽しみ。あと最後にやった連想ゲームからのシーンって言うのがすっげえ楽しかったし初心者にもやりやすい。アイディアが自分の近くに寄り添ってくれてる感じ。,3
昨日は発表会付きインプロWSの五回目。基礎的なものも好きだけど最近シーンが多くて楽しい。一番の気付きとしては所謂「検閲」っよく言うものの感覚があんまりわかってなかった、感覚として認識できていなかったけど、昨日シーン中検閲してるなあと初めて意識できた気がした。明らかにこの言葉では,0
スーモ新築マンションをハイテンションで読みきる。年収1000万円以上のパワーカップルというパワーワード。写真に写るカップルの服が無地×無地,0
クソマズ。スタミナ太郎の味がする,0
大方形になったので来週色塗りしたい。初めてなのでここまで七時間程度。(映画とか見ながら)型紙切り出し、ボード切り出し、鉄芯加工接着、ほっとボンド加工など。昔教えてもらった竹で作ってたときは一日に７、８本作れてたし安かったなぁと。ただディスクグラインダーの音が問題。,3
バレンタインチョコ 安売り いつから,3
土曜日横浜でやってる素材展いこうかと思ったらTPAMあるやんけ…！,0
なんかさっきの発想に違和感。演劇はテキストだけじゃなくて舞台の上での見立てとかの身体表現を無視してた、そこが一番好きだったはずなのに。そういう演劇からは離れていたなと。,0
なぜか会社のカフェスペースに置かれてた本田劇場支配人の伝記を読んでるけど、そこに横浜演劇サロンの文字が。そんな歴史があったのかとしみじみ,0
仕事が終わらん、休日に仕事しとうない。,2
チョコ安くなってないか、旅に出る,3
あれ？昨日の真っ黒のやつの方がかっこいい…？,0
鞘もつくんねえとなぁ…,3
目の前をワークマンのイージス着てカブに乗って行く人がいた。多分あれは平行世界の私だ。金土日で北陸旅行をするのだ,3
筋肉は　裏切らない,3
今月は昨日から月末金曜まで22日間連続で海外にいない日がないという頭おかしいことする。,0
これなら大手町のフジサンケイビルの万里にも匹敵する,0
画像は同じ参加者の人が作ってくれました。こういうのあると宣伝しがいあっていいね。,0
元号おおーって感じだけど、日頃西暦しか使わないしまたキリの悪い計算が煩雑になるなぁって感じ。あと昭和生まれの人が生まれを昭和で表現するのややこしいからやめてほしい。,0
最近、この半年くらい仕事とか休日とか自分の生活のいろんなとこが変わってきてて、そのきっかけの一つが劇団に所属したことだけど、そのきっかけが会社で進行形役者であることを公言したことだった。アラサー入っていろいろ焦る気持ちもあるけど、こういうきっかけあってよかったなあと日々感じる。,0
悲報、俺、がん保険に入れない。みんな健康診断で要再検査になっちゃだめだゾ,2
誰にどんなリプしてるかとか、就職前後でどんなふうに文体が変わっているか今度やる。,3
珍しく最近残業少なめに帰れている。明日は加盟しているわむで脚本を読むワークを企画。平日に演劇で遊ぶ感覚。最近勉強したいこともあって忙しくて脚本とか読んでなかったのでこう言うのでちょこちょこ読んでいく。,3
3Dで見たいけど劇中の翻訳文字の関係で吹替版3Dないし字幕版も期間限定でしか公開されてないとか神はなんと非情だ。,2
れんきん☆れんきん☆土日も休みなし☆れんきん,2
gekidanU家公演観る。まじで家の中,3
てかスパイダーバースをまだ上映している映画館が関東に４つしかない件について,2
足小指剥離骨折中につきビジネスカジュアル＋ウォーキングシューズで通勤したら恐ろしく快適だった。オフィスカジュアルもっと流行ってー（営業の心を忘れた営業の叫び）,3
中古で買ったサーフェスの１～６キーと長音キーの反応悪くてイライラ。安物買いの銭失いよ,1
久々にワークショップリーダーを任されてることにさっき気づいて、何しようかなって考えていて、とりま声出すやつやろうと思う,3
明日の予約した,3
駒場に来ると頭良くなった気がする（あたまよくない）,3
自己肯定か,3
（発声って自宅でできるか？）,0
昨日のインプロショー、二回目の人前でだったけど、舞台上で引っ張り出した言葉が共演者に伝わらないもので、お客さんにも伝わらないということが何度かあり、焦り出して、また適当な言葉を出してしまうっていう。一種のインプロの怖さを舞台上で感じてた。自ら何が起こるか分からない極地。,2
ものづくり、SF、シュールが中心,0
あいみょんのマリーゴールドいい曲だなと思っていて、それ以上にそのまま歌詞つけたらヒットソングになり得たメダロットのBGMがすごい,0
飲み会やってて、その横で合コンやってて、飲み会が終わるときにその合コンを、とぼすでもなく、笑うでもなく、盛り上がっていて良かったねと、見送る。これが人間として年をとることだと、私は感じる,0
そして先般の女子高生の匂いのボディーソープを買ったら奥さんにドンびかれた。しょうがないので女子高生の匂いを自分で身に纏った。,2
web試験待ち中,0
セブンの「まるでスイカを冷凍したような食感のアイスバー」、つまり劣化ばんスイカバーだけどなかなかのコスパなのにあの種風チョコだけがない。そのインパクトがデカイ。あのチョコがスイカバーをスイカバー足らしめていた。,2
オリンピック一年前ということでテレワークやってるけど、これやばいくらいクセになる。朝ゆっくり、通勤時間ゼロ、通勤による体力減少ゼロで午前中めちゃくちゃ仕事捗る、雑談とかもないからデスクワーク処理スピードやばい。唯一通勤での歩数が不足するのでそれは就業後運動時間を作る,0
白くまとブラモンとムース食べたい。アイス高い,3
昨日一時間くらいビートセーバーで遊んでたら腕が筋肉痛になった。痩せるわあれ,2
当然のように家に帰れることに感謝,0
よーし、ババ疲れてるから栄養ドリンク入りのカクテルとか作っちゃうぞー☆,3
天気の子を観たもやもや感や設定のふわっと感について一時間以上夫婦の会話がなされたので天気の子オススメ。,3
ほぉ…、ワーキングスペース付きスパか…,3
健康意識が高いので明日は柏までチャリ,3
健康意識が高まって自転車乗りまくった結果、キャン玉の裏に衣擦れが出来てツライ,2
とはいえ役一つ一つどうしても背景や挙動など省かれている部分は少なくない。その中で行動に説得力と迷いなさを濃縮できている人とそうでない人に分かれてたかなあと。ともあれ毎回クオリティと集客数（とメンバー数）を上げているのはすごいなと。来年はもう少し大きく入るとこに行くのか。,3
本日初めて仕事中にレッドブル飲んだ,0
上半期最大の驚きは上原亜依がユーチューバーになったことに決まりました。,0
さあ、6連休の始まりだ。,3
金髪美女と韓国人がたくさん,0
体調不良で午後半休とった。これで出勤14.5日、休日15.5日になったのて、会社人より自由人の比率が大きいちゅんきーは来週30にちまで。,3
カオスな状況でストーリー作られる謎ゲームって、まさに深層学習の分野で出ている技術で実現されうるもので、SF小説のオーバーテクノロジーが地に足ついた状態で想像出来るのが今の時代なのだと思う。,3
あとJCBのGooglePay(Quickpayとして)で20％キャッシュバックは地味にいい。これが一番楽で還元が高いかも。5万円利用分まで還元なので、これはガンガン使うべき。JCBでGooglePay＞PayPay＞Suicaの順かな、使いやすさと還元率で,3
記憶にございませんみた。エキストラのクレジットに劇団clowncrownってかいてあった,0
増税関係の調べ物から始まり今日はカードとポイント類の見直しした勢いでもろもろ資産の見直しした。最初に証券関係をいじってたのが20代前半で株と投信はめんどくさくなって完全放置だった。30代を目前に5年間積み立てとかしてたら無駄遣いも減らせてもっとやれること増えてたなあと。,0
あと改めて調べるとロボアド、ソーシャルレンディング、自動売買サービスとかいろいろ増えてて投資の仕方も多様化してて楽しそう。お金の話って悪い気がしがちだけど、なんかの本で「私はお金の話をするのが楽しい」って人がいて、この楽しいって感覚がもっと一般化してほしい。,3
またもやテレワーク。ひげそらなくていいし、通勤しなくていいし、雑談しなくていいし、パンツはかなくていいし最高だな,0
国公立だけ受けとけやっていうツッコミはなしか。rt,0
大いに休んでもらって結構。むしろ俺が働けばいいんじゃね？ってなった。,3
軽い気持ちで見始めたアマプラのメイドインアビス、超絶グロオモだった。絵柄可愛くて油断してた,0
サントラ買おっかな…,3
ラグビー面白いけど、途中入るCMが体育会系過ぎて狂気を感じる,0
ラグビー後の5分番組の辛子蓮根旨そー,3
今週末CEATECにマスクフェスにアツいのに日曜まで仕事だよ！,2
春秋航空、成田佐賀線があるから機内誌が佐賀全押しで、多久とか多良とかまで特集記事がある。,0
僕一人が電車に乗らないことで、誰が電車に乗れる。そんな社会が素敵だと思うんだ。テレワーク始めます。,3
ほんともし会社にテレワーク制度があればみんな即申し込んだ方がいい。俺も最初は周りの目とか気になって見送ってたけど、大正義過ぎて一気に広まるから。あと業務上テレワークできない部署は絶対あるけど、それがどうしたらテレワーク出来るかの議論に帰るためにもできる人は早くやるべき。,3
この雨ほんと会社行かなくて良かった。ただジムにも行きたくないので仕事終わったら家でビートセイバーする,3
上海の空港、出発まで5時間半、既に空港に3時間。発券しラウンジに入れるまであと２時間半。モバイルWi-Fiの通信制限まで150Mb。退屈で死ぬ。帰宅は翌七時。,2
出張に小説を忘れるなってばっちゃが言ってた。,0
Wi-Fi死亡まであと20Mb...,2
この１日？座りすぎてケツが痛い。座りっぱなしは健康に良くないよまじで,2
来週末福岡帰ります。ひさびさに伊都キャン行きます。カキとモツ鍋とラーメンとイカの活造りとアジが既に確定した,3
地下鉄のアナウンスの声も変わっちまったな…,2
今日の夜はもつ鍋食べる事は決まってるけど誰か福岡で暇な人はおらぬか！,3
実績解除「免許を取るなら唐津自動車学校」,0
なぜこのプリップリのモツは関東でてに入らないのか,2
調べると40分の電車に乗れなければ帰宅が25時になる。近くからタクシー乗っていいかな。土曜日にまたがったってことで日当請求していいかな,3
３年ぶりにスマホ新しくした。画面でかくてサクサクで快適。,0
今更だがふるさと納税にハマった,3
福岡でモツ鍋とラーメン食べたい,3
年の瀬、サラリーマンの聖地、忘年会どきの新橋に降り立つ（ただし勉強会）,3
ムキムキですやん,0
電車で少し体が触れただけでしっかりひじうちしてくる人にイラッとして、電車降りたあとも忘れられなくて、これって恋なのかな,1
それ以上に読んでる記事の文体が読みづらくイラッとした,1
仕事納めた。明日から湯治にいく。心を癒やす,3
デジモン劇場版3つ見たけどやっぱウォーゲームは構成、密度が1段階違った,0
誰だよ今日最高気温19度って言ったやつ,0
関東ってあれですね。年始にB級映画を流したりとかってないんですね。,2
罪悪感なく飯を食うためにロードバイク初めしてくる,3
脚本に向けた本もいくつか読みたい。シロバコみて頑張る。,3
帰ったらビール飲むお,3
なんで3連休って3日しか休みないの？,2
犬とかめっちゃ触りたい。癒やされたい。おっぱいでもいい,3
メイドインアビス劇場版観てきた。のっけからグロだしメンタルかなりやられたけどラストが泣かせる。とりあえず黎明卿弱点なさすぎで絶望感ヤバい。,2
kaggleやってたので進捗だめです,2
ここ数日ストレスでたくさん食べてしまうけど、食べても食べても満たされない。これ太るやつやからなんとか頭切り替えたい。,2
非営利活動だもんな。稼いでもいいわけだし。,3
フォロワー数は正義（２０代チームアカウント運営初心者）,3
なんか今やってる団体（フォロワー20名）が福岡の団体からいきなりいいねされたんだけど、知り合いが中の人ではないかと思ってむしろこわい,0
最近カロリー制限してるけど、夜中の勉強が捗らない。勉強を取るか糖質を取るか、いっそ朝型生活にするか、そもそも飲み会を減らせばカロリー制限なくても太らないのではないか。,3
芝居の定義とかどうでもいいから自分の思う芝居しようぜ！,3
最近ツイッターの掃き溜め具合がやばいからあまり近寄らない,0
劇場SHIROBAKO観てきた。圧倒の情報量で、もう一回見に行くと思う。アニメ版から思ってたけどみゃーもりは何かヤバい薬キメてると思う。,3
これの英単語アプリもおもろい,0
あつもりの二人同時プレイヤバ楽しい。何してもバカップルみたいになれる。,0
動画研修見てると、ロールプレイの役者の気持ちに入り込んでしまう,0
今のご時世ロールプレイでもジャケットとネクタイの典型的衣装やめろ！こちとらノーネクタイ、ビジネスカジュアル、ワークシューズやぞ,3
2週間くらい家に引きこもり続けてるので駅前に飯食べに行く。膝がぽきぽきなる,3
運動不足でちゅんきー怒りのバッティングセンター,1
今思うと超級武神覇斬って結構無理あるよな。男子的にはああいうのがええんやけど。新しいので早くみたいな,3
久々に骨のある奴が来たじゃねえか,3
今日午前だけテレワーク。午後からGW突入。夏休みの投稿日のワクワクみある,3
センター5号館？知らない子ですね、と思ったら比文やん。土地広くなって地図が細かすぎて距離感が狂う。,0
適当な短文拾ってくる→短時間で無理矢理英作文→DeepL翻訳で解答生成→良い単語や定型を記録。先ずは一日200語（10文くらい）あたりから勘を取り戻す。これ大学受験のときに欲しかった。,3
4月の異動でハッピー暇暇テレワークライフは消え去った。今は土曜日の整骨院だけを頼りに生きてる,2
そろそろもうやんカレー食べたい,3
久々の休暇取得！天気がいいのでラーメンを求め旅に出る,3
猫耳がお好きですかあ？→はい→私が来ましたぁ（両利き用キャッチャー女）チェンジで案件,0
明日の午後は2ヶ月半ぶりの出社でオラワクワクすっぞ。その期間電車で区外に出なかったのは改めて異常,3
今ミスドの宅配あったら買う,3
ビール飲みながら菓子作る,3
新しい生活様式、御社の使ってるオンライン会議ツールを聞く。例）弊社はTeamsとSkypeを導入していますが、Zoomの使用も可能です。Zoomの場合は貴方で会議立てお願い致します。が最近地味にツボってる。,0
よく見たら今日カブ500ベルだった。売りたい人連絡くれい,3
久々に空港来たら国内線の欠航数エグい。ラウンジのビールが缶になってた。,0
搭乗ビデオで機内の換気性について結構細かく紹介あった。,0
新幹線か空港の近くはまだ需要上がるでしょう、コレ,3
ばあちゃんち掃除してて思い出したけど郵便番号って5桁やったよなぁ。,0
30歳になって始めての保険探ししてるけど、積み立ての生命保険に関しては早めに入るのが絶対に得だわ。2年入るのが早ければ100万近く得だった。結婚して子供いなくて金の使い道に困ったら貯蓄もいいけどいい保険を探すのもあり。,3
100万は言いすぎた。でも40万は違う。遅れるほど毎年15万ずつくらい損する感じになるか。,0
特に結婚して子供も欲しい人はどうせ生命保険くらいは入ることになる。職場の保険のおねえさんに聞くのもいいけどしがらみがめんどい人は、周りの金融リテラシーの高い人数人に酒の席で一度聞くのがいい。保険のおねえさんに話すのはそれからでもいい。,3
一泊5万円が二人で14000円ですってよ,0
単管の垂直水平取るのむずいわ。なめてた。さらに柱だけで10本以上あるのに。きれいに垂直に立つ単管が並んでるの見たらそりゃ「美しい…」ってなるわな。,2
普段温厚な俺だが、紙ストローだけは絶対に許さない,1
【実績解除】リモート会議中のウンコ,0
なんで今週は休みが4日ないんですか？？？,2
今日久々に会社行ったけど椅子がいいんだよなぁ、無限に仕事できる,0
痩せるためには片道20キロのチャリも厭わない。それが俺のデブ道,3
テレワークが半年過ぎ、今後もテレワークが続きそうということで定価10万超えのチェアを買うことにした。中古で3万やけど。,3
最近腰痛で寝付き寝起きが悪いねん。これで仕事関係での出費が7万くらいになった。,2
steamに手を出してソフトダウンロードしたはいいがコントローラーがないことに気付く,2
本日の歩数800か…クズめ…,0
5時になったらジムに行く…5時になったらジムに行く…,3
うまいビールを飲むために一駅歩く,3
久々の会社訪問あるから革靴はこかーと思ったらカビ生えてるぅー,2
上級国民という名の全メーカーの敵,0
ちょっとビール買いに来ただけなのに、ビール30本分くらいのアルコールが買い物袋に詰まってるぞ？？？,0
最寄りの映画館、鬼滅一日に24回上演してたしレイトショー以外ほとんど満席やった。何なんやこの現象,0
女装たのしみ?? ( ?ω? Ξ ?ω? ) ??,3
少プレの演出毎度最高なんだよなあ。。,0
昨日今日うっすら頭痛い 気圧かな？,0
まっすープロデュース おしゃれなウェッティケース欲しいな～,3
なんか今日まっすーやたらごきげんに聞こえる 聞いてるだけでこっちまで嬉しくなっちゃうど！！,0
てごし派のフラミンゴｗｗｗｗｗｗｗ,0
掃除片づけ下手すぎて 知恵熱でそうだけど、 ほぼ毎日やってる。 可愛い部屋作りのため NEWSコーナー設立のために がんばるんだ！！,3
歌ネタすぐパクろうとするますだ氏ww,0
パンカパーナかわいい,0
菅田くん、もさい髪型にガチ眼鏡してるのにかもし出すおしゃれなんなんだろうなあ,0
伊野尾さんのこっちみんな芸にやにやすっぞ！お顔好きだわ?黒衣装も似合ってて麗しい,0
突然だけど慶ちゃんはスマートかっこいいがいいな、ベストだな。ジャニーズが似合うのは細マッチョまでだと思うんだ。筋肉はEXILEにまかせよう？,3
あぁ、、 寝るのもたもたしてたら 頭がんがん… ぐったりでもいい すみやかな入眠を願う,2
これ、もしかして……ヴァンパイアじゃないの…？？？！？！！,0
やっぱやるなら思いっきりがいいよね,3
おいしいNEWSでおなかいっぱい幸せだけど、歌ちょっと危なっかしかったなってのだけ伸びしろですねえ（小声ダビッドソン）,0
そういう意味で妄想慣れはしてるはずなのに、ストーリーが一般のヲタたちの萌えのソレにはならない摩訶不思議,0
萌えの方面はまったく機能してない 絵本に全振り脳こまた…,2
サラダ丸,0
慶ちゃんの所作何者,0
あざとのきわみあーっ！,0
まっすーけしからん！！,1
もう機嫌なおった NEWSは尊い,0
吾輩はシゲタイプである,3
ソレダメ予約できてなかった…！(っ°´o`°ｃ)うわあああん,2
MXの国じゃないからTLのうたプリネタバレつらい,2
少プレ待機～□?▽○,3
今日のてごし髪がトイプみたいでなで繰り回したい衝動,0
批判にかき消されて、せっかくかけてもらった素敵なことばを見失いたくはないな。,2
どん兵衛さんのCMおもしれえなあ,0
ぼかぁどん兵衛だなあ,3
ぐうの音も出ない案件で 胃が痛い眠れない,2
結局は住み分けが 平和なんだろうなぁ,3
天高くコミュ障,2
軽く風邪ひいたかもねむ,2
がんばったー！！,0
慶ちゃんCM決定おめでとう！！ OAたのしみだ～☆\( ?o?)/\(?o? )/,0
恋知らきたーーー！！！！！,0
今日もNEWS活たのしかったけど、 ずっと頭が痛い(/-_-＼) 風邪引いたかな？ それとも地震でもくるのかなあ,2
すべりこみ誤字祝いマン,0
牛乳一杯飲んで お、うまいな もう一杯 と思ったけどお水で我慢したら 今 すごい勢いで満腹感が…！ お水にしといてよかった。,0
とある友人の言動が気になって仕方がない時がある。彼女はいいとこも悪いとこも沢山あって周りに人が集まる。私はいつのまにかいいとこも悪いとこもバレないように自分をあまり表現しないように生きるようになっていた。たぶん無性に腹が立つのはうらやましいからなんだろうなあ、小さくて悲しい。,2
自己肯定感の強い人間になりたい 努力してたら、いつか掴めるのかな,3
今日のチカラウタ。否定してくれてはいたけど煮えきらない感じがして私もテレビの前で悲鳴をあげてしまった。 時が経てば変わる価値観はあって当然なのかもしれないけど、慶ちゃんにはこれからもNEWSを大切にしててほしいな。,2
ええ！！地味にスゴイ次が最終回なの！？ 寂しくなるなぁ,2
おや、ますださん今日声ちがくない？ 本当に風邪引いてるのかな,0
上白石萌音（かみしらいしもね）って名は。 美人にしか許されない名の最高峰だな,0
作業用メガロマニアがかっこよすぎて手動でリピートキメテタ お願いだから少プレで歌ってくれNEWS…！！（仕事終わりハイ）,3
よし、お仕事仕上げすっぞ。,3
本当はおおらかな人でありたいと願うのに父親にしょっちゅうプリプリしてしまう。私の父は人のものを落としても拾わないし謝らないし、自分がしたいようにレイアウトだけ変えて私のモノは避けたまま落としたままにしたりを平気でする。,1
なんだか一昨日くらいから体調悪いな 作業が一段落したら横になろう(‘､3_ヽ)_,2
負けてないと思えるものがなかったら みんなの前には立てないと思うし。 かぁ。根拠のある自信なんだよなぁ。でもﾄﾞﾔｧ感も嫌味もなくて、そういうとこに惹かれる。 やみくもに自信無いからなぁ、私は。 ちゃんと自分のこと見つめ直したい。,3
わけ隔てなくみんなで楽しもうって事なのかな？ ファンクラブじゃない人への配慮素敵だなあ。 youtubeの宣伝動画もユニークで、 星野源チームのおしゃれ冴えてるアイディアには驚かされる。,0
時間差KちゃんNEWS中。 たかいとくんがまっすー尊敬してるの まっすー今回初めて知ったのか！！,0
少クラでほんとによく歌ってくれてるもんなぁ 今日のKらじ聞いたら嬉しいだろうなあ( ´ω` )♪,0
ブラますの黒好きブレねえなあｗｗｗ,0
アラサーアイドル達の意見がちゃんとしすぎてて 幼稚な自分の言葉遣い恥ずかしくなった。。,2
なくなったものの犯人扱いもストーブのつけっぱなしの原因にするのもやめてよ、私のせいにしないでよ。毎日朝まで電気もパソコンもつけっぱなしのおとうさん。,1
まっすーのおにぎり…（震える）,3
寝る前にRING見て、まっすーは何度も同じこと聞かれるとうんざりするんだなぁ～（まぁ当たり前っちゃそうか）って考えながら読んでたら急に 俺が暖めてあげる 発言に、しんだ…0(?3_ヽ)_振り幅…,0
なんでNEWSってどこ見てもかっこいいの？（笑顔）,0
サッカー普段見ない人間としては、副音声手越解説員の選手のこぼれ話聞きながら見てると興味湧いておもしろい。,0
パソコンでブルーレイ再生できない問題( ･?･??? ) ドキュメンタリー見たいんじゃあ( ･?･??? ),2
愛しい後輩に変な影響与えないでテゴっちｗｗｗｗ,0
通称：ねずみ男（父）,0
それにしてもテゴマスが千鳥にはまるのだいぶゆっくりだなw,0
世界遺産に変えられてもーた,2
テゴちゃん副音声おつかれさまでした。 見てるほうも楽しかったよ?！,0
もう19分立ってたのか,0
スポーツバーからお送りしておりますわろたwww,0
審判エアーリーディングやめて,2
今更LIS’Nの和訳してくれてるブログ見てしんだ（鼻血,0
コヤシゲの体重把握…φ(:3｣∠)_,0
知らんがな！！！！！！！（のどちんこ飛ばし,1
今日は体調こそ悪かったけど○○も逃げ恥もKらじも楽しいうれしいこといっぱいだった！明日元気になろ～寝♪(?3[___],0
しばらくQUARTETTOアンケート芸人してた甲斐があったぜ（たぶん実りはない）,0
地デジビュアーもう完全にだめくさい かれこれ２ヶ月以上は繋がってない NEWSな２人SP見たかったのに；ω；,2
NEWS間にあわなかったああああうおおおおおお！！！！,2
かんじゃwwwにwwwwwwwがんばwれxwwwwww,3
auのCMは毎年たのしくていいな,0
テゴマス10周年メドレー待機！,3
嵐到着してよかったね！,0
紅白の恋ダンス見直してるんだけど副音声うるせえwww何回星野源って言ってんのよwwwwwwwバナナマンのお茶の間感すごいなw,0
スマホゲー忙しすぎて一周回ってもうゲームしたくないよう！！（やんなきゃいいだけ,2
起きてるのに録画組；ω； 部屋にテレビがないんじゃあ(ﾟ`ω´ ﾟ)ﾟ ごめんよ、コヤシゲ、、,2
TLが幸せに染まっている,0
結局寝てないマン,2
夜会をチラ見したせいか、初夢には慶ちゃんが来てくれた。速記？を披露してくれたよ(　?ω?　),0
ぎじぐんの胸キュンスカッとをチェックし忘れるという失態,2
どっちも大切にすると決めて NEWSに残ってくれたんだから 二人の中では、 NEWS or テゴマスじゃなくて NEWS ＆ テゴマスなんだと思うよ わたしもどちらも大好きだよ。,3
そろそろお仕事モードに切り替えねばね,3
俄然テゴの試合見たくなる,3
まっすーの空調芸変わってないのね（褒めてる,0
またもち麦が売れちゃう,2
かさぶたになって 痒くてこすっちゃって また血が出て を、この先も繰り返すのだろう こまた。,2
今期は暗いドラマばっかりだなあ,2
少プレわすれてたあああ！！！！！！,2
人を嫌うのって結局自分も嫌いになっていく気がする。人の悪意「かもしれない」できごとをそうだと決めつける呪いを己にかけるのはもうやめよう。,2
リーテ・ラトバリタ・ウル…ア,0
朝の件、どうやってってずっと考えてみてたけど、まだ手に入れてない何かを体得するにはきっと反復練習しかないんだよな、シンプルに。 自分のなりたい理想を真似して真似して真似して、癖にして。継続しつづけてればいつかはなりたい自分になってるんじゃないかな。,3
うれしいNEWSとともに今日は就寝。(:3_ヽ)_ 明日を楽しめるように。たっぷり眠ろ,0
シゲの影響で佐藤結衣さんの名前は完全に覚えてしまったwネット記事って噂だけでいいかげんに書かれていたり読みづらいのも多いけど佐藤さんの記事はNEWSをちゃんと知って書いてくださってるのが好感持てて好きだな。,0
リアタイできなかったけど Ｋらじ追っかけます！！,3
マジ拭いてから出てこいやなとこ好きです！大好きです！！,0
ハラ↑イチなコヤ↑マス,0
男子も女子も好かれるのに清潔感が大事なのは変わらないんだな,3
大好きなアイドルが求める清潔基準クリアしてる気がしなくて悲しいね(；ω；),2
miwaさんいつ見てもソングロボにしか見えない,0
このシゲちゃん美人?,0
チカラウタEMMA歌ったのかー！！そりゃそうだよなぁ。。推測できたことなのに5倍録画にしちゃってた(；ω；)もったいな?い…,2
ハードボイルドなサンリオ探し,3
Kawaii na?,0
珍しくパチっと目覚めいいと思ったらもうねむい( ´=ω=` ),2
シゲは手越の乳首触ったり尻触ったり手越をどうしたいんだ？( ∵ )σ(*´･ш･),0
テゴマス見ないで掃除して健康番組見てごめんな…録画でしっかりみるから…調子悪くて体が健康をほしがーる(?3_ヽ)_,2
ごほうびって言い方がなんかね…よぎって飲みこんだ言葉。お願いだから勘違いであってくれ…(；ω；),2
きみはペットはやっぱり名作 だいすきだぁー！,0
掃除しそびれてしもた 明日はしっかりやらなくちゃ,3
近い近いとは思ってたけどこんなに近かったのか！！,0
テゴの初回ブイ録画してたかったぁ?｡ﾟ(ﾟ＾ω＾ﾟ)ﾟ｡,2
後悔しない努力大事,3
もうずっと保存した検索ワードが消せなくなってたから最終手段のアプリの入れ直ししたら結構な数の下書きに残しといた大事なメモも失ったことに今気付いちゃ…っ……＿(　_???)_ ｷｪｧｧｧｪｪｪｪｧｧ,2
うう～夜会～！！ヒロミさんのジャニーズ格付けも気になる気になるけど嫌われる勇気待機,3
オカリナのこういうところ かわいくて好感もてる,0
まじのやんきーのやつだｗｗ,0
サンホラ感すごいわかる たしかにニコ動勢引き込めそう みんなおいでよNEWS沼！！,3
NEVERLAND寝る前リピあかんやつや…交感神経優位 たすけて。でも帰りたくない＼(＾o＾)／,0
手越祐也の新連載フムフムヌクヌクアパー楽しみにしてるね！！（すっとぼけ,3
アレルギー体質だけど空けたピアスホールにいい加減ピアスしなすぎて塞がりかけてたから昨夜はつけて寝たんだけど、起きたら右耳につけたハートのピアスが見当たらない。 ファンサで投げたかな…？ (　?ω? ).｡o が、今朝のダイジェスト。,0
シゲは人や物語の心を汲み取るのが得意なのかな それを彼の豊かな言葉で語ってくれるの いとをかし,3
さて、このまま増田さんのFOREVER MINEを聴きながらさぁ僕の胸で腕の中で夢の続きを。,3
さ、レコ編集に入ります…,3
誰かのファンを公言するということはその人の看板も背負ってるってことに等しいと思うので、言動は本当に気を付けなくちゃいけないなっていつも思う。「これだから○○のファンは」って言われてしまうのは一番悔しいし申し訳ない。,2
やばい全然眠れなかった( ´･ω･` ),2
てごはあげられないぞ！！（モンペ,3
よし、運動するぞ！遅,3
さてさて今日もテゴを中心としたJr.気分でWonder流しながらプランクしよう！！,3
時間差Kらじ中 いきなりの鋼のどちんｋわろたｗｗ 金ぴかなのか！しげちゃん！！,0
チャンネル権がテレ朝にある それだめ…´???`,2
明日のごはんは餃子にきまり！,3
傘と自転車泥棒はゆるすまじ,1
上手くいけば当たるかなって期待してた嫌われる勇気もこっちのベクトルだったらもうちょっと跳ねてたかもなあって思ってる。アドラー心理学で人目を気にし過ぎなくなったらこんなに人生を豊かになるよっていうのが軸のドラマだったらこんな現代だからみんな興味持ちそうだなって。,3
はぁ～～～ポテチ食べながら痩せたい！（暴挙,3
まじか！！！！！！,0
せっかくグルメ見るたびに日村さんって人がいいんだろうなあって思う,0
一度発作起こすと外怖くなっちゃうから明日は天気良ければあえて出かけるのが目標！今日は上着着ていかないってうっかりミスが原因だったから万全で挑みたいフルスイングで～♪,3
NEWSのカルテットみたいぞ！,3
KちゃんNEWSたーいき！,3
ゆるいの期待だな～ 録画してみよう♪,3
チカラウタ予約し忘れたーーーー！！ あかーーーーーーーーーーん！！＼(＾o＾)／,2
こういう所に弱肉強食を出してくる世の中ってやさしくなくてやだな。,2
今期けっこうドラマ見てるけど 全然役名覚えらぬ～ ふかしけんしか覚えられぬ～,2
今日珍しくうたの調子がいい ♪,0
ローソン近くにある人ええなあ,2
今日が楽しかったから明日はもっと勇気出してみようって思える。いつもありがとう。,0
うそだろ…カール……！ ダイエットしてるから買ってなかったけど悲しい。チーズ食べおさめしたい。。,2
ちいさな成功体験の積み重ねか～,3
低気圧ぐったり～な,2
あだまいだい,2
あれ、これ風邪引いたかな_( :0 」 )_,0
この家の人はみんな面倒なことは人任せだからツケが回ってきたんだよなぁ。 父の片付けない癖をフォローしてるとなんでいつも自分ばっか損してバカみたいって気持ちになる。人一倍汚す同じ掃除当番の人が永遠にサボってくる感じ。 だから我が家は人の事にとてもドライになってしまったんだと思う。,2
ビビリ小山さん 変ラボみあって懐かしかったw,0
これが湊かなえかぁ、、,0
発作起こしかけて帰ってきたら 母親になぜか無視される、かなしい,2
昨晩リンパマッサージに使ったベビーオイルが机に垂れてることに気付かず、買ったばかりの指輪の箱に油染みをつけ涙目( ?д? ),2
これはひどい…(?3_ヽ)_ 体調不良なのにまったく眠れないやーつ そこに動悸の３コンボだどん！ 発作起こりそうしんどい(´×ω×`)。、,2
進撃のねずみのイエダニ作戦に 阿鼻叫喚の我が家 全員ぼっこぼこに刺されてる…,2
よーしアリエッティみるぞ～！,3
体は疲労困憊なのに妙な緊張で眠れぬ 今日もぐったりすんのはやだなぁ…。。,2
７月気温やばすぎて手付かずの庭。 絶好の草むしり日和だったのに小雨で蒸し蒸しタイムになってしもた～！もう森だ～！！,2
録ってるからってリアタイもさせてもらえんかったのにあんまりだァ…。、。,2
叫びそこねたんだ！,2
てご散歩w,3
台風恒例の気圧でドキドキするやーつ つらたん(?3_ヽ)_,2
安眠バイバイ(?´?`? ),2
クーラーがないから窓全開に開けて寝てた娘の部屋を昨日開けといた雨戸まで全部閉めて閉じ込める父親に「殺す気か！」のセリフで起きる朝,1
日本人には選べない配色センスすばらすき～,0
増田担だけどソロ曲はシゲの作る曲大好き。彼は本当に才能にあふれた人だね。,0
テゴは無事見れたので嵐にしやがります！,3
体調が悪化した不安感強くて眠れない…考えても仕方ないのはわかってるのに。。,2
通過ってどこに向けて打ったんだよ…戦争やめろ…やめてくれ,1
治ったらダイエットのせいだって母に言われないカラダ作りしたい。栄養失調だって言われるけど、わいのダイエットは食事改善に近いからその苦言は納得できぬ。始める前よりはバランスよく食べとるよ、たぶん。,3
[??]；*д*)_〈 ま゛っ゛す゛ー゛（゛う゛め゛き゛ご゛え゛,2
こんなに体調悪いのになんで眠れないんだ、体よ,2
しあわせになるために ちゃんと健康になろう。,3
ふいたw,0
こんな恐ろしい警報にもそのうち慣れてしまうのかな。現に今回はもう体が二度寝キメようとしてる(　?ω? ).｡o,2
なんかまた熱出そうだなあ,2
やっとの思いで病院に行って塩対応の受付の人にも耐え、アルプラゾラムを処方され、毎朝飲んでなるべく外の怖いところも行くチャレンジをしている。ちゃんと薬が効くのか効果を確かめるために。,3
治したいけど薬漬けになりたくないはわがままなのだろうか。どんなことにもメリット、デメリットはつきものだもんなぁ。なんだか八方塞がりで、すごく焦る。,2
夜になって、この…急激に気温が下がる感じ…？MAUTAついてけない[??]ε?) ?( ε?) 0,2
朝9時頃に親戚が来て起きてしもた。うまくねむれなかったから体調しんどい( －ω－ ).｡o,2
かゆくておきた(｡??＿??｡)つらお,2
ますださんのアヒル口が～！！ドラマ録画されててとれない～！！(ﾉω･､),2
いくらお腹が苦しいからってセンナはもう合わないからやめるべきだった、、胃が痛い。,2
明日行く予定の皮膚科午前しかやってないのに総合病院での検査のこと想定して考えてたら不安で目がバッキバキで眠いのに眠れん,2
さっきから寝落ちそうになるたびに吐き気がきて覚醒。を3、4回繰り返しててとぅらい…/( ?P? )\眠いのに,2
本格的に風邪引くのかなあ。。 やだなあ。。 明日の予定が 死なないといいんだが,2
はだみずどばらだい(･_､･),2
寒すぎて眠れぬ 頭用布団追加,2
この上半身ならもっと太ももがないとバランス悪いな～,0
まっすー衣装や私服でなかなかの色使いしてるけど、女の子のネイルの色とりどりなのは否定的なのか…なんか悲しいなあ。私は黄色も色んな色塗るのも可愛いと思うよ。,2
まじか！デビューか！！ ぎじぐんんんんん！！！！,0
今年のプリツイ可愛すぎ説,0
いつも父の見積もりは甘いんだから鵜呑みにするもんじゃなかったな～。ねむいな～。,0
遠足前夜ねむれない症候群つらたん、。、,2
胃もたれで眠れなかったけど白湯飲んだら緩和された気がする。紹介してくれたサイト、サンクス！ので寝よう。,0
もうちょっとで寝落ちる…寝おち…からの鼻詰まりすぎ窒息感で覚醒起きしんど。。胃もたれ治ったのに今度は鼻づまり。予定があるというのに一睡もできん(/´A`\ ),2
スケートのスターターの人の 「レディ?」って歌ってんなあ！ 翼をください思い出すメロディ,3
心が太りたがってるんだ。,3
穏やかなおじいちゃん先生が居て好きだった病院が閉院してたのが思いの外悲しすぎる、る。,2
テゴママの真似するなら衣装ノースリーブがパーフェクトっす、ガリットチュウさん！,3
いつぞやに占い師からソロがなんちゃらって言われてたの思い出すな?。,0
明日はとても大事な日。やりたいことも沢山あるっていうのに寝れずに久方ぶりの発作を起こすだなんてツイてない(?? ??)震えてきちゃったからさすがに薬飲んだ。,2
もう薬のんだし大丈夫。 ゆっくり寝ようね,3
ねむれぬ 明日の予定詰んだな?(?3冫?)?,2
気持ち悪すぎて眠れぬ、こまた,2
たべすぎてきもちわるいな,2
動乱篇やるのか?！辛ぇ！！,0
たかちゃんNEWS待機！,3
あーつくね食べたくなるる～,3
ますださん代役ありがとう,0
あーん、ごしさんのメレンゲ録り忘れた…(?´?`?)!!,2
ひろしの靴下わろぴww,0
片頭痛ながすぎだ かれこれもう5時間 ガンガン、ズキズキ きもちわるい 寝れない(´-_-｡`),2
入退院を繰り返しながらも生涯現役を貫かれて、テレビでは一瞬で楽しい空気を作ってすごい方だ。歌丸師匠大好きだったからやっぱり訃報は悲しいな…(ﾉω･､),2
あーあ、なんで気付かなかったんだ、、凹む,2
色んな意見はパフォーマンスで跳ね返してほしいから、やっぱ歌もうちょっと安定してほしいなぁ,3
がっつりイジってくれるな?楽しいw,0
こういう日に節電考えるのやめようぜ、母。今日は命落とすレベルの熱帯夜よ。。,2
せっかく眠くた寝入る寸前だったのに蚊に左手ぼっこぼこにされておきた、ツイてないな。。,2
オイ！！犯蚊！！！！お前のせいで眠れないから人が那月イベで気持ちよくstill叩いてる時に手元でノリノリに飛んでんじゃねーぞ！！！フルコンボ逃したじゃねぇか！！！！！！！！！！(ﾉ`□´)ﾉ⌒┻━┻,1
今夜は耐えられないタイプの熱帯夜だからクーラーの部屋に避難。そもそも冷房無しで寝る修行僧私だけ。ギリギリでいつも生きてる。寝たい。,2
薬のんだから一時間でもいい…ねさせてくれ…ワイの体????:) ?,3
薄い緑色のフィルター灰色になるほどホコリ溜まってたしな?。元々薬剤かけておけば清潔教の父上なので「やった」ってことで大丈夫と思っちゃってんだろうなぁ。。年寄りの部屋はノンストップでエアコンつけてる時期だから気をつけないと病気になりそうで怖いね。,0
疲れちゃったなぁ。 のに眠れぬなぁ。,2
二度目もこんなパンクするなら予定数で終了と言わずに普通に受注生産にしてくれぇ…((+_+)),2
これはMステのMだな（確信,3
キスマイの新曲MVかわいいねぇ,0
久しぶりにきたって思ったらまた田舎干されフライデーか、、,2
はなっから犯人扱いして鍵どこやった、パソコンの横においておいたのにお前が動かしたんだろ？起きて探せよって態度。 結局またいつもの勘違いでご自分でテーブルの下に置いてらっしゃったのにあったよーだけで謝りもしねえ。朝からくそ毒親…腹立つ…,1
そもそも昨日掃除したの父親不在の時だったんだからその後部屋の奥に入ってないわしが犯人なわけないじゃろ…それともコナン並みのトリック使ったと思ったんか？,1
自分だけすっきり解決して出て行ったの腹立つから一筆文句をしたためておこう,1
父の誕生日だからお昼にお弁当買うって言ってたのに知らぬ間に私だけハブ。実家に持ってきてくれる予定だったのに急に変更して連絡なしの待ちぼうけ。変更になるなら誰か一人でも電話くれればいいのに。,2
私の分は別で夕飯に買ってきてくれるって言ってたからいいんだけどさ…なんかこういう意志の疎通0なとこやなんだよな、マイファミリー。,2
いくつになっても期待してた予定のキャンセルにふてくされるの大人げないと思いながらも悲しくて,2
あだまいで…,2
あー目は腫れ皮膚に赤い丘できる発作きたーー！痒くて眠れぬぅ‥。。,2
突発性がつくパニック障害は初めて聞くけど、PDの治療は早ければ早いほど復帰も早くなると思うから松島くん、焦らずお大事にね。,3
いいにんにく食った。,0
まっすーきたー！,0
ipadまるまる3日検討したンゴ やっとこ機種は決定。 あとは色選びじゃ！ どっちにしよかな???( ???? ≡ ???? )??,3
ぎんたまのコラボいつもおもろくてよき,0
なんてこった！ ホームアローン2裏なのか?！！,0
レコ大は文句なしでDA PUMPだろな。2018年にあんな流行った曲他になかったもの。,3
こしいたしてごし,2
HiHi Jetsがおらつきだしたのは否定しないけど、可愛いが似合う子は可愛いのままのがいいと思う。そのほうが目立つぞ！,3
ピースナウ、宇宙百貨、大中、swimmer、アルゴンキン 青春がみんな消えてゆく。。,2
おひるごはんゴム食べます！,3
たしかにR1よりL1のほうがいいな。,3
寝ます,2
そういえば、元ジャニの人が書いてる記事読んでたら父のような接し方だったジャニさんの時代だったらパニック障害も防げたみたいなこと書いてあったけど、あれはちげーぜ。脳みその誤作動だもん。当事者じゃないと、やっぱ精神的強さの問題みたいに思われるんだなぁ。,2
交渉成功からぬかよろこんだあとのキャンセルはとてもきついであります:( ;?; ):,2
菅田将暉の俳優として優れているところは爆イケからダサ男までの振り幅。イケメン臭残さず、ちゃんとダサいんだもんな?。カメレオン俳優ってやっぱすごい。,0
ずっと飴舐め続けてるけど喉痛すぎて眠れん…こんな酷い喉風邪久々だな,2
一晩で箱ティッシュ半分消費する勢いだもの。それが全部喉行っちゃうんだもの。良くならないはずだわ。,2
寝れば寝るほど熱上がるのなんでー( ?????? )しんどー。,2
その都度買えってかい？電子書籍、着うたくらい理不尽だな。紙媒体には紛失、劣化のリスクはあるものの購入先から取り上げられることは無いからな。よっぽど気に入った作品以外は電子化は厭わないけど保証されないのは話にならん。 RT,1
オーケーグーグル タオルからエンドレス紫汁出るの直して,2
フェチを前にした人は無力だ。 好かんから簡単に好きに転ぶ。,0
ゴリ押しの罪深さを感じる。 今更ながら山崎賢人はそんなに悪い俳優じゃない。彼は声がいいし役に合いさえすればいい作品にもなる。ゴリ押しが無ければもっと早く素直に作品を見られたのにね。でも気付けてよかった。,2
小枝のチョコミント味 焼きそばの味するのなんでなん？,0
四ノ宮尊し,0
お源さんみたいな感じの生放送だったんかな？,3
令和ライダーから高岩さんじゃ無くなっちゃうのかぁ。。( ;???;)淋,2
わしもチャリパク傘パクする人種は大嫌い。やってる人の意識低すぎて10万近くする電動自転車なんて買えたもんじゃないよなぁといつも思うんだけど、そもそも安いチャリだって2万くらいすっから！よく考えろ、他人から2万盗ってんだぞ？と言いたい。,1
斎藤終はもっと早くに登場してほしかったなぁ。推しにしたいくらいタイプだけれど思い入れできる前に銀魂終わっちまった。,2
とんでもねえ台風だって言われてるのに家族で危機感もってるのわしだけなのなんで……。非常食で買ってきたカップ麺もう食べようとする親父なんで……。。,2
YouTubeライブ＿配信 であって、YouTube＿ライブ配信 だと音楽ライブと勘違いするな～アイドルだから。ユーチューバーならそんなこと思わないのにね。 勝手ながら期待しすぎて拍子抜けしてしもた。発表自体はすごい発表だったのにごめんよ、寝よう。。,2
この世にどこでもドアがあったら、常に逃げる場所がある状況になって、予期不安が無くなって劇的にPD患者の症状はよくなる気がする。間違いなくノーベル賞。おねがい、発明してぇ…えらいひとぉ…。。,3
あーこんなに面白い回だったのに録画忘れたのが悔やまれる…( ??ω?? )もったいない,2
何か最近急激に声優と芸能界の垣根無くなってきた感。バラエティでも見る機会増えたし音楽番組にもまもちゃん、しょうたんか～。いいね～！そろそろきーやんも待機したい。,3
マスク、うがい、手洗い、アルコール消毒で大流行のインフル対策はかなりやってきたつもりだったけど、ついにのど風邪ひいちゃった予感。インフルではない気がするけど寒暖差でやられたかな。。ビタミンサプリ飲んでるのに口内炎できがちなのも困る。,2
Pさん、一からソロチャンネルってのはやっぱり大変なことだとは思うけど、既に持ちギャグもキャラクター性もあったり、ちゃんと面白い人だから伸びるといいね～！夢は大きく、がんばれ～！！,3
本当に私は不義理過ぎて悲しい、、ごめんなさい。ありがとう。。,2
新型コロナを批判の道具にしてる類の人間の情報なのか否かを判断するのめんどくさいなぁ。人間って複雑。,2
今この状況をわかってくれない人たちに伝えたいとき、北風と太陽のどっちが心を動かすんだろう。,3
ヒーローってヒーローなんだなぁ。,0
ボイスの後遺症で伊勢谷友介は犯人にしか見えない。,0
2ヤギが次に跳べなくてウズウズするのかわいい,0
ダボジャビゴギギギ,0
たぶんAメロBメロサビとかにとらわれてない作りだから自然なのかなぁ。最近流行りのアーティストは固定概念を払いのけろ方式多くなってきた気がする。,0
特にNEWSの円盤の発売遅すぎなんだよなぁ。ライブの思い出噛み締めてるの頃にリリース出来てたら売上全然違うと思うんだよなぁ。,2
時間がかかるから後日受け取りに来てくださいって言われた3300円の診断書。もうすぐ2週間経っちゃうから連絡入れてみたら「できてますよー」って。連絡くれないんか…。後日じゃ日にちわからんし催促みたいでやだから電話待ってたんだが。他にももろもろある故やっぱあの病院好かん。,1
今日も今日とてBCAAまずい,2
自分が持ってる答え以外は全部不正解マウント毒父親絶しんど…腹たちすぎて眠いのに眠れん。。,1
タイムテーブル遅すぎてCM前録り逃したーー！！,2
まっすーの髪色よき,0
今市さんロンゲも似合うんか、セクシーやないの。,0
誰かおもたらミカナカシマやないの,0
待機めっなが 出番あっちゅうま,2
それはそうとレコーダー整理さぼりすぎて武将様第一幕録り逃したの悲しすぎた。第二幕からじゃ武将様BESTに焼けないではないか。,2
ツイッター検索がポンコツなのか、わたしがポンコツなのか,2
美しいものを摂取しないと。,3
しいて言うなら高瀬舟かなぁ,3
言語置換能力を上げたい,3
動悸息切れめまい…これが鯉,0
元気でいたいけどそうもいかないことってあるよね。ままならない世の中だなぁ,2
バックトゥーザフューチャーの曲がどこからか聞こえてくる。,0
あ、13日の金曜日,0
心恋って言葉初めて知ったや,0
ソーラン節とか花笠音頭とか,3
月見さん頭痛です。多分台風のせい,2
フォロワーのフォロワーはフォロワーだと思ってた……,0
流鏑馬見たことあるよ。,0
ようこそ 消費税10%の世界へ,2
月見は今日はケーキ焼きチャレンジです,3
踊り手とか歌い手とか実況者とかって一般人なんだけど、有名になれば少し遠い存在になるの、関係性が好きだな。,0
胃が痛い…電話嫌い…,2
語学も気になってたけど先生に惹かれて文学に行ったんだ。あの先生のゼミに入りたくて。,3
冬のうに?ぁーさるすたじおじゃぱんは綺麗だよ,0
君がため惜しからざりし命さへ　長くもがなと思ひけるかな,3
どうも、萩野です。（違います）,0
寝よ寝よこんな時間じゃ,3
ゆーちゅーぶで偶然聴いて耳から離れなくなってしまった。,0
コメダ近くにないな…,2
今日ね、夕方から死ぬかもしれないから生還したら私は偉い(),3
お腹も痛いから気分が下がるるる……,2
きつね色のあたたかでパリパリした語感,3
まさおかしきしきしきし,0
それはそれとして月見甘いもの食べられないんだよね、苦手で。,2
京言葉は学生時代必修だったけどあんまり覚えてないんよな,2
納豆がまずハードル高いかなぁ,0
サスペンダーって良いよね。,0
筋肉にお願いだ　って感じ,3
腹痛大魔神…………,2
身体が最近バキバキ,2
フォロワーさんたちが雪降ってるって言うから外見て降ってなくてしょんぼりした　関東の話かぁ…,2
玄米茶が好き,0
頭が痛くて一旦寝る　現実が地雷…,2
ゴーテルが落ちる瞬間ラプンツェルが手のばしてるの見るとグゥ…ってなる,0
ゼロのmv観れるとか贅沢の極みじゃん…すき……,0
ちょっとベッド破壊してました。,1
最近プロモーションが増えた気がする,0
今日の私はハピハピハッピーデイ,0
眠くてブチ切れそう　切れない,1
えるれ、好きです,0
素敵なものを眠る前に見られたhappy,0
なんかずっと気分悪いのよね,2
カレーパン最近食べてないなぁ,2
腹が筋肉痛ですわ,0
飯が食える食えるぞ　飯が食えるぞ,0
可愛い女の子は目に入れても痛くないんじゃないかって気がする,3
フォロワー機関車トー◯ス,0
U18フォロワーどれくらいこの垢のフォロワーにいるんだろうか,3
ニコイチフォロワー…いない、かな…,3
夏は嫌いだけど、夏(概念)は好きです,0
さっき妹がぴえんの歌かけてたせいで脳内エンドレスリピート,2
ダメ元という先人の知恵がある,3
王の獣無料公開分一気読みしてた,0
最近お腹に暴れん坊将軍飼ってるかのように不調,2
来世は金持ちのお上品なマダムに可愛がられてる飼い猫になりたい,3
月見さん今日月見バーガーきめてきたから優勝,0
ほんとりぷへんできてな……申し訳…………,2
私が貧弱なのでダークライさんは多忙なくらいでいい勝負ができる,3
空いてるすいぞっかんに一人で行きたい,3
一人で旅行したい,3
何か色々最近出来てないなって　まぁ趣味だからいいけど,2
睡魔さん飛んでけ,3
あ？画像欄もぶっこわ,0
喉がパリパリって感じ,0
最近鼻の蛇口がぶっ壊れて返信考えるどころではないのほんと何,0
趣味に影響が及ぶほど好いて頂けるってすっごい嬉しいことだなぁ,0
ブラック・アイド・ピーズ、新曲発表！,0
現在の外の気温は15℃。長袖シャツだけでは対応出来ず。寒い（；^ω^）,2
働く≒時間を消費することだとすると、時間を消費することで得られるお金、それが給料である。給料で物を買うことは、自分の時間、もっと言えば自分の寿命で物を買っていることになるのかもしれない。だから、本当に大切なものやことにお金を使うべきなんだと思う。,3
ブログはオワコンだと言う人もいて、音声や動画に取って代わられるだろうと言う人もいる。そう聞くとネガティブなものに思うけど、ブログには良いところもある。一瞬にして全体の構図が見えるところだ。音声は途中から聞くとちょっと内容を理解しにくい。ブログの良さを活かした作り方をしたい。,3
向き不向きが分からない人生ほど辛いものはないと思う。どんどんいろんなことに挑戦して、何が自分に向いているのか、早い段階で知ることが大事だと思う。,3
東京を離れる前に、木久蔵ラーメン食べてみたい(≧∇≦)/,3
やりたいことがあるのに、できないもどかしさをずっと抱えて生きてきた。しかし、首都圏に住んでみて、それが解消された。住む所で随分違うなと肌で実感した。もちろん、田舎を悪く言うつもりはない。多分、その土地ごとに特色があるのだろう。,3
発言するのは簡単だけど、それを実践するのは、20倍ぐらい難しい気がしている 。まず行動できる範囲で動いてみると少しずつ人生が良い方向に変わっていく気がしている。行動した上でもう一度目標を立て直す。それもありかもしれない。,3
本の中で、「ディドロ効果の誘惑に負けない」という章を作っても良いのかもしれないと思った。,3
散髪についてロボット×AIの力で、散髪が自動化されて、1回500円くらいで散髪できるようになったりするのかな？？外資系の企業が一番最初にやりそうな予感(・・;),3
インターネットからの情報収集は、自分の頭の中にある言葉での検索が基本となる。そのため、自分が知らない言葉は、検索する術がないと思う。幅を広げるためには、無作為に情報を得られる何かが必要かもしれない。目をつぶって適当に文字を打つのもありかも！？,3
僕は、資産になる働き方をしないとダメだと思いますね。目に見えないスキルも含めて、自分の資産を増やしていくべきでしょうね。自己投資は重要ですね。,3
最終的には法人化しないと、本作りの幅は広がらないぜ(・・;)個人事業主を相手にしてくれるところはないと思っている。,2
マイクロソフトのワードは、少々値段はするものの、校正機能が付いているので、人を雇うより安いと考えたらお得かもしれません。,3
サラリーマンをディスるのは違うと思うんだよなぁ。あと、人を傷つけてまでお金を稼ぐのも違うと思うぜぃ。,2
伝えたい気持ちが伝わっていれば、それでオールオッケーなのかもしれない。,0
アーティストは逆に、半年間ハマってくれるような曲を作る必要がある。,3
人を笑顔にすること。それをモットーに仕事を頑張ろうと思う！他者をディスったり、敵を作ってお金を儲けたりする人も居るようだけれど、僕はキャラ的に向いていないようだ(;^ω^)汗昔からお笑いが好きだったので、誰も不幸にならないお笑いを目指して、仕事を頑張るぞ！,3
戦争をするからこそ、金がまわるっていう側面があることも悲しいなと思うなぁ。人々が笑って、それでお金がまわる世の中になれば良いのになぁ。,3
何をやったって、結局後悔する。ならば、本当に好きなこと、本当に向いていることをやるべきなのかもしれない。,3
どの年齢の、どの瞬間を切り取ってもカッコいい男になるためには、将来ではなく、今、カッコよくあるべき。不満や愚痴なんかを言ってたら、カッコ悪くなってしまう。,3
「誰が語るか」は昔から変わることなく重要な要素なのかもしれないけれど、昨今ますますそれが重要になってきたように感じる。,3
パソコン→携帯電話（スマホ）時代になり、文字が小さくなったことで、動画が有利になってきているのか。長文が淘汰されるという理由も納得。,0
分からないことが出てきた時の、答えに辿り着けるまでの時間差＜昔＞・本屋か図書館へ行く（平日仕事が忙しい場合は、最短で土曜日の午前）＜今＞・検索エンジンで調べる（曜日や時間帯は関係なく、調べ始めてから約10分）僕は、新デジタルネイティブ世代の人達は恵まれていると思うのです。,3
居酒屋の「つぼ八」は、8坪から始まったから、「つぼ八」と名前を付けたと聞いたことがある。いきなり素人が大金をはたいて、開業しても危険なのかもしれない。,0
音声には感情がある。動画には、動きを含めた視覚情報がある。日常生活では五感のうち、視覚がたしか約6割～7割を占めていたはず。文字だけでファンを獲得するのは難しい時代になってきている。音声と動画を駆使して、人気者になろう！,3
作品は、「見てくれる人が居る」状態で、作り始めると成功しやすい「見込み客がどれくらいいるか」を知ることが重要。作ったら、見てくれる！と思うと、大失敗する場合もあるので注意。製作過程を、SNSで、発表しながら、反応を見るのも良い。SNSは、「デモ展示会場」だと思う。,3
自分や知り合いが困っていることに目を向けることは重要。自分や友人だけが困っているわけではなく、日本全国に同じように困っている可能性があるから。そうなれば、コンテンツ化できる可能性があり、世の中の役に立つ可能性がある。,3
今後、間違いなく音声入力の時代が来る。大勢の社員が居るオフィスであっても、サイレントマイクを導入すれば、音声入力を問題なく使えるのではないだろうか？,3
以下のようなツイートは、需要があると思うので、膨らませてみよう！・「いいね」が多く付いたツイート・インプレッション数が多いツイート,3
【ツイッターの注意点】140文字の1ツイートで、全てを語ることって難しい。意図をうまく伝えないと、変な風な伝わり方をする恐れもある。自分が良いツイートをしたと思っても、相手が傷付くこともあるかも。その点に注意しながら、ツイートしていきたい。,0
【試作品発表のタイミング】α版（試作品）は、早く世の中に出して、使ってもらいながら意見を聞くのは良いかも。基本、無料で出すのが望ましいかも。ただ、無料だからといって、ユーザーの時間を奪うものであってはならない。批判をしっかりフィードバックして、β版を出したいところ。,3
子供の頃は、良くも悪くも、「校則を破る」=個性、となり得る。しかし、大人になったら、校則自体が無くなるので、「校則を破る」という個性は無くなってしまう。腕を磨いて、一生使える個性を子供時代に会得しておくべきと思う。,3
トヨタの下請け会社は3万社以上あるのかー(・・;影響力デカいなぁ(゜o゜;,0
ロングテールとは？インターネット上は、無限の用品棚がある。そのため、ニッチな商品を取り揃えていても問題ないというのが、ロングテールの考え方。,3
終身雇用崩壊と言うけれど、インフラ系の会社と、法律絡みの定期点検を生業としている会社は大丈夫だと思うのは僕だけ？なんでもかんでも終身雇用崩壊と言ってしまうのは、若者に誤解を招いて危険なのでは？と思っている。,0
PDCAサイクルをまわし続けて、勝つまで続ける。これ重要。,3
ゴシップを見るために生まれてきたんじゃないぜ。自分の幸福のために時間を使おう。,3
頭の良さは遺伝されないかもしれない。ただ、効率的な勉強方法は、受け継がれる。,3
30歳を超えたら、男の場合、頭脳で勝負していかなきゃならない気がする。ひたすら頭で考えて解決案をどんどん出していかねばならん気がする。生き残らねば。,3
ファン向けの記事、動画を作っても、長期的な資産にならない可能性もあるのか(ﾟДﾟ;)検索されないと死んでしまうコンテンツって結構あるのよねぇ(;´･ω･)長期的な資産になるものを、ファンの方に見てもらう、というのが正解なのかもしれないな。,3
失われていく時間を使ってモノ作りをすると、どんどん自分の子供的存在の成果物が出来上がるので、オススメです！うまくいけば、ストック型の収益になり得ます。,3
昨日は、インターネットの登場によって、あらゆるもののパワーバランスが変わってきていることを思い知らされる1日だった。,0
Kindle出版と有料noteの違いについて僕が語ったとしても、作り手の母数が多くないので、意見が束となって運営側に届かない可能性もあるんだよなぁ。なんとも悲しい。,2
50年前と現在で、アニメの製作時間と制作費がどれくらい違うのかが気になる。過去の作品を超える方法の一つとして、画力のさらなる向上化もあると思う。それにより、制作時間と制作費がかかることで、薄給化に繋がる気もするのだけど、実際はどうなんだろう？技術の進化による時短化もあるのかな！？,3
「他人のゴシップを観ていたら、歳を取ってしまいました。時間を返して下さい！」と言っても、誰かが責任を取ってくれるわけではないし、過ぎ去った日々も帰ってこないし、貴重な時間だからこそ、自分のために使うようにせねば。,3
「海外メディアが、日本のニュースを取材、報道してみた」という番組があったら観てみたい。日本のメディアと海外のメディアで、どんなところが違うかが気になる。,3
点→線にするのはめちゃ大変。線→面にするのもまた大変。面を作れれば、「あっ、この人はこういう人なんだ！」とやっと認知される。なので、最終的には、面を目指すべき。まずは、点をひたすらプロットしまくるしかない。作品作りで言うと、アウトプットするしかない。諦めたら試合終了！,3
「ランチェスター弱者の戦略」という、「ライバルの少ないところで1番になれ！」という教えは重要。但し、母数が少ない所へ行ってしまうと、地獄なので注意。一概には言えないが、一般的には以下の通りだったりする。都会：ライバル多い。母数も多い田舎：ライバル少ない。母数も少ない,0
本に書いてある内容を理解できる人が活躍する時代が、人類の歴史として、長く続いたと思う。しかし、ここ数十年の間に、動画の内容を理解できる人も活躍できるようになった。動画の出現で、文字や絵（図）を理解することが得意ではない人にも光が当たったとするならば、革命だと思う。,3
孤独は、世界の宗教の中で、どういう風に、解決や処理されているのかとても興味がある。,3
イスラム教には、「定命（運命を信じる）」という考えがある。運命は神によって定められているという考えが、医療や「延命」などにも影響を与えているのかな？と気になったりする。,3
最近はYouTubeコンテンツが多すぎて、消費するほどの時間がない。今後も動画が量産されるとしたら、供給過多になっていくのだろうか？その時、何で差を付けていくかが重要か。,3
5Gで動画の時代！と言っても、人間の24時間という母数が増えるわけじゃないからなぁ(;^ω^)今まで動画を観ていなかった人がどれくらい増えるかだけの話となるのだろうか！？それは何千、何万人なのだろうか！？,3
近くの100円ショップの話。レジ待ちの行列の横に、食べ物の棚が置いてあった。なぜ食べ物なんだろうと思ったが、食べ物は人類共通の行為なので、食べ物以外を置くよりも、売上アップに繋がるのかもしれないと思った。よく考えてるなぁと思った。,0
まずは、しなかった後悔を感じないように、行動しよう！で、しなかった後悔を感じた時は、しなかったことにより得たことを考えるようにしよう。得た何かが埋もれてしまっていて、それでネガティブになっているなら、損。,3
ネットにおける情報は、三者間市場により、無料提供が主流な傾向にある。ただ、直接お金を取れないため、利用者が少ない配信者の場合は辛い。情報が無料に近づいている分、無料ではない分野と絡めるのはあり。,3
歳のせいか、友人とも音楽の話をほとんどしなくなってしまった（僕だけ！？）なんか寂しさも感じるのよねぇ(^^;,2
言葉の場合、人は1つずつしか喋れない（ヘッドホンのRとLにそれぞれ振り分ければ、2つにはなるが。）。一方で、文字なら、複数のことを一気に表示させることができる。それが文字の良いところ。言葉の欠点を、文字（あるいは画像）で補ってやると、より強いものになる。,3
ブログは、以下の2種類があるかも。1.固定ファンがいるから書ける記事2.ファンがいない状態で書くべき記事僕は、1に憧れて結構遠回りした。最初のうちは、徹底的に、2の記事を書くべき。,3
YouTubeでギリギリ収益化可能な時の収益計算↓１日11時間再生されれば、年間約4000時間。動画を100本作ると、1本240回再生で、再生時間4000時間を達成できる。1本240回再生≒24円と仮定24円の収益が100本だから…2400円/年。↑あー、人気者になれってことだな(・・;,2
自動運転の技術が発達すると、車を運転している時に動画を見る需要が増える。広告費が増え、業界全体が盛り上がれば良いなぁ！,3
失敗、じゃない。部分的成功なんだ！,3
愛すことより愛されることの方が難しいのかもしれない(^o^;),2
仏教YouTuberが出てきてもおかしくないと思う、今日この頃。お寺に行く時の作法とか、「業」とは何かとか、菩薩（ぼさつ）と仏の違いとか、色々と動画にできそう！英語の字幕を付けて海外展開もできそうだ。さらに、ライブ配信で人生相談とかもアリかも。,3
権威性がない場合、とにかく継続しか無い。量で勝負することで、継続による権威性が得られる。,2
以下の4つに分けるだけでも、自分が見えてくる・自分が出来ること・自分が出来ないこと・お金になること・お金にならないこと自分で出来て、さらにお金になることを見つけることができると、人生は楽になるのかも。,3
香港のデモについて香港の人口は約739万だから、デモの参加者170万人≒全体の23%か(・・;)！赤ちゃんやお年寄り、病気の人といった、参加できない人も居るだろうから、そういう人達を除くとすると、物凄い参加率(・・;,0
格安SIMなせいか、LINEのオープンチャットで検索機能使えず(ﾉД`)ｼｸｼｸ,2
失敗ではなく、部分的成功と呼ぼう(^^)/,3
物質主義の傾向が高いと、人生の満足度が低くなる、とのこと。目的を達成するために物を持つのは良いとのこと。青年期と老年期に、物質主義になりやすいらしい。,0
皆それぞれ、本当はやりたいことがあるはず。しかし、やりたくないことをやらなければ飯を食えないという現実もある。皆がやりたいことだけをやると、社会がまわらなくなるとの意見もある。難しい問題だ。,2
散文のデモが完成した―！,0
仏教の4つの基本的な教えのうち、「一切皆苦（いっさいかいく）」という言葉がある。意味は、「人生はすべて苦しみ」ということ。なかなかうまくいかないってのは、先人の時代の思想から考えても、そうなのかもしれない。とはいえ、「明日は今日よりも良い日になる」と信じていたい。,3
動物の安楽死、実は安楽ではない件。,2
お寺や神社での結婚式、ブームになっても不思議じゃないけどなぁ！,3
ご当地甘酒ブーム。あると思います。,3
社会に出ると、食うか食われるかの場面って多いなぁと感じる(・・;),2
最近は走馬灯をよく見る(;^ω^)中学、高校の頃が多い(^^;歳のせいかな(;・∀・),2
人生は不可逆的。辛いことも沢山あるけど、前にしか進めないから頑張るしかないぜ！,3
東京は車の所有率は他県に比べて低いはずだから、車に関するトピックでは、人は集まりにくいのかもしれないのかも！？,0
辛い過去が今を輝かせているならば、その辛い過去にも存在意義があると言えそう。今が辛い場合は、未来が明るくなった時、今が辛かったことはきっと良いスパイスになるはず。苦しい経験は、難が有る、つまり、有り難い人生。,3
中古CDショップを経営しようか考えた時期もあった。しかし、地元のCDショップの半数が閉店したこと、ストリーミング配信全盛の時代であることを考慮し、今は保留という結論に至った(・・;),2
出身が東京だったら、メディア関係や音楽関係の就職先が沢山あっただろうな定期。納得できる人生になるように、頑張るしかないんだよな。,3
ブログで上位1位を取るのは難しいし、そもそも1枠しかない。どこかのタイミングで指名検索されるようにしなければならないのかも。となると、名前は短い方が良い。単語+数字の組み合わせだと、文字を入力するのが面倒な気がすると思うのは僕だけか(;´･ω･)！？,3
みんなと違う趣味：個性はある。話し相手が居ないので寂しい。みんなと同じ趣味：個性があるかは分からない。話し相手は居るので楽しい。僕は完全に前者の方だ(^^;,0
今日からは、何でも持ち帰って食べちゃえば消費税8%なんだっけ！？,3
大部分の曲は、聴き放題サービスで聴くことができるようになった。リアルの中古ショップは、聴き放題サービスにはない魅力で差別化をはかる必要がある。そうしないと生き残れない。差別化の一つがレコード。利益率も高く、聴き放題サービスにはない音域で勝負できるので、メリットがあるのかも。,3
みりんは消費税10%なんだっけ！？1%未満のみりん風調味料なら、8％なんだっけな？？みりん風調味料が使われる度合いが増えていくのだろうか！？,0
福岡って10月でもこんなに暑かったっけな(;^ω^),0
身内から新しい情報が入ってこないので、YouTubeから新しい情報を仕入れるようにしています。もどかしさはあるけれど、仕方ない(￣▽￣;),3
1+1が2未満になってしまう会話でなく、2以上となる会話にしていきたい！,3
そういえば、ビートルズもカバー曲で沢山曲出しているわけだし、カバー曲は人気を出すための一つの手段ではあるわな。,3
YouTubeで動画投稿を実際やってみて、最初の3秒がめちゃくちゃ重要だと分かった。そして、次に続く12秒も重要だと分かった。無駄を省きまくって、最初の3秒で結論を言い、次に続く12秒で、動画全体に興味を持ってもらうことが重要かも。最初の15秒以内に動画の全体像を見せることも重要っぽい。,3
テロップの表示長さをどうするか考えた。結論として、「やや早口の話し言葉と同じ長さ」にすることにした。文字数ごとで秒数決めるのは面倒なので、テロップを表示する時は、実際に声に出して確認することにする。,3
プレゼンテーションは、起承転結では表現できないっぽい。漢字でいうならば、結起承反結なのかもね！,3
長い動画の方が一気に再生時間が延びるので良いわけだけど、離脱率が高いと、良い動画と判断されないし、減ってしまう分、再生時間の延びにも期待できない。路上ライブで言うと、途中でお客さんがガクッと減る状況。最後まで見てよかった！となるには、無駄を完全にそぎ落とす必要がありそう。,3
自分が人気者になるよりも、コンテンツに人気者になってもらう方法を考え始める。,3
年老いていくことは確定事項なのだから、今しかできないことをやっておくことも重要定期。,3
嵐のYouTubeチャンネル登録者数、もうすぐ100万人やん(ﾟДﾟ;)！！1日ちょいで100万人いく感じか！,0
ブログのブックマークよりもチャンネル登録やフォローしてもらう方が、忘れ去られにくい感じあるなぁ(;^ω^)ブログのブックマークも凄く便利なんだけどね。,3
↓台風19号対策雨戸閉める窓ガラス養生、ダンボール補強モバイルバッテリー充電物干し竿を取り込むプランター避難洗濯を済ませておくご飯を炊いておく風呂、鍋等に水貯める冷蔵庫の温度を最低にする防災グッズ準備、動作確認備蓄水、非常食購入ガソリン満タン避難所、ハザードマップ確認,3
感情の鮮度というものがある気がする。コンテンツを作る場合、その鮮度が失われないうちに世に出さないと駄目のよう。,3
2008年頃に、観たい映像（実験系）を有料で作るサービスを思いついたのだが、気づいたらYouTubeでやり尽くされていた(^^;しかも、僕は有料になるかなと思っていたけど、広告収入で無料で観ることができる時代になることまでは予想できなかった。,2
Youtubeについて・動画は長さも重要だが、なにより質が超重要。・照明が明るめだと、視聴維持率が高くなるらしい。,3
【YouTube配信】駆け出しYouTuberの時点では、オープニングもエンディングも不要かも！？離脱率が上がってしまう可能性があるため。＜入れる場合＞オープニングは、冒頭で結論を言った後でも良いかも！？エンディングは動画の最後ではなく、「おまけ」などの間に挟むと離脱率低下を防げるかも。,3
【YouTube動画】無駄を省きまくったら、視聴者維持率がめちゃ上がったけど、食品に例えると、旨味成分まで取り除いちゃったかもしれない(・・;)「一回食べたらもうそれで良いか」的な感じになってしまった(^^;旨味成分まで消してはダメなのかもなぁと思いながら、試行錯誤中。,2
ブログは、派手にすればするほど重くなって動きが悪くなる。　YouTube動画は、派手にしても、視聴者側はさほど重くならない。画質を落として、360pとかで観れば問題なく動く。ブログやってて思うのは、ブログのジレンマがあるのよねぇ(・・;),2
YouTube動画に透かし（ウォーターマーク）は入れた方が良いかも。,3
「〇円稼ぎました！」は、1桁下げてみると、話がすんなり入ってくる不思議。,0
働いている人の95%が会社勤めで、残り5%が個人事業主。10年生存率は、どちらも10%？のよう。働くこと、生きることは、超大変定期。,0
ツイッターは感情の検索ができるそこが検索エンジンとの大きな違い？なのかな？？（検索エンジンでも感情の検索はできるけど、なかなか上位に上がってこないのよね）,0
YouTube動画は時と共に視聴されなくなっていく動画もある。となると、サブチャンネルを作って、そっちで再アップするのはどうだろうか？ただ、問題は、コメントやイイねまで消してしまうことか。片方を非公開にしても、2つのチャンネルに同じものがあると、グーグルさんに怒られそう。ダメか。,3
日本にある職業と、自分の適性をマッチングさせるアプリを作りたいぞー！,3
ツイッターで話す事ができないことも色々あるなぁと思う今日この頃(^^;,0
音楽は、一人で活動しないと食えない時代(・・;)？,2
ネットに載っていないことを沢山語ることはできるけど、需要がない(ﾟДﾟ;)！w,2
人はそれぞれ、ジグソーパズルのピースに似た、知識（の断片）を持っていると思う。沢山の人がそれぞれのピースを持ち寄ると、一気に絵が完成する。一人では決してたどり着けない答えに辿り着いたりもする。,3
YouTube動画間違った認識かもしれませんが、こんな感じです↓フィクション：集客が大変。タイトルでうまく集客する必要あり。アイデアが枯渇しない限りネタは無限にある。ノンフィクション：フィクションに比べ、集客はしやすい。ニュース以外は、ネタが枯渇する可能性もある。,3
「〇円稼いでいます！」と言って、to Cビジネスをするとしても、妬みの原因になりやすいのかもなぁ。Googleの掲げる、YMYLの如く、本当に見る手側のためになる情報発信ができているかを常に見直すべきかもな(;´･ω･),2
海外でフリーランスやるのは大いにありだが、日本に帰ってきた時、賃貸契約ができるかが最も大きな問題。実家に住むから問題ない！という人にとっては関係ない話。前払い制の賃貸をずっと続けていくという手もあるけど、今の僕の考えだと、人にオススメはしない。,0
大手：無料で情報を公開できる。儲かったら、その分、節税対策として経費を使い、さらに良い作品を無料で公開できる。零細：無料で情報を公開しても、視聴者が少ないので、儲からない。有料で情報公開をする流れとなる。↑偏見的だと、すみません。ただ、この差の開きは今後加速する予感。,0
オープンソースのカードゲームを作るとしても、お金の出処を考えねば。社会勉強になるとか、生き方にプラスになる系なら良いのだがなぁ。,3
作家が、1文字1円や1円以下で疲弊している姿を見るのが辛いぜ(・・;)色々と語りたいことがあるけど、僕が語っても需要が無さ過ぎぃ！,2
紙の本の厚さと、要約動画の関係性について語りたいけど、需要がないから止めておきます。,2
若い人達ー！ビートルズも唄っているけど、マジで「Life is very short!」だから、気を付けなはれやー！,0
一人の人間が客観主義で語ることはやっぱり難しいのかもしれない。主観をベースに語るのがやっぱり無難で安全なのかもな。ただその場合は、あらゆる経験をしていないと、ミスリードに繋がる場合があるので注意。,3
個人が権威性を出す事はとても難しいなという毎度の悩みに戻ってくる。他者の権威を使うよりも、難関資格取得や、スポーツの新記録樹立というような自分で成し遂げた権威を使うのが、やっぱり良いのかな？と思ったり。,3
ジョージア移住系ブロガーになるって言っても、月間ボリューム100～1000かいな！,0
福岡に移住して、特に不満はない。けれど、慣れて来たので、他の街にも行ってみたくなってきている。海外出張で中期滞在（合計5か月）はしたことはあるが、日本脱出にも興味がある。僕の周りの会社員の人でも、海外で働いている人は割と多いので、そういう時代なのだと実感している。,3
うまくいった時の慢心には注意Σ(・∀・；),0
①まずやってみる②疑問が出てきてから、その疑問解決のための教材を買う↑教材が高い場合は、先にまず疑問をどんどん出しておくことで、適切な教材を買うことができると思っている。,3
スマホで観る動画は基本一人で観るから、自己洗脳状態になりやすいとのこと。なるほどなぁって感じ。否定的なコメントとかがあると、中立的な視点で観ることができるのかもね。,3
僕が福岡で街コンを主催しても、人集まらないかΣ(・∀・；)苦笑,2
自分の趣味が、人々の需要とピッタリ合っていれば、人生イージーモードかも。僕は趣味がマニアックすぎるので、その点損しているかも(;・∀・),2
海外で働いている日本人の数をまとめてみるぞ！割合がずっと前から気になっていたのだ。,3
個性ってのは、自分の内側の中にないと、簡単に真似されるのかもしれない。,0
公的機関のウェブサイトの記事はSEOを意識した書き方ではない場合があるから、別のサイトが上に来ることがあったりするのよね(・・;)正確な情報を得るためには、1次情報を得ることが重要。,3
自分が嫌いなことを公表しても、それを好きな人もいるから、憎まれることもある。一方、自分が好きなことを公表しても、中にはそれが嫌いな人もいて、「不快だ」、となることもあるから難しい。↓これが最良案かな！？・嫌いなことより好きなことの発信を重視・賛否が分かれるものは触れない,0
【YouTube動画】自分の武器を確認する時に、誰しもが持っている武器だと相手を倒す事は難しい。自分しか持っていない武器を再確認すべき。,3
山を買うのもアリだけど、どうマネタイズしていくかだな。あと、山を買うにも目利きが必要(;´･ω･),3
あくまで僕の場合ですが・・・＜PV伸びにくい＞・自分の好きな物や概念を語る＜PV伸びやすい＞・芸能人、有名人を取り上げる・トレンドニュースについて語る求められるのは、いつも、視聴者に役立つこと。,3
「タイトルの通り～」と言えば、時間を節約できる。,3
いつも観ているYouTuberさんに改善提案の意見を伝えたいことがあるが、僕自身が駆け出しYouTuberすぎて説得力がないので、伝えられないでいる(;´･ω･),2
小説を売るのは難しい話。←動画にしようかなと思っているけど、需要あるかな？ないか(￣▽￣;),2
いいねがついた！と思ったら、自動いいねだった件(；・∀・),2
他者を指摘しても変わらないこともある。それは労力の無駄になることも。指摘はやめて、反面教師として、自分のために活かすのが最も良いのかも？,3
プレゼンは、論と例で構成される。どこから仕入れて来たか分からない論だと信用を失うかも。それと、例が弱いと、説得力に欠けてしまう。やっぱり経験者にならなきゃなと思っている。,3
Google Search Consoleで、スピードレポートが一般公開されました！サイトの速度改善に役立ちます！,0
課金者が居るから、無料で情報を得られる人も居る。逆に、課金者が居ないと、儲からなくなり、サービスが破綻する。そういう話か。,0
クリックした瞬間に、「テキストかよ！」って思うことがあるということは、逆に、そう思われてもいるかもということ。,0
昔上司から、「言葉にはそれぞれ、正しい意味があるのだから、言葉は正しく用いろ」的なことを言われたが、今でも役立っている。間違った言葉を用いていると、バカにもされるし、なめられるので、良いことない(;^ω^),2
上司に報告する時に、分かりやすく伝えるのは有効なテクニックだし。良い動画を観た！,0
to Bでの仕事をサブスク化できれば手堅そうだな。,3
言論について撃っていいのは、撃たれる覚悟がある人のみ。なるほど。人を批判したら、人から批判されるわな。,0
事業売却に備えて、短い名前を付けておくのは、あり。,3
ペルソナ設定の重要性をめちゃ感じている。ペルソナをイメージしにくい場合は、芸能人誰か一人を思い浮かべて、その人に語り掛けるのが良いと思う。,3
キュレーション屋になっても戦えなくなる時が来るかもな。数字の裏側に何が隠されているかまで追える人が残りそうだ。,3
「推し事」という言葉、イイね(^^)/,0
ネット上の一部のレアケースを真に受けすぎると大変なことに(・・;)参考程度がちょうど良いかもね。,2
フリーランス（個人事業主）の10年生存率は10％だから、生き残るしかない！定期,3
「ひのきのぼう」（ドラクエのアイテム）とか「鍋のふた」では戦うことが厳しい。自分自身の中にある最強の武器は何か？を確認し、その武器をもとに、他の相手と戦っていかなければならない。社会に出る前、そして出た後も、相手と闘える武器を身に付けるべきかもね。,3
若い世代の人達は、ロバート・B・チェルディーニ著『影響力の武器』の中で紹介されている、6つの武器を身に付けてほしいなと思っている！（僕も頑張ろう！）,3
「to Bのサブスク」が最も安定性が高いんだろうなぁ。,3
ティックトックで一時停止使う動画、結構あるー(゜o゜;！やはり、考えつくわなぁ(；・∀・),0
店を経営する時は、ライバルの店の仕入先がどこかを調べるために、トラックを追いかけるのだとか。ライバルを徹底的に調べないと勝てないわけか、なるほど。,0
オーディション商法という商法がある。デビューなどをちらつかせて、レッスンに勧誘するビジネスは、法令で禁止されているらしい。一方、オーディション形式でプロデュースを受ける権利を購入するというビジネスの場合は、詐欺ではないらしい。,0
東京のYouTuberの人達の横の繋がりを見ていると、やはり東京でしかできないことってあるんだなと思うなぁ(；・∀・),2
ギブ＆テイクが成立しなくなったら大抵アウトなのよねー(;´･ω･),2
ネットは、リアルの世界とは異なり、人気のない商品でも取り揃えられるってのが、ロングテールという考え方。確かにそうなんだけど、ブログの場合だと、需要のない記事はSEOの妨げになるので良いことがない(；´∀｀)フロー→ストックで留まってくれれば良いのだが、そんな簡単な話はないよね^^;,2
ツルハシ売りになるなら、VRIO分析でいう、I(模倣困難性)を保ったツルハシ売りにならなきゃならんと思う。,3
「好きなことで生きていく」っていうフレーズは、「視聴者の好きなことで生きていく」っていう意味。自分のしたいことと世間の需要がマッチすれば天国。自分のしたいことに需要がなければ地獄。,3
「人のために役立つ仕事がしたい」←全部の仕事がそうだよ！っていうツッコミになるから、もっと強い動機付けが必要やなぁ^^;,3
DTMで曲を作ることができるようになった現在では、VRIO分析でいう、I(模倣困難性)をいかに上げていくかが重要なのかなと思っている。生声の歌の上手さの価値や美人イケメンの価値は下がってはいないはず。,3
個人事業主（フリーランス）の10年生存率は、10%。なので人に勧めるものではないと思う。・「そもそも需要ない倒産」を防ぐ←これ多い・BASTを見て儲かる業界を見定める・to Bのサブスクリプションを導入　　・VRIO分析で、強い組織作り・チャルディーニ影響力の武器を1つでも多く獲得する,3
潰れない、強い組織をいかに築いていくかなんだよな。,3
うますぎる絵が並んでいる中では、下手な絵の方が差別化になるし、印象にも残りやすいってのはあるわなぁ(・・;ポジション取りの観点からも語れそう。,3
自分の製品に付ける名前の話だけど……ダサい＝ダサいと理解できる（認知しやすい）カッコよすぎる＝意味が理解できない（認知しにくい）「ダサい！」と言われた方が、心に刺さっているわけだから、認知されやすいのかも！？結果、いつの間にか生き残っていた、ってことに繋がったりして。,3
薬の名前とか、ダジャレっぽくて「ん(ﾟДﾟ;)！？」と思う物もあるけれど、広い世代に認知される名前＆覚えやすい名前で絞り込むと、やっぱり正解なんだろうなぁ！,3
電気の普及により、家庭から火がなくなっていってるとか。（僕は田舎で育ったこともあり、火は身近だった。）火の扱い方を教える専門家とか出てきそうな予感。,3
「中年以降は体力も落ちてくるから、頭で勝負するしかねーんだよ！」と聞いた。ずっと勉強し続けている人はやっぱり強い。質の良い情報を得ることも重要！,3
住んでいる地域名をプロフィールに入れると、フォロワーは増える。一方、個人情報の観点から言うと、要注意。,0
「人を裁くな。そうすれば、あなたがたも裁かれることがない」聖書に書いてある言葉から引用人を攻撃したら、人から攻撃される。僕の中ではそういう認識。,3
他の人がやっていないことをひたすらやること。,3
金曜の夜、土、日は、1週間のうちの33％を占めている。,3
例え話をする。水がなく、作物も育たない土地で、人々が飢えで苦しんでいるとする。水があり、作物が育つ土地に改良したら、人々は飢えからは解放される。　しかし、そこに利権が生まれ、争いが起きる。この場合、何が正解なんだろう？,2
アンディ・ウォーホルは、『坂本龍一』というタイトルの絵も描いているわけね。,0
労働局の仲裁担当者に「裁判になると労働者側の主張がほぼ採用される」と言われた人も居るとか。,0
一生独身ってのも、色々デメリットあるからなぁ。・一人だと寂しい問題・昇級に関わるのことも！？（一部の会社）・老後の介護問題　・家借りられない問題社会は、婚姻を前提としているところある！？,2
相手と同じ文の量で返信するのが無難だったりするよね。,3
他者への指摘は、自分の欲求を満たそうとしている場合もあるのかもね。,0
何事もやってみなきゃ分からん！,3
Twitterだけ頑張ってもフォロワーは増えないので注意。文章だけだとやはり情報量が少ないんだろうなと思う。YouTubeやブログ、自分の作品と併用して活用するのが良いのかもね。,3
同じことやっていてもダメだから、新しい事やってみる。,3
YouTubeチャンネル開設当初は、とにかく集客用の動画を撮るしかないな。自分のやりたいことよりも、視聴者が見たいことをひたすら優先させることか。,3
スマホって、マイクが付いている付近が90°回転しても良いと思うんだ(^^;,3
YouTubeに、lineからの流入がある！ありがたいのだが、理由は謎^^;,0
AIが「字幕エリアしか動いてないやん！」と判定し、静止画認定されるとマズいかもなので、字幕エリアは上下左右に散りばめると良いのかも！？（仮説）,3
他のYouTuberさんを参考にして、再生リスト作ってみた！ブログの場合は、・内部リンクを充実させろ！・カテゴリー分けをしろ！と言われているが、YouTubeも同じなんだと思っている。,3
ハウツー系動画は結論を聴くというより、結論に至った理由を聴くみたいなところがある。結論はタイトル＆サムネ＆動画の冒頭で語ってしまい、その後理由を述べていくのが良いかも。,3
僕レベルでも1日1時間再生される。あと11倍頑張れば、年間4000時間の壁は超えられるっぽい！,3
同一労働同一賃金は、今のところ罰則規定はないのか。今後はできるかもだけど。日本人の働き方、どうなるんやろなぁ(・・;),0
眠れない夜は、人生について考えたりするもの^^;,2
動画長さ：2分再生回数：100再生（年間）上記の場合、2×100=200分となる。つまり、年4000時間（24万分）の壁を超えるには、1200本必要！↑無理！＜対策＞・動画の視聴者維持率をアップ・再生回数をアップ・チャンネル登録者数を増やす・1日1動画として、365本で収益化できるよう頑張る,3
ホワイトノイズ、低画質、雑音、物音、多少の噛み……細かいこと気にしちゃダメよ！うん。伝わればオッケー！,3
数字の裏に何が隠されているのかを解説する（暴く）ことができる人が強い。専門家を目指すしかねぇ！,3
自分がどれくらい凄いのかを伝える方法・身近なモノを使って、凄い物を作る・流行っているモノを独自の視点で語る↑身近なモノ＆流行っているモノを扱うのが重要かと思う。あんまり売っていないモノを使っても、驚きは少ないし、流行っていないモノを語っても驚きは少ない。,3
1カメだけでいかに面白いものを作れるか。,3
自分の中に、編集者の視点を持て。,3
「あの時勇気出していればなぁ(；´Д｀)」ってことが、振り返るとあるなぁ(^o^;)やらない後悔より、やる後悔。どっちみち後悔からは逃げられないから、どっちの後悔を選ぶ？ってことだよなぁ。,2
マニアックな話：そもそも需要がない。そのため、ライバルが少ない。大衆向けの話：需要がある。しかし、ライバルが多く、競争になる。↑つまり、大衆向けの話をするならば、競争に勝たなければならないっぽい（仮説）。,3
高校生からTikTokとかやってたら、ネットの渡り方めちゃ詳しくなりそうだなぁ(゜o゜;アンチコメントの割合、倫理観、タグ付けの仕方、撮影方法、照明度合い等など、めちゃくちゃ色んな知識が見に付きそう。で、そういう人が数年先に業界に入ってくるわけだから、時代は変わりそう！,3
声だけが聞こえても親しみを感じにくい気がするのは、パーソナルが見えないから？（仮説）やっぱり、顔出しとか、イラストとかアニメを用いて偶像化するべきなのかな。顔があると、そこにパーソナルを感じるってことかな？（仮説）表情とかから、非言語領域を感じ取れるのかもね。,3
トロフィーワイフという言葉があるのね。,0
カクヨムだと広告収入が得られるんだっけ！,0
ブログとか作品がバズって会社を辞めるってのは、リスクが大きい気がしている。to Bビジネスを構築して、継続的な収入が入ってくるようにした上で、会社を辞めるのであれば、生存率が上がりそうな気がするなぁ。,3
物事を語る上では、切り口を沢山持ってないとダメだわな。本を読んで、根拠を得ておくことは重要。,3
本当に伝えたいことがあっても、検索キーワードにのらなかったりするので、伝えづらいものもある。思想とかってPV伸びにくい気がする。,2
情報発信はプレゼンテーション。伝える技術が問われる。若いうちからTikTokとかで伝える技術を磨いている人達が業界に入ってきたら、時代は大きく動くかも、と思っている！,3
何を見せるかではなく、何を見せないか。見せないものを引いていくと、視聴者さんに見せても良いものだけが残る。,0
僕は、文章を書くのが好き。喋ることは得意じゃないし、それほど好きでもない。しかし、時代的には喋りが求められる時代なのかもなぁ。得意ではないことを得意にしていくしかないよねぇ(ﾉД`),2
動画は、めちゃ大きく分けると、以下の2種類だと思う。①集客する動画②集客しない動画人はそれぞれ思想を持っており、考えを語ったりできると僕は思う。つまり、②は作りやすいが、集客力はない。再生回数は伸びない。一方、①の動画は、作るのがめちゃ難しいが、作れると強い。,0
外部マイクの音が小さいという問題は、結構あるらしい。（てっきり、THINK PADの問題かと思ったがそうではないみたい）結局、マイクアンプを買うしかないのかもしれぬ。,0
Davinci Resolve 16をインストールしているが、波形モニターを読み込もうとするところで固まってしまう。デバイスマネージャーのディスプレイアダプタの片方を無効にすれば動く(AMDの方を無効にした)。なんか動き出したぞ！,3
権威性のある名前を付けるのは良い。チャルディーニの法則の「権威性」に関連した話。,0
【YouTube動画】BGMを足すとなぜ良いかと言うと、無音部分の気まずさをごまかせることだと気づいた！あとは、小さな音もごまかせるので良い。僕はトークが下手くそなので、BGMを足す路線の方が自分に合っていたりして。,0
【YouTube研究】みんなが使っているBGMは聞いていて心地良いし、安心感を感じやすいのではと思う。みんなが使っているBGMを使うのもアリ。但し、チャンネルが大きくなってきたら、差別化のため、オリジナルBGMを使うのもアリなのではと思っている。↑これが正解かは分かりません(^^;,3
サブスクリプション収益を持っていないと、賃貸契約もできない可能性は高いかも。,2
ガンガン作品を作ろう！手を止めてはダメ！あと、頑張っている人も応援したい！,3
【YouTube研究】知識がある人は自分でキーワード検索できる知識がない人は、どんなキーワードで検索すれば良いかも分からない。つまり、未経験者の人に対して知識を提供するチャンネルは一定の需要がありそう。音楽語りをする場合も、そこを意識せねばと思っている。,3
文字→音へ。この流れは、加速するかもなぁ。,3
自分の使っているクレジットカードの会社名を公開しないことも、防犯上有効かもね。詐欺被害とかあるっぽいし。,0
専業YouTuberとして起業するよりも、コンサルできる立場になり、サブスクリプション収益を形成してから起業した方が絶対に良いと思っている。社会的信用の面からも。,3
【YouTube研究】サムネイル画像をドン・キホーテのPOPのような感じにしたところ、クリック率が若干上がった気がする(^^)/（若干ってどれくらいよ！）やっぱり楽しい雰囲気って大事なんだなぁ(ﾟДﾟ;),0
この時期の福岡は風強いのかな！？,0
to Bの弁当屋は手堅そうだなぁ。定期収入化もできるしなぁ。,3
去年と同じことしてても同じ結果しか得られないから、どんどん進化していくぜぃ|　(･`ω･),3
文字だけでは信頼されない世界になっていってるのかな！？今に始まったことではなかったりして。,0
Twitterはアニメアイコンの人が多いっぽいから、アニメアイコンではないものをアイコンにすることで、差別化をはかれる。,3
【YouTube分析】ユニクロや100円ショップの商品紹介は、購入する人や興味がある人が多いので、広告収入との相性は良い。超高級品の商品紹介は、再生回数を稼ぐのが難しい場合があるかもなので、要検討（中には、税金対策のための動画もあったりするんだっけ！？）。,3
マスクの価格、メルカリとかで高騰する可能性もあるのかな(;´･ω･),0
成功するまで続けることができれば理論上失敗はない。しかし、期限と資金の問題があるので、実際には失敗が存在する。小さく初めることで資金不足の問題は回避できる。一方、期限の問題。これが難しい。のんびりしていたら歳を取るし、どんどん経験していくしかないかな。,3
確定申告で苦戦中！簿記に関する知識、義務教育でやっても良いのかもなぁ(;^ω^),2
不要になった持ち物は、損切りした方が良い場合もあるかも。持っていて金額的な価値が０円になると悲しいため。,2
SBIのソシャレン、4分で満額終了となった！,0
現状維持は、後退と同じ。頑張るぞー！,3
選ぶ基準がないと手当たり次第に選んじゃって、失敗する^^;けれど、長期視点で見ると、それもありなのかも。,3
インフルエンザの流行は、4月～5月になると減少するらしい。コロナの場合も同じだと良いけど(・・;)ただ、南半球は冬（秋）になるわけだから、南半球からの渡航者経由で長引くこともあるのかな(;´･ω･),3
【YouTube研究】ルーティン動画、流行っているなぁ！他の人の日常って、今まで謎という意味で、ブラックボックスな側面があった気がする。紹介するとしても、写真で伝えるブログ形式だったわけだが、やはり動画の方が伝わりやすい。4G時代到来で、伝えやすくなったわけか。,3
一気に円高で107円台になっとるやんけ！いつ止まるんだろうか(・・;,0
マスクの効果手で口、鼻を触ることを防止可能,3
どんな生き方をしても、後悔はするのかも。納得のいく後悔を選ぶべきか。,3
SNSで誰かをフォローする時、「この人は信じて良い人かな？」と思う事がある。ただ、好きなYouTuberがその人をオススメしている場合は、安心感がある。上記の気持ちは、他者→僕に対しても、同じことが言える。つまり、僕が誰かに紹介されないと、安心感はないことになる。社会的証明ってやつか。,2
ありふれた情報を発信しても希少性がないから、目を引くような情報が発信されたりする。情報の中身をしっかり吟味すべきか。,3
香川県民がトレンド入りしてる！ゲーム作る側も注意が必要なんだっけ？(詳しく知らない)あなたは香川県にお住まいですか？Yes No,0
ドイツ銀行も大変なのか(泣),2
日経平均16000円台かよ！,0
コロナの影響で、握手することが、悪手になってるのね(・・;),2
聖書に書かれている十の災いのうちの一つ↓いなごの大群,0
バッタの数：4000億匹アヒルの数：10万羽アヒルは1日に200匹ほどバッタを食べるらしい。つまり、1日にアヒルが食べる数は、2000万匹/日つまり、2万日かかる(゜o゜;約55年じゃねーかよ！別の方法が必要や！,0
日経先物もめちゃ下がってるやんけ！,0
9.71%下落はヤベーな。,0
ダウが回復してきている(゜o゜;,0
フリマアプリの競争も激化しているってことかな！？気づいたら色々な会社が参入している！,0
起業するにあたって、簿記の知識がないと結構地獄かもしれん(;'∀')めちゃくちゃ儲かっているならば、「やよいクライド」を年間契約して、税理士に依頼する手段もあるけどね！,3
株式投資において、今気になること・ボーイング・ドイツ銀行・ソフトバンク,3
日本は自由恋愛社会だから、モテるための勉強をしないとモテないのかもしれない(;^ω^),3
3月30日（月）が権利落ち日だから、その日はガクッと下がる可能性もある。下がるかは分からないが。3月30日に向かって、上げ相場になることもあり得るのだが、コロナショックの影響が分からん(;'∀')自己責任ってやつか(^^;,2
ネット通販が普及していくと、厚さ3cm以内のパッケージが増えていくやろなー、と思っていたりする。,3
僕の周りの成功者と尊敬する人は、みんなポジティブ。,3
日経下がりすぎぃ！-4.51%ですよ！明日は、「権利付き最終日」！明日上がって、月曜日に下がりまくるパターンは、配当金目当ての場合、地獄。さて、どうなる。,2
未知と無知だと不安感に襲われるが、体験し、経験し、そして、勉強もすれば、不安感からは解放されるのかもしれない。,3
アメリカの雇用統計どうなるんやろか(;´･ω･)株価にも影響ありそうやなぁ(・・;),0
コロナは現状、特効薬がないっぽいから、短期の収束は無理か(;´Д｀)となると、景気が元に戻るまでには、少なくとも半年、一年はかかるのかな。（半年は難しいのかな）,2
アメリカ・雇用統計 次回発表予定日04/03 コロナの影響がどこまで現れるか。4/4は日本では土曜日だから、つまり、4/3（金）の時点で織り込み済み相場になることもあるのか！？,3
今日の日経平均はどうなる！？権利落ち日だから下がったあと、買い戻される！？分かりません(；´∀｀),3
日経先物　+2.83%ダウ　+3.19%めちゃ上がってるやんけ！,0
日経平均19500円、届かず！,2
毎月1日を帳簿付けの日にしておけば、確定申告の際、楽になるかも！,3
確かに聞きなじみがない言葉たちだ(・・;)日本語の方が伝わりやすかったりして(;´･ω･)ロックダウン：都市封鎖オーバーシュート：爆発的患者急増パンデミック：世界的大流行クラスター：集団感染（または、感染者集団）,0
「会議の多い企業は倒産する」↑実際の企業の廃業率から考えると、そう言っておけばたいてい当たるよね。もちろん、別の視点から考えることもできるけど。,0
ダウ　-1.84%日経先物　-0.05%,0
福岡でもスーパーで品薄になっている商品も出てきている。ま、物流が止まっていないので、大丈夫なはず。＜品薄になっている商品＞・カップラーメン・トイレットペーパー・ボックスティッシュ・レトルトのスパゲティソース・ポテチ（一部の銘柄）米、パン、肉、魚、野菜は問題なし！,0
クラウドバンクの案件を調べ中！,3
僕は過去に、ライブハウスを作ろうかと思っていたことがある。しかし、今回のコロナショックで閉店になっていたかもしれない。仮にやっていたら良い経験にはなったかもだが、色々と大変なことになっていたかもなとも思っている。色々と影響を受けている方も居る。一刻も早く平穏に戻ってほしい。,3
ワードプレスのコピー＆ペーストが改良されてる！今まではスペースを空けないようにするには、ボタン3つ同時押しが必要だったが、コントロール＋Vでできるように！良かった(´;ω;｀)泣,0
近くのバーがテイクアウト販売を始めた。バーは、店内にて、コミュニケーションというサービスを販売している面もあると思っている。テイクアウトだとそれが薄れてしまうのではと思う。付加価値をどう付けていくかが課題になるのかもしれない。商売替えは簡単ではないのかもしれないな(;´Д｀),2
ドッペルギャンガーは、自転車のラインナップを大幅に減らしたみたい（泣）復活する日は来るのだろうか！？復活希望！,3
スペイン風邪とコロナに関する論文は増えていくのかな！？都市開発とかの論文が出るなら、読んでみたいぜ！,3
テレワークが普及すると、風邪やインフルエンザにかかる人が少なくなりそう！,3
近所のバーが、次々にお店の前でテイクアウト販売を開始している！,0
少数派で希少性があり、かつ、大衆を惹きつけるような、ダイヤモンドみたいな存在にならないとアカンのだわ(;'∀'),3
2001年：アメリカ同時多発テロ事件2008年：リーマン・ショック2011年：東日本大震災2020年：コロナショック勘弁してくれー(;´Д｀),2
スパゲッティのレトルトのソースがずっと品切れなんだけどー(^o^;賞味期限が長いからか。,2
テレワークが普及すると、他の人に見せるための服→作業性の良い服を選ぶ人が増えたりして。,3
例えば、「元寇」の跡地を巡る旅をしたとする。「元寇」月間検索ボリューム数＝18100/月↑検索数が多いとは言えないので、初見の人に見つけてもらえる可能性はかなり低いと思う。ファンが居てはじめて、「元寇」の跡地を巡る旅が行えるのかも。当てはまる人が多い、料理と宿紹介は、あり。,3
絵本作家になるには、100個くらい本のアイデア持ってないとなれないよという言葉が、重くのしかかっている。,2
畜産をする時は、動物のインフルエンザのリスクも考えておかなければならんわけね。,0
予期せぬトラブルは結構起きる。そんな時どう機転を利かせられるか。,3
抗菌ドアノブが普及するか！？あと、足で開けるタイプとか。,3
コロナの後は、2025年問題が待ってるぞー。,0
僕の旅行関連の電子書籍は、全滅な状況です(￣▽￣;)今、旅行しようと思う人は少ないわなぁ(;'∀'),2
旅行関連の記事は全滅だが、家で楽しむ系の記事が生き残ってくれたー！,0
いきなり高額の情報商材を買うのはオススメしない。まずやってみて、疑問をあぶりだしたあと、買うのなら良いかも。そして買う前は、その情報商材に知りたいことがきっちり書かれているかを確認するのが良い。うまく購入できれば、時短になる。,0
起業前も起業後も、常に最悪を想定しなきゃダメだ。地震、雷、火事、親父（←関係ないか）。疫病、法律改正、ライバル出現。ありとあらゆることを想定するべき。,2
久々に商店街に行ったら店頭販売とテイクアウトが充実していた,0
ブログは、慣れれば月5000円くらいなら稼げるようになるよ！,0
外出系の記事は全滅した(;'∀')でも、リスクヘッジしておいて良かったー(・・;),2
投稿した動画に付くイイねの数よりも、別の人の動画へ投稿したコメントへのイイねの数が多いという(;^ω^)w,2
「嫌いなのに詳しいな！」というコメントに対して、「詳しいから嫌いなのだよ」という返しは、なるほどなと思った。,0
一人の人間が地球に居ることができる時間はマジで短いと感じる、今日この頃。後悔しないように生きるしか、未来の自分は救えないな。。,0
失敗と改善を繰り返していると、成功に近づくことがある。失敗の途中で諦めてしまうと、成功は掴めない。,3
VR書店を作れば、リアル店舗とオンライン店舗との良い所取りできそうだけどなー。,3
好きな音楽活動をするためには、お金が必要。↓労働集約型の仕事をしていると、自分の時間がないしお金も溜まらない。↓ストック型収入の副業しないと、お金溜まらんな。↓模索中。←今ここ,2
東京オリンピックの延期は、選考会の開催なんかも考慮したのかなぁ(・・;),0
この時期「○○へ行ってきます！」という投稿は、空き巣に狙われやすくなるので、注意！,0
「北九州市立松本清張記念館」は、作家や物書きの方にとっては、パワースポット的存在なのでオススメ！,3
海外の大学へ行った場合、日本の企業に対して就職活動するのは大変そうな気がしている。オンライン面接中心で就活すれば、良いのかな！？,3
4Gの普及でルーティン動画が流行っているのかもね。,3
ルームツアー動画が増えて来た！インテリアの雑誌としては、脅威的な存在になるのかな。,0
動画の内容自体が古くなるジャンルだと、高画質で撮影する必要性が必ずしもあるわけではない。低画質でもガンガン動画をアップした方が、再生されやすいのかもしれない。,3
YouTubeチャンネル登録者率は0.9以上だとめちゃ凄いのかも。どうすれば数値をアップさせることができるかを考えねば。,3
テレワークが、都市圏のオフィス家賃の下落に影響を及ぼすかどうか。,3
好きなことならば、努力することが苦痛にならないね。,0
『ロックンロール・サーカス』の時のミック・ジャガー、カッコいい！,0
成功するまで続ければ、失敗ではない定期。,3
努力の過程をコンテンツ化する。なるほどね。,3
今日は、SBIソーシャルレンディングの募集開始日,3
成功者の人達は凄いな。スポットライトに当たってないところでの努力の量がエグい。そして、成功者の一部の人は、「スポットライトに当たってないところでの姿は、エンタメにならないから」と言い、その姿を見せなかったりする。,0
成功するまで続ければ失敗じゃないぞー！,3
男の場合、ある程度年齢を重ねると、仕事は頭脳戦での戦いの場面が増えてくる。自分の能力を日々高めていくことが重要。,3
「聴き取れないから、歌詞カード見るか」という文化も昔のものになってしまったのかもしれない。曲の作り方も変わってくるな。,2
尾道ラーメンいつ入荷するんだよ定期(^^;,0
世界の62人が、世界の富の半分を持っているのね。,0
最近、ソシャレンはクリック合戦多いかも。,0
1ドル80円になる！という予想も定期的に見るけど、そうなる前に何かしら対策するのではなかろうか。,0
金無いと結婚できない、は事実。,2
沢山失敗するから、成功に近づくんだな。失敗する時間がないと成功できないから、失敗する時間を捻出しなきゃならん。,3
SBIソシャレン、クリック合戦になってますー(^^;,2
SBIソシャレン、開始4分以内で満額終了。,2
夏用マスクという新ジャンル来たか。,0
怠けてしまうと、本当にしんどい時に後悔するんだよね(・・;,2
とにかく打席に立つ。それしかねーぞー！,3
近所のクリーニング屋さんが閉店になってしまった。閉店の原因は分からないけど、コロナでクリーニング出す人が減ったのかな？（泣）,2
IoT家電についてIoTの換気扇が登場したら、「○さんの家は、IoTの換気扇だったよね！？じゃ、長期出張してる時も、家の換気は問題ないね！長期出張、行ってらっしゃい！」ってなりそう(；´∀｀),2
VR旅行ガイド1級、的な民間資格が出てきてもおかしくなかったりして（？）VRの世界の中では、新たな仕事が生まれそうな気もしている。,3
体温計、1000円位で買えるのかと舐めてたが、3000円位するのね！,0
VRで旅行ができるようになったとしても、現地の食べ物を食べられるわけではない。VR旅行するタイミングに合わせてお取り寄せするっていうこともできるかもだけど。食に重きを置いた旅行っていうのが流行るような気がする。広告とかも、食に重きが置かれたりして。,3
日経、コロナバブルになってるー！,0
ダウ爆上げやないかーい！,0
不要品販売は副業なのかは分からんが、めちゃくちゃ色々なことが学べるからたしかにオススメではある。ただ、不要品が無くなったらそこで終了となってしまう。,3
コンテナハウスか。ライフスタイルの変化に応じて、売ったり買ったりできると良いなぁ。4つ→3つに減らす的な。,3
ある人を救う言葉は、別の人を傷つける言葉にもなったりするから難しいところ。,0
インデックス投資は分配金が2%あるので、株価が前年より2%下がっても大丈夫だが、それ以上下がると赤字。,0
全力でやらないと、残りの人生ずっとあとに残り続けるわけね！,3
SBIソシャレン、またクリック合戦だ^^;,0
モノレート、閉鎖するのね。,2
登録者数が多いYouTuberは、何かしらの動画がバズって、数十万回再生されていることが多い。つまり、バズらせないとそもそも収益化の土俵に立てないのかもしれない。,0
不動産屋がルームツアー動画出したら再生回数取れそうだけどね！すでにやってるところもあるけど！,3
保育士は、労働集約型のビジネスというわけか。資本集約型ビジネスに変えるには、人型ロボットの導入が必要になるのかな。そうなると、資本を持っているところがより強くなるわけか。人型ロボットが教育上、良いかどうかの議論はあるだろうけれど、労働環境改善案の一つとしてアリかもね。,3
参入障壁と希少性を上げていかないと生き残れないわなぁ(・・;)誰にでもできる仕事で食っていくには限界があるというのは定説。自分にしかできないことをいかにやっていくか、それに尽きる。,2
昔の話を口にするようになったらアカンというか、歳を取ったと認定されるのかもね。常に、未来の話をしていたいね。,3
吸収合併を考えると、業界1位の会社に入っておくのが良い、という意見もあるっぽい。,3
旅行やアウトドアにて、あえて不自由さを楽しむという考えはアリかも！普段の快適な生活が幸せだと気づくきっかけになったり。,3
九州、豪雨多すぎぃ！勘弁してくれー！,2
福岡市の人達は会釈をしてくれる！温かい人が多いと思う。,0
フリーランスの10年生存率、10%定期。,0
災害時、ボートとしても使用できる簡易プールは、今後作られるかもね。家庭用としてはデカいので、それほど数は売れないかもだけど。,3
社会人になる前に、自分が上位1%に入ることができる何かを見つけておくべきかもね。,3
日経225先物はゼロサムゲームなので、お金が増える人が居る一方、お金が減る人も出る。つまり、他の人よりも勉強していないと、お金が増えない。,0
大金を持っていると相場を操れるようになる一方、力が巨大すぎることによる弊害もあるわけか。なるほど。,0
数学を用いた確率計算、さらに、システムトレードによるルールの実行を徹底しないとダメ。勘ピューターに頼ってると失敗することが多いので、コンピューターに頼るべき。,3
そのうち、3Dプリンターで工業製品を作るのが当たり前になる気はするが、応力は大丈夫なのだろうか？,3
彗星、見えないので諦めましたー^^;,2
ワクチン株上がるんだっけな？,3
業界1位の会社へ行っておけば間違いない。一方、業界再編で、合併される側の企業だと、合併後の人事面で色々あるっぽい(・・;)ってことを、社会に出たあとで知ったぞ。,0
株の格言半値八掛け二割引(はんねはちがけにわりびき),3
Go To トラベル人が移動すると、色んな業界が潤うのは良いこと。飲食（漁師含む）、ホテル、ガソリンスタンド、ガイドブック、アパレル（服を買った場合）等々。観光業に従事している人も、統計上だと結構いるっぽい。コロナまで動く可能性がある点は問題であり、注意なわけやな(;´･ω･),3
ネットには情報がたくさんある時代。しかし、自分の中にある程度の知識がないと、そもそも探し出せないという側面も。知識を増やしていくのが一番か。,3
コロナに感染して長期入院した場合、めちゃ医療費かかるのね(・・;),2
日本人の約10人に1人は、東京都に住んでいるのである。,0
デッド・キャット・バウンス大きく下げたあと、多少株価が反発すること。,0
徳川家が藩政を行ったことによって、方言文化が開花していった歴史があるのねー(ﾟДﾟ;),0
音楽で言うと、曲はフロントエンドの側面が強くなっているのかも！？とは言え、ストリーミングで1億回再生されたら、1億円前後得られるわけなので、夢はある。一部の人だけだけど。で、バックエンド（回収する場）がライブだったりするのだが、コロナの影響で開催が難しいのである（泣）,2
ミルク入り無糖缶コーヒーを全然見かけない理由は、需要が低いかららしい。,0
夜0時30分頃に、掃除機の音が！時間が時間だけに、やっぱり気になる(^o^;),0
風強すぎ！,0
LINEで収益化かー！,0
音楽は3分聞かないと内容が分からなかったりするが、絵は3秒見るだけでも内容を理解できたりする（もちろんじっくり見ないと分からないこともあるが）。絵は、Twitterなんかと相性良いのかもしれんなぁ。,3
厳しい社会に自分の子供を産むのをためらう気持ちも分かるなぁ。,2
多少分厚くても良いので、バッテリーの取り外しができるスマホがあると良いなぁ。,3
月15万円で生活した場合、毎月10万円出ていく。1年で120万円。20年で2400万円。医療費がどれくらいかかるかにもよるわけね。家族がいるなら、5000万円貯めるか、厚生年金に切り替えなきゃあかん気がするぞ。,0
美容院で、座ってカットするのをスタンダードにしたら、もっと働きやすくならないかなと思ったり。,3
SARSとMARSのワクチンって、まだ完成してないんだっけ？,0
GoogleFit　健康管理にはまずまず役立つ,0
朝ウォーキング中に筋トレ場所発見!ラジオ体操のおっちゃんたちの横で懸垂するぜファイヤー,3
今日の腕トレは効いたパンパンやー気持ちいい―,0
今考えてること、飯をいつ　何を食うか考えてる。 トレーニング始めてから飯に取り憑かれてる,3
三頭筋トレ。自重でやるならみんなどんなバリエーションでやってます?,3
プロテインが錠剤サイズならどこでも飲めるのにそんなのある？ないなら作るか,3
今朝の体重66.7キロ　体脂肪率17%でキープ。もっと脂肪を落としてカリカリに仕上げるぞ!帰宅したら今日は脚トレ頑張ります,3
今朝の体重　67.2キロ 体脂肪率18.8日% まだまだ腹の皮下脂肪がつまめてしまう有酸素頑張らなあかんか?,3
今日は腕と肩頑張ります!,3
早朝トレーニング 梅雨の晴れ間を塗ってウォーキング&軽い筋トレ 朝の四時はまだ誰もいません,3
片道40分、チャリで有酸素頑張ります,3
人の不倫にワイワイ言ってるワイドショーのコメンテーター達。暇やねんな。不倫がいいとは思わんけど、あくまで人のこと。人を叩く前に自分の体鍛えようぜ!,3
栄養や調理が気になる。もっと美味しく栄養価の高いものを食べたい欲求がすごい,3
昨夜の肩トレ、ホームセンターで買ったゴムバンド使ってます仕事のあとジムに行けないので自宅でトレーニングです,3
自宅で腕トレ、ダンベルないので高島屋の紙袋に本を詰めて重量調整してます。これは約8キロ。高島屋の紙袋は強いです,3
ビーレジェンド、うまいよね,0
今から追い込みましょう,3
夕食用に炊いた大豆どう使おうか?楽しみだな早く筋肉にナーレ,3
片足スクワット。さて、何回できたでしょうか？おじさんグラグラ過ぎて恥ずかしい（汗）もっとバランス良くなるよう頑張ります,3
朝ウォーキング終了シャワー浴びて飯食いますジメジメを吹き飛ばしていきましょう!,3
おはようございますこちらは今朝スッキリ晴れて爽やかです今日も一日頑張ります,3
土曜がこんなに楽しみになるとは次の土曜日に近くの公営ジムの講習を受けてそのまま利用予定!利用料大人で210円やって安くないですか?こんなもん?,0
おはようございます今日は朝活はお休みですが、筋肉朝食の準備します酷く雨のとこもあるみたいですがお互いに気をつけて頑張りましょう!,3
今日は胸と肩頑張ります大胸筋を破裂させたい,3
おはようございます今日は足の筋肉痛も和らぎ朝ウォーキングも楽にできました今日の筋トレは明日公営ジムに行くこともあり腹筋のみしっかりやっていきます今日も一日頑張りましょう,3
SIXPACKのクランベリー味発見。モッサリ食感は変わらないけど後味やニオイはチョコよりもスッキリしてるかなチョコはなんか最後に油くさい感じがするので少し苦手でしたがコチラなら大丈夫です,0
雨あがったー歩くぞー飯食って筋トレするぞー皆さん良い週末を,3
いつも通りに筋トレはしてるけど、九州大雨が気になって仕方がない。 早く雨がやんでくれる事を祈るしかない。無力さを痛感します。 皆さんどうかご無事でいてください!,2
雨降ってなさそうやから歩きに出たら急に雨降ってきたくそHIITに変更や,2
ジム終わりそのまま子供のチアダンス練習付添へ（汗）コロナで親は外で待たなあかんのでウォーキングしたら汗だくでした少しは休憩せなあきませんね,0
おはようございます。今週もまだ雨が続きそうですが、梅雨明けも近いはず。頑張って行きましょう,3
カーフレイズやりすぎたかふくらはぎが痛くてロボみたいな歩き方になってる仕事大丈夫か,0
今から大胸筋を追い込むぜファイヤー,3
もち麦ご飯を味わっている,0
メモ　M1　12/2,3
M1楽しみ！,3
あれ、こうゆう歌なかったっけ,0
こいっびーとたちはとても幸せそうに,3
キムチうまい,0
自分にそっくりなアカウント見つけたらどうする？,0
ツイッター内でのドッペルゲンガー,0
美味しそうなスイーツとか見せてくれてた人が居なくなってしまった,2
おさいほうセットとかいろいろあるんだなぁ,3
明日気圧やばそうね,0
知多市のどのへんなんだろう　あとで調べよ,3
混ぜご飯をいただいてる,3
急にaikoの歌を思い出した,0
語彙力やってみたらかなり低い数値が出た…,2
月がきれいに浮かんでる,0
次会えた時同級生の女の子がなんのタバコ吸ってるか見てみよう,3
お風呂でマンガを読みながらキレートレモン飲むわ,3
古典的なオムライスを作って食べた,3
ドリップコーヒーをいただいている,0
部屋がいい香りになる,0
あなたの優しさをわたしは何に例えよう,3
わたしもそれと気づかせないほどのさりげなさで誰かを守れたら,3
寿命が決まってるならどっちがいい？,3
めも　まんじゅうこわい,0
もう少しすいとんを食べたい気がする,3
クラシックハイライトも面白いんだと知った,0
風が強い,0
水漏れしている,2
さっきご近所でよく声をかけてくれるひとにバッタリ会って新年の挨拶ができた　よかった,0
しかしなぜに雨や人並みにも傷つくのかしらね,2
こんな夢をよく見る。どこかに電話しようとするのだけれど　ダイヤルが押せない、焦って何回も間違えて押してしまう,0
ちくのうとか舌苔とかいやな広告多いな…,0
あちこちで揺れているのか,0
嵐来年で活動休止なのか,2
嵐のあの透明の衣装を着てるとこ見たいな,3
ハラショ！って流行りそうじゃない？,3
ホモチョコ…？ハラショ！！,0
新井さんの本名パクさんなんだね,0
ウーチャンかわいい…,0
今度は富山でリュウグウノツカイか,0
さっきコンビニ行ったんだけどいろんな恵方巻きあるね　一口サイズとか高級感のあるやつとか,0
変質者とすれ違った,0
子猫がじっと私を見ている時がよくあるけど　私のことでかい猫だと思ってるかもな,0
古本を買った,3
火がつかない　なぜ,2
あったかいね,0
春の夜のにおい,0
けっこう歩いた　気持ちいい,0
LINEマンガおもしろいかな,3
めも　フルーチェ　生クリーム,0
わたしの　将来に対する　ただぼんやりとした不安,0
これからどうなるか気になるのに,3
奔放な人妻のアカウントけっこう凍結されちゃうね,0
爆破予告？,0
ベイシティが…昔は賑わってたのに,2
ドリップコーヒーを入れる,3
昨日カメラをとめるな序盤でテレビ消してしまった,0
最後がいいみたいだけど耐えて観てたらまた違ったのかな,3
walk聴いてます…,3
オンバトなつかしいな,0
つつじの蜜吸ってた　今でもできるだろうか,3
金山の駐車場で見かけてメモを貼ったって言ってたけど　金山なんてずっと行ってないし車でいかないし,0
スタンドにある空気圧のやりかた覚えたい,3
ウスバカゲロウはアリジゴクのこども…？,0
聴き慣れてくると令和いいね！R1年だね,0
ミリオンダラーベイビー最後まで見たから胸が痛い,2
またラッシー飲みたい　作りたい,3
ラッシー作ってみたけどなんか違う…,2
もうすっかり楽になっていますか。それはよかったです！,0
スーパーカップのバニラ食べちゃお,3
おばあちゃんとじゃんけんしたり…,0
自分の気持ちは自分で守んなきゃね,3
そうか、気楽に生きれば問題は解決する、か,3
インフルエンザではない,0
今日はどんな夢見られるかな,3
最強の二人、素敵だった…ドリス大好き,0
ドロー4って言ってなかった　わたしドロフォーって呼んでた,0
暑いわね,0
月が少しずつ縮んでるなんて考えもしなかった,0
キムチにりんごは入れないほうが美味しい,3
貴理子のこと一人にして　新しい家庭つくるんだ？,1
貴理ちゃん大丈夫だよ！貴理ちゃんはまた恋愛したければできるし　したくなければしないでもいいし！どうか気を落とさないでね！,3
廃墟はいろいろ危ないな　探検したいのはわかる,3
ナイロビの蜂見てた,0
雨足つよし,0
革命として安楽死制度を,3
それを希望する人が　近くの病院で保険適用で,3
急にこんなに暑いと疲れてしまう…,2
栄やばい,0
大麻とかコカインとかで捕まる芸能人　だいたいかなり前からやってたって言うけど体おかしくならないのかな,0
ちょっくらとなり町に行ってきたけど　空き家が増えたな,0
羊羹よりういろうのが好きだけどういろうじゃそんなに日にちもたないか,0
今薬局で買ってきたチーズと生ハムをつまむ,0
ヤギを見た,0
カラスが鳴いてる,0
宮迫大丈夫だといいな,0
raiu…,0
グリーンバレイ？,0
エリーゼかな…ルマンドもいいな…,3
どうしてーかしら　あの人の笑顔も,0
ピルクルを初めて飲んでる,3
みんな本人確認して1000円貰ってるのかな,0
宮迫謹慎か…アメトークどうなるんだろう,2
アメトークホトちゃんとロンブーあつしで当面司会したらどうかな,3
ナミヤ雑貨店の奇蹟みてた,3
今日はムシムシするね,0
林遣都はすごい,0
空き家がぽつんぽつんと出てきてる,0
行こまいとかあらせんて…,2
スパイダーマン見てる,3
そもさん！！！,0
インドネシアも地震か…,0
うそ宮迫引退なの？,2
除湿剤をはじめて置いてみた,3
宮迫いないとさみしいよ,2
スギちゃんがどうしたんだろう,0
あゆの本か…内容気になる…,3
吉本新喜劇にハムの滑舌悪い人でてるんだ,0
おこまナンバーって凶悪に入ってる,2
戦争すると猫を共出…ぜったいやだ,0
星ドラでクーポンもらったからナゲットを買ってきた！お得に買えた　ありがとう！,0
あの煽り運転の人前科4犯なのか…,0
あおり運転の人、試乗車なのか,0
三崎愛汁…みさきえちる…,0
地球上の酸素の20％…,0
涼しくなった,0
日差しが柔らかくなった　まだ暑いけど,3
みんなラピュタ見てるのかな,3
ポートボールって遊び？あったよな,3
えー来週も台風来るのー,0
ソフト麺なつかしいなぁ,0
来週からまた暑くなるのか～,2
今日キングオブコント！,3
秋だけどセミが鳴いてる,0
城島リーダー結婚するんだ,0
ジェティはかなり久しぶりに行ったが、昔の栄えた雰囲気はなかった,2
蜘蛛の巣によくひっかかる,2
ラストがハッピーだとそのあと気が軽くていいや,0
朝マックお持ち帰り,3
がんちゃん出てるね！,0
アップデートしたら充電中のマークが変わった,0
風はこれから強くなるのかな,0
また台風になるのかね,0
さんさんさんさわやかさんくみ～,0
どうなんだろうね,0
夢に出てくる人は向こうが会いたがってるとか,3
無印のカフェラテ美味しかったなー,0
身長で見え方が違うんだね,0
ほんと小室哲哉ってなんなんだろう,0
あの盛大な結婚式で誓ったはずだろう,0
白い沈黙ちらっと見てた　カナダの映画なんだね,0
ツイッター調子わるいみたい,0
徳くん活動自粛か…,2
朝マックお持ち帰り,3
オアシスもすごいんだなぁ,0
かぜをひいてしまったかもしれない,2
パブロン飲む,3
お尻の穴までなぜかヒリヒリするし…,2
お尻のって打ってたら予測変換でお尻のアナリティクスって表示されるし…,2
爆問太田すごいな,0
早く良くなるといいね！,3
どこまでもとおいところへ　歩いていけそうよ,3
今日の金曜ロードショーのやつ、こわいかな,0
若くても急に命尽きてしまうこともあるんだな…,2
ねぇ,0
海外ドラマをたくさん見せてくれた…,0
食器とかまな板とかを漂白してるんだ,3
エリカさま嘘でしょ…,2
フジモンは大丈夫なのかな,0
10年以上前からいろんな薬物やってるのに肌とか荒れないのかな？,0
おやつはキャラメルコーン,0
有ペイちゃん、なんか顔色もよくなさげ（髭のせい？）だったし病的ななにかをかんじた,0
ぽくはたまに、しみたり痛くなったりすることがあってマキロンとオロナイン塗ってる,3
トレンドにジャガーさんってあったのでピューッと吹くジャガー思い出した,0
いろんなところで地震？,0
鍋に入れる小さいおもちが気になる,3
名古屋港か,0
新聞紙で窓拭いた,0
いきなりステーキけっこう閉店してるのか　行ったことないけど,0
猫にぬるいお湯をあげてみたらけっこう飲むので　寒い時期はお湯のがいいかもしれない,3
朝スッキリでやってた行方不明の女性のやつ、こわいな…,0
今年最後のゴミ出しは明日か,0
みんな今日は夜更かしだね,3
今年のしゃべくり、時間短いんだね,0
かつれつを食べようってことかな,3
善悪を超えたどこかに庭園がある　そこで会いましょう,3
ミサイル　飛行機墜落　地震…イランいろいろありすぎだろう,0
天白キャンパスって塩釜口のとこだよね,0
この前火葬場いくとき通ったらなかった,0
黄砂的なものが舞ってる気がする,0
ダイナミックコードの迷場面集をちらと見ていた,0
スピードワゴン、ペナルティ、アルファルファ、田上よしえ、プラスドライバー、アメデオ、,3
ナイフとフォークで食べるようなクレープじゃなくていいんだ,0
災害用のとこにストックしとこ,3
郡司さんがアスレチックやってるとこチラッと見ただけだけど爆笑した,0
ほんとにマスクないね,2
名言だ,0
まぁ意外と癒されるけどね…面白いし…,0
イヌヌワンかわいい,0
マッキーがなに？,0
帰ったらまた　うん　を歌っちくりよ,3
マッキーのアルバムCicada聞こうとしたけどCDバグって聞けない…,2
ポコパンタウン調子悪い？ゲーム画面にいかない,2
お昼はやきそば！,3
今日もマスクなかったなー,2
来てる人ほとんどトイレットペーパー買ってる,0
ナプキンは欲しい時に売ってないとか困るなぁ,2
マスカレードホテルさんま出てた？,0
佐藤浩市がやせてる,0
感染者数や感染があった地域、場所は毎日知らせてくれた方がありがたいと思う,3
冷えるわね,0
チャイニーズウイルスはわかりやすくていい名前だね,0
蒲郡のウイルスばらまいた男の人亡くなったんだ…,0
無事に帰ってきちくり,3
中国が発表する数字は信用できないよな,0
セクシーコマンドー外伝がトレンドに！,0
今は船に乗ってはいけない船に乗ってはいけない…,2
ほんと2020年いろいろありすぎよな,0
いつのまにアメリカの感染者数8万？？,0
キニナル　ファミマ　プチダブルキャラメルプリン,3
にじいろジーンおわるのか…,2
土曜はなんだかインスタントラーメンが食べたくなる,3
ちゃんとしたつくりで長く使えそうだね,3
…？？いい話…？,0
アンケートに答えた！,3
志村けん録画してる,3
ファミマのイチゴミルクおいしそうだな,3
LINEのアンケート2回目来た！,0
会見見てる,0
理美容院ね…髪切りたいけど…,0
パスタとかカップ麺の棚スカスカだった…,2
でもカンパンはめっちゃあった…,0
パニック映画とか小説みたいな,3
薔薇をくわえ、スカートをめくり、パンツを見せた　上品な変態…？,0
凍らせてない、凍らせるとおいしそうだね,3
中岡っちのこと脅迫するなんていかんよ！,1
志那の人たちいいかげんにせなかんよな,2
いつだって明日のことはわからない,0
やっぱさっき揺れたのかな,0
セブンのさっくりリングビスケット売ってなかった…,2
漫画をお風呂に落としてしまったので冷凍庫へ入れます,2
岡村っちの言葉…,2
YT Studioから見てみるとドラフトとなっている,0
山芋の鉄板焼き美味しそうだったな,3
暑くても気圧不安だったね今日,0
晩ご飯は焼き鳥！テイクアウト！,3
夜中関東で地震あったのね,0
メモ　生きることに意味はない,3
餃子の皮でピザか…おいしそうだな…,3
ジムまだ休みか…,2
火花見ながらいただきましゅ,3
まきちゃんが切ないけどな,2
てんしとあくまの引き寄せられるおかんのコント見てた,0
娼年気になるな,3
いろんなお店が営業再開してるみたいね,0
緊急地震速報こわいなー,2
おいしそう,3
あさって花火上がる？,3
明らかに理不尽なDMに冷静に対処されててすごい！しかもいくつも対策を提案してて親切…！,0
あす花火の音聞こえるかしら,3
雨上がりの匂い,0
花火上がったのかな,3
夏のようね,0
晩ごはんはピザ,3
窓開けてる　風が気持ちいい,0
文春に書いてあった「渡部さんは昔から乱交クラブに参加していた」に笑ってしまった,0
せつないね…渡部人を傷つけてばかりだね…,2
今日は窓開けると気持ちいいね　ジメジメしない,0
猫が除湿剤の水をばらまいていた…,0
おなかすいたけどもう夜遅いから空腹を楽しみましょうね,0
かんださやかのis this love,0
雷だ,0
めも　あとで　今度は虹を見にいこう　笑顔の行方　かくされた狂気　二人のdifference聞く,3
けっこう降るわね,0
村上ショージの娘の名前！,0
今聴いてる曲　この恋はハードボイルド,0
アルバム　ミリオンキッシーズの曲を順に聞いていくわ,3
アンインストールして再インストールしてみたけど開けない,2
メルカリすぐ落ちて開けない,2
本が売れたので発送をしたい…,3
今日頭痛ーるもすぐ落ちるんよね,2
あとで発送行こうと思ったけど、明日にしようかね,0
出前一丁＋豆苗,3
鍋でも茹でるだけなんだけどさ、なんかフライパンのほうが早くて手軽なかんじするな,3
一人称やつがれはどうだろう,3
やっぱ人のセックスを笑うな見ちゃうな,3
！！！？,0
どうして！！？とかはあんまり思わないかなぁ　苦しかったなら楽になっていてくれたらいいなぁ,3
コロナコロナと騒ぐから,0
コロナばっかり注視して数えても…ほかにもいろんなリスクはあるだろう,0
劇場気になるな,3
エスパーニャ～太陽と歌を求めてー,3
ぐっさん家のあの部屋は中区なんだ！,0
又吉さんの物語は素敵よね　純文学…,0
さけるチーズを明日の朝ごはんに,3
ニッキューナナも面白い！,0
家庭教師のコント笑った　アーユーセックスマシン？？,0
オゾックブランド終了するのか…,2
おかゆ食べるとおなかすくんだよな,2
地震気づかなんだ,0
ハーデンダッツか　いいな…,3
レディボーデンも好きだ…,0
鼻血が出るわね,2
水道管破裂したどうしよう,0
メモ　シャカラビッツのイーブンイフ,3
しかも風が冷たくて気持ちいいわね,0
まぁこういうのも含めてタイミングとか相性とかなのかな,3
老人疲れる,2
でもかっこいい、会えて嬉しい老人もいるからその人の性質か,0
真あじの旨味ソーセージ3本いただいたわ,0
月見パイ気になる,3
岡崎とか豊川のほう鹿いるのかね,3
最近テレビ見てなかったから　パティシエの事件を初めて知った,0
ドラマのようだ,0
めも　ピーマン　塩昆布　ごま油　醤油あえる,3
でも最近は不自然に痩せてる感あったような…,0
心配なようなら通帳記入しといた方がよさそうね,3
山口元メンバーあぶなっかしいな,0
ヒスブル懐かしい…,0
みんなもやってみてくりくり！,3
今日キングオブコントか,3
涼しいと散歩も気持ちいいな,0
ジャンポケも面白かった！,0
伊勢谷友介が大麻で捕まったこと忘れてた,0
泳ぐのに安全でも適切でもありませんと落下する夕方お得に買えました！ありがとう！,0
賞味期限切れのカップラーメンを食べる！,3
落下する夕方おもしろい,0
この気温、温度、金木犀の香り…ありがたや,0
仕事しよ,3
これで、どれだけ足しになるか分からないけど。給与しょよくならこれで、事業所得とか雑所得なら持続化給付金とか…。,3
これまでの学生支援策は、親の収入とかも含めて低所得でないといけなかったのですが、休業支援金なら収入の減り具合で、減収者自身で申請できる点が「使える」ポイント。,3
アルバイトやパートとは全然違う仕組みなんだろうけど現時点で成立している制度の適用範囲を広げればどうにかならないのかな。,3
素人考えですが、使えるものは使えって感じで、思いついたまま言いました。失礼しました。,0
なんかさ、新型コロナウイルス対策の支援策に関しては、しっかり声を上げて伝えていくことで、ある程度柔軟な施策が出てくるなという印象。最初は使えなさ過ぎて死にそうって感じでしたけど…まだまだ行きわたっていない部分のフォロー、頼みますよという思いです。,3
脱毛終わらせて今度は斎場。,3
京都駅のベルマートで買ったカズチーの評判がよかったので通販でお取り寄せ。なんか発送まで1カ月ぐらいかかるみたいだけど,3
住民税減免制度は、個人事業主だけでなくて給与所得者も利用できますよ。休業手当出てなくて困ってる人は、条件に当てはまるかどうかぜひ自治体のサイトにて確認を。,3
リモートデスクトップは遅いに決まってる。通信速度に余裕がないと辛いよな。分かる。,2
よく使ってた昔が懐かしい、ってもう何年前なのっていう話ですよね。,0
新型コロナウイルス関連の情報は、分かりにくいことが多い。ので、①YouTubeで情報収集②これはと思う制度は一次情報（厚生労働省とか経産省とかのサイト、自治体のサイト）を確認③分かりにくい部分を分かりやすく解説しているYouTube動画をもう一度探して見るって手順が自分の中で確立してる,3
今のアパートに暮らすようになってもうすぐ8年。ねこたまはようやく玄関先にゴミ箱を導入する決心をした。,3
今日は手羽先をジョージフォアマングリルで焼き、小松菜と油揚げの煮浸し。はるさめときゅうりとワカメのごま和え。,3
若干イライラしている,1
「10年も経つのに部下への指導ができないのか」みたいに評価落とされたりしてマジギレした（心の中で）。,1
そういうタイミングで、良い上司、良い職場に当たったのは本当に運が良かった。仕事、辞めちゃったけど最後に挨拶した人たちは10年来の付き合いだった当時の職場の人たち。,0
旅行、行きたい植田正治写真美術館熊本のコイン式温泉ホテル川久伊根の舟屋エクスプレス銀河尾道金沢神戸伊予灘ものがたりしまなみ海道,3
食べたいものは…クレープリーチロルさんのクレープ四国まんなか千年ものがたりの遊山箱尾道ラーメンとからさわのアイスクリン讃岐うどん浦上にあるフルーツパーラーいわながの各種デザート小倉、門司港の回転寿司由比港の桜海老かき揚げ利久とかの牛たん定食肥薩おれんじ食堂のコース料理,3
ツイートの大虐殺,0
眠いので一旦寝ます。明日は必死にならないと仕事終わらないやつ,3
そういやもうすぐ日食なので観察用グラス売ってますって出てたなあ,3
計算式とか出ると一気に苦手意識が高まり生産性がガクンと落ちるの、割と致命傷,2
でもあと2時間ぐらいで目鼻付けないと、猫たちが暴れだす時間なんだ,0
仕事すすまない右腕だるいイオンネットスーパーでセンタンのあいすくりリピしようとしたら在庫切れ,2
ジョンソンアンドジョンソンとP&amp;Gが頭の中でごっちゃになる。パンパース出してたのはどっちだっけ。値段高いけど品質良かった記憶がある。,3
今日、オラひさしぶりにコメダに行くんだ（フラグ,3
眠れないし風呂に入ってローソンでまたスマホくじとお試し引換券です商品ゲットしてくっかな,3
満鉄パン知ってる人何人いるんだろうか,3
ゼリー寄せが好きな人におすすめ,3
ちょっと東京都知事選のポスター掲示板の全体像を見てみたいんだけど！,3
今はもうない実家の裏手に酒造メーカーがあって…何か大変なことが起こっているとは全く思わず、後からニュースで事件を知った。酒造メーカーもなくなり、今はマンションになってます。,2
えっ、思い出の朱華園さんが…かなりショック,2
chrome調子悪い,0
なんかおかしいので、最低限の利用に留めて仕事を進めないと…,0
結構時間がかかってるけどなんとかかんとか…,0
出来についての正当な指摘は、品質向上につながるからいいけど、ボロクソに中傷するやつはHellToYou,1
具体的にどのような論争が起こっているのかを見るとソウルジェムが激しく濁るので見ません,0
大葉を刻み入れたらもっと爽やかになったのになー,3
興味があって京都市の公営斎場を確認してみたがかなりアレやな。他県の皆さんがうらやましいですよ。,0
映画の「パプリカ」初めて見たけど、映像がきれい,0
ゆずニャンが朝から膝にくるとは珍しいいつもはポンちゃんの役目なのに,0
そういや、あの豪快な先輩は、パプリカの時田に似てる、顔は西郷どんだけと（出身は…島根やったっけか？あれ？,3
住民税非課税世帯なら緊急小口資金とか利用しておくに越したことないよな…,3
それでも誰かの役に立つこともあると思いたい,3
手の届く範囲しか情報は届けられないけれど,2
異様に安いミニチュア人形は、塗りがやばくて死ぬ。塗りたい人以外にはおすすめできない…,2
わたし頑張れーモイちょっとモイちょっと,3
政見放送見られない都民じゃないから,2
おけいはんてもう7代目までいってるのか…,0
会社辞めたら見事に見なくなった正確には何処かに勤務するということをしなくなってから,0
仕事の締切りはあるけれど、根本的に嫌でイヤでイヤでイヤでたまらない、という状況にまでは追い込まれてないからな,0
とっとり券購入店舗３２４２８８４７０券の金額を見ながら考えて組み合わせた,3
JR九州ってお得なきっぷ多いんだけど、2日で新幹線も含めて1万円で乗り放題っておいしくない？,0
TVerで見るか、えーと,3
スーパーはくとって何回か乗ってるはずなんだけど、めちゃくちゃ寝てるから車窓あんまり見れてないんだなと今気づきました,2
あっここ最後まで迷った,0
皆生温泉?,0
チャットでもTwitterでも、会話のやり取りが始まると同時に、どの辺りで収めるとしつこくなくていいかなあとか考えてしまう。距離感難しい。オフラインで会ったことがあると、そういう心配しなくて済むんだけどね。,3
あんまり不思議体験はない私ですが、唯一そういう力があると実感した出来事は１つある。某掲示板で出会った友人が、チャットで私の自宅から嫌な感じがするという。そして、その原因の物体が入っている引き出しの形状とか特徴を言い当てた。「寝室の白い引き出しの中にある緑の円が描かれた紙」,0
友人とは横浜で会ったことあるけど。ウチに呼んだことはないし、ビデオチャットもやったことないから、うちの間取りなんて知る由もないんだけど…仮にウチの間取りを知っていたとしても、中に入っているものの特徴も、偶然のレベルではなく見事に一致してた。,0
年齢はどうでもいいけど身体がガタくるのはどうでもよくない！,2
高速バスとお得なきっぷを使っての移動は、価格的には同じぐらい。青春18を使うと圧倒的に安いんだけどなかなかしんどいｗ,0
緩募・おいしいバター,3
米子へ行くまでの間に例の観光電車稼働してくんないかな。,3
眠いけどここで負けずにビンカンペットボトル,3
船場センタービル10号館の近くで社会人のスタートを切ったので感慨深い。アーケード街は問屋街なので、「素人お断り」の札がチラホラ見られた。いつ頃からなくなったんかなぁ。,2
食料と衛生用品は整えられたので、後は飲料のローテーション買いだな。自分で買ってくるんだけだと偏りが出るしなぁ,3
めっちゃ勘違いしてて情けなす,2
HITAC用語集とか返却したか捨てたか…ハイタックって言葉は知ってるけど、結局あんまし見なかった気がする。ウチの代からC言語クラスと…アレなんだっけ、ホスト言語…のクラスに分かれて。私はホストの世界を知らないまま職場に配属され、3050でチョコボとかモーグリのビットマップ作ってたんだ。,0
アセンブラはやりましたけどね。部長が「COBOLとかよりも機械語の方が分かりやすい」と宣った時は、入る業界を間違えたと激しく後悔した。,2
何回も繰り返してみる夢は、自分にとって重要なメッセージなんだろうなと思います。後、1回だけ見たけど強烈に印象に残り忘れられない夢も。,3
「落ちる」場面や、走っても走っても前に進まない場面は、実際に夢で見るように身体感覚を伴う感じが思い出されて、すごいアニメだなとも思う,0
何と言おうとウイルスさんは忖度しないので分かりやすい,0
私が現役だった頃でもよく話題になってたけど,0
テキストエディタでコードだけ書いて文法チェックもなにもしないで書いてたら、昔のバグ摘出率とか、まあ妥当な数字だと思いますよ。でも今の時代そんなまどろっこしいことせーへんやろってわけです。,0
10万円くんのいつになんだろな…,3
買い物カゴに入れてた商品が売り切れてるのに気づいた時の哀しみは、何と名付けよう,2
この片付けても片付けても汚い部屋をにこにこしながら片付けてくれる小人さん1ダース,3
ホテルのビュッフェ広告をチラホラ見かけるようになったんだけど、また雲行き怪しいな…。第2波?のダメージが少なければいいなと願う。（誤字が多すぎて3度目の投稿）,0
スモモ、好きだったんだけどだんだんと年1食べれば満足する、というふうに変化してきた,0
本気で書いたら1冊の本にできそうですよねと思ってる,3
あっでも生理痛はナシでオナシャス,3
鹿児島・熊本が心配…,2
雨は止んで風が強い,0
自分も今稼ぎは少ないけれど、少ないなりに募金とかできることをしよう,3
ちなみに6月は売上高前年同月比で20％と最大の落ち込みでしたわ7月は、当てにしてたのがいくらか遅れるけどようやく7割ぐらいに戻る感じ,2
写真の素振りがなかなかできてないよな…もっとガンガン撮って、そろそろ出せるところに出していかないと…,3
うわわわわわわん,2
たむらさんのお寿司も食べたいんじゃ―…,3
トクロンさんの自伝はあまりにも内容が濃くなりすぎると思うので、三部作でいかがですか第一部:そして僕は大学に行った第二部:ホームレス発大学教員行きの電車第三部:それでも不死鳥のごとく、トクロンティヌス物語の総量を全て把握してる訳じゃないけどツイート見てきた限りではこんなイメージ,3
ふるさと納税で支援もいいけどそれだと支援できない町もあるからやっぱり募金かな,3
明日大阪に行くんだけどとりあえずマスクはするとして、喋るときはマスク必要かな？,0
それぐらいのタイミングなら、水没の不安がない実家へ移動するにもタクシーを呼ぶ余裕がある。,3
あ、明日大阪に行ったら接触確認アプリの働きが実感できるんかな、でもできれば接触したくないです,3
ついでにピントが当たっているところもひどい( ﾉД`)ｼｸｼｸ…,2
今日は、テーブルフォトになるので、今使っているレンズではダメなんだな。ちょっとどのレンズもっていくべか。,3
天王山も霞んでるな,0
大阪の方で人身事故があったらしく少し遅れてるけど今のところは時間通りに到着予定,0
自家製シロップを使ったレモンスカッシュは400円。光サイフォンコーヒーは350円。お食事は750円のカレーやパスタ。ドリンクとセットで1000円。とにかく安い。この辺りの相場らしいけどすごいわ。,0
よつ葉の加塩バターで深夜のバタートーストをキメた,0
疲れ切って盛大に眠りこけてしまった…いろいろと焦る,2
お、快活クラブってAOKIの事業だったのか、知らなかった,0
健康保険料の減免、7，8月で今見えている仕事分で見込み額を記入し、残りの4か月（実質5か月分）を前年度の平均売上高で試算すると、全然支給要件を満たさないことが判明。平均売上高まではぜったい行かないという確信はあるが、かなり下げて計算してようやく…うーん、もう申請はあきらめるか,2
一度煮物にして揚げる里いもの唐揚げは、煮物余った時に作ろうと思いつつ、煮物にを全部食べてしまって未だに作れない料理。,2
東京はもう底抜けしてませんかね…関西も気を付けないと…,0
ポテサラ専門店てありましたっけ？,3
生麩は半兵衛麩か麩嘉やな,3
若くて身ひとつで逃げられる瞬発力があるなら、ハザードマップ赤くても何とか逃げられるんやろけど、そうでない場合は、やっぱり住む場所変えるべきなんよなあ。,0
これ、前も言った気がするけど、うちの実家は、町名が○○屋敷町ってなってて、秀吉の時代に大名屋敷があったとこなんよね。越後屋敷、千石屋敷、柴田屋敷、佐野屋敷、出羽屋敷などなど…この町名は、ほとんど水没しないエリアなんよね。分かりやすい。,0
予約分も対象になるらしい。どうすりゃイイかな？,3
9月以降もとっとり券使えるんだからガンバリウスプランのためにもう一泊分確保する？確か今日までなんだよね、とっとり券,3
明日カズチーが来るので楽しみそうそうサラミはグーでしたよグッ,3
イケメンっていつから使われてた言葉なんだろうとググりかけたら「イケメン　古語」って出てきた,0
もうちょっと粘っていろいろ考えて撮らないと,3
長らく買い物かごに入れっぱなしにしていた川合孝知さん作楕円形の盛り鉢が売れたのか…かなぴー,2
私は彼が入信してるなんて知らなかったけど、周囲の友人たちは、なんかいろいろ売りつけられそうになってたらしい。私はお金がないことを知ってたからか、私には何にも売りつけてこなかった。,0
もしかしたらあれ、入信の勧誘とか関係あったんかな…,0
壺とか売りつけなかったのに卒論コピーなんて話を私に振るとは、相当困ってたのか、ホイホイコピーさせてくれるあまちゃんだと思われてたのか…グルル,1
親に会う予定あるし聞いてみっか,3
ネトフリに薬売りさんがやってきてて嬉しい,0
7月22日から8月31日まで？の先行実施分は、恐らく旅行代金の35％割引のみで、申請して還付するようだ。今の書き方を見る限り、残り15％のクーポンも欲しければ、旅程を9月以降にするしかないようだ。その前に、夏休み期間の旅行行けるんかな…,0
めっちゃお葬式のプロモーションが入ってきて勘弁してほしい感じ,2
契約更新書は代わりにならないのかな…,3
交通費はまぁ無理なんで実費なんだがどうするかな,0
目が、目がああああ,0
Wikipediaには、平日と土曜、って書いてあるな…記憶違いかな。KBS京都のラジオと、日テレでもやってたんだな。,0
Go To キャンペーン止めろって声多いけど、新型コロナウイルスを抑え込めている県同士なら行き来ししてもいいのでは、いやむしろ行き来した方がいいのではと思う。私自身は、地元がずっと新規患者で続けてるので半分あきらめの境地ではありますが。,3
やっぱりLightroomの操作をちゃんとやるならパソコンなんだろうな。異物除去とか、指だと範囲指定に限界ありあり,3
日本沈没2020、2話目にして嫌な予感がして視聴進まず。東京マグニチュード8.0よりキツイな。デビルマンcrybabyよりは…マシなのだろうか。,2
午後の紅茶無糖がおいしい季節,0
そっか、今は錦市場も結構落ち着いてるはずだから、買い物には良いのかもしれない。,3
GoToキャンペーンの予算を直接観光業支援に回すのはアリよな。医療機関への支援は別枠で必要では？お札ジャンジャン印刷してるんですよね？,3
うーん、日本沈没2020を全部見る前に、1973年の日本沈没見といた方がいいかな,3
ゆずニャンが、背中の辺り触れるか触れないかの位置で寝てるの。尊い。,0
京都もとうとう,2
なんか、腐海に沈んだ気分やな,2
ローソンでチーズティなるものを見た…,0
ちょっとちょっと！今期初セミ！,0
大阪のご当地パンとして紹介されてたスイカパンて見たことないし。てか会社がボローニャってなってた。京都の会社やん…orz,2
うちの家族も、バイトの収入激減したものの自宅通学であきらめていました。しかし、実際申請してみたところ10万円給付。大学の方針があるかもしれませんが、自宅通学の方も、あきらめずに申請してみてくださいね。,3
久しぶりに「おお」と思うところがあったので東氏フォロー（数年ぶり,3
最近偏ってたTLに変化を加えてみたくて,3
GoTo関係なく予約してたから旅行のキャンセルは今のところしないけど、京都府の状況も予断を許さない。,0
WEST EXPRESS銀河の個室なんかは3密避けられるのになあ。,3
京都もまたきてますね…ツラいが仕方ない,2
やっと身内が新しいバイト先見つけたのに、バイトこのまま行かせて大丈夫なのだろうかと悩む。ちなみに休業支援金に関しては、以前から働いていたバイト先より証明書を書いてもらえたので郵送で申請完了。,3
休業支援金15万ぐらい？学生支援給付金10万特別定額給付金10万学校から3万円学費は半期75万円で、バイト代で42万円をまかなう計算なんだけど休業で23万円分穴が開いてた状態。少し余裕が出た分はもちろん後期の学費。今後もバイトは不透明だから…。,2
奈良は、近鉄奈良駅周辺だけ街って感じする。後、大和八木駅もか。母方の叔母が奈良にいるけど元気なんかな。まったく行き来がなくなったなあ。姉妹では連絡取り合ってるみたいだから良いんだけどね。,3
「就職だけがすべてではない」と言ってくれてる人に限っていい大学出ていい会社に就職してるのでもにょる。この現象に名前を付けたい。,2
いや、そう見えるだけなんだろうな。,0
でもトンデモには引っかからないように注意したい。,2
専門家の意見と素人の感想は参考になる、って誰の言葉でしたっけね,3
休憩のつもりが返って…,2
元立誠小学校は、あのあたりの商家がお金を出しあって建てているだけあり、古き良き洋館の魅力が詰まっていました。コンサートで2度ほど訪れたことがあるのですが…。宿泊施設にしたって、どないなってんねやろという純粋な興味が沸いてる。,3
おっと、自彊室残ってるんや。見てみたいな。,3
でもまだ仕事…,2
「私は今、猫の枕になっている…幸せ」「違うわ、猫に踏みつけられた敷布団じゃあ」,0
典型的な薬機法違反の表現ですね…,2
爽やかな朝に、豪快に鳴り響くゲコゲコ音猫飼ってる人なら分かりますね？はい、朝から汚物処理班出動です,2
ゴミ出しして簡単な朝ごはん作ったら、仕事頑張る,3
社会の仕組みとして、経営の基礎みたいなのを社会の時間に習っててもいいと思うの,3
Amazonからに見せた偽装メール、巧妙な罠が多いからな,0
それでは、今朝の哀しみを、今。プラのゴミ出し楽勝?って思って仕事とかして気がついたら、玄関先にプラのゴミ袋残ってた。慌ててゴミ収集場へ行って、ポツンと取り残されたペットボトルの袋を寂しく回収しました…:;(∩´?`∩);:,2
東京もなかなか減らないけど京都も減るどころか増えてきた,0
ぶっちゃけ計算は苦手なので、頭あまり動いてないときにシミュレーションとかすると気持ち悪いぐらい間違っている,2
旅行に行ったとしても気軽に「なう（死語）」なんて言えない空気だな,2
何でもかんでも加齢のせいにするのは微妙な気もするんですよね,0
ゾラ注の治療中にスッポリ記憶が抜け落ちるような状態になって、主治医に言ったら「年のせい」って言われて殺意を覚えた体験より…,1
ゾラ注終了した後は、違和感を覚えるような記憶の喪失体験はなくなった。医師としては、気のせいとしか言えなかったのは理解する（副作用には書かれてなかったので）が、もうちょっといいようはあるだろうと…ちなみに当時37歳でした。,2
世の中4連休みたいなので、人の波が引いていく4連休最終日がねらい目ですね？,3
大阪が…,0
配属希望が叶わず辞めた同期と怒ってたけど仕事を続けてOraに行った同期なら知ってる怒ってた同期は人事に行きたがってたが、まぁうちの人事は仕事したんじゃないかな（察してください,3
今日は残りの猫を丸洗いして、虐待してるかのようにギャァギャァと鳴かれてしまいました…,2
猫を丸洗いしてると、鎖骨のあたりとかに猫の爪がグサリと突き刺さってかなわん,2
せっかく明日出かけるのに雨？,2
鯛の味を知ってしまった黒猫,0
多分近くにあるはずのシェラメールにも久しぶりによりたいな。,3
ローソンのスマホくじ、システムエラーが起こって何が当たったのか確認できないヨォ #ローソン日向坂46キャンペーン,2
ボタン屋さんが遠のく…またしばらく家から出ないように注意する日が続きそう,2
こうして見ると京都はスッカリ流行エリアってわけですね…,2
この間私がやられた、みぞおちを踏み台に駆け抜けられて悶絶のシーンだ！,0
仕事を選んではいられない状況だけど、それでも書きづらいテーマはあって、そういうのに当たると現実逃避行動が増える（つまり今,2
「文才」って何を指すのかな。小説、エッセイ、脚本、ニュース記事、論文、会社の報告書、SEO記事。多分全部脳の使いどころが違う気がしますね？ベースにはもちろん正しい日本語を使うことがあって、その上で、それぞれの形式にあったお作法を踏襲して書くんだよなぁ。,3
私の勝手な、思いつきの定義です。何が言いたいかというと、文才がなくったってお作法を身に付ければ、目的に合った文章は書けるようになるので心配ご無用ですよ。型を知り、数をこなせば勝手にレベルは上がっていきます。後、しっかり読んで指摘してくれる上司なり先輩なりがいるとbetter,3
こんなこと言ってる私もこの歳にして全然ですけどね…つらたん,2
父はとってもいい加減だ。私は父の血を受け継いでいる。とほほ。,2
ニャンコがキーボードの上を通って作ってた文書をぐちゃぐちゃにしても、涼しい顔でCtrl+Zを数回決めるのが猫飼いレベル2Ctrl+Zで戻らなくても、泣きべそをかかずに記憶を辿ってガッと打ち直すことができればレベル3,3
こんな身近な場所にひまわり畑があるとは知らなかった…でも車でないと不便な場所だな…多分,0
SESってなんだろ,0
昨日作った鯛のお吸い物に残り物のごはんを入れて卵投入。タイのアラからゴシゴシ身を取って鯛雑炊。ウロコとかホネとか多少入ってますけどウマウマです。,0
東京写真美術館に行けるのはいつになるのか…,2
お、山下達郎が拾得でオンラインライブなんか！知らんかった…残念,2
この時期洗濯物の乾きが遅い場合は、サーキュレーターで乾燥をアシストするか、エアコンの風が当たるところにつるしとくか、という点も検討するといいかもです。,3
謎の種子っていったい何の種なのよ。すごい気になる。,0
普段何気なく使っている言葉も、調べだすといろいろ奥が深い（意訳：吐きそう,2
今日締め切りの仕事もあるよーん,0
先週、市内のホテルにGoToしといてよかったかもしれない。また外出を控える日々が続きそうだから…,2
もう寝てしまって、起きたら別の仕事やろ。,3
でも、結果的に意味わかんなくなったら意味ないんだよな。文章のシェイプをしていくと構成もきれいになるのでいいんですが。,3
この時間って猫たちも人間たちも寝静まってほんと集中できる時間ではあるが身体には良くないんだろうな。,0
明日出すゴミもまとめているし、このまま寝ても悔いはないけど、なんか小腹が…,0
あー、全員感染って家族のことかあ…まあそうなるわな。無症状だと防ぎようもない。一緒に生活するということはどうしても濃厚接触になるわけだし。症状があれば注意のしようもあるけど。,0
葬儀屋の木林さんとジャーナリストの宍戸さんを最初混同してしまったけど2周目で理解した。,0
複数の19歳はイマジンを知らない,0
パンフォーカスでガチピン当ててぇって思っても思うようにいかず、仕方なく雰囲気ボケで逃げるって感じのが、自分的には気持ち悪くてどうにかしたい,2
凄まじい爆発…被害状況とか原因とか気になるところ,0
いつの間にかカバネリ乱のサービスが再開しとった！,0
さ…さんじゅうねん（震え声,2
幼少期はボットン便所だったし家の前の路地はアスファルトありませんでして,0
パングラタンおいしそう,3
幼稚園の頃なので45年ぐらい前,0
シュンくん生きてることはわかってるんだけど、どうなるのか結構緊張する,2
京都は快晴。,0
爆心地からは3.6kmだな…,2
やすこさんの住む緑井に黒い雨が…,0
ごみ出しで気分転換するかあ…,3
やすこさん…！,2
安佐南区と府中町までガラスが割れてるとか…そんな衝撃,0
そして安定のデマが流れてるのも分かる（海田市は場所が違う…,0
朝からうるそうですみませんでした,2
もしかしたらシュンくんのつぶやきの中に出てくるかもしれないけれど、通学のときいつも渡っていた御幸橋周辺の惨状、大学時代に聞いたことがある。,2
郊外に持ち家がある人はちょっと大変だけど、学生とか一人暮らしの社会人なんかは、終電とか意識する感覚がない。自転車があればすべて事足りる。,3
そのおかげで、関西に戻って就職した後は、終電を意識するのが結構苦痛でしたｗ,2
全てのエラーがコンパイルや文法チェックツールで取り切れるなら楽でええやろな,3
ちなみに、一度も働かないまま（研修と称して出社したのが2回ぐらい？）8月を迎えたうちの身内。,0
進撃の巨人見てると、不条理な大量殺戮という点で原爆と被って見えるんだよな…,2
進撃の巨人は子どもでもなんでも容赦ないので、海外では受け付けられない人も多いんじゃないだろうか,0
昨晩は、ゆずがひたすらセミファイナルの観客になってた。うちのベランダ横に木があるから、よく死にかけのセミが落ちてくるんだよね…,0
上流で死んだら下流も漏れなく死ぬ。下流で死ぬ場合は、上流で「これ絶対ヤバいけど何言うても聞いてもらえへん（泣」など問題の先送りが顕在化した場合が多い（個人の感想です,2
2年ぶりにシッターさんに連絡を取ってお願いした。なじみのシッターさんを作っておくと、安心して家を空けられます。,3
ペットホテル に預けて以来、ポンちゃんはベッタリ甘えることが多くなり、相当なトラウマになってしまったんだなと…,2
「この旅館はダメ、それね比べてこのペンションは」って話を見かけて、ペンションと同じような流れ弾のせいで某掲示板で叩かれた過去を思い出しました…,2
そうだ、「少食なら最初から言え」って言葉を見て、今回の旅ご飯を調整してもらわなければということを思い出した。今回の特別プラン、嬉しいのだが食べきれないのではと言う危険な香りもするんだよな…,0
追い詰められてずっと座ってると背中痛くなる。ここでごろっと転がりTwitterを見始めるとヤバイのです。では仕事に戻ります！,3
今日は分量が多くて吐きそうでしたうん、吐きそう,2
くっそ脂汗第2フェーズじゃ,2
エアコンの設定温度21度だと寒すぎるし、24度だと暑過ぎる。今日は22度にして寝るか。,3
青函トンネルて海の中ではなくて海底通ってるんやなかったっけ…あんまり海に近いイメージはない。北海道の森駅も海に近かったけど下灘駅も近いよな。山陽本線も、確か山口県に入ったとこで海に激近な駅があった気がする。,3
とてもおいしそうな外見の桃が2個ともおいしくなくて割と絶望した朝,2
とっとり券で12000円分あったのにさらに11980円払いました？アレ？,0
今日のホテル、GoToキャンペーンの割引が効いたせいで、とっとり券が余ってしまった…マジかー,2
京都も同じだけどw,0
時系列で、どんな旅で、どこでどんなサービス使ったのかまとめよ。,3
リボ払いコワイ（使ってないとは言ってない,2
メニューの違い、ボリュームの差を知りたいという人のために、参考になれば幸いです。,3
占いの前に確認できるなら確認するに越したことはないよね。,3
もうセミいませんね,2
仕事しようかなと思うとお腹壊すの,2
一生消えることのない怒りが今日心の中で点火した。,1
撮影案件、取れるといいなあ。,3
どうなるんやいったい,0
取りあえずなんか資格取れとは言った,3
今の就職てインターン必須なんやろか,0
放浪の旅には出たいけどねー。それなら、秋の乗り放題チケットとかおとなびなんかの乗り放題チケット使うわ！,3
実はもうハロー自由時間ネットパスとか確保しちゃったよん。どうしよう。GoToは個人で予約すっと割引対象にならんのだよ。,2
スタンプラリー上等、みたいな,3
なぜか心臓ツイートの連続が見られたので思わずリツイート,0
雨がめちゃくちゃ降ってきた,0
深夜の腹減りに耐えている,2
ホントは寒い時期の旅行が好きかも。天敵の蛾がいないから。,3
明日は段ボール出せる日だわ?しかし台風来ますねんけどどないしたらええんすかね,0
前澤さんやっちまったなあでも親近感湧く,0
今度の台風は風邪やばそうなので、窓ガラス割れても飛散しないような対策が必要やわね。,3
マック食べたくなってきたじゃあないか,3
どっちかっていうと、「うっわフッルーイ」ってこちらがバカにされる場合も多々ある,2
実家近くの売り家を検索してみたら隣家が売りに出てて実家も少し写り込んでて笑った,0
もう月末まで、基本的に新しい仕事を受けずに走り抜けるフェーズ（例外はある,3
「退会しますか？」はい　いいえのみのシンプルなフローで退会させてくれる男前なサービスならむしろ惚れ直すかもしれんな,3
今回のハンジさんの扱いはエルヴィン級ですよね、いやそれ以上か…つらたん,2
全滅すると意味がない終わりになりそうなので誰かは残りそうなんだが…,3
何やってくれてんのドコモ…,0
腹減った…うまかっちゃん作るかどうか迷う,0
必死に足掻いてます,3
そんな自分に、熊本天草からのお魚が届きました。明日食べる。,3
苦しい自分に自分で鞭打つ,3
わからん…自分がどれ使ってるかわからん…,2
私のいる頃はつけ麺文化はまだなかったしコルネが流行ってた（どこの店かは忘れた東千田のラーメン屋とか中華の北京、本通りの紙専門店とか…,0
あの訳のわからなさと、路面電車の運転手さんの広島弁が私の広島生活の始まりだったからなー,0
マスターしていた広島弁はもう話せないな,2
しかし着実にパフォーマンスは落ちている美味いパフェ食べてチャージしたのにぃ,2
アンナチュラルとチームバチスタならリピートしながら仕事できるんですけど,3
仕事のスケジュールをいったん整理まだまだ胸突八丁目,3
こうなった理由はわかってる…自分のせいだけじゃないです今月は…,2
暑い時期がやっぱ短かったよなあ,0
GoToトラベルの申請をしていなくて今慌ててやりました。本日締切日です！,0
もしかしてエアコン切った方が涼しかったりして,3
天気のいいうちに写真撮影しに行くんだけどスマホでもいいみたいなの得コンデジ持っていくかどうか迷うわ,0
絶望的な状況でも寝ないと書けない,0
2名以上という縛りがツラいそれさえなければ！鹿児島だって新幹線で往復18000円なんだよ！安っ！,2
長期休みのはずが一切休みにならない件について,2
ローンチはIT業界用語だと思ってたんだけど、一般的に使われるんだ。逆に知らんかった。,0
もちろん猫村さんは松重豊さん継続希望,3
広島でうまいもん食う（いつかはわかんないけど,3
あと3日ぐらいしたら明るくなりそうだと思ったがそうでもなかったちょっと渋い顔してます,2
今月は22万文字だと？,0
あと1000字足すんですがね…,3
しかしつらたん…,2
吐きそう,2
異様に難しい…いかんやば,2
ホンマごめんなさいごめんなさい新しい分野なので時間がかかります…（泣,2
すっぽん、伏見に割と庶民的な価格で頂ける店があると聞いたことがあるけど今どうなってんやろ…,3
猫って顔も耳も背中も可愛いのに、さらに肉球を4セットも持ってるなんてズルい,0
10月は、京都に回ってくる日本伝統工芸展を見て、スナ・フジタ展見て、広島行ってと忙しくなる予定です。今は眠いけどBatis2/40CF ぶん回してきます。きれいに撮れるといいなあ。,3
40mmという画角って初めてかな。,3
とりあえず1番小さい画像サイズにしても11Mあるのはツラい一括で画質を落とさず画像サイズを調整するツール欲しい,3
あ、もし気が向いたら予定してた28日より先に田中さんのミニチュアライフ展に行っちゃうかもしんない,3
何しようとしても意識が瞬断するほど疲れてる四条大宮から京都駅、住道、八尾、布施、長居と移動しまくりだったから…,2
昨夜から寝ずに仕事して移動中の1時間とかコマ切れで寝てる状態だったしな…,2
今日は繁華街メインで移動量も少ないし楽勝と思ってたら、繁華街特有の「使用中」問題に突き当たる,2
申込み完了！楽しんできます。ついでに神戸の靴買うぜ。デザイン性が高くて軽くて履きやすいのだ。,3
昔、職場の近くにあって買い物をしたこともある。寂しいな。,2
太平記の右馬介と麒麟がくるの左馬助って、主人公のそばにずっといる側近中の側近として対比されてるのかなあ,3
今頃名前の対称性に気づいた,0
お散歩撮影なら28mmの方がいろいろ撮れて楽しいかもなあ,3
バスの中、恐らくワタクシの後輩と思われる男子多数乗車夏休み終わって戻るん？,0
腰が痛いヨォ,2
大学会館前もある…,0
めっちゃホテル街やな,0
シェラトンのブッフェに来たつもりでしたがコロナでやってなかった。仕方ないので和食を選びました。私っていつも浅はか。,2
とりあえず動ける時間になるまではここで仕事,3
うにゃー,0
今日はまだ平日,3
さっきから80?90年代の曲が流れてきてて大学時代の気分（この喫茶店には寄ったことないはずなんだけど）今どきカフェじゃなくて、どこかレトロな雰囲気のお店に合うな,0
結局、北京亭に行く暇はなかった…買い物して荷物運んでを何回か繰り返したあと、ようやくひと息,2
奇跡とか懐かしい,0
待ってた荷物がくるの遅くて、身内は帰りのバス乗り間違って遠くに行くし、なんだかんだでホテルに戻るの遅くなっちゃった,2
いや、登録しておけばよかったのかな。慣れないアプリは調べてから使わなきゃだな。,2
以前、青森の方と一緒に回転寿司へ行った時、私が穴子を注文すると「穴子は水っぽいから嫌い」と言われて「あ、この人冷凍物しか食べたことないな」と心の中でつぶやきました,0
とりあえず人が頼んで食べようとしてるものを平然と嫌いという人と付き合う義理はないですよね,1
アカン、昨晩からずっとみゅうみゅうと子猫の鳴き声が響いていてめちゃくちゃ気になる…何もなければいいんだけど…,2
子猫今日も鳴いてるどうやら空き家から声が聞こえるんだけど一軒家の離れでボロボロ。廃屋の中には当然入れない,2
今年の誕生日は無情にも仕事で終わりそう,2
高島屋で1番おいしい苺のショートケーキ…どれを選んでくるのか…,3
キティラーと言えば、会社勤めの頃の後輩男性を思い出す。持ってるカバンいっぱいにマスコットをぶら下げていてデスクもサンリオキャラのぬいぐるみだらけ。職場では安全衛生委員の見回りが定期的にあったんだけど、周囲の後輩はいつも事前にぬいぐるみを片付けてその場をやり過ごしてた。,0
ここ数年、この日を境に秋らしさが増してたんだけど、やっぱり今年はちょっと寒いよね。暑かった時期短かった。,0
みちろさんのお出かけを見てると私も行きたくなるぅ。何か全日空米子の券余っちゃってるし消化しに行く？とか思ってしまう。,3
この仕事に区切りつけてから晩ご飯のこと考えるか,3
エディオンかー広島駅にもエディオンとTSUTAYA納品複合商業施設できてたんだよな,0
あると思っていたお店がなくなってるってのは枚挙にいとまがない。でもやっぱり馴染みのあるお店がなくなるのは寂しい。,2
しかし国内ツアーでは宿の選択肢が絞られるので、基本行きたい宿がある場合、特に低価格帯の宿は公式サイトから直接確保してます。,3
記憶は細胞に宿るのでしょうか,3
乗り物系の夢って進路とか人生の先行きに関する暗示のこと多いから要チェックな,3
何かハードディスクのキュルキュル音が聞こえる…ノートパソコン …,2
吐きそう,2
イギリスなんかあった？,0
ポン円めっちゃ下落通知くる,0
コンビニでご飯とこ買ってくるかあ,3
ローソンのスマホくじも交換しなきゃだし,3
大きい仕事の区切りがついたのでいったん外出しよう（仕事が全て終わったとは言ってない,3
あー、長崎のランタンフェスティバル行きたいなあ,3
人の名前を誤字ってて落ち込みながら静かにツイート削除した,2
誤字脱字ばかりがなめらかに出てくるポンコツ仕様,2
怖いな、仕事はやっぱり選ばないと危険,0
眠くなってきたので寝ます。残りは明日頑張るよ？,3
これはきっと何かさらに良いことが起こる兆し,3
近過ぎてボケました,2
最年長のボス猫だけど、ポンちゃんとの猫ボクシングにはたまに負けてる。,2
久しぶりに城崎温泉行きたいなあ,3
Uber eatsもエリア外の我が家,2
金かかんねーし煩わしさもないからね,3
ご飯炊けたらおにぎりもいいな、おにぎりとみそ汁とスクランブルエッグ,3
冷蔵庫にはお気に入りのキムチもあるけどどうしよ、おにぎりにするならいらんな！,3
髪の色って見た目の年齢判定に大きな影響ありますよね,3
育児にしろペットの飼育にしろ大変さばかりが強調されてるけど良い面は言語化しにくい部分が多くてもどかしい,2
神戸より帰還これから仕事だよー( ﾉД`)ｼｸｼｸ…,2
あと、作品を作り込む時に「関係あるものだけを使う」ってたしかに世界観をスッキリさせるには重要かもしれないと思いました。ひよっこのオープニングは知らなかったので素直に見れてよかった。説明してもらわないと分からない部分も多々あり、理解しやすかったー。参加してとても良かったです。,0
ミニチュアは、既成の残りのものを改造したり、3Dプリンターを利用したり、食品サンプルの元職人アシさんの作品を活用したりして、アイデアをできるだけ活かせるような工夫も多々されているとか。プライザーの本社にも作品があるとのことでちょっと感動した。プライザーは良いミニチュアある会社ッス。,0
神戸学校のアウトプットをしたので仕事します,0
寝て起きて書く寝て起きて書く寝て起きて書くこの繰り返し！,2
だって妬みとかで大変みたいやん,0
自分が楽しいと思えることに打ち込める環境さえあれば,3
そういやギリギリで申し込んだGoToの返金、まだだな,0
私自身はできる限り平日に旅行するんだけど、JRのお得なきっぷや観光列車が土日祝にしか動いてないとかの都合で泣く泣くってことはある,2
TJO氏が画像で貼ってくれてなかったら私も見られんかったわ。,0
13年前、「龍におしりを噛まれる夢」を見た。その時「名古屋に行け」というメッセージもあった。気がつくと、名古屋に住んで７年経っている。でも、今年は飛び出すとしよう。,3
バスに乗ってたら、車が逆走してきた。怖かった… ,0
どーしても課題が気になって、自宅で解いちゃいました。学生か。そういや、学生の時って、無茶するのが楽しかったなー,3
人生に一生解けない謎がひとつくらい、あってもいいと思う。,3
頑張りすぎて身体も堅くなり、思考も停止。好きなスポーツで汗をかいたような爽快感は無く、自分を自分で痛めつけた重い感覚がずっと続く。自分を喜ばせる生き方がしたいのに、今までの自分がそれを許してくれない。人生は自分のものなのに。,2
この時間になって、なんかワクワクしてきた楽しい予定が増えそう ,3
機内食含めて今日は３食食べたのに、ヘルシンキ空港のシナモンロール見たら手が勝手に購入に動いてて、食べきったので今、満たされてます。,0
帰国後３日目。ようやく時差ボケが取れてきた。こんなにきつかったのは初めて。,0
ストレスと時差ボケで眠れない…,2
泣くほど嬉しい。目が真っ赤だ。,0
日本の電車、うるさいよ…,2
…と言うわけで、今日は寝ますzzz,0
あー、日本的な義務観、責任論、ホントいや。アメフトの選手の会見じゃないけど、誰になんと言われようと、やりたくないことはやるべきじゃないよ。それで今の居場所を追われてもいい。もっと在るべき場所や一緒にいたい人に近づくチャンスだもん。,3
ものすごく、辛い。やらかした後輩を許せない。改善指示を聞かない。口答え以外の返信をよこさない。社員数名の生活を危機にさらした人間を、どうしても、ゆるせない。どうすればいいんだ…,1
お金を出せば横柄に振る舞っていいのか。違うだろ。,1
もうすぐ新月。はよこい、はよこい… ,3
某、北欧好きの方のお話。フィンランドにて「男とトラムは追いかけるな」と言われたそうな(^.^),0
京都に来て、大阪に移動して、終電逃して高速バス←いまここ,2
下北沢は無理だったけど、高円寺は大丈夫そうだった。,0
諦めたくはないけど、最後は人、だから、努力は必ず報われる、とならないのも事実。,2
オープンソースがかつて流行ったけど、やはり自分がやりたいことと、ビジネスで求められることは違うわけで…。今、やれることでお金になることをしつつ、やりたいことで自分の人生を満たす…なのかなぁ…,2
whatever.(もー限界),2
先の駅で人と列車が接触したらしい。。しばらく待つことになりそう。。,2
現場検証で1～2時間かかる。調整します。と車掌さん。ドア開いたら降りた方がいいかも。。,0
近い将来、確実に起きる出来事、そこで話す言葉を想像したら、号泣してしまった。ガードを解いた心はこんなにも繊細で、情け深い。何十年も付き合っているのに、改めて知る、自分のこころ。,2
北欧に行きたい。。９月のフィンランドでハイキングとサウナとオーロラを見たいのです。。ううぅぅ。。,3
ウエンツ君の、決意を話している映像を見た。「３年前に夢をもって、何とか日本に居ながら夢に近づく方法を探したけど、やはり行くことにしました」ってすごく共感する。そうなんだよ。両方少しずつなんて、上手くいかない。バッサリ閉じて、次に飛び込もう。一度きりの人生さ！,3
外は大雨。とても癒される気持ちになる。,0
10月初旬にフィンランド行く計画中なんですが、悩み中。。サウナ、ハイキングはマスト。オーロラ見たいけど、電車の旅もしたい、となるとロヴァニエミしか浮かばず。。。電車をあきらめてクーサモ、ルカあたりにしようかな。。。でも、ムオニオ、イナリも良かったし。。,3
コンピューターの課題が一山越えた。あと、ひとつ。少しだけ休んで、また頑張ろう。今日までに80%まで完成させたい。,3
ああ～日本のどこかに～私を～待ってる～ひとがい～る～♪ 新幹線こだま にて。,0
お店の有線で懐メロが流れてる。Winkの「淋しい熱帯魚」、X JAPANの「endless rain」、MY LITTLE LOVERの「hello again」…心の涙腺が崩壊 ,2
これから北部へ飛ぶのですが、明日は雨で3℃、明後日は晴れで-1℃、どっちもハード。。。,3
フィンランド語で挨拶したら、英語で返される。あるある。。,2
今夜はオーロラ見れるかも。今から仮眠   ,3
今までずっと、結果にこだわってきました。でも今は自分が楽しめること、喜ぶことを拾って行こうと思います。,3
明日から東京へ。家探し。よい物件に出会えますように…。フィンランドとの繋がりに出会えますように… ,3
二泊三日で、1泊めは気に入った℃恵比寿に。さて2泊めはどのサウナにしよう…(すでにサウナ限定),3
初めてラップランドに行って今日で丸4年。しみじみ… ,0
毎年フィンランドへ行っています。_x000D_いつもフィンエアーにお世話になっています。_x000D_気が付けばフィンエアーPlusのシルバー会員(^^)v,0
早く東京に行きたいな,3
IT駆使して銭湯やサウナをブラッシュアップして、みんなを幸せにしたいな _x000D_色んなアイデア考えてます,3
熊本のフィンランドサウナイベント、エントリーしてしまいました。。_x000D_１２月は札幌に居るのに…。北の果てから弾丸帰省する所存です。_x000D_東京のサウナイトに参加できなかったので、リベンジしたいのです。_x000D_そして、フィンランド行き航空券をーーーー！（心の叫び）,3
もっと生活をブラッシュアップしたい欲がふつふつと。経済的効率化じゃなくって、五感が癒されて元気になれるようなルーティンを。着たらアガる服、食べたらお腹が落ち着くごはん、飲んだらホッとする飲み物。居たら気持ちがすっきりするレストランやカフェ。そういうの、これから大事にしたい。,3
ん？東京揺れてない？違う？？,0
新居の近くを開拓して、ごちそうを食べてきました。_x000D_アマレット、アヒージョ、鳥胸肉のグリル…満足。(^.^),0
某海外旅行サイトの予約でメール不達トラブル。送信側受信側どっちに原因？？,0
ここ２週間ほど、スマホの様子がヘン。通話中に機内モードになったり、押したボタンが全然違う機能を立ち上げたり。さすがに買い替え時かな…?,0
金曜、新天地で初の忘年会だった。人の熱い気持ちと、温かい気持ちをたくさん見た。_x000D_「あぁ、ここへ来て良かった。」そう思いました。,0
明日、熊本で行われるフィンランドサウナイベント。北海道から飛行機乗り継いで参戦。１名プレゼントのフィンランド航空券、当たる予感しかしないふぅおぉーー,3
サウナネタではないのですが、_x000D_今の住まい（シェアハウス的なとこ）について。_x000D_帰るところに誰かが居て、_x000D_「おかえり」言ってくれることが、どれだけ幸せを感じられることか。_x000D_とても楽しいです。,0
今日はとてもいい天気ですが、外出せず、_x000D_家の中をととのえる日にしました。_x000D_そしたらこころもととのう、と思うのです。,3
銀座であった、職場の大宴会から脱出。。_x000D_やっぱり、自分は｢あっきー｣だなぁ…と実感した瞬間。。。_x000D_また、雪と静寂に包まれたラップランドで、サウナとコーヒーでゆっくりしたい… ,3
聞き間違い。銭湯にて。_x000D__x000D_あっきー「大人ひとりサウナありで！(560円だな…)」_x000D_番台のおばあちゃん「はい、サウナなしね！460円！」_x000D_あっきー「え？(^_^;)」,0
ちょっと都会の気にやられた…。_x000D_フィンランドまでいかなくても、せめて札幌くらいなら落ち着くのに…_x000D_来週のSaunalabが待ち遠しい…(..)_x000D__x000D_ホントはInariとかkuusamoがいい…,2
フィンランド行きがほぼ決まりそう。今年は初のツアー参加！_x000D_「脱☆旅行者」を掲げたので、フィンランドを愛する人たちにたくさん出会いたい(゜.゜),3
新幹線で名古屋へ移動中。,3
夕べ、自分の心と対話して胆が据わった。今日は都会のノイズを弾けてる。満月効果かな。,0
なんとなく。。_x000D_フィンランドを大好きな人たちへ。皆さんがムーミン谷の住人のように、一人一人の個性が尊重され、自由と幸福を分かち合えることを祈ります。。 ,3
エストニアの旧市街、弾き語りで聴いたgreensleevesが脳内再生中。,0
自分でもよく分からないうちに、とある募集に応募してみました。受かったらどうしよう…と思う反面、それを望んでいるのかな、とも思います。。(゜.゜),3
東京に来て３ヶ月。満員電車で降りるとき、「すいません、降りまーす」と声に出す癖がついた。黙って体を割り込ませたりしない。ただ声に出すだけで、通してくれる。不快な思いをさせない、しない。,3
タイムズスパレスタでサウナハットをゲット。装備は整いました。_x000D_あとは自分がととのうだけです(笑),3
フィンランド人20人に囲まれて居酒屋。カオスだけど落ち着きます。_x000D_耳から入る生のフィン語が落ち着く。。,0
レッスンが、楽しい,0
フィンランドやサウナで人の輪が広がる。来月のフィンランド行きがすごく楽しみ,3
海老天そば（冷）を注文。_x000D_「お待たせしました、海老天＆ごぼ天うどん（温）です！」_x000D_「ええ！？違います。」_x000D__x000D_…その２分後「失礼しました、ごぼ天うどん（冷）ですっ！」_x000D_「えええーっ！？？」_x000D__x000D_はっきりと食券買ってるのに、なんでやねん…,2
tampere行ったら何しよう…サウナ以外も計画したいな～。街ブラ？ｗ,3
ちょいとフィンランド行ってきます,3
UusiSaunaの受付さんに「整った」教えたの誰ですか(笑),0
クールダウンからの、オートロックでサウナ締め出された… ,2
羽田から新千歳に到着。_x000D_日本、うるさいよ… _x000D_湖水地方に還りたい…,2
（ひとりごと）やりたいことを楽しんで、フィンランドに行くための行動をもっと増やそうと思います。住みたい街：ラップランド（自然の近く！）やりたいこと：その土地の生活を楽しむ生業：人の役に立つことをしたいとりあえずITスキルをフィンランド向けにアップデートしようかと思います。,3
saunaについて、一つだけ自分の考えが持てました。「Saunaでは誰もが自由で平等であること。」_x000D__x000D_人にも自分にも寛容でありたいと、思いました。_x000D__x000D_知識や経験値で序列をつける言動は人を幸せにしないと思いました。_x000D__x000D_常に完璧に守れないかも知れませんが、そうありたいと思います。,3
kahvitauko nyt._x000D_コーヒー休憩なう。,0
【ゆる募】9/5から１ヶ月、フィンランドに行きます。ヘルシンキ、トゥルク、タンペレ、サイマー湖水地方、ユヴァスキュラ、オウル、イナリ、できればウツヨキまで(笑)現地の方「会ってもいいよ～」という方、DMお待ちしておりますコーヒーでもランチでもsaunaでも～,3
荷物まとめながら旅行計画立ててます。_x000D_行きたい街が多すぎて動線が定まりません。。,3
onnibusが停まったとき、アイス食べてるおばあちゃんと目が合った,0
昨日食べた、Fazel geishaのアイス、美味しかったな～,0
さて、9/21までの旅程は手配終わった。その先どうしようかな… _x000D_北を目指すか東に行くか、勉強か遊びかお仕事か…,3
再びユヴァスキュラ。_x000D_な、なんだここ…。_x000D_こんなに街中の通りが気持ちよくて、気持ちが軽やかになる街はないよ。。 _x000D_気に入った,0
ヘルシンキでたくさんの日本人、フィンランド人の皆さんと飲んだくれ、おしゃべり。_x000D_…楽しかった,0
明日からお邪魔するホストさんから「駅まで迎えに行こうか？」と、ご提案。_x000D_な、なんていい人なんだ… _x000D_大好きなフィンランドの人たち、その温かさを改めて知りました…,0
ouluに到着。,0
ouluのアジアンレストランで、日本語ラップのラジオが流れてる ,0
毎日遅くまでお疲れさん。月イチで徹夜作業もあったね。夢にも思ってないだろうけど、今、フィンランドに居るよ。美しい自然と温かい人と、そして自分を大事に生きてるよ。これからもっと良くしていくからね。がんばれ。,3
ようやく家にたどり着きました _x000D_google mapだと1時間の移動距離なのに5時間かかりました。_x000D_ ←森で迷った_x000D_Sauna入って早めに寝よう…。,2
(訂正 )フィンランドとノルウェー国境近くのキルピスヤルヴィで例年より1週間早い初雪。。バカな…早すぎる…。去年のクーサモで10/3だったのに… ←ちょうど居た,2
ネガティブツイートですいません。_x000D_ちょっと怖い目にあいました,2
ロヴァニエミのhostelにて日本人学生2人と同室に。_x000D_仙台からオウルに交換留学中らしく、実は同じVRの車両に乗っていた,0
日本のサウナフェス、盛り上がってるな～。僕みたいに行きたくても行けなかった人、どのくらいいるんだろう… 日本在住でも居るんだろうな～。はい、そういう方は挙手東京の人で！,3
高速バスでラップランドを移動中。_x000D_トナカイ横断で一時停止入りました,3
夜更けにネットしながら紅茶を飲み、無心で薪をくべる。。とても心地よさを感じてます。これは…ヒュッゲ的なやつ？ ,0
手段が見つかったので明日ウツヨキ行ってきます,3
自炊が長引いてきて、お魚が食べたい… _x000D_ムイックでいいから… _x000D_明後日ヘルシンキに戻ったら、寿司とチャーハンとお魚を食べるんだ… _x000D_,3
フィンランドでテントサウナはどのくらい普及してるのだろう… _x000D__x000D_ほとんどの家庭にはあるし、一部のマニアだけかなあ…。_x000D__x000D_ハイキング+コタやファイアプレースは定番だけど、ドライブ+wilderness+テントサウナ+オーロラとか。_x000D_,3
kamppiのここでは、今、６番のチャーハンが繁盛してます。_x000D__x000D_自分のあと、五皿出てる…,0
Kotiharjun Saunaにて、日本人にふたり遭遇。_x000D__x000D_偶然、偶然。,0
搭乗口前でぼーっとしてたら、キックボードに乗ったCAさんが颯爽とやって来ました ,0
【続き】_x000D_幸せの解像度があがったかな。_x000D__x000D_自分との繋がりが安定してる。_x000D__x000D_人との繋がりはゆっくりと。_x000D__x000D_急にやるとまた自分が置き去りになるから。_x000D__x000D_自分～自然～ひと～社会の順でいい。,0
台風で今日に延期した熊本への飛行機。_x000D__x000D_火山の影響で成田に引き返す可能性有り、とアナウンスが _x000D__x000D_え、また東京延長？_x000D__x000D_何して過ごそう…,0
ひょっとして…自分がモヤモヤ、イライラを感じる人には何か出会う意味があるって思ってきました。_x000D__x000D_なので、避けずに敢えて向き合ってみようかな～と思いました。_x000D__x000D_ただし、お互いのコンディションが不良の場合は除く。まる。,3
次とその次の東京の宿予約、完了。_x000D_今は価格を抑えたいので、サウナ＆カプセルホテルがすごくありがたい。_x000D_どのサウナ泊まろうかな～と考えてウキウキしましたｗ_x000D__x000D_しかし…池袋の「かるまる」オープンはまだかっ！！,3
【告知】_x000D_サウナのトークイベントすることになりました。_x000D__x000D_渋谷で11/19 19:00～ です。_x000D_フィンランド１ヶ月滞在のエピソードを中心にお話しします。_x000D__x000D_ご興味がある方はこのツイートにご返信ください。_x000D_DMでご案内いたします。_x000D__x000D_お待ちしております,3
今日はイベント準備の追い込み！_x000D_ゆっくり朝食作って、朝の空気吸って、美味しい珈琲も淹れた！_x000D_頑張るぞー！_x000D__x000D_今夜、告知しますー。,3
イベントが無事終わりました。参加した皆さんで連帯感が生まれてよかったですホッとして、Fuglenでラテ飲んでます。混んでたのでテイクアウト。ポットとカップで両手塞がってた二人組がいたのでドア開けてあげました。気持ちいいありがとうを言ってくれたのでホッコリしてます,0
気がつくと、日本に居るのにフィンランド時間で生活してる。。。,0
歯磨きしてて浮かんだことば。「あなただけの宝は、あなただけに見つかるのを待ってる」 ,3
再チェックが4分の3まで完了。今日はココまで。…これで明日はカフェ＆サウナデーにするんだ… ,3
熊本で、ルーネベリタルトやラスキアイスプッラ食べられるとこ、ないかなぁ… 関西行くまでお預けかな ,3
湯らっくす行こうとしたら、漏電で男子のメディテーションサウナが利用不可らしい。がーん。。。 ,2
ホッとしたので、満月の夜散歩して珈琲買ってきました,0
なんか急にコメダに行きたくなった… モーニング食べたい… ,3
楽しい時間でした。ご参加の皆さん、ありがとうございます午後は続けてマイタイムのワークショップに参加。珍しく参加者が全員男性。自分の人生を振り返る大きな契機になりました。善き出会いに感謝 ,0
真夜中のつぶやき。大丈夫だ。会いたい人には必ず会える。成るべくして会える。根拠のない確信。,3
東京の用事(イベント)が延期になったので、Jetstarのフライトを払戻し。特別措置がアナウンスされた前日からずっとオンラインチャットがつながらず、フライト直前にようやく繋がった。で、後で気づいたんだけど「混雑しています」の画面をずっとリロードしてた。。。つまり…そういうこと ,2
ひきこもりフリーランス生活も、はや３ヶ月。このご時世なので極力外出を控えていたら、さすがに沈黙と静寂を好む自分でも誰かと喋りたくなりました ,3
行きつけのお店は豆購入だけでも試飲させてくれるのに…。焙煎前の豆を見た目と店員さんのアドバイスで選ぶなんてギャンブルやんかー サービスだからってどんな珈琲でも言い分けないやろ～まあ、美味しかったけど…ぷんすか ,1
さっき録画した「アジリティー大会2019inフィンランド」を観てる。サウナの映像も出てきた。サウナ観覧車、UusiSaunaのカウンター、うん、見覚えあるｗ,0
先日買ったコーヒー豆。「エチオピア　グジ　グク　ウォッシュド」と書かれていた。「グジ」は産地の名前だと分かったんだけど、「グク」がググっても分からない… ,2
久々に寝落ちして11時間眠ってしまいました 空はどんより。ちょっとフィンランドの空を思い出します。こんな日はゆっくり湯浴みして、ゆっくり朝コーヒーして、それからもくもくと働きます ,3
つぶやき。不安と向き合うのって難しいことだね。自分の不安に自分で向き合うのはまだしも、他者の不安に向き合う仕事の方や関係者・家族の方は、本人ではないだけに難しいと思う。他者からは分からない未知・無知が不安を膨らませがち。,2
外出自粛なので、オンラインでお経あげられたら、お坊さんも法事であちこち通わなくて済むのかな… zoomでつないで、仏前にノートPC向けて…とか。。お坊さんと訪問先のご家族を守るために… 一理あるけど難しいかな。。。汗,3
むかし、「平時のリーダー」「戦時のリーダー」という言葉を聞いたことがあります。双方の資質を発揮する素晴らしい首長さんがいる一方で、前者しか発揮できない残念な首長さんも… 今は戦時。,0
トレンド見たらAWS障害中らしい。しかも東京リージョンだけ。。 ,0
隣の老夫婦の所にコロナ疎開の親子連れがやってきて、朝から晩まで庭で大声で騒ぎっぱなしでしかもお爺さんまで孫に負けまいとダミ声張り上げててその上泣き出すと罵詈雑言で騒ぐ。温かく見守りたいけど可愛い要素まったくなしで文字数,1
これから夜ラン。日は暮れたけど希望が見える,3
望まないものをわんさとリコメンドして来るよりも、望むものにたどり着くのをサポートしてくれるシステムがいいなぁ… ,3
唐突ですが、会社や政府などの組織を人体に例えたくなることがあります。トップ（頭脳）から手足（各メンバー）までトップダウンが行き届いているのが一般的な人体のイメージ。上手く行ってない組織は、頭（指示者）や血液（予算）、神経（指示系統）、手足（実行者）が複数あるキメラのイメージ。,0
朝のコメダ。店内でウェブ会議して会話駄々漏れなやつがいる… ,0
デンマークで体験したエピソード ・初旅行の空港でブラジル人夫婦に電車を聞かれる・初コペンハーゲンでヨーロッパ人に日本語で道を聞かれる・バーガーキングに入ったらいきなりデンマーク語で話しかけられる・お化け屋敷を出たらヨーロッパ旅行者から「中はどうだった？」って出口調査受ける,0
TVニュースを見て愕然としたことが。自身の報道が一部異なると説明した首長のツイッターが悪者扱いされて当のマスコミが質問するというニュース。いや、首長の意図曲げて報道したんだからマスコミが悪いと思う。どっちが正よ？正しく報道も出来ないメディアが是正されるべき。１社じゃない。,1
ドリップ初心者の壁に当たってます。もう少し試してあかんかったら、ドリッパーを変えようかな…,2
ふいにハッロングロットルが食べたくなった… あああ…。,3
オンラインミーティングで少し画面に酔ってしまった。こういうこともあるんだな～。梅雨の気圧や湿度も関係あるかも。,2
なぜか新潟に行きたい気分。タレカツ丼、食べたい… ,3
おはようございます。チョココロネを朝ごはんに食べたのですが、半分に達しないうちにチョコが終わってしまい、涙しました ,2
シニアのITサポート…つかれました… 身内だからやったけど「代わりに全部やって」なんて言う人が来たら全力で逃げる ,2
ときどき気持ち悪い画像のウェブ広告を見かけるけど、あれ見てクリックする人なんているのかな 広告設定を色々試したけどずっと出てくる。で、気持ち悪い広告があるウェブは見なくなりました ,0
やりたくないサービスの評価が高いって悲しい。。やりたいサービスの評価が高ければいいのに。。 ,2
今日で東京出て一年 出なかったらずっとトンネルをさ迷ってたと思うそろそろまた、どこかに行きたいな,3
勝手に自動更新されるリスク。。サブスクリプションは極力使わないようにしよう…,0
コロナで払い戻したジェットスターのバウチャー、有効期限が半年(2020/9/11)から１年先(2021/3/11)に伸びていた！良かったぁ～ 無駄にならずにすんだ…,0
台風9号の風が出てきた ,0
台風への備え完了。片付け、固定、雨戸締め。勢力が少し予想より下回った感。あとは宿へ避難するだけ。帰ってきたとき、お家が無事でありますように ,3
久しぶりに珈琲淹れました。レシピ無しで自分の感覚を頼りに。そうすると、未来が拓ける気がしました,0
